Idq_A,Gamma_deg,Id_A,Iq_A,Theta_Elec_deg,Lambda_d_Wb,Lambda_d_mWb
0,90,0.0,0.0,0,0.13572175368268685,135.72175368268685
0,90,0.0,0.0,8,0.1361311318421517,136.1311318421517
0,90,0.0,0.0,16,0.1367897259616968,136.7897259616968
0,90,0.0,0.0,24,0.1371470829937803,137.14708299378032
0,90,0.0,0.0,32,0.13728452440829245,137.28452440829244
0,90,0.0,0.0,40,0.13705388376184585,137.05388376184584
0,90,0.0,0.0,48,0.13658573757431064,136.58573757431063
0,90,0.0,0.0,56,0.1359502223635671,135.9502223635671
0,90,0.0,0.0,64,0.13597342573181637,135.97342573181638
0,90,0.0,0.0,72,0.13663809721841585,136.63809721841585
0,90,0.0,0.0,80,0.13713172537314494,137.13172537314495
0,90,0.0,0.0,88,0.1373724923869766,137.3724923869766
0,90,0.0,0.0,96,0.1372761957230171,137.2761957230171
0,90,0.0,0.0,104,0.1369301583206745,136.9301583206745
0,90,0.0,0.0,112,0.1362855363199606,136.28553631996058
0,90,0.0,0.0,120,0.1358572203148979,135.8572203148979
0,90,0.0,0.0,128,0.13623966507794733,136.23966507794734
0,90,0.0,0.0,136,0.13686440708684894,136.86440708684893
0,90,0.0,0.0,144,0.13719582058492874,137.19582058492875
0,90,0.0,0.0,152,0.1372691796359038,137.26917963590378
0,90,0.0,0.0,160,0.13698704316697977,136.98704316697976
0,90,0.0,0.0,168,0.13648301625517362,136.48301625517362
0,90,0.0,0.0,176,0.13583031775531343,135.83031775531342
0,90,0.0,0.0,184,0.13583107501180172,135.83107501180172
0,90,0.0,0.0,192,0.1364839979822875,136.4839979822875
0,90,0.0,0.0,200,0.1369900422595398,136.99004225953982
0,90,0.0,0.0,208,0.1372644726650908,137.26447266509078
0,90,0.0,0.0,216,0.1371989924971062,137.19899249710622
0,90,0.0,0.0,224,0.13686001306508347,136.86001306508348
0,90,0.0,0.0,232,0.13623703363628162,136.2370336362816
0,90,0.0,0.0,240,0.13586050631728486,135.86050631728486
0,90,0.0,0.0,248,0.13629027715896508,136.29027715896507
0,90,0.0,0.0,256,0.13692849448334254,136.92849448334255
0,90,0.0,0.0,264,0.13727420766428716,137.27420766428716
0,90,0.0,0.0,272,0.1373756446957141,137.3756446957141
0,90,0.0,0.0,280,0.13713067873284251,137.1306787328425
0,90,0.0,0.0,288,0.136642652494994,136.642652494994
0,90,0.0,0.0,296,0.13598065505147405,135.98065505147406
0,90,0.0,0.0,304,0.1359505727087626,135.9505727087626
0,90,0.0,0.0,312,0.1365813082903107,136.58130829031072
0,90,0.0,0.0,320,0.13705720820505318,137.05720820505317
0,90,0.0,0.0,328,0.13729006288162432,137.29006288162432
0,90,0.0,0.0,336,0.1371491703501777,137.1491703501777
0,90,0.0,0.0,344,0.1367827369009874,136.7827369009874
0,90,0.0,0.0,352,0.136129187249574,136.12918724957402
0,90,0.0,0.0,360,0.1357218242730377,135.7218242730377
0,95,-0.0,0.0,0,0.13572175368268685,135.72175368268685
0,95,-0.0,0.0,8,0.1361311318421517,136.1311318421517
0,95,-0.0,0.0,16,0.1367897259616968,136.7897259616968
0,95,-0.0,0.0,24,0.1371470829937803,137.14708299378032
0,95,-0.0,0.0,32,0.13728452440829245,137.28452440829244
0,95,-0.0,0.0,40,0.13705388376184585,137.05388376184584
0,95,-0.0,0.0,48,0.13658573757431064,136.58573757431063
0,95,-0.0,0.0,56,0.1359502223635671,135.9502223635671
0,95,-0.0,0.0,64,0.13597342573181637,135.97342573181638
0,95,-0.0,0.0,72,0.13663809721841585,136.63809721841585
0,95,-0.0,0.0,80,0.13713172537314494,137.13172537314495
0,95,-0.0,0.0,88,0.1373724923869766,137.3724923869766
0,95,-0.0,0.0,96,0.1372761957230171,137.2761957230171
0,95,-0.0,0.0,104,0.1369301583206745,136.9301583206745
0,95,-0.0,0.0,112,0.1362855363199606,136.28553631996058
0,95,-0.0,0.0,120,0.1358572203148979,135.8572203148979
0,95,-0.0,0.0,128,0.13623966507794733,136.23966507794734
0,95,-0.0,0.0,136,0.13686440708684894,136.86440708684893
0,95,-0.0,0.0,144,0.13719582058492874,137.19582058492875
0,95,-0.0,0.0,152,0.1372691796359038,137.26917963590378
0,95,-0.0,0.0,160,0.13698704316697977,136.98704316697976
0,95,-0.0,0.0,168,0.13648301625517362,136.48301625517362
0,95,-0.0,0.0,176,0.13583031775531343,135.83031775531342
0,95,-0.0,0.0,184,0.13583107501180172,135.83107501180172
0,95,-0.0,0.0,192,0.1364839979822875,136.4839979822875
0,95,-0.0,0.0,200,0.1369900422595398,136.99004225953982
0,95,-0.0,0.0,208,0.1372644726650908,137.26447266509078
0,95,-0.0,0.0,216,0.1371989924971062,137.19899249710622
0,95,-0.0,0.0,224,0.13686001306508347,136.86001306508348
0,95,-0.0,0.0,232,0.13623703363628162,136.2370336362816
0,95,-0.0,0.0,240,0.13586050631728486,135.86050631728486
0,95,-0.0,0.0,248,0.13629027715896508,136.29027715896507
0,95,-0.0,0.0,256,0.13692849448334254,136.92849448334255
0,95,-0.0,0.0,264,0.13727420766428716,137.27420766428716
0,95,-0.0,0.0,272,0.1373756446957141,137.3756446957141
0,95,-0.0,0.0,280,0.13713067873284251,137.1306787328425
0,95,-0.0,0.0,288,0.136642652494994,136.642652494994
0,95,-0.0,0.0,296,0.13598065505147405,135.98065505147406
0,95,-0.0,0.0,304,0.1359505727087626,135.9505727087626
0,95,-0.0,0.0,312,0.1365813082903107,136.58130829031072
0,95,-0.0,0.0,320,0.13705720820505318,137.05720820505317
0,95,-0.0,0.0,328,0.13729006288162432,137.29006288162432
0,95,-0.0,0.0,336,0.1371491703501777,137.1491703501777
0,95,-0.0,0.0,344,0.1367827369009874,136.7827369009874
0,95,-0.0,0.0,352,0.136129187249574,136.12918724957402
0,95,-0.0,0.0,360,0.1357218242730377,135.7218242730377
0,100,-0.0,0.0,0,0.13572175368268685,135.72175368268685
0,100,-0.0,0.0,8,0.1361311318421517,136.1311318421517
0,100,-0.0,0.0,16,0.1367897259616968,136.7897259616968
0,100,-0.0,0.0,24,0.1371470829937803,137.14708299378032
0,100,-0.0,0.0,32,0.13728452440829245,137.28452440829244
0,100,-0.0,0.0,40,0.13705388376184585,137.05388376184584
0,100,-0.0,0.0,48,0.13658573757431064,136.58573757431063
0,100,-0.0,0.0,56,0.1359502223635671,135.9502223635671
0,100,-0.0,0.0,64,0.13597342573181637,135.97342573181638
0,100,-0.0,0.0,72,0.13663809721841585,136.63809721841585
0,100,-0.0,0.0,80,0.13713172537314494,137.13172537314495
0,100,-0.0,0.0,88,0.1373724923869766,137.3724923869766
0,100,-0.0,0.0,96,0.1372761957230171,137.2761957230171
0,100,-0.0,0.0,104,0.1369301583206745,136.9301583206745
0,100,-0.0,0.0,112,0.1362855363199606,136.28553631996058
0,100,-0.0,0.0,120,0.1358572203148979,135.8572203148979
0,100,-0.0,0.0,128,0.13623966507794733,136.23966507794734
0,100,-0.0,0.0,136,0.13686440708684894,136.86440708684893
0,100,-0.0,0.0,144,0.13719582058492874,137.19582058492875
0,100,-0.0,0.0,152,0.1372691796359038,137.26917963590378
0,100,-0.0,0.0,160,0.13698704316697977,136.98704316697976
0,100,-0.0,0.0,168,0.13648301625517362,136.48301625517362
0,100,-0.0,0.0,176,0.13583031775531343,135.83031775531342
0,100,-0.0,0.0,184,0.13583107501180172,135.83107501180172
0,100,-0.0,0.0,192,0.1364839979822875,136.4839979822875
0,100,-0.0,0.0,200,0.1369900422595398,136.99004225953982
0,100,-0.0,0.0,208,0.1372644726650908,137.26447266509078
0,100,-0.0,0.0,216,0.1371989924971062,137.19899249710622
0,100,-0.0,0.0,224,0.13686001306508347,136.86001306508348
0,100,-0.0,0.0,232,0.13623703363628162,136.2370336362816
0,100,-0.0,0.0,240,0.13586050631728486,135.86050631728486
0,100,-0.0,0.0,248,0.13629027715896508,136.29027715896507
0,100,-0.0,0.0,256,0.13692849448334254,136.92849448334255
0,100,-0.0,0.0,264,0.13727420766428716,137.27420766428716
0,100,-0.0,0.0,272,0.1373756446957141,137.3756446957141
0,100,-0.0,0.0,280,0.13713067873284251,137.1306787328425
0,100,-0.0,0.0,288,0.136642652494994,136.642652494994
0,100,-0.0,0.0,296,0.13598065505147405,135.98065505147406
0,100,-0.0,0.0,304,0.1359505727087626,135.9505727087626
0,100,-0.0,0.0,312,0.1365813082903107,136.58130829031072
0,100,-0.0,0.0,320,0.13705720820505318,137.05720820505317
0,100,-0.0,0.0,328,0.13729006288162432,137.29006288162432
0,100,-0.0,0.0,336,0.1371491703501777,137.1491703501777
0,100,-0.0,0.0,344,0.1367827369009874,136.7827369009874
0,100,-0.0,0.0,352,0.136129187249574,136.12918724957402
0,100,-0.0,0.0,360,0.1357218242730377,135.7218242730377
0,105,-0.0,0.0,0,0.13572175368268685,135.72175368268685
0,105,-0.0,0.0,8,0.1361311318421517,136.1311318421517
0,105,-0.0,0.0,16,0.1367897259616968,136.7897259616968
0,105,-0.0,0.0,24,0.1371470829937803,137.14708299378032
0,105,-0.0,0.0,32,0.13728452440829245,137.28452440829244
0,105,-0.0,0.0,40,0.13705388376184585,137.05388376184584
0,105,-0.0,0.0,48,0.13658573757431064,136.58573757431063
0,105,-0.0,0.0,56,0.1359502223635671,135.9502223635671
0,105,-0.0,0.0,64,0.13597342573181637,135.97342573181638
0,105,-0.0,0.0,72,0.13663809721841585,136.63809721841585
0,105,-0.0,0.0,80,0.13713172537314494,137.13172537314495
0,105,-0.0,0.0,88,0.1373724923869766,137.3724923869766
0,105,-0.0,0.0,96,0.1372761957230171,137.2761957230171
0,105,-0.0,0.0,104,0.1369301583206745,136.9301583206745
0,105,-0.0,0.0,112,0.1362855363199606,136.28553631996058
0,105,-0.0,0.0,120,0.1358572203148979,135.8572203148979
0,105,-0.0,0.0,128,0.13623966507794733,136.23966507794734
0,105,-0.0,0.0,136,0.13686440708684894,136.86440708684893
0,105,-0.0,0.0,144,0.13719582058492874,137.19582058492875
0,105,-0.0,0.0,152,0.1372691796359038,137.26917963590378
0,105,-0.0,0.0,160,0.13698704316697977,136.98704316697976
0,105,-0.0,0.0,168,0.13648301625517362,136.48301625517362
0,105,-0.0,0.0,176,0.13583031775531343,135.83031775531342
0,105,-0.0,0.0,184,0.13583107501180172,135.83107501180172
0,105,-0.0,0.0,192,0.1364839979822875,136.4839979822875
0,105,-0.0,0.0,200,0.1369900422595398,136.99004225953982
0,105,-0.0,0.0,208,0.1372644726650908,137.26447266509078
0,105,-0.0,0.0,216,0.1371989924971062,137.19899249710622
0,105,-0.0,0.0,224,0.13686001306508347,136.86001306508348
0,105,-0.0,0.0,232,0.13623703363628162,136.2370336362816
0,105,-0.0,0.0,240,0.13586050631728486,135.86050631728486
0,105,-0.0,0.0,248,0.13629027715896508,136.29027715896507
0,105,-0.0,0.0,256,0.13692849448334254,136.92849448334255
0,105,-0.0,0.0,264,0.13727420766428716,137.27420766428716
0,105,-0.0,0.0,272,0.1373756446957141,137.3756446957141
0,105,-0.0,0.0,280,0.13713067873284251,137.1306787328425
0,105,-0.0,0.0,288,0.136642652494994,136.642652494994
0,105,-0.0,0.0,296,0.13598065505147405,135.98065505147406
0,105,-0.0,0.0,304,0.1359505727087626,135.9505727087626
0,105,-0.0,0.0,312,0.1365813082903107,136.58130829031072
0,105,-0.0,0.0,320,0.13705720820505318,137.05720820505317
0,105,-0.0,0.0,328,0.13729006288162432,137.29006288162432
0,105,-0.0,0.0,336,0.1371491703501777,137.1491703501777
0,105,-0.0,0.0,344,0.1367827369009874,136.7827369009874
0,105,-0.0,0.0,352,0.136129187249574,136.12918724957402
0,105,-0.0,0.0,360,0.1357218242730377,135.7218242730377
0,110,-0.0,0.0,0,0.13572175368268685,135.72175368268685
0,110,-0.0,0.0,8,0.1361311318421517,136.1311318421517
0,110,-0.0,0.0,16,0.1367897259616968,136.7897259616968
0,110,-0.0,0.0,24,0.1371470829937803,137.14708299378032
0,110,-0.0,0.0,32,0.13728452440829245,137.28452440829244
0,110,-0.0,0.0,40,0.13705388376184585,137.05388376184584
0,110,-0.0,0.0,48,0.13658573757431064,136.58573757431063
0,110,-0.0,0.0,56,0.1359502223635671,135.9502223635671
0,110,-0.0,0.0,64,0.13597342573181637,135.97342573181638
0,110,-0.0,0.0,72,0.13663809721841585,136.63809721841585
0,110,-0.0,0.0,80,0.13713172537314494,137.13172537314495
0,110,-0.0,0.0,88,0.1373724923869766,137.3724923869766
0,110,-0.0,0.0,96,0.1372761957230171,137.2761957230171
0,110,-0.0,0.0,104,0.1369301583206745,136.9301583206745
0,110,-0.0,0.0,112,0.1362855363199606,136.28553631996058
0,110,-0.0,0.0,120,0.1358572203148979,135.8572203148979
0,110,-0.0,0.0,128,0.13623966507794733,136.23966507794734
0,110,-0.0,0.0,136,0.13686440708684894,136.86440708684893
0,110,-0.0,0.0,144,0.13719582058492874,137.19582058492875
0,110,-0.0,0.0,152,0.1372691796359038,137.26917963590378
0,110,-0.0,0.0,160,0.13698704316697977,136.98704316697976
0,110,-0.0,0.0,168,0.13648301625517362,136.48301625517362
0,110,-0.0,0.0,176,0.13583031775531343,135.83031775531342
0,110,-0.0,0.0,184,0.13583107501180172,135.83107501180172
0,110,-0.0,0.0,192,0.1364839979822875,136.4839979822875
0,110,-0.0,0.0,200,0.1369900422595398,136.99004225953982
0,110,-0.0,0.0,208,0.1372644726650908,137.26447266509078
0,110,-0.0,0.0,216,0.1371989924971062,137.19899249710622
0,110,-0.0,0.0,224,0.13686001306508347,136.86001306508348
0,110,-0.0,0.0,232,0.13623703363628162,136.2370336362816
0,110,-0.0,0.0,240,0.13586050631728486,135.86050631728486
0,110,-0.0,0.0,248,0.13629027715896508,136.29027715896507
0,110,-0.0,0.0,256,0.13692849448334254,136.92849448334255
0,110,-0.0,0.0,264,0.13727420766428716,137.27420766428716
0,110,-0.0,0.0,272,0.1373756446957141,137.3756446957141
0,110,-0.0,0.0,280,0.13713067873284251,137.1306787328425
0,110,-0.0,0.0,288,0.136642652494994,136.642652494994
0,110,-0.0,0.0,296,0.13598065505147405,135.98065505147406
0,110,-0.0,0.0,304,0.1359505727087626,135.9505727087626
0,110,-0.0,0.0,312,0.1365813082903107,136.58130829031072
0,110,-0.0,0.0,320,0.13705720820505318,137.05720820505317
0,110,-0.0,0.0,328,0.13729006288162432,137.29006288162432
0,110,-0.0,0.0,336,0.1371491703501777,137.1491703501777
0,110,-0.0,0.0,344,0.1367827369009874,136.7827369009874
0,110,-0.0,0.0,352,0.136129187249574,136.12918724957402
0,110,-0.0,0.0,360,0.1357218242730377,135.7218242730377
0,115,-0.0,0.0,0,0.13572175368268685,135.72175368268685
0,115,-0.0,0.0,8,0.1361311318421517,136.1311318421517
0,115,-0.0,0.0,16,0.1367897259616968,136.7897259616968
0,115,-0.0,0.0,24,0.1371470829937803,137.14708299378032
0,115,-0.0,0.0,32,0.13728452440829245,137.28452440829244
0,115,-0.0,0.0,40,0.13705388376184585,137.05388376184584
0,115,-0.0,0.0,48,0.13658573757431064,136.58573757431063
0,115,-0.0,0.0,56,0.1359502223635671,135.9502223635671
0,115,-0.0,0.0,64,0.13597342573181637,135.97342573181638
0,115,-0.0,0.0,72,0.13663809721841585,136.63809721841585
0,115,-0.0,0.0,80,0.13713172537314494,137.13172537314495
0,115,-0.0,0.0,88,0.1373724923869766,137.3724923869766
0,115,-0.0,0.0,96,0.1372761957230171,137.2761957230171
0,115,-0.0,0.0,104,0.1369301583206745,136.9301583206745
0,115,-0.0,0.0,112,0.1362855363199606,136.28553631996058
0,115,-0.0,0.0,120,0.1358572203148979,135.8572203148979
0,115,-0.0,0.0,128,0.13623966507794733,136.23966507794734
0,115,-0.0,0.0,136,0.13686440708684894,136.86440708684893
0,115,-0.0,0.0,144,0.13719582058492874,137.19582058492875
0,115,-0.0,0.0,152,0.1372691796359038,137.26917963590378
0,115,-0.0,0.0,160,0.13698704316697977,136.98704316697976
0,115,-0.0,0.0,168,0.13648301625517362,136.48301625517362
0,115,-0.0,0.0,176,0.13583031775531343,135.83031775531342
0,115,-0.0,0.0,184,0.13583107501180172,135.83107501180172
0,115,-0.0,0.0,192,0.1364839979822875,136.4839979822875
0,115,-0.0,0.0,200,0.1369900422595398,136.99004225953982
0,115,-0.0,0.0,208,0.1372644726650908,137.26447266509078
0,115,-0.0,0.0,216,0.1371989924971062,137.19899249710622
0,115,-0.0,0.0,224,0.13686001306508347,136.86001306508348
0,115,-0.0,0.0,232,0.13623703363628162,136.2370336362816
0,115,-0.0,0.0,240,0.13586050631728486,135.86050631728486
0,115,-0.0,0.0,248,0.13629027715896508,136.29027715896507
0,115,-0.0,0.0,256,0.13692849448334254,136.92849448334255
0,115,-0.0,0.0,264,0.13727420766428716,137.27420766428716
0,115,-0.0,0.0,272,0.1373756446957141,137.3756446957141
0,115,-0.0,0.0,280,0.13713067873284251,137.1306787328425
0,115,-0.0,0.0,288,0.136642652494994,136.642652494994
0,115,-0.0,0.0,296,0.13598065505147405,135.98065505147406
0,115,-0.0,0.0,304,0.1359505727087626,135.9505727087626
0,115,-0.0,0.0,312,0.1365813082903107,136.58130829031072
0,115,-0.0,0.0,320,0.13705720820505318,137.05720820505317
0,115,-0.0,0.0,328,0.13729006288162432,137.29006288162432
0,115,-0.0,0.0,336,0.1371491703501777,137.1491703501777
0,115,-0.0,0.0,344,0.1367827369009874,136.7827369009874
0,115,-0.0,0.0,352,0.136129187249574,136.12918724957402
0,115,-0.0,0.0,360,0.1357218242730377,135.7218242730377
0,120,-0.0,0.0,0,0.13572175368268685,135.72175368268685
0,120,-0.0,0.0,8,0.1361311318421517,136.1311318421517
0,120,-0.0,0.0,16,0.1367897259616968,136.7897259616968
0,120,-0.0,0.0,24,0.1371470829937803,137.14708299378032
0,120,-0.0,0.0,32,0.13728452440829245,137.28452440829244
0,120,-0.0,0.0,40,0.13705388376184585,137.05388376184584
0,120,-0.0,0.0,48,0.13658573757431064,136.58573757431063
0,120,-0.0,0.0,56,0.1359502223635671,135.9502223635671
0,120,-0.0,0.0,64,0.13597342573181637,135.97342573181638
0,120,-0.0,0.0,72,0.13663809721841585,136.63809721841585
0,120,-0.0,0.0,80,0.13713172537314494,137.13172537314495
0,120,-0.0,0.0,88,0.1373724923869766,137.3724923869766
0,120,-0.0,0.0,96,0.1372761957230171,137.2761957230171
0,120,-0.0,0.0,104,0.1369301583206745,136.9301583206745
0,120,-0.0,0.0,112,0.1362855363199606,136.28553631996058
0,120,-0.0,0.0,120,0.1358572203148979,135.8572203148979
0,120,-0.0,0.0,128,0.13623966507794733,136.23966507794734
0,120,-0.0,0.0,136,0.13686440708684894,136.86440708684893
0,120,-0.0,0.0,144,0.13719582058492874,137.19582058492875
0,120,-0.0,0.0,152,0.1372691796359038,137.26917963590378
0,120,-0.0,0.0,160,0.13698704316697977,136.98704316697976
0,120,-0.0,0.0,168,0.13648301625517362,136.48301625517362
0,120,-0.0,0.0,176,0.13583031775531343,135.83031775531342
0,120,-0.0,0.0,184,0.13583107501180172,135.83107501180172
0,120,-0.0,0.0,192,0.1364839979822875,136.4839979822875
0,120,-0.0,0.0,200,0.1369900422595398,136.99004225953982
0,120,-0.0,0.0,208,0.1372644726650908,137.26447266509078
0,120,-0.0,0.0,216,0.1371989924971062,137.19899249710622
0,120,-0.0,0.0,224,0.13686001306508347,136.86001306508348
0,120,-0.0,0.0,232,0.13623703363628162,136.2370336362816
0,120,-0.0,0.0,240,0.13586050631728486,135.86050631728486
0,120,-0.0,0.0,248,0.13629027715896508,136.29027715896507
0,120,-0.0,0.0,256,0.13692849448334254,136.92849448334255
0,120,-0.0,0.0,264,0.13727420766428716,137.27420766428716
0,120,-0.0,0.0,272,0.1373756446957141,137.3756446957141
0,120,-0.0,0.0,280,0.13713067873284251,137.1306787328425
0,120,-0.0,0.0,288,0.136642652494994,136.642652494994
0,120,-0.0,0.0,296,0.13598065505147405,135.98065505147406
0,120,-0.0,0.0,304,0.1359505727087626,135.9505727087626
0,120,-0.0,0.0,312,0.1365813082903107,136.58130829031072
0,120,-0.0,0.0,320,0.13705720820505318,137.05720820505317
0,120,-0.0,0.0,328,0.13729006288162432,137.29006288162432
0,120,-0.0,0.0,336,0.1371491703501777,137.1491703501777
0,120,-0.0,0.0,344,0.1367827369009874,136.7827369009874
0,120,-0.0,0.0,352,0.136129187249574,136.12918724957402
0,120,-0.0,0.0,360,0.1357218242730377,135.7218242730377
0,125,-0.0,0.0,0,0.13572175368268685,135.72175368268685
0,125,-0.0,0.0,8,0.1361311318421517,136.1311318421517
0,125,-0.0,0.0,16,0.1367897259616968,136.7897259616968
0,125,-0.0,0.0,24,0.1371470829937803,137.14708299378032
0,125,-0.0,0.0,32,0.13728452440829245,137.28452440829244
0,125,-0.0,0.0,40,0.13705388376184585,137.05388376184584
0,125,-0.0,0.0,48,0.13658573757431064,136.58573757431063
0,125,-0.0,0.0,56,0.1359502223635671,135.9502223635671
0,125,-0.0,0.0,64,0.13597342573181637,135.97342573181638
0,125,-0.0,0.0,72,0.13663809721841585,136.63809721841585
0,125,-0.0,0.0,80,0.13713172537314494,137.13172537314495
0,125,-0.0,0.0,88,0.1373724923869766,137.3724923869766
0,125,-0.0,0.0,96,0.1372761957230171,137.2761957230171
0,125,-0.0,0.0,104,0.1369301583206745,136.9301583206745
0,125,-0.0,0.0,112,0.1362855363199606,136.28553631996058
0,125,-0.0,0.0,120,0.1358572203148979,135.8572203148979
0,125,-0.0,0.0,128,0.13623966507794733,136.23966507794734
0,125,-0.0,0.0,136,0.13686440708684894,136.86440708684893
0,125,-0.0,0.0,144,0.13719582058492874,137.19582058492875
0,125,-0.0,0.0,152,0.1372691796359038,137.26917963590378
0,125,-0.0,0.0,160,0.13698704316697977,136.98704316697976
0,125,-0.0,0.0,168,0.13648301625517362,136.48301625517362
0,125,-0.0,0.0,176,0.13583031775531343,135.83031775531342
0,125,-0.0,0.0,184,0.13583107501180172,135.83107501180172
0,125,-0.0,0.0,192,0.1364839979822875,136.4839979822875
0,125,-0.0,0.0,200,0.1369900422595398,136.99004225953982
0,125,-0.0,0.0,208,0.1372644726650908,137.26447266509078
0,125,-0.0,0.0,216,0.1371989924971062,137.19899249710622
0,125,-0.0,0.0,224,0.13686001306508347,136.86001306508348
0,125,-0.0,0.0,232,0.13623703363628162,136.2370336362816
0,125,-0.0,0.0,240,0.13586050631728486,135.86050631728486
0,125,-0.0,0.0,248,0.13629027715896508,136.29027715896507
0,125,-0.0,0.0,256,0.13692849448334254,136.92849448334255
0,125,-0.0,0.0,264,0.13727420766428716,137.27420766428716
0,125,-0.0,0.0,272,0.1373756446957141,137.3756446957141
0,125,-0.0,0.0,280,0.13713067873284251,137.1306787328425
0,125,-0.0,0.0,288,0.136642652494994,136.642652494994
0,125,-0.0,0.0,296,0.13598065505147405,135.98065505147406
0,125,-0.0,0.0,304,0.1359505727087626,135.9505727087626
0,125,-0.0,0.0,312,0.1365813082903107,136.58130829031072
0,125,-0.0,0.0,320,0.13705720820505318,137.05720820505317
0,125,-0.0,0.0,328,0.13729006288162432,137.29006288162432
0,125,-0.0,0.0,336,0.1371491703501777,137.1491703501777
0,125,-0.0,0.0,344,0.1367827369009874,136.7827369009874
0,125,-0.0,0.0,352,0.136129187249574,136.12918724957402
0,125,-0.0,0.0,360,0.1357218242730377,135.7218242730377
0,130,-0.0,0.0,0,0.13572175368268685,135.72175368268685
0,130,-0.0,0.0,8,0.1361311318421517,136.1311318421517
0,130,-0.0,0.0,16,0.1367897259616968,136.7897259616968
0,130,-0.0,0.0,24,0.1371470829937803,137.14708299378032
0,130,-0.0,0.0,32,0.13728452440829245,137.28452440829244
0,130,-0.0,0.0,40,0.13705388376184585,137.05388376184584
0,130,-0.0,0.0,48,0.13658573757431064,136.58573757431063
0,130,-0.0,0.0,56,0.1359502223635671,135.9502223635671
0,130,-0.0,0.0,64,0.13597342573181637,135.97342573181638
0,130,-0.0,0.0,72,0.13663809721841585,136.63809721841585
0,130,-0.0,0.0,80,0.13713172537314494,137.13172537314495
0,130,-0.0,0.0,88,0.1373724923869766,137.3724923869766
0,130,-0.0,0.0,96,0.1372761957230171,137.2761957230171
0,130,-0.0,0.0,104,0.1369301583206745,136.9301583206745
0,130,-0.0,0.0,112,0.1362855363199606,136.28553631996058
0,130,-0.0,0.0,120,0.1358572203148979,135.8572203148979
0,130,-0.0,0.0,128,0.13623966507794733,136.23966507794734
0,130,-0.0,0.0,136,0.13686440708684894,136.86440708684893
0,130,-0.0,0.0,144,0.13719582058492874,137.19582058492875
0,130,-0.0,0.0,152,0.1372691796359038,137.26917963590378
0,130,-0.0,0.0,160,0.13698704316697977,136.98704316697976
0,130,-0.0,0.0,168,0.13648301625517362,136.48301625517362
0,130,-0.0,0.0,176,0.13583031775531343,135.83031775531342
0,130,-0.0,0.0,184,0.13583107501180172,135.83107501180172
0,130,-0.0,0.0,192,0.1364839979822875,136.4839979822875
0,130,-0.0,0.0,200,0.1369900422595398,136.99004225953982
0,130,-0.0,0.0,208,0.1372644726650908,137.26447266509078
0,130,-0.0,0.0,216,0.1371989924971062,137.19899249710622
0,130,-0.0,0.0,224,0.13686001306508347,136.86001306508348
0,130,-0.0,0.0,232,0.13623703363628162,136.2370336362816
0,130,-0.0,0.0,240,0.13586050631728486,135.86050631728486
0,130,-0.0,0.0,248,0.13629027715896508,136.29027715896507
0,130,-0.0,0.0,256,0.13692849448334254,136.92849448334255
0,130,-0.0,0.0,264,0.13727420766428716,137.27420766428716
0,130,-0.0,0.0,272,0.1373756446957141,137.3756446957141
0,130,-0.0,0.0,280,0.13713067873284251,137.1306787328425
0,130,-0.0,0.0,288,0.136642652494994,136.642652494994
0,130,-0.0,0.0,296,0.13598065505147405,135.98065505147406
0,130,-0.0,0.0,304,0.1359505727087626,135.9505727087626
0,130,-0.0,0.0,312,0.1365813082903107,136.58130829031072
0,130,-0.0,0.0,320,0.13705720820505318,137.05720820505317
0,130,-0.0,0.0,328,0.13729006288162432,137.29006288162432
0,130,-0.0,0.0,336,0.1371491703501777,137.1491703501777
0,130,-0.0,0.0,344,0.1367827369009874,136.7827369009874
0,130,-0.0,0.0,352,0.136129187249574,136.12918724957402
0,130,-0.0,0.0,360,0.1357218242730377,135.7218242730377
0,135,-0.0,0.0,0,0.13572175368268685,135.72175368268685
0,135,-0.0,0.0,8,0.1361311318421517,136.1311318421517
0,135,-0.0,0.0,16,0.1367897259616968,136.7897259616968
0,135,-0.0,0.0,24,0.1371470829937803,137.14708299378032
0,135,-0.0,0.0,32,0.13728452440829245,137.28452440829244
0,135,-0.0,0.0,40,0.13705388376184585,137.05388376184584
0,135,-0.0,0.0,48,0.13658573757431064,136.58573757431063
0,135,-0.0,0.0,56,0.1359502223635671,135.9502223635671
0,135,-0.0,0.0,64,0.13597342573181637,135.97342573181638
0,135,-0.0,0.0,72,0.13663809721841585,136.63809721841585
0,135,-0.0,0.0,80,0.13713172537314494,137.13172537314495
0,135,-0.0,0.0,88,0.1373724923869766,137.3724923869766
0,135,-0.0,0.0,96,0.1372761957230171,137.2761957230171
0,135,-0.0,0.0,104,0.1369301583206745,136.9301583206745
0,135,-0.0,0.0,112,0.1362855363199606,136.28553631996058
0,135,-0.0,0.0,120,0.1358572203148979,135.8572203148979
0,135,-0.0,0.0,128,0.13623966507794733,136.23966507794734
0,135,-0.0,0.0,136,0.13686440708684894,136.86440708684893
0,135,-0.0,0.0,144,0.13719582058492874,137.19582058492875
0,135,-0.0,0.0,152,0.1372691796359038,137.26917963590378
0,135,-0.0,0.0,160,0.13698704316697977,136.98704316697976
0,135,-0.0,0.0,168,0.13648301625517362,136.48301625517362
0,135,-0.0,0.0,176,0.13583031775531343,135.83031775531342
0,135,-0.0,0.0,184,0.13583107501180172,135.83107501180172
0,135,-0.0,0.0,192,0.1364839979822875,136.4839979822875
0,135,-0.0,0.0,200,0.1369900422595398,136.99004225953982
0,135,-0.0,0.0,208,0.1372644726650908,137.26447266509078
0,135,-0.0,0.0,216,0.1371989924971062,137.19899249710622
0,135,-0.0,0.0,224,0.13686001306508347,136.86001306508348
0,135,-0.0,0.0,232,0.13623703363628162,136.2370336362816
0,135,-0.0,0.0,240,0.13586050631728486,135.86050631728486
0,135,-0.0,0.0,248,0.13629027715896508,136.29027715896507
0,135,-0.0,0.0,256,0.13692849448334254,136.92849448334255
0,135,-0.0,0.0,264,0.13727420766428716,137.27420766428716
0,135,-0.0,0.0,272,0.1373756446957141,137.3756446957141
0,135,-0.0,0.0,280,0.13713067873284251,137.1306787328425
0,135,-0.0,0.0,288,0.136642652494994,136.642652494994
0,135,-0.0,0.0,296,0.13598065505147405,135.98065505147406
0,135,-0.0,0.0,304,0.1359505727087626,135.9505727087626
0,135,-0.0,0.0,312,0.1365813082903107,136.58130829031072
0,135,-0.0,0.0,320,0.13705720820505318,137.05720820505317
0,135,-0.0,0.0,328,0.13729006288162432,137.29006288162432
0,135,-0.0,0.0,336,0.1371491703501777,137.1491703501777
0,135,-0.0,0.0,344,0.1367827369009874,136.7827369009874
0,135,-0.0,0.0,352,0.136129187249574,136.12918724957402
0,135,-0.0,0.0,360,0.1357218242730377,135.7218242730377
0,140,-0.0,0.0,0,0.13572175368268685,135.72175368268685
0,140,-0.0,0.0,8,0.1361311318421517,136.1311318421517
0,140,-0.0,0.0,16,0.1367897259616968,136.7897259616968
0,140,-0.0,0.0,24,0.1371470829937803,137.14708299378032
0,140,-0.0,0.0,32,0.13728452440829245,137.28452440829244
0,140,-0.0,0.0,40,0.13705388376184585,137.05388376184584
0,140,-0.0,0.0,48,0.13658573757431064,136.58573757431063
0,140,-0.0,0.0,56,0.1359502223635671,135.9502223635671
0,140,-0.0,0.0,64,0.13597342573181637,135.97342573181638
0,140,-0.0,0.0,72,0.13663809721841585,136.63809721841585
0,140,-0.0,0.0,80,0.13713172537314494,137.13172537314495
0,140,-0.0,0.0,88,0.1373724923869766,137.3724923869766
0,140,-0.0,0.0,96,0.1372761957230171,137.2761957230171
0,140,-0.0,0.0,104,0.1369301583206745,136.9301583206745
0,140,-0.0,0.0,112,0.1362855363199606,136.28553631996058
0,140,-0.0,0.0,120,0.1358572203148979,135.8572203148979
0,140,-0.0,0.0,128,0.13623966507794733,136.23966507794734
0,140,-0.0,0.0,136,0.13686440708684894,136.86440708684893
0,140,-0.0,0.0,144,0.13719582058492874,137.19582058492875
0,140,-0.0,0.0,152,0.1372691796359038,137.26917963590378
0,140,-0.0,0.0,160,0.13698704316697977,136.98704316697976
0,140,-0.0,0.0,168,0.13648301625517362,136.48301625517362
0,140,-0.0,0.0,176,0.13583031775531343,135.83031775531342
0,140,-0.0,0.0,184,0.13583107501180172,135.83107501180172
0,140,-0.0,0.0,192,0.1364839979822875,136.4839979822875
0,140,-0.0,0.0,200,0.1369900422595398,136.99004225953982
0,140,-0.0,0.0,208,0.1372644726650908,137.26447266509078
0,140,-0.0,0.0,216,0.1371989924971062,137.19899249710622
0,140,-0.0,0.0,224,0.13686001306508347,136.86001306508348
0,140,-0.0,0.0,232,0.13623703363628162,136.2370336362816
0,140,-0.0,0.0,240,0.13586050631728486,135.86050631728486
0,140,-0.0,0.0,248,0.13629027715896508,136.29027715896507
0,140,-0.0,0.0,256,0.13692849448334254,136.92849448334255
0,140,-0.0,0.0,264,0.13727420766428716,137.27420766428716
0,140,-0.0,0.0,272,0.1373756446957141,137.3756446957141
0,140,-0.0,0.0,280,0.13713067873284251,137.1306787328425
0,140,-0.0,0.0,288,0.136642652494994,136.642652494994
0,140,-0.0,0.0,296,0.13598065505147405,135.98065505147406
0,140,-0.0,0.0,304,0.1359505727087626,135.9505727087626
0,140,-0.0,0.0,312,0.1365813082903107,136.58130829031072
0,140,-0.0,0.0,320,0.13705720820505318,137.05720820505317
0,140,-0.0,0.0,328,0.13729006288162432,137.29006288162432
0,140,-0.0,0.0,336,0.1371491703501777,137.1491703501777
0,140,-0.0,0.0,344,0.1367827369009874,136.7827369009874
0,140,-0.0,0.0,352,0.136129187249574,136.12918724957402
0,140,-0.0,0.0,360,0.1357218242730377,135.7218242730377
0,145,-0.0,0.0,0,0.13572175368268685,135.72175368268685
0,145,-0.0,0.0,8,0.1361311318421517,136.1311318421517
0,145,-0.0,0.0,16,0.1367897259616968,136.7897259616968
0,145,-0.0,0.0,24,0.1371470829937803,137.14708299378032
0,145,-0.0,0.0,32,0.13728452440829245,137.28452440829244
0,145,-0.0,0.0,40,0.13705388376184585,137.05388376184584
0,145,-0.0,0.0,48,0.13658573757431064,136.58573757431063
0,145,-0.0,0.0,56,0.1359502223635671,135.9502223635671
0,145,-0.0,0.0,64,0.13597342573181637,135.97342573181638
0,145,-0.0,0.0,72,0.13663809721841585,136.63809721841585
0,145,-0.0,0.0,80,0.13713172537314494,137.13172537314495
0,145,-0.0,0.0,88,0.1373724923869766,137.3724923869766
0,145,-0.0,0.0,96,0.1372761957230171,137.2761957230171
0,145,-0.0,0.0,104,0.1369301583206745,136.9301583206745
0,145,-0.0,0.0,112,0.1362855363199606,136.28553631996058
0,145,-0.0,0.0,120,0.1358572203148979,135.8572203148979
0,145,-0.0,0.0,128,0.13623966507794733,136.23966507794734
0,145,-0.0,0.0,136,0.13686440708684894,136.86440708684893
0,145,-0.0,0.0,144,0.13719582058492874,137.19582058492875
0,145,-0.0,0.0,152,0.1372691796359038,137.26917963590378
0,145,-0.0,0.0,160,0.13698704316697977,136.98704316697976
0,145,-0.0,0.0,168,0.13648301625517362,136.48301625517362
0,145,-0.0,0.0,176,0.13583031775531343,135.83031775531342
0,145,-0.0,0.0,184,0.13583107501180172,135.83107501180172
0,145,-0.0,0.0,192,0.1364839979822875,136.4839979822875
0,145,-0.0,0.0,200,0.1369900422595398,136.99004225953982
0,145,-0.0,0.0,208,0.1372644726650908,137.26447266509078
0,145,-0.0,0.0,216,0.1371989924971062,137.19899249710622
0,145,-0.0,0.0,224,0.13686001306508347,136.86001306508348
0,145,-0.0,0.0,232,0.13623703363628162,136.2370336362816
0,145,-0.0,0.0,240,0.13586050631728486,135.86050631728486
0,145,-0.0,0.0,248,0.13629027715896508,136.29027715896507
0,145,-0.0,0.0,256,0.13692849448334254,136.92849448334255
0,145,-0.0,0.0,264,0.13727420766428716,137.27420766428716
0,145,-0.0,0.0,272,0.1373756446957141,137.3756446957141
0,145,-0.0,0.0,280,0.13713067873284251,137.1306787328425
0,145,-0.0,0.0,288,0.136642652494994,136.642652494994
0,145,-0.0,0.0,296,0.13598065505147405,135.98065505147406
0,145,-0.0,0.0,304,0.1359505727087626,135.9505727087626
0,145,-0.0,0.0,312,0.1365813082903107,136.58130829031072
0,145,-0.0,0.0,320,0.13705720820505318,137.05720820505317
0,145,-0.0,0.0,328,0.13729006288162432,137.29006288162432
0,145,-0.0,0.0,336,0.1371491703501777,137.1491703501777
0,145,-0.0,0.0,344,0.1367827369009874,136.7827369009874
0,145,-0.0,0.0,352,0.136129187249574,136.12918724957402
0,145,-0.0,0.0,360,0.1357218242730377,135.7218242730377
0,150,-0.0,0.0,0,0.13572175368268685,135.72175368268685
0,150,-0.0,0.0,8,0.1361311318421517,136.1311318421517
0,150,-0.0,0.0,16,0.1367897259616968,136.7897259616968
0,150,-0.0,0.0,24,0.1371470829937803,137.14708299378032
0,150,-0.0,0.0,32,0.13728452440829245,137.28452440829244
0,150,-0.0,0.0,40,0.13705388376184585,137.05388376184584
0,150,-0.0,0.0,48,0.13658573757431064,136.58573757431063
0,150,-0.0,0.0,56,0.1359502223635671,135.9502223635671
0,150,-0.0,0.0,64,0.13597342573181637,135.97342573181638
0,150,-0.0,0.0,72,0.13663809721841585,136.63809721841585
0,150,-0.0,0.0,80,0.13713172537314494,137.13172537314495
0,150,-0.0,0.0,88,0.1373724923869766,137.3724923869766
0,150,-0.0,0.0,96,0.1372761957230171,137.2761957230171
0,150,-0.0,0.0,104,0.1369301583206745,136.9301583206745
0,150,-0.0,0.0,112,0.1362855363199606,136.28553631996058
0,150,-0.0,0.0,120,0.1358572203148979,135.8572203148979
0,150,-0.0,0.0,128,0.13623966507794733,136.23966507794734
0,150,-0.0,0.0,136,0.13686440708684894,136.86440708684893
0,150,-0.0,0.0,144,0.13719582058492874,137.19582058492875
0,150,-0.0,0.0,152,0.1372691796359038,137.26917963590378
0,150,-0.0,0.0,160,0.13698704316697977,136.98704316697976
0,150,-0.0,0.0,168,0.13648301625517362,136.48301625517362
0,150,-0.0,0.0,176,0.13583031775531343,135.83031775531342
0,150,-0.0,0.0,184,0.13583107501180172,135.83107501180172
0,150,-0.0,0.0,192,0.1364839979822875,136.4839979822875
0,150,-0.0,0.0,200,0.1369900422595398,136.99004225953982
0,150,-0.0,0.0,208,0.1372644726650908,137.26447266509078
0,150,-0.0,0.0,216,0.1371989924971062,137.19899249710622
0,150,-0.0,0.0,224,0.13686001306508347,136.86001306508348
0,150,-0.0,0.0,232,0.13623703363628162,136.2370336362816
0,150,-0.0,0.0,240,0.13586050631728486,135.86050631728486
0,150,-0.0,0.0,248,0.13629027715896508,136.29027715896507
0,150,-0.0,0.0,256,0.13692849448334254,136.92849448334255
0,150,-0.0,0.0,264,0.13727420766428716,137.27420766428716
0,150,-0.0,0.0,272,0.1373756446957141,137.3756446957141
0,150,-0.0,0.0,280,0.13713067873284251,137.1306787328425
0,150,-0.0,0.0,288,0.136642652494994,136.642652494994
0,150,-0.0,0.0,296,0.13598065505147405,135.98065505147406
0,150,-0.0,0.0,304,0.1359505727087626,135.9505727087626
0,150,-0.0,0.0,312,0.1365813082903107,136.58130829031072
0,150,-0.0,0.0,320,0.13705720820505318,137.05720820505317
0,150,-0.0,0.0,328,0.13729006288162432,137.29006288162432
0,150,-0.0,0.0,336,0.1371491703501777,137.1491703501777
0,150,-0.0,0.0,344,0.1367827369009874,136.7827369009874
0,150,-0.0,0.0,352,0.136129187249574,136.12918724957402
0,150,-0.0,0.0,360,0.1357218242730377,135.7218242730377
0,155,-0.0,0.0,0,0.13572175368268685,135.72175368268685
0,155,-0.0,0.0,8,0.1361311318421517,136.1311318421517
0,155,-0.0,0.0,16,0.1367897259616968,136.7897259616968
0,155,-0.0,0.0,24,0.1371470829937803,137.14708299378032
0,155,-0.0,0.0,32,0.13728452440829245,137.28452440829244
0,155,-0.0,0.0,40,0.13705388376184585,137.05388376184584
0,155,-0.0,0.0,48,0.13658573757431064,136.58573757431063
0,155,-0.0,0.0,56,0.1359502223635671,135.9502223635671
0,155,-0.0,0.0,64,0.13597342573181637,135.97342573181638
0,155,-0.0,0.0,72,0.13663809721841585,136.63809721841585
0,155,-0.0,0.0,80,0.13713172537314494,137.13172537314495
0,155,-0.0,0.0,88,0.1373724923869766,137.3724923869766
0,155,-0.0,0.0,96,0.1372761957230171,137.2761957230171
0,155,-0.0,0.0,104,0.1369301583206745,136.9301583206745
0,155,-0.0,0.0,112,0.1362855363199606,136.28553631996058
0,155,-0.0,0.0,120,0.1358572203148979,135.8572203148979
0,155,-0.0,0.0,128,0.13623966507794733,136.23966507794734
0,155,-0.0,0.0,136,0.13686440708684894,136.86440708684893
0,155,-0.0,0.0,144,0.13719582058492874,137.19582058492875
0,155,-0.0,0.0,152,0.1372691796359038,137.26917963590378
0,155,-0.0,0.0,160,0.13698704316697977,136.98704316697976
0,155,-0.0,0.0,168,0.13648301625517362,136.48301625517362
0,155,-0.0,0.0,176,0.13583031775531343,135.83031775531342
0,155,-0.0,0.0,184,0.13583107501180172,135.83107501180172
0,155,-0.0,0.0,192,0.1364839979822875,136.4839979822875
0,155,-0.0,0.0,200,0.1369900422595398,136.99004225953982
0,155,-0.0,0.0,208,0.1372644726650908,137.26447266509078
0,155,-0.0,0.0,216,0.1371989924971062,137.19899249710622
0,155,-0.0,0.0,224,0.13686001306508347,136.86001306508348
0,155,-0.0,0.0,232,0.13623703363628162,136.2370336362816
0,155,-0.0,0.0,240,0.13586050631728486,135.86050631728486
0,155,-0.0,0.0,248,0.13629027715896508,136.29027715896507
0,155,-0.0,0.0,256,0.13692849448334254,136.92849448334255
0,155,-0.0,0.0,264,0.13727420766428716,137.27420766428716
0,155,-0.0,0.0,272,0.1373756446957141,137.3756446957141
0,155,-0.0,0.0,280,0.13713067873284251,137.1306787328425
0,155,-0.0,0.0,288,0.136642652494994,136.642652494994
0,155,-0.0,0.0,296,0.13598065505147405,135.98065505147406
0,155,-0.0,0.0,304,0.1359505727087626,135.9505727087626
0,155,-0.0,0.0,312,0.1365813082903107,136.58130829031072
0,155,-0.0,0.0,320,0.13705720820505318,137.05720820505317
0,155,-0.0,0.0,328,0.13729006288162432,137.29006288162432
0,155,-0.0,0.0,336,0.1371491703501777,137.1491703501777
0,155,-0.0,0.0,344,0.1367827369009874,136.7827369009874
0,155,-0.0,0.0,352,0.136129187249574,136.12918724957402
0,155,-0.0,0.0,360,0.1357218242730377,135.7218242730377
0,160,-0.0,0.0,0,0.13572175368268685,135.72175368268685
0,160,-0.0,0.0,8,0.1361311318421517,136.1311318421517
0,160,-0.0,0.0,16,0.1367897259616968,136.7897259616968
0,160,-0.0,0.0,24,0.1371470829937803,137.14708299378032
0,160,-0.0,0.0,32,0.13728452440829245,137.28452440829244
0,160,-0.0,0.0,40,0.13705388376184585,137.05388376184584
0,160,-0.0,0.0,48,0.13658573757431064,136.58573757431063
0,160,-0.0,0.0,56,0.1359502223635671,135.9502223635671
0,160,-0.0,0.0,64,0.13597342573181637,135.97342573181638
0,160,-0.0,0.0,72,0.13663809721841585,136.63809721841585
0,160,-0.0,0.0,80,0.13713172537314494,137.13172537314495
0,160,-0.0,0.0,88,0.1373724923869766,137.3724923869766
0,160,-0.0,0.0,96,0.1372761957230171,137.2761957230171
0,160,-0.0,0.0,104,0.1369301583206745,136.9301583206745
0,160,-0.0,0.0,112,0.1362855363199606,136.28553631996058
0,160,-0.0,0.0,120,0.1358572203148979,135.8572203148979
0,160,-0.0,0.0,128,0.13623966507794733,136.23966507794734
0,160,-0.0,0.0,136,0.13686440708684894,136.86440708684893
0,160,-0.0,0.0,144,0.13719582058492874,137.19582058492875
0,160,-0.0,0.0,152,0.1372691796359038,137.26917963590378
0,160,-0.0,0.0,160,0.13698704316697977,136.98704316697976
0,160,-0.0,0.0,168,0.13648301625517362,136.48301625517362
0,160,-0.0,0.0,176,0.13583031775531343,135.83031775531342
0,160,-0.0,0.0,184,0.13583107501180172,135.83107501180172
0,160,-0.0,0.0,192,0.1364839979822875,136.4839979822875
0,160,-0.0,0.0,200,0.1369900422595398,136.99004225953982
0,160,-0.0,0.0,208,0.1372644726650908,137.26447266509078
0,160,-0.0,0.0,216,0.1371989924971062,137.19899249710622
0,160,-0.0,0.0,224,0.13686001306508347,136.86001306508348
0,160,-0.0,0.0,232,0.13623703363628162,136.2370336362816
0,160,-0.0,0.0,240,0.13586050631728486,135.86050631728486
0,160,-0.0,0.0,248,0.13629027715896508,136.29027715896507
0,160,-0.0,0.0,256,0.13692849448334254,136.92849448334255
0,160,-0.0,0.0,264,0.13727420766428716,137.27420766428716
0,160,-0.0,0.0,272,0.1373756446957141,137.3756446957141
0,160,-0.0,0.0,280,0.13713067873284251,137.1306787328425
0,160,-0.0,0.0,288,0.136642652494994,136.642652494994
0,160,-0.0,0.0,296,0.13598065505147405,135.98065505147406
0,160,-0.0,0.0,304,0.1359505727087626,135.9505727087626
0,160,-0.0,0.0,312,0.1365813082903107,136.58130829031072
0,160,-0.0,0.0,320,0.13705720820505318,137.05720820505317
0,160,-0.0,0.0,328,0.13729006288162432,137.29006288162432
0,160,-0.0,0.0,336,0.1371491703501777,137.1491703501777
0,160,-0.0,0.0,344,0.1367827369009874,136.7827369009874
0,160,-0.0,0.0,352,0.136129187249574,136.12918724957402
0,160,-0.0,0.0,360,0.1357218242730377,135.7218242730377
0,165,-0.0,0.0,0,0.13572175368268685,135.72175368268685
0,165,-0.0,0.0,8,0.1361311318421517,136.1311318421517
0,165,-0.0,0.0,16,0.1367897259616968,136.7897259616968
0,165,-0.0,0.0,24,0.1371470829937803,137.14708299378032
0,165,-0.0,0.0,32,0.13728452440829245,137.28452440829244
0,165,-0.0,0.0,40,0.13705388376184585,137.05388376184584
0,165,-0.0,0.0,48,0.13658573757431064,136.58573757431063
0,165,-0.0,0.0,56,0.1359502223635671,135.9502223635671
0,165,-0.0,0.0,64,0.13597342573181637,135.97342573181638
0,165,-0.0,0.0,72,0.13663809721841585,136.63809721841585
0,165,-0.0,0.0,80,0.13713172537314494,137.13172537314495
0,165,-0.0,0.0,88,0.1373724923869766,137.3724923869766
0,165,-0.0,0.0,96,0.1372761957230171,137.2761957230171
0,165,-0.0,0.0,104,0.1369301583206745,136.9301583206745
0,165,-0.0,0.0,112,0.1362855363199606,136.28553631996058
0,165,-0.0,0.0,120,0.1358572203148979,135.8572203148979
0,165,-0.0,0.0,128,0.13623966507794733,136.23966507794734
0,165,-0.0,0.0,136,0.13686440708684894,136.86440708684893
0,165,-0.0,0.0,144,0.13719582058492874,137.19582058492875
0,165,-0.0,0.0,152,0.1372691796359038,137.26917963590378
0,165,-0.0,0.0,160,0.13698704316697977,136.98704316697976
0,165,-0.0,0.0,168,0.13648301625517362,136.48301625517362
0,165,-0.0,0.0,176,0.13583031775531343,135.83031775531342
0,165,-0.0,0.0,184,0.13583107501180172,135.83107501180172
0,165,-0.0,0.0,192,0.1364839979822875,136.4839979822875
0,165,-0.0,0.0,200,0.1369900422595398,136.99004225953982
0,165,-0.0,0.0,208,0.1372644726650908,137.26447266509078
0,165,-0.0,0.0,216,0.1371989924971062,137.19899249710622
0,165,-0.0,0.0,224,0.13686001306508347,136.86001306508348
0,165,-0.0,0.0,232,0.13623703363628162,136.2370336362816
0,165,-0.0,0.0,240,0.13586050631728486,135.86050631728486
0,165,-0.0,0.0,248,0.13629027715896508,136.29027715896507
0,165,-0.0,0.0,256,0.13692849448334254,136.92849448334255
0,165,-0.0,0.0,264,0.13727420766428716,137.27420766428716
0,165,-0.0,0.0,272,0.1373756446957141,137.3756446957141
0,165,-0.0,0.0,280,0.13713067873284251,137.1306787328425
0,165,-0.0,0.0,288,0.136642652494994,136.642652494994
0,165,-0.0,0.0,296,0.13598065505147405,135.98065505147406
0,165,-0.0,0.0,304,0.1359505727087626,135.9505727087626
0,165,-0.0,0.0,312,0.1365813082903107,136.58130829031072
0,165,-0.0,0.0,320,0.13705720820505318,137.05720820505317
0,165,-0.0,0.0,328,0.13729006288162432,137.29006288162432
0,165,-0.0,0.0,336,0.1371491703501777,137.1491703501777
0,165,-0.0,0.0,344,0.1367827369009874,136.7827369009874
0,165,-0.0,0.0,352,0.136129187249574,136.12918724957402
0,165,-0.0,0.0,360,0.1357218242730377,135.7218242730377
0,170,-0.0,0.0,0,0.13572175368268685,135.72175368268685
0,170,-0.0,0.0,8,0.1361311318421517,136.1311318421517
0,170,-0.0,0.0,16,0.1367897259616968,136.7897259616968
0,170,-0.0,0.0,24,0.1371470829937803,137.14708299378032
0,170,-0.0,0.0,32,0.13728452440829245,137.28452440829244
0,170,-0.0,0.0,40,0.13705388376184585,137.05388376184584
0,170,-0.0,0.0,48,0.13658573757431064,136.58573757431063
0,170,-0.0,0.0,56,0.1359502223635671,135.9502223635671
0,170,-0.0,0.0,64,0.13597342573181637,135.97342573181638
0,170,-0.0,0.0,72,0.13663809721841585,136.63809721841585
0,170,-0.0,0.0,80,0.13713172537314494,137.13172537314495
0,170,-0.0,0.0,88,0.1373724923869766,137.3724923869766
0,170,-0.0,0.0,96,0.1372761957230171,137.2761957230171
0,170,-0.0,0.0,104,0.1369301583206745,136.9301583206745
0,170,-0.0,0.0,112,0.1362855363199606,136.28553631996058
0,170,-0.0,0.0,120,0.1358572203148979,135.8572203148979
0,170,-0.0,0.0,128,0.13623966507794733,136.23966507794734
0,170,-0.0,0.0,136,0.13686440708684894,136.86440708684893
0,170,-0.0,0.0,144,0.13719582058492874,137.19582058492875
0,170,-0.0,0.0,152,0.1372691796359038,137.26917963590378
0,170,-0.0,0.0,160,0.13698704316697977,136.98704316697976
0,170,-0.0,0.0,168,0.13648301625517362,136.48301625517362
0,170,-0.0,0.0,176,0.13583031775531343,135.83031775531342
0,170,-0.0,0.0,184,0.13583107501180172,135.83107501180172
0,170,-0.0,0.0,192,0.1364839979822875,136.4839979822875
0,170,-0.0,0.0,200,0.1369900422595398,136.99004225953982
0,170,-0.0,0.0,208,0.1372644726650908,137.26447266509078
0,170,-0.0,0.0,216,0.1371989924971062,137.19899249710622
0,170,-0.0,0.0,224,0.13686001306508347,136.86001306508348
0,170,-0.0,0.0,232,0.13623703363628162,136.2370336362816
0,170,-0.0,0.0,240,0.13586050631728486,135.86050631728486
0,170,-0.0,0.0,248,0.13629027715896508,136.29027715896507
0,170,-0.0,0.0,256,0.13692849448334254,136.92849448334255
0,170,-0.0,0.0,264,0.13727420766428716,137.27420766428716
0,170,-0.0,0.0,272,0.1373756446957141,137.3756446957141
0,170,-0.0,0.0,280,0.13713067873284251,137.1306787328425
0,170,-0.0,0.0,288,0.136642652494994,136.642652494994
0,170,-0.0,0.0,296,0.13598065505147405,135.98065505147406
0,170,-0.0,0.0,304,0.1359505727087626,135.9505727087626
0,170,-0.0,0.0,312,0.1365813082903107,136.58130829031072
0,170,-0.0,0.0,320,0.13705720820505318,137.05720820505317
0,170,-0.0,0.0,328,0.13729006288162432,137.29006288162432
0,170,-0.0,0.0,336,0.1371491703501777,137.1491703501777
0,170,-0.0,0.0,344,0.1367827369009874,136.7827369009874
0,170,-0.0,0.0,352,0.136129187249574,136.12918724957402
0,170,-0.0,0.0,360,0.1357218242730377,135.7218242730377
0,175,-0.0,0.0,0,0.13572175368268685,135.72175368268685
0,175,-0.0,0.0,8,0.1361311318421517,136.1311318421517
0,175,-0.0,0.0,16,0.1367897259616968,136.7897259616968
0,175,-0.0,0.0,24,0.1371470829937803,137.14708299378032
0,175,-0.0,0.0,32,0.13728452440829245,137.28452440829244
0,175,-0.0,0.0,40,0.13705388376184585,137.05388376184584
0,175,-0.0,0.0,48,0.13658573757431064,136.58573757431063
0,175,-0.0,0.0,56,0.1359502223635671,135.9502223635671
0,175,-0.0,0.0,64,0.13597342573181637,135.97342573181638
0,175,-0.0,0.0,72,0.13663809721841585,136.63809721841585
0,175,-0.0,0.0,80,0.13713172537314494,137.13172537314495
0,175,-0.0,0.0,88,0.1373724923869766,137.3724923869766
0,175,-0.0,0.0,96,0.1372761957230171,137.2761957230171
0,175,-0.0,0.0,104,0.1369301583206745,136.9301583206745
0,175,-0.0,0.0,112,0.1362855363199606,136.28553631996058
0,175,-0.0,0.0,120,0.1358572203148979,135.8572203148979
0,175,-0.0,0.0,128,0.13623966507794733,136.23966507794734
0,175,-0.0,0.0,136,0.13686440708684894,136.86440708684893
0,175,-0.0,0.0,144,0.13719582058492874,137.19582058492875
0,175,-0.0,0.0,152,0.1372691796359038,137.26917963590378
0,175,-0.0,0.0,160,0.13698704316697977,136.98704316697976
0,175,-0.0,0.0,168,0.13648301625517362,136.48301625517362
0,175,-0.0,0.0,176,0.13583031775531343,135.83031775531342
0,175,-0.0,0.0,184,0.13583107501180172,135.83107501180172
0,175,-0.0,0.0,192,0.1364839979822875,136.4839979822875
0,175,-0.0,0.0,200,0.1369900422595398,136.99004225953982
0,175,-0.0,0.0,208,0.1372644726650908,137.26447266509078
0,175,-0.0,0.0,216,0.1371989924971062,137.19899249710622
0,175,-0.0,0.0,224,0.13686001306508347,136.86001306508348
0,175,-0.0,0.0,232,0.13623703363628162,136.2370336362816
0,175,-0.0,0.0,240,0.13586050631728486,135.86050631728486
0,175,-0.0,0.0,248,0.13629027715896508,136.29027715896507
0,175,-0.0,0.0,256,0.13692849448334254,136.92849448334255
0,175,-0.0,0.0,264,0.13727420766428716,137.27420766428716
0,175,-0.0,0.0,272,0.1373756446957141,137.3756446957141
0,175,-0.0,0.0,280,0.13713067873284251,137.1306787328425
0,175,-0.0,0.0,288,0.136642652494994,136.642652494994
0,175,-0.0,0.0,296,0.13598065505147405,135.98065505147406
0,175,-0.0,0.0,304,0.1359505727087626,135.9505727087626
0,175,-0.0,0.0,312,0.1365813082903107,136.58130829031072
0,175,-0.0,0.0,320,0.13705720820505318,137.05720820505317
0,175,-0.0,0.0,328,0.13729006288162432,137.29006288162432
0,175,-0.0,0.0,336,0.1371491703501777,137.1491703501777
0,175,-0.0,0.0,344,0.1367827369009874,136.7827369009874
0,175,-0.0,0.0,352,0.136129187249574,136.12918724957402
0,175,-0.0,0.0,360,0.1357218242730377,135.7218242730377
0,180,-0.0,0.0,0,0.13572175368268685,135.72175368268685
0,180,-0.0,0.0,8,0.1361311318421517,136.1311318421517
0,180,-0.0,0.0,16,0.1367897259616968,136.7897259616968
0,180,-0.0,0.0,24,0.1371470829937803,137.14708299378032
0,180,-0.0,0.0,32,0.13728452440829245,137.28452440829244
0,180,-0.0,0.0,40,0.13705388376184585,137.05388376184584
0,180,-0.0,0.0,48,0.13658573757431064,136.58573757431063
0,180,-0.0,0.0,56,0.1359502223635671,135.9502223635671
0,180,-0.0,0.0,64,0.13597342573181637,135.97342573181638
0,180,-0.0,0.0,72,0.13663809721841585,136.63809721841585
0,180,-0.0,0.0,80,0.13713172537314494,137.13172537314495
0,180,-0.0,0.0,88,0.1373724923869766,137.3724923869766
0,180,-0.0,0.0,96,0.1372761957230171,137.2761957230171
0,180,-0.0,0.0,104,0.1369301583206745,136.9301583206745
0,180,-0.0,0.0,112,0.1362855363199606,136.28553631996058
0,180,-0.0,0.0,120,0.1358572203148979,135.8572203148979
0,180,-0.0,0.0,128,0.13623966507794733,136.23966507794734
0,180,-0.0,0.0,136,0.13686440708684894,136.86440708684893
0,180,-0.0,0.0,144,0.13719582058492874,137.19582058492875
0,180,-0.0,0.0,152,0.1372691796359038,137.26917963590378
0,180,-0.0,0.0,160,0.13698704316697977,136.98704316697976
0,180,-0.0,0.0,168,0.13648301625517362,136.48301625517362
0,180,-0.0,0.0,176,0.13583031775531343,135.83031775531342
0,180,-0.0,0.0,184,0.13583107501180172,135.83107501180172
0,180,-0.0,0.0,192,0.1364839979822875,136.4839979822875
0,180,-0.0,0.0,200,0.1369900422595398,136.99004225953982
0,180,-0.0,0.0,208,0.1372644726650908,137.26447266509078
0,180,-0.0,0.0,216,0.1371989924971062,137.19899249710622
0,180,-0.0,0.0,224,0.13686001306508347,136.86001306508348
0,180,-0.0,0.0,232,0.13623703363628162,136.2370336362816
0,180,-0.0,0.0,240,0.13586050631728486,135.86050631728486
0,180,-0.0,0.0,248,0.13629027715896508,136.29027715896507
0,180,-0.0,0.0,256,0.13692849448334254,136.92849448334255
0,180,-0.0,0.0,264,0.13727420766428716,137.27420766428716
0,180,-0.0,0.0,272,0.1373756446957141,137.3756446957141
0,180,-0.0,0.0,280,0.13713067873284251,137.1306787328425
0,180,-0.0,0.0,288,0.136642652494994,136.642652494994
0,180,-0.0,0.0,296,0.13598065505147405,135.98065505147406
0,180,-0.0,0.0,304,0.1359505727087626,135.9505727087626
0,180,-0.0,0.0,312,0.1365813082903107,136.58130829031072
0,180,-0.0,0.0,320,0.13705720820505318,137.05720820505317
0,180,-0.0,0.0,328,0.13729006288162432,137.29006288162432
0,180,-0.0,0.0,336,0.1371491703501777,137.1491703501777
0,180,-0.0,0.0,344,0.1367827369009874,136.7827369009874
0,180,-0.0,0.0,352,0.136129187249574,136.12918724957402
0,180,-0.0,0.0,360,0.1357218242730377,135.7218242730377
34,90,2.0818995585505003e-15,34.0,0,0.13572251407182762,135.72251407182762
34,90,2.0818995585505003e-15,34.0,8,0.13604496739350705,136.04496739350705
34,90,2.0818995585505003e-15,34.0,16,0.13686466726194907,136.86466726194908
34,90,2.0818995585505003e-15,34.0,24,0.137229664649758,137.229664649758
34,90,2.0818995585505003e-15,34.0,32,0.13735682182040493,137.35682182040492
34,90,2.0818995585505003e-15,34.0,40,0.13711566435434844,137.11566435434844
34,90,2.0818995585505003e-15,34.0,48,0.1366724479812324,136.6724479812324
34,90,2.0818995585505003e-15,34.0,56,0.13612203062811998,136.12203062811997
34,90,2.0818995585505003e-15,34.0,64,0.13595015111040404,135.95015111040405
34,90,2.0818995585505003e-15,34.0,72,0.13669058220952063,136.69058220952064
34,90,2.0818995585505003e-15,34.0,80,0.13718806486032503,137.18806486032503
34,90,2.0818995585505003e-15,34.0,88,0.1373862819203254,137.3862819203254
34,90,2.0818995585505003e-15,34.0,96,0.13724101520657286,137.24101520657285
34,90,2.0818995585505003e-15,34.0,104,0.13685984213881747,136.85984213881747
34,90,2.0818995585505003e-15,34.0,112,0.13633928734211284,136.33928734211284
34,90,2.0818995585505003e-15,34.0,120,0.13578423151477376,135.78423151477375
34,90,2.0818995585505003e-15,34.0,128,0.13604529358764866,136.04529358764867
34,90,2.0818995585505003e-15,34.0,136,0.1368062071058294,136.8062071058294
34,90,2.0818995585505003e-15,34.0,144,0.13712957546692756,137.12957546692755
34,90,2.0818995585505003e-15,34.0,152,0.1371910575714742,137.1910575714742
34,90,2.0818995585505003e-15,34.0,160,0.13690530783626942,136.90530783626943
34,90,2.0818995585505003e-15,34.0,168,0.13644644789702257,136.44644789702258
34,90,2.0818995585505003e-15,34.0,176,0.13590781173063507,135.90781173063507
34,90,2.0818995585505003e-15,34.0,184,0.13575245917941503,135.75245917941504
34,90,2.0818995585505003e-15,34.0,192,0.13651929838377455,136.51929838377455
34,90,2.0818995585505003e-15,34.0,200,0.13707006499123442,137.07006499123443
34,90,2.0818995585505003e-15,34.0,208,0.13734308828173528,137.34308828173528
34,90,2.0818995585505003e-15,34.0,216,0.13726501619898857,137.26501619898858
34,90,2.0818995585505003e-15,34.0,224,0.13691922934602724,136.91922934602724
34,90,2.0818995585505003e-15,34.0,232,0.1364335861544439,136.4335861544439
34,90,2.0818995585505003e-15,34.0,240,0.13593584392458208,135.9358439245821
34,90,2.0818995585505003e-15,34.0,248,0.13624048116231804,136.24048116231805
34,90,2.0818995585505003e-15,34.0,256,0.13700193960747434,137.00193960747433
34,90,2.0818995585505003e-15,34.0,264,0.1373125377237478,137.3125377237478
34,90,2.0818995585505003e-15,34.0,272,0.13736440272859402,137.364402728594
34,90,2.0818995585505003e-15,34.0,280,0.1370771111161404,137.0771111161404
34,90,2.0818995585505003e-15,34.0,288,0.13659194807787242,136.59194807787242
34,90,2.0818995585505003e-15,34.0,296,0.13600626458725923,136.00626458725924
34,90,2.0818995585505003e-15,34.0,304,0.13578081398988004,135.78081398988004
34,90,2.0818995585505003e-15,34.0,312,0.13649468973552922,136.49468973552922
34,90,2.0818995585505003e-15,34.0,320,0.13699651192441717,136.99651192441718
34,90,2.0818995585505003e-15,34.0,328,0.13721721570334144,137.21721570334145
34,90,2.0818995585505003e-15,34.0,336,0.13706717262404156,137.06717262404155
34,90,2.0818995585505003e-15,34.0,344,0.13670739804318235,136.70739804318237
34,90,2.0818995585505003e-15,34.0,352,0.13621569098537112,136.2156909853711
34,90,2.0818995585505003e-15,34.0,360,0.13572264603006634,135.72264603006633
34,95,-2.96329525342038,33.87061973511935,0,0.13124134095266643,131.24134095266643
34,95,-2.96329525342038,33.87061973511935,8,0.13164263157870654,131.64263157870653
34,95,-2.96329525342038,33.87061973511935,16,0.13230331015585783,132.30331015585784
34,95,-2.96329525342038,33.87061973511935,24,0.1326639409290215,132.6639409290215
34,95,-2.96329525342038,33.87061973511935,32,0.1327881612108458,132.7881612108458
34,95,-2.96329525342038,33.87061973511935,40,0.13254724621371963,132.54724621371963
34,95,-2.96329525342038,33.87061973511935,48,0.13235194599993438,132.35194599993437
34,95,-2.96329525342038,33.87061973511935,56,0.13164887952211185,131.64887952211186
34,95,-2.96329525342038,33.87061973511935,64,0.13148493771690634,131.48493771690633
34,95,-2.96329525342038,33.87061973511935,72,0.1321546300110174,132.15463001101742
34,95,-2.96329525342038,33.87061973511935,80,0.13261181025183383,132.61181025183382
34,95,-2.96329525342038,33.87061973511935,88,0.13280724793646004,132.80724793646004
34,95,-2.96329525342038,33.87061973511935,96,0.1326631197812396,132.6631197812396
34,95,-2.96329525342038,33.87061973511935,104,0.132406691519213,132.406691519213
34,95,-2.96329525342038,33.87061973511935,112,0.13192416039464405,131.92416039464405
34,95,-2.96329525342038,33.87061973511935,120,0.13129525957256602,131.295259572566
34,95,-2.96329525342038,33.87061973511935,128,0.13163532807355016,131.63532807355017
34,95,-2.96329525342038,33.87061973511935,136,0.13223898521538802,132.23898521538803
34,95,-2.96329525342038,33.87061973511935,144,0.13256149399790357,132.56149399790357
34,95,-2.96329525342038,33.87061973511935,152,0.1326238207034299,132.6238207034299
34,95,-2.96329525342038,33.87061973511935,160,0.13234209049597861,132.34209049597862
34,95,-2.96329525342038,33.87061973511935,168,0.13213341218438873,132.13341218438873
34,95,-2.96329525342038,33.87061973511935,176,0.13144323659449966,131.44323659449967
34,95,-2.96329525342038,33.87061973511935,184,0.13129587217064473,131.29587217064474
34,95,-2.96329525342038,33.87061973511935,192,0.13199521126168726,131.99521126168725
34,95,-2.96329525342038,33.87061973511935,200,0.13250657949522837,132.50657949522838
34,95,-2.96329525342038,33.87061973511935,208,0.13277574169667797,132.77574169667795
34,95,-2.96329525342038,33.87061973511935,216,0.13269662034788965,132.69662034788965
34,95,-2.96329525342038,33.87061973511935,224,0.13247067152510597,132.47067152510598
34,95,-2.96329525342038,33.87061973511935,232,0.13201878195044675,132.01878195044674
34,95,-2.96329525342038,33.87061973511935,240,0.13144656532695256,131.44656532695257
34,95,-2.96329525342038,33.87061973511935,248,0.13183004415306843,131.83004415306843
34,95,-2.96329525342038,33.87061973511935,256,0.13242798444996717,132.42798444996717
34,95,-2.96329525342038,33.87061973511935,264,0.13273486113107524,132.73486113107523
34,95,-2.96329525342038,33.87061973511935,272,0.13278570954901034,132.78570954901033
34,95,-2.96329525342038,33.87061973511935,280,0.1325011836854436,132.5011836854436
34,95,-2.96329525342038,33.87061973511935,288,0.13227134401408128,132.27134401408128
34,95,-2.96329525342038,33.87061973511935,296,0.13153346180328415,131.53346180328415
34,95,-2.96329525342038,33.87061973511935,304,0.1313164878352901,131.3164878352901
34,95,-2.96329525342038,33.87061973511935,312,0.1319637477586885,131.9637477586885
34,95,-2.96329525342038,33.87061973511935,320,0.1324287443191653,132.4287443191653
34,95,-2.96329525342038,33.87061973511935,328,0.1326492113477657,132.64921134776569
34,95,-2.96329525342038,33.87061973511935,336,0.1325017159127753,132.5017159127753
34,95,-2.96329525342038,33.87061973511935,344,0.13226494328170574,132.26494328170574
34,95,-2.96329525342038,33.87061973511935,352,0.13180857624895748,131.80857624895748
34,95,-2.96329525342038,33.87061973511935,360,0.13124148054377455,131.24148054377454
34,100,-5.90403804067563,33.48346360241507,0,0.12679421846112804,126.79421846112804
34,100,-5.90403804067563,33.48346360241507,8,0.1271222980229435,127.1222980229435
34,100,-5.90403804067563,33.48346360241507,16,0.12777627730262733,127.77627730262734
34,100,-5.90403804067563,33.48346360241507,24,0.12813245462379344,128.13245462379345
34,100,-5.90403804067563,33.48346360241507,32,0.1282536773743033,128.2536773743033
34,100,-5.90403804067563,33.48346360241507,40,0.12825007111302583,128.25007111302583
34,100,-5.90403804067563,33.48346360241507,48,0.12803882502614783,128.03882502614783
34,100,-5.90403804067563,33.48346360241507,56,0.12720068150905084,127.20068150905084
34,100,-5.90403804067563,33.48346360241507,64,0.12703395809343504,127.03395809343505
34,100,-5.90403804067563,33.48346360241507,72,0.12761764631834388,127.61764631834389
34,100,-5.90403804067563,33.48346360241507,80,0.12807013219006247,128.07013219006248
34,100,-5.90403804067563,33.48346360241507,88,0.12826299775515324,128.26299775515324
34,100,-5.90403804067563,33.48346360241507,96,0.1281202105874279,128.1202105874279
34,100,-5.90403804067563,33.48346360241507,104,0.12820550566511585,128.20550566511585
34,100,-5.90403804067563,33.48346360241507,112,0.12752598011795124,127.52598011795125
34,100,-5.90403804067563,33.48346360241507,120,0.12684089441039045,126.84089441039045
34,100,-5.90403804067563,33.48346360241507,128,0.1271069808492451,127.1069808492451
34,100,-5.90403804067563,33.48346360241507,136,0.12770714694139015,127.70714694139015
34,100,-5.90403804067563,33.48346360241507,144,0.12802880801120256,128.02880801120256
34,100,-5.90403804067563,33.48346360241507,152,0.12809190210664312,128.09190210664312
34,100,-5.90403804067563,33.48346360241507,160,0.12805102414617198,128.05102414617198
34,100,-5.90403804067563,33.48346360241507,168,0.1278287078872304,127.82870788723038
34,100,-5.90403804067563,33.48346360241507,176,0.12700432351814456,127.00432351814456
34,100,-5.90403804067563,33.48346360241507,184,0.12685458577067127,126.85458577067126
34,100,-5.90403804067563,33.48346360241507,192,0.12747083964835274,127.47083964835274
34,100,-5.90403804067563,33.48346360241507,200,0.12797739041433615,127.97739041433614
34,100,-5.90403804067563,33.48346360241507,208,0.12824259277685018,128.2425927768502
34,100,-5.90403804067563,33.48346360241507,216,0.1281623644886441,128.1623644886441
34,100,-5.90403804067563,33.48346360241507,224,0.1282699585785229,128.2699585785229
34,100,-5.90403804067563,33.48346360241507,232,0.12762013660486698,127.62013660486699
34,100,-5.90403804067563,33.48346360241507,240,0.1269908989798112,126.99089897981119
34,100,-5.90403804067563,33.48346360241507,248,0.12729709302822845,127.29709302822845
34,100,-5.90403804067563,33.48346360241507,256,0.12788846055371375,127.88846055371376
34,100,-5.90403804067563,33.48346360241507,264,0.1281918533991026,128.1918533991026
34,100,-5.90403804067563,33.48346360241507,272,0.12824190904276475,128.24190904276475
34,100,-5.90403804067563,33.48346360241507,280,0.1282004141137995,128.2004141137995
34,100,-5.90403804067563,33.48346360241507,288,0.1279587339732131,127.95873397321311
34,100,-5.90403804067563,33.48346360241507,296,0.12708653428704586,127.08653428704586
34,100,-5.90403804067563,33.48346360241507,304,0.12686776337659897,126.86776337659897
34,100,-5.90403804067563,33.48346360241507,312,0.12743334536767795,127.43334536767794
34,100,-5.90403804067563,33.48346360241507,320,0.12789638215378096,127.89638215378096
34,100,-5.90403804067563,33.48346360241507,328,0.12811657005027974,128.11657005027973
34,100,-5.90403804067563,33.48346360241507,336,0.12797151092147138,127.97151092147138
34,100,-5.90403804067563,33.48346360241507,344,0.12807097609348878,128.07097609348878
34,100,-5.90403804067563,33.48346360241507,352,0.12741850416639794,127.41850416639794
34,100,-5.90403804067563,33.48346360241507,360,0.1267943659888977,126.79436598889771
34,105,-8.799847533485709,32.84147809382832,0,0.12239119443293546,122.39119443293546
34,105,-8.799847533485709,32.84147809382832,8,0.12267016894850072,122.67016894850072
34,105,-8.799847533485709,32.84147809382832,16,0.12331802215576781,123.31802215576782
34,105,-8.799847533485709,32.84147809382832,24,0.12366969308104284,123.66969308104284
34,105,-8.799847533485709,32.84147809382832,32,0.12378788047076963,123.78788047076964
34,105,-8.799847533485709,32.84147809382832,40,0.12419392629506056,124.19392629506055
34,105,-8.799847533485709,32.84147809382832,48,0.12376591051481685,123.76591051481685
34,105,-8.799847533485709,32.84147809382832,56,0.12281129006171161,122.81129006171162
34,105,-8.799847533485709,32.84147809382832,64,0.12257621246404345,122.57621246404345
34,105,-8.799847533485709,32.84147809382832,72,0.12314938195707992,123.14938195707992
34,105,-8.799847533485709,32.84147809382832,80,0.12359759558740116,123.59759558740116
34,105,-8.799847533485709,32.84147809382832,88,0.12378811586417789,123.78811586417788
34,105,-8.799847533485709,32.84147809382832,96,0.12403192849608657,124.03192849608658
34,105,-8.799847533485709,32.84147809382832,104,0.12403576699521553,124.03576699521552
34,105,-8.799847533485709,32.84147809382832,112,0.12317821931963402,123.17821931963402
34,105,-8.799847533485709,32.84147809382832,120,0.122430406427824,122.43040642782401
34,105,-8.799847533485709,32.84147809382832,128,0.12264774615631392,122.64774615631393
34,105,-8.799847533485709,32.84147809382832,136,0.12324518230949968,123.24518230949968
34,105,-8.799847533485709,32.84147809382832,144,0.12356601398409395,123.56601398409394
34,105,-8.799847533485709,32.84147809382832,152,0.12362979241808267,123.62979241808267
34,105,-8.799847533485709,32.84147809382832,160,0.1240018893713525,124.00188937135249
34,105,-8.799847533485709,32.84147809382832,168,0.12356509640450038,123.56509640450038
34,105,-8.799847533485709,32.84147809382832,176,0.12262485531036973,122.62485531036974
34,105,-8.799847533485709,32.84147809382832,184,0.1224094023626336,122.4094023626336
34,105,-8.799847533485709,32.84147809382832,192,0.12301513829397251,123.01513829397251
34,105,-8.799847533485709,32.84147809382832,200,0.12351696761226241,123.51696761226242
34,105,-8.799847533485709,32.84147809382832,208,0.12377814152272201,123.77814152272201
34,105,-8.799847533485709,32.84147809382832,216,0.12407761490571267,124.07761490571268
34,105,-8.799847533485709,32.84147809382832,224,0.12410016142969989,124.10016142969988
34,105,-8.799847533485709,32.84147809382832,232,0.12327112646475916,123.27112646475916
34,105,-8.799847533485709,32.84147809382832,240,0.12257780269807184,122.57780269807184
34,105,-8.799847533485709,32.84147809382832,248,0.12283219673118603,122.83219673118603
34,105,-8.799847533485709,32.84147809382832,256,0.12341791643660394,123.41791643660393
34,105,-8.799847533485709,32.84147809382832,264,0.12371808955981335,123.71808955981335
34,105,-8.799847533485709,32.84147809382832,272,0.12376758227533154,123.76758227533153
34,105,-8.799847533485709,32.84147809382832,280,0.12414382712574963,124.14382712574964
34,105,-8.799847533485709,32.84147809382832,288,0.12368693952170391,123.6869395217039
34,105,-8.799847533485709,32.84147809382832,296,0.1226993258420711,122.6993258420711
34,105,-8.799847533485709,32.84147809382832,304,0.12241448338138311,122.4144833813831
34,105,-8.799847533485709,32.84147809382832,312,0.1229726316078244,122.9726316078244
34,105,-8.799847533485709,32.84147809382832,320,0.12343391944105789,123.43391944105788
34,105,-8.799847533485709,32.84147809382832,328,0.12365378794804101,123.65378794804101
34,105,-8.799847533485709,32.84147809382832,336,0.12389174215431073,123.89174215431073
34,105,-8.799847533485709,32.84147809382832,344,0.12390890635700724,123.90890635700724
34,105,-8.799847533485709,32.84147809382832,352,0.12307888583703874,123.07888583703874
34,105,-8.799847533485709,32.84147809382832,360,0.12239135479442301,122.39135479442301
34,110,-11.628684873072736,31.949549106720887,0,0.11805889020111374,118.05889020111374
34,110,-11.628684873072736,31.949549106720887,8,0.11832012774590375,118.32012774590375
34,110,-11.628684873072736,31.949549106720887,16,0.11896247472891493,118.96247472891493
34,110,-11.628684873072736,31.949549106720887,24,0.11930962061079911,119.30962061079912
34,110,-11.628684873072736,31.949549106720887,32,0.1199717612241181,119.9717612241181
34,110,-11.628684873072736,31.949549106720887,40,0.12019231979311326,120.19231979311326
34,110,-11.628684873072736,31.949549106720887,48,0.119565721925429,119.565721925429
34,110,-11.628684873072736,31.949549106720887,56,0.11850059167589384,118.50059167589384
34,110,-11.628684873072736,31.949549106720887,64,0.11821854967275883,118.21854967275883
34,110,-11.628684873072736,31.949549106720887,72,0.11878384311702646,118.78384311702646
34,110,-11.628684873072736,31.949549106720887,80,0.11922823914798764,119.22823914798764
34,110,-11.628684873072736,31.949549106720887,88,0.11950840243378205,119.50840243378205
34,110,-11.628684873072736,31.949549106720887,96,0.12013962476879908,120.13962476879908
34,110,-11.628684873072736,31.949549106720887,104,0.11992920973854707,119.92920973854707
34,110,-11.628684873072736,31.949549106720887,112,0.11891396708461724,118.91396708461724
34,110,-11.628684873072736,31.949549106720887,120,0.11809023277358774,118.09023277358774
34,110,-11.628684873072736,31.949549106720887,128,0.11829156146332936,118.29156146332936
34,110,-11.628684873072736,31.949549106720887,136,0.1188870495647732,118.88704956477319
34,110,-11.628684873072736,31.949549106720887,144,0.11920707647383279,119.20707647383279
34,110,-11.628684873072736,31.949549106720887,152,0.11981833443577918,119.81833443577918
34,110,-11.628684873072736,31.949549106720887,160,0.12000827846697257,120.00827846697257
34,110,-11.628684873072736,31.949549106720887,168,0.11937502639402132,119.37502639402132
34,110,-11.628684873072736,31.949549106720887,176,0.11832544446183782,118.32544446183782
34,110,-11.628684873072736,31.949549106720887,184,0.11806458225740704,118.06458225740704
34,110,-11.628684873072736,31.949549106720887,192,0.1186620177762795,118.6620177762795
34,110,-11.628684873072736,31.949549106720887,200,0.11915925759980797,119.15925759980797
34,110,-11.628684873072736,31.949549106720887,208,0.11950729140089558,119.50729140089558
34,110,-11.628684873072736,31.949549106720887,216,0.12018686304967174,120.18686304967174
34,110,-11.628684873072736,31.949549106720887,224,0.11999301475273177,119.99301475273178
34,110,-11.628684873072736,31.949549106720887,232,0.11900485012329362,119.00485012329362
34,110,-11.628684873072736,31.949549106720887,240,0.1182336401349399,118.23364013493989
34,110,-11.628684873072736,31.949549106720887,248,0.11846933581873981,118.46933581873981
34,110,-11.628684873072736,31.949549106720887,256,0.11905037563875731,119.05037563875732
34,110,-11.628684873072736,31.949549106720887,264,0.11934761765735682,119.34761765735682
34,110,-11.628684873072736,31.949549106720887,272,0.11994917228577506,119.94917228577506
34,110,-11.628684873072736,31.949549106720887,280,0.12014220530544534,120.14220530544534
34,110,-11.628684873072736,31.949549106720887,288,0.11948847159470984,119.48847159470984
34,110,-11.628684873072736,31.949549106720887,296,0.11839175934399579,118.39175934399579
34,110,-11.628684873072736,31.949549106720887,304,0.11806232024181468,118.06232024181467
34,110,-11.628684873072736,31.949549106720887,312,0.11861555520429296,118.61555520429296
34,110,-11.628684873072736,31.949549106720887,320,0.11907531821674851,119.07531821674851
34,110,-11.628684873072736,31.949549106720887,328,0.1193857634153857,119.38576341538571
34,110,-11.628684873072736,31.949549106720887,336,0.12000697674544455,120.00697674544456
34,110,-11.628684873072736,31.949549106720887,344,0.11981040993608211,119.81040993608211
34,110,-11.628684873072736,31.949549106720887,352,0.11882274837669951,118.82274837669951
34,110,-11.628684873072736,31.949549106720887,360,0.1180590695427395,118.0590695427395
34,115,-14.369020899183777,30.8144647592461,0,0.1138562384985706,113.8562384985706
34,115,-14.369020899183777,30.8144647592461,8,0.11410528085533113,114.10528085533113
34,115,-14.369020899183777,30.8144647592461,16,0.11474278336793844,114.74278336793844
34,115,-14.369020899183777,30.8144647592461,24,0.11533168064235624,115.33168064235625
34,115,-14.369020899183777,30.8144647592461,32,0.11627018013281155,116.27018013281156
34,115,-14.369020899183777,30.8144647592461,40,0.11627570624889978,116.27570624889978
34,115,-14.369020899183777,30.8144647592461,48,0.11547027652209303,115.47027652209303
34,115,-14.369020899183777,30.8144647592461,56,0.11430659152350993,114.30659152350992
34,115,-14.369020899183777,30.8144647592461,64,0.11399413416465157,113.99413416465157
34,115,-14.369020899183777,30.8144647592461,72,0.11455425418474072,114.55425418474071
34,115,-14.369020899183777,30.8144647592461,80,0.11499531631261539,114.99531631261539
34,115,-14.369020899183777,30.8144647592461,88,0.1159221055315941,115.9221055315941
34,115,-14.369020899183777,30.8144647592461,96,0.11632613117427704,116.32613117427704
34,115,-14.369020899183777,30.8144647592461,104,0.11591708727544076,115.91708727544075
34,115,-14.369020899183777,30.8144647592461,112,0.1147621134001752,114.7621134001752
34,115,-14.369020899183777,30.8144647592461,120,0.11388027433079358,113.88027433079358
34,115,-14.369020899183777,30.8144647592461,128,0.11407157996614121,114.07157996614121
34,115,-14.369020899183777,30.8144647592461,136,0.11466591672891052,114.66591672891052
34,115,-14.369020899183777,30.8144647592461,144,0.11523150675379079,115.2315067537908
34,115,-14.369020899183777,30.8144647592461,152,0.11612247681150986,116.12247681150986
34,115,-14.369020899183777,30.8144647592461,160,0.11610058522342277,116.10058522342277
34,115,-14.369020899183777,30.8144647592461,168,0.11529044227889287,115.29044227889287
34,115,-14.369020899183777,30.8144647592461,176,0.11414370206010771,114.14370206010771
34,115,-14.369020899183777,30.8144647592461,184,0.11385319215946649,113.85319215946649
34,115,-14.369020899183777,30.8144647592461,192,0.11444460797089931,114.44460797089931
34,115,-14.369020899183777,30.8144647592461,200,0.11493742518142476,114.93742518142476
34,115,-14.369020899183777,30.8144647592461,208,0.11592407442889736,115.92407442889737
34,115,-14.369020899183777,30.8144647592461,216,0.11637453328586485,116.37453328586484
34,115,-14.369020899183777,30.8144647592461,224,0.11597977641379323,115.97977641379323
34,115,-14.369020899183777,30.8144647592461,232,0.11485014934878257,114.85014934878257
34,115,-14.369020899183777,30.8144647592461,240,0.11401869434180589,114.0186943418059
34,115,-14.369020899183777,30.8144647592461,248,0.11424171429680093,114.24171429680092
34,115,-14.369020899183777,30.8144647592461,256,0.11481907778283879,114.81907778283879
34,115,-14.369020899183777,30.8144647592461,264,0.1153620279483429,115.3620279483429
34,115,-14.369020899183777,30.8144647592461,272,0.11624600041235733,116.24600041235733
34,115,-14.369020899183777,30.8144647592461,280,0.11622600341118446,116.22600341118445
34,115,-14.369020899183777,30.8144647592461,288,0.11539533377004176,115.39533377004176
34,115,-14.369020899183777,30.8144647592461,296,0.11420179575330952,114.20179575330953
34,115,-14.369020899183777,30.8144647592461,304,0.1138443965472938,113.8443965472938
34,115,-14.369020899183777,30.8144647592461,312,0.11439527613938913,114.39527613938913
34,115,-14.369020899183777,30.8144647592461,320,0.11485375006796524,114.85375006796524
34,115,-14.369020899183777,30.8144647592461,328,0.1158065455976344,115.8065455976344
34,115,-14.369020899183777,30.8144647592461,336,0.11620165104357902,116.20165104357902
34,115,-14.369020899183777,30.8144647592461,344,0.11580667886321644,115.80667886321643
34,115,-14.369020899183777,30.8144647592461,352,0.1146792102713218,114.67921027132181
34,115,-14.369020899183777,30.8144647592461,360,0.11385643774549381,113.8564377454938
34,120,-16.999999999999993,29.444863728670917,0,0.10981522404239286,109.81522404239286
34,120,-16.999999999999993,29.444863728670917,8,0.11005770580661417,110.05770580661417
34,120,-16.999999999999993,29.444863728670917,16,0.11069106247201478,110.69106247201478
34,120,-16.999999999999993,29.444863728670917,24,0.11196432162837935,111.96432162837935
34,120,-16.999999999999993,29.444863728670917,32,0.1126704215488798,112.6704215488798
34,120,-16.999999999999993,29.444863728670917,40,0.11247389345640749,112.47389345640748
34,120,-16.999999999999993,29.444863728670917,48,0.11151145088641885,111.51145088641886
34,120,-16.999999999999993,29.444863728670917,56,0.11026766795972061,110.26766795972061
34,120,-16.999999999999993,29.444863728670917,64,0.10993511629251027,109.93511629251026
34,120,-16.999999999999993,29.444863728670917,72,0.11049280488589304,110.49280488589304
34,120,-16.999999999999993,29.444863728670917,80,0.11135174195595383,111.35174195595384
34,120,-16.999999999999993,29.444863728670917,88,0.11243370315381032,112.43370315381033
34,120,-16.999999999999993,29.444863728670917,96,0.11262047070142513,112.62047070142512
34,120,-16.999999999999993,29.444863728670917,104,0.11203045207065339,112.03045207065338
34,120,-16.999999999999993,29.444863728670917,112,0.11075692082920371,110.75692082920371
34,120,-16.999999999999993,29.444863728670917,120,0.10983257142523357,109.83257142523358
34,120,-16.999999999999993,29.444863728670917,128,0.11001991827203761,110.01991827203761
34,120,-16.999999999999993,29.444863728670917,136,0.11061390917158234,110.61390917158234
34,120,-16.999999999999993,29.444863728670917,144,0.11186779678500344,111.86779678500345
34,120,-16.999999999999993,29.444863728670917,152,0.11252946929774499,112.52946929774498
34,120,-16.999999999999993,29.444863728670917,160,0.11230854954581618,112.30854954581618
34,120,-16.999999999999993,29.444863728670917,168,0.11134319548526769,111.3431954852677
34,120,-16.999999999999993,29.444863728670917,176,0.11011753021263976,110.11753021263976
34,120,-16.999999999999993,29.444863728670917,184,0.10980728329036407,109.80728329036407
34,120,-16.999999999999993,29.444863728670917,192,0.11039500591299263,110.39500591299263
34,120,-16.999999999999993,29.444863728670917,200,0.11130105481760184,111.30105481760184
34,120,-16.999999999999993,29.444863728670917,208,0.11243849366877126,112.43849366877126
34,120,-16.999999999999993,29.444863728670917,216,0.11266963974574215,112.66963974574215
34,120,-16.999999999999993,29.444863728670917,224,0.1120915121857553,112.0915121857553
34,120,-16.999999999999993,29.444863728670917,232,0.11084135594332464,110.84135594332464
34,120,-16.999999999999993,29.444863728670917,240,0.10996504360120951,109.96504360120952
34,120,-16.999999999999993,29.444863728670917,248,0.11018150691785895,110.18150691785895
34,120,-16.999999999999993,29.444863728670917,256,0.11075622560045931,110.7562256004593
34,120,-16.999999999999993,29.444863728670917,264,0.11199149103482649,111.99149103482648
34,120,-16.999999999999993,29.444863728670917,272,0.11264496042152247,112.64496042152247
34,120,-16.999999999999993,29.444863728670917,280,0.1124250261040497,112.42502610404969
34,120,-16.999999999999993,29.444863728670917,288,0.11143937691201694,111.43937691201694
34,120,-16.999999999999993,29.444863728670917,296,0.11016775738445013,110.16775738445013
34,120,-16.999999999999993,29.444863728670917,304,0.10979281324398765,109.79281324398765
34,120,-16.999999999999993,29.444863728670917,312,0.11034391328507107,110.34391328507107
34,120,-16.999999999999993,29.444863728670917,320,0.11121887913789692,111.21887913789692
34,120,-16.999999999999993,29.444863728670917,328,0.11232605545247261,112.32605545247262
34,120,-16.999999999999993,29.444863728670917,336,0.11250472587502389,112.50472587502388
34,120,-16.999999999999993,29.444863728670917,344,0.11192870185921729,111.92870185921728
34,120,-16.999999999999993,29.444863728670917,352,0.11068225377326338,110.68225377326338
34,120,-16.999999999999993,29.444863728670917,360,0.10981544396828144,109.81544396828144
34,125,-19.50159883593557,27.851169505825716,0,0.10596660139262326,105.96660139262326
34,125,-19.50159883593557,27.851169505825716,8,0.10620820708986622,106.20820708986622
34,125,-19.50159883593557,27.851169505825716,16,0.10743561073322912,107.43561073322911
34,125,-19.50159883593557,27.851169505825716,24,0.10871775802372677,108.71775802372677
34,125,-19.50159883593557,27.851169505825716,32,0.10919988180874016,109.19988180874016
34,125,-19.50159883593557,27.851169505825716,40,0.10881672674938148,108.81672674938147
34,125,-19.50159883593557,27.851169505825716,48,0.10771868785403127,107.71868785403127
34,125,-19.50159883593557,27.851169505825716,56,0.10641455963161502,106.41455963161502
34,125,-19.50159883593557,27.851169505825716,64,0.10607238763324384,106.07238763324384
34,125,-19.50159883593557,27.851169505825716,72,0.10663040530201781,106.6304053020178
34,125,-19.50159883593557,27.851169505825716,80,0.1082136210960544,108.2136210960544
34,125,-19.50159883593557,27.851169505825716,88,0.10906974414888065,109.06974414888066
34,125,-19.50159883593557,27.851169505825716,96,0.10905084566398068,109.05084566398068
34,125,-19.50159883593557,27.851169505825716,104,0.108299905874259,108.299905874259
34,125,-19.50159883593557,27.851169505825716,112,0.10692939623228162,106.92939623228162
34,125,-19.50159883593557,27.851169505825716,120,0.10597792952008883,105.97792952008884
34,125,-19.50159883593557,27.851169505825716,128,0.10616741197297089,106.16741197297088
34,125,-19.50159883593557,27.851169505825716,136,0.10735964297608626,107.35964297608626
34,125,-19.50159883593557,27.851169505825716,144,0.10862597317768065,108.62597317768065
34,125,-19.50159883593557,27.851169505825716,152,0.10906665685118153,109.06665685118152
34,125,-19.50159883593557,27.851169505825716,160,0.10866191508525547,108.66191508525547
34,125,-19.50159883593557,27.851169505825716,168,0.1075625849723095,107.5625849723095
34,125,-19.50159883593557,27.851169505825716,176,0.10627757051826225,106.27757051826225
34,125,-19.50159883593557,27.851169505825716,184,0.10595764745958032,105.95764745958031
34,125,-19.50159883593557,27.851169505825716,192,0.10654403151943659,106.54403151943659
34,125,-19.50159883593557,27.851169505825716,200,0.10816705796727706,108.16705796727706
34,125,-19.50159883593557,27.851169505825716,208,0.10907707649475307,109.07707649475307
34,125,-19.50159883593557,27.851169505825716,216,0.10910037890621987,109.10037890621987
34,125,-19.50159883593557,27.851169505825716,224,0.1083588457225074,108.3588457225074
34,125,-19.50159883593557,27.851169505825716,232,0.10700951354407442,107.00951354407442
34,125,-19.50159883593557,27.851169505825716,240,0.10610353864294782,106.10353864294781
34,125,-19.50159883593557,27.851169505825716,248,0.10631961431168793,106.31961431168793
34,125,-19.50159883593557,27.851169505825716,256,0.10749442898348867,107.49442898348867
34,125,-19.50159883593557,27.851169505825716,264,0.10874191798721852,108.74191798721853
34,125,-19.50159883593557,27.851169505825716,272,0.1091734584019682,109.17345840196819
34,125,-19.50159883593557,27.851169505825716,280,0.10876909794209269,108.76909794209269
34,125,-19.50159883593557,27.851169505825716,288,0.10765002993003188,107.65002993003188
34,125,-19.50159883593557,27.851169505825716,296,0.1063203457052236,106.3203457052236
34,125,-19.50159883593557,27.851169505825716,304,0.10593840532724731,105.93840532724731
34,125,-19.50159883593557,27.851169505825716,312,0.1064922999589398,106.4922999589398
34,125,-19.50159883593557,27.851169505825716,320,0.10808758379792993,108.08758379792994
34,125,-19.50159883593557,27.851169505825716,328,0.10897078161148244,108.97078161148244
34,125,-19.50159883593557,27.851169505825716,336,0.10894433707257624,108.94433707257623
34,125,-19.50159883593557,27.851169505825716,344,0.10820701501610475,108.20701501610475
34,125,-19.50159883593557,27.851169505825716,352,0.10686278030543662,106.86278030543663
34,125,-19.50159883593557,27.851169505825716,360,0.10596684261376577,105.96684261376576
34,130,-21.85477872934234,26.045511066045254,0,0.10233966089148845,102.33966089148845
34,130,-21.85477872934234,26.045511066045254,8,0.10270592034904522,102.70592034904521
34,130,-21.85477872934234,26.045511066045254,16,0.10455161280092086,104.55161280092086
34,130,-21.85477872934234,26.045511066045254,24,0.10561669813775854,105.61669813775853
34,130,-21.85477872934234,26.045511066045254,32,0.10588497381538434,105.88497381538434
34,130,-21.85477872934234,26.045511066045254,40,0.105332303140306,105.33230314030601
34,130,-21.85477872934234,26.045511066045254,48,0.10412085264173973,104.12085264173973
34,130,-21.85477872934234,26.045511066045254,56,0.1027765910201405,102.7765910201405
34,130,-21.85477872934234,26.045511066045254,64,0.10243534588432868,102.43534588432868
34,130,-21.85477872934234,26.045511066045254,72,0.1037856702846755,103.7856702846755
34,130,-21.85477872934234,26.045511066045254,80,0.1052192015853605,105.2192015853605
34,130,-21.85477872934234,26.045511066045254,88,0.10585583027604661,105.85583027604662
34,130,-21.85477872934234,26.045511066045254,96,0.10564530941945123,105.64530941945124
34,130,-21.85477872934234,26.045511066045254,104,0.10475248211252045,104.75248211252044
34,130,-21.85477872934234,26.045511066045254,112,0.103308669382714,103.308669382714
34,130,-21.85477872934234,26.045511066045254,120,0.10234568476775399,102.345684767754
34,130,-21.85477872934234,26.045511066045254,128,0.10266343484073222,102.66343484073222
34,130,-21.85477872934234,26.045511066045254,136,0.1044780565735296,104.4780565735296
34,130,-21.85477872934234,26.045511066045254,144,0.10553070816694074,105.53070816694074
34,130,-21.85477872934234,26.045511066045254,152,0.10576039356544122,105.76039356544122
34,130,-21.85477872934234,26.045511066045254,160,0.10518869080314017,105.18869080314016
34,130,-21.85477872934234,26.045511066045254,168,0.10397738346881703,103.97738346881704
34,130,-21.85477872934234,26.045511066045254,176,0.1026530473888805,102.6530473888805
34,130,-21.85477872934234,26.045511066045254,184,0.10233358272026116,102.33358272026116
34,130,-21.85477872934234,26.045511066045254,192,0.10370541169928774,103.70541169928774
34,130,-21.85477872934234,26.045511066045254,200,0.1051766265565602,105.1766265565602
34,130,-21.85477872934234,26.045511066045254,208,0.10586540532121624,105.86540532121624
34,130,-21.85477872934234,26.045511066045254,216,0.10569482834386487,105.69482834386487
34,130,-21.85477872934234,26.045511066045254,224,0.1048088139543305,104.8088139543305
34,130,-21.85477872934234,26.045511066045254,232,0.10338378478541999,103.38378478541999
34,130,-21.85477872934234,26.045511066045254,240,0.10246356785139371,102.4635678513937
34,130,-21.85477872934234,26.045511066045254,248,0.10280591826161409,102.80591826161408
34,130,-21.85477872934234,26.045511066045254,256,0.10460574043575956,104.60574043575956
34,130,-21.85477872934234,26.045511066045254,264,0.10563804001855728,105.63804001855728
34,130,-21.85477872934234,26.045511066045254,272,0.10585791458021357,105.85791458021357
34,130,-21.85477872934234,26.045511066045254,280,0.10528630233857873,105.28630233857874
34,130,-21.85477872934234,26.045511066045254,288,0.10405613204268989,104.0561320426899
34,130,-21.85477872934234,26.045511066045254,296,0.10268884184163962,102.68884184163963
34,130,-21.85477872934234,26.045511066045254,304,0.10231050716867435,102.31050716867435
34,130,-21.85477872934234,26.045511066045254,312,0.10365530069038495,103.65530069038495
34,130,-21.85477872934234,26.045511066045254,320,0.10510096052915413,105.10096052915414
34,130,-21.85477872934234,26.045511066045254,328,0.10576625973456356,105.76625973456356
34,130,-21.85477872934234,26.045511066045254,336,0.10554843976291628,105.54843976291627
34,130,-21.85477872934234,26.045511066045254,344,0.10466858402138386,104.66858402138386
34,130,-21.85477872934234,26.045511066045254,352,0.10324985836719283,103.24985836719283
34,130,-21.85477872934234,26.045511066045254,360,0.10233992386210362,102.33992386210362
34,135,-24.041630560342615,24.041630560342618,0,0.09896200574620864,98.96200574620865
34,135,-24.041630560342615,24.041630560342618,8,0.1001857830665793,100.1857830665793
34,135,-24.041630560342615,24.041630560342618,16,0.10183325924773774,101.83325924773774
34,135,-24.041630560342615,24.041630560342618,24,0.1026847429086781,102.6847429086781
34,135,-24.041630560342615,24.041630560342618,32,0.10275133807801834,102.75133807801834
34,135,-24.041630560342615,24.041630560342618,40,0.1020461470974581,102.0461470974581
34,135,-24.041630560342615,24.041630560342618,48,0.1007453269479421,100.74532694794209
34,135,-24.041630560342615,24.041630560342618,56,0.09938144926309585,99.38144926309585
34,135,-24.041630560342615,24.041630560342618,64,0.09935192362440722,99.35192362440722
34,135,-24.041630560342615,24.041630560342618,72,0.1011662441310135,101.1662441310135
34,135,-24.041630560342615,24.041630560342618,80,0.10239127276442841,102.39127276442842
34,135,-24.041630560342615,24.041630560342618,88,0.10281639352162975,102.81639352162975
34,135,-24.041630560342615,24.041630560342618,96,0.10242943935545508,102.42943935545507
34,135,-24.041630560342615,24.041630560342618,104,0.10141517882225755,101.41517882225754
34,135,-24.041630560342615,24.041630560342618,112,0.09992229619808075,99.92229619808076
34,135,-24.041630560342615,24.041630560342618,120,0.09896348074400364,98.96348074400365
34,135,-24.041630560342615,24.041630560342618,128,0.10014402974011474,100.14402974011475
34,135,-24.041630560342615,24.041630560342618,136,0.10176320202251289,101.76320202251289
34,135,-24.041630560342615,24.041630560342618,144,0.10260555858848759,102.6055585884876
34,135,-24.041630560342615,24.041630560342618,152,0.10263618224627163,102.63618224627163
34,135,-24.041630560342615,24.041630560342618,160,0.1019143456868429,101.9143456868429
34,135,-24.041630560342615,24.041630560342618,168,0.10061487652303569,100.61487652303569
34,135,-24.041630560342615,24.041630560342618,176,0.09927154563405596,99.27154563405597
34,135,-24.041630560342615,24.041630560342618,184,0.09926171558369079,99.26171558369079
34,135,-24.041630560342615,24.041630560342618,192,0.10109169597892059,101.0916959789206
34,135,-24.041630560342615,24.041630560342618,200,0.10235251957415861,102.3525195741586
34,135,-24.041630560342615,24.041630560342618,208,0.10282789775850462,102.82789775850462
34,135,-24.041630560342615,24.041630560342618,216,0.10247855517741822,102.47855517741822
34,135,-24.041630560342615,24.041630560342618,224,0.10146843476654821,101.46843476654821
34,135,-24.041630560342615,24.041630560342618,232,0.09999176365248948,99.99176365248948
34,135,-24.041630560342615,24.041630560342618,240,0.09907283360214536,99.07283360214537
34,135,-24.041630560342615,24.041630560342618,248,0.10027875159403243,100.27875159403243
34,135,-24.041630560342615,24.041630560342618,256,0.10188277505281065,101.88277505281066
34,135,-24.041630560342615,24.041630560342618,264,0.10270347951435702,102.70347951435701
34,135,-24.041630560342615,24.041630560342618,272,0.10272393848257516,102.72393848257516
34,135,-24.041630560342615,24.041630560342618,280,0.10200216709973198,102.00216709973198
34,135,-24.041630560342615,24.041630560342618,288,0.10068503498296844,100.68503498296843
34,135,-24.041630560342615,24.041630560342618,296,0.09930088373086202,99.30088373086201
34,135,-24.041630560342615,24.041630560342618,304,0.09923654366666834,99.23654366666834
34,135,-24.041630560342615,24.041630560342618,312,0.10104428433940028,101.04428433940028
34,135,-24.041630560342615,24.041630560342618,320,0.10228173933801732,102.28173933801732
34,135,-24.041630560342615,24.041630560342618,328,0.10273684762538038,102.73684762538038
34,135,-24.041630560342615,24.041630560342618,336,0.10234254871738503,102.34254871738503
34,135,-24.041630560342615,24.041630560342618,344,0.10134033847148755,101.34033847148754
34,135,-24.041630560342615,24.041630560342618,352,0.09987098447602402,99.87098447602402
34,135,-24.041630560342615,24.041630560342618,360,0.09896229075498864,98.96229075498863
34,140,-26.04551106604525,21.854778729342343,0,0.09633318699207341,96.33318699207341
34,140,-26.04551106604525,21.854778729342343,8,0.09785343170264378,97.85343170264377
34,140,-26.04551106604525,21.854778729342343,16,0.09930123838560626,99.30123838560625
34,140,-26.04551106604525,21.854778729342343,24,0.09994386987493198,99.94386987493198
34,140,-26.04551106604525,21.854778729342343,32,0.09982251536284616,99.82251536284616
34,140,-26.04551106604525,21.854778729342343,40,0.0989832682525591,98.9832682525591
34,140,-26.04551106604525,21.854778729342343,48,0.09761780056136629,97.6178005613663
34,140,-26.04551106604525,21.854778729342343,56,0.09625497343929484,96.25497343929484
34,140,-26.04551106604525,21.854778729342343,64,0.09708721047872518,97.08721047872518
34,140,-26.04551106604525,21.854778729342343,72,0.09873307036946301,98.73307036946301
34,140,-26.04551106604525,21.854778729342343,80,0.09975135687913557,99.75135687913557
34,140,-26.04551106604525,21.854778729342343,88,0.09997418169703676,99.97418169703676
34,140,-26.04551106604525,21.854778729342343,96,0.09942728669076906,99.42728669076905
34,140,-26.04551106604525,21.854778729342343,104,0.098313394896628,98.31339489662801
34,140,-26.04551106604525,21.854778729342343,112,0.09679604902306495,96.79604902306495
34,140,-26.04551106604525,21.854778729342343,120,0.09633246652383379,96.33246652383379
34,140,-26.04551106604525,21.854778729342343,128,0.0978133663799878,97.8133663799878
34,140,-26.04551106604525,21.854778729342343,136,0.09923574100544338,99.23574100544339
34,140,-26.04551106604525,21.854778729342343,144,0.09987242891341613,99.87242891341613
34,140,-26.04551106604525,21.854778729342343,152,0.0997175457026789,99.7175457026789
34,140,-26.04551106604525,21.854778729342343,160,0.0988637994798023,98.8637994798023
34,140,-26.04551106604525,21.854778729342343,168,0.09750065484316009,97.50065484316009
34,140,-26.04551106604525,21.854778729342343,176,0.09615880052394946,96.15880052394945
34,140,-26.04551106604525,21.854778729342343,184,0.09700607617658066,97.00607617658066
34,140,-26.04551106604525,21.854778729342343,192,0.09866414328702718,98.66414328702717
34,140,-26.04551106604525,21.854778729342343,200,0.09971623017945082,99.71623017945082
34,140,-26.04551106604525,21.854778729342343,208,0.09998732408595119,99.98732408595119
34,140,-26.04551106604525,21.854778729342343,216,0.09947560079749085,99.47560079749084
34,140,-26.04551106604525,21.854778729342343,224,0.09836313046175563,98.36313046175563
34,140,-26.04551106604525,21.854778729342343,232,0.09685926547426293,96.85926547426294
34,140,-26.04551106604525,21.854778729342343,240,0.09643257550984825,96.43257550984825
34,140,-26.04551106604525,21.854778729342343,248,0.09793937932311014,97.93937932311015
34,140,-26.04551106604525,21.854778729342343,256,0.09934625624537766,99.34625624537766
34,140,-26.04551106604525,21.854778729342343,264,0.09996022330560553,99.96022330560552
34,140,-26.04551106604525,21.854778729342343,272,0.09979510024951117,99.79510024951118
34,140,-26.04551106604525,21.854778729342343,280,0.09894168647773513,98.94168647773513
34,140,-26.04551106604525,21.854778729342343,288,0.09756239483501605,97.56239483501605
34,140,-26.04551106604525,21.854778729342343,296,0.09618225577981883,96.18225577981883
34,140,-26.04551106604525,21.854778729342343,304,0.09698117991277644,96.98117991277644
34,140,-26.04551106604525,21.854778729342343,312,0.0986204046204883,98.6204046204883
34,140,-26.04551106604525,21.854778729342343,320,0.09965137620007637,99.65137620007637
34,140,-26.04551106604525,21.854778729342343,328,0.09990517949172129,99.90517949172128
34,140,-26.04551106604525,21.854778729342343,336,0.09935065255673728,99.35065255673727
34,140,-26.04551106604525,21.854778729342343,344,0.09824760832470004,98.24760832470004
34,140,-26.04551106604525,21.854778729342343,352,0.09675187390246173,96.75187390246174
34,140,-26.04551106604525,21.854778729342343,360,0.09633346253873917,96.33346253873917
34,145,-27.851169505825723,19.50159883593556,0,0.09434748564674207,94.34748564674207
34,145,-27.851169505825723,19.50159883593556,8,0.09572661685943054,95.72661685943054
34,145,-27.851169505825723,19.50159883593556,16,0.09697482042216317,96.97482042216316
34,145,-27.851169505825723,19.50159883593556,24,0.09741427466512262,97.41427466512262
34,145,-27.851169505825723,19.50159883593556,32,0.09712073508121401,97.12073508121401
34,145,-27.851169505825723,19.50159883593556,40,0.09616697696303547,96.16697696303547
34,145,-27.851169505825723,19.50159883593556,48,0.0947620758462662,94.7620758462662
34,145,-27.851169505825723,19.50159883593556,56,0.09406706525607733,94.06706525607733
34,145,-27.851169505825723,19.50159883593556,64,0.09503002642897362,95.03002642897363
34,145,-27.851169505825723,19.50159883593556,72,0.09650466692153994,96.50466692153995
34,145,-27.851169505825723,19.50159883593556,80,0.09731865240353972,97.31865240353972
34,145,-27.851169505825723,19.50159883593556,88,0.09735119819112859,97.35119819112859
34,145,-27.851169505825723,19.50159883593556,96,0.09666169961992073,96.66169961992073
34,145,-27.851169505825723,19.50159883593556,104,0.09547073678421421,95.47073678421421
34,145,-27.851169505825723,19.50159883593556,112,0.0939537204863481,93.9537204863481
34,145,-27.851169505825723,19.50159883593556,120,0.09434652500959889,94.34652500959889
34,145,-27.851169505825723,19.50159883593556,128,0.09568918251581493,95.68918251581493
34,145,-27.851169505825723,19.50159883593556,136,0.09691490902678357,96.91490902678356
34,145,-27.851169505825723,19.50159883593556,144,0.09735141384764173,97.35141384764174
34,145,-27.851169505825723,19.50159883593556,152,0.09702664641606001,97.02664641606002
34,145,-27.851169505825723,19.50159883593556,160,0.09606026868062409,96.06026868062409
34,145,-27.851169505825723,19.50159883593556,168,0.09465841953659249,94.65841953659249
34,145,-27.851169505825723,19.50159883593556,176,0.09398308550933122,93.98308550933122
34,145,-27.851169505825723,19.50159883593556,184,0.09495794226152782,94.95794226152782
34,145,-27.851169505825723,19.50159883593556,192,0.09644122876538913,96.44122876538913
34,145,-27.851169505825723,19.50159883593556,200,0.09728694288272904,97.28694288272905
34,145,-27.851169505825723,19.50159883593556,208,0.09736563920606257,97.36563920606257
34,145,-27.851169505825723,19.50159883593556,216,0.09670881950014745,96.70881950014746
34,145,-27.851169505825723,19.50159883593556,224,0.09551653428074627,95.51653428074627
34,145,-27.851169505825723,19.50159883593556,232,0.09401013045333069,94.01013045333069
34,145,-27.851169505825723,19.50159883593556,240,0.09443674003065673,94.43674003065674
34,145,-27.851169505825723,19.50159883593556,248,0.09580560548438047,95.80560548438046
34,145,-27.851169505825723,19.50159883593556,256,0.09701548845317705,97.01548845317704
34,145,-27.851169505825723,19.50159883593556,264,0.09742846436204389,97.42846436204388
34,145,-27.851169505825723,19.50159883593556,272,0.09709363468720147,97.09363468720147
34,145,-27.851169505825723,19.50159883593556,280,0.09612815257809033,96.12815257809034
34,145,-27.851169505825723,19.50159883593556,288,0.09471197677586032,94.71197677586032
34,145,-27.851169505825723,19.50159883593556,296,0.09400412619612371,94.0041261961237
34,145,-27.851169505825723,19.50159883593556,304,0.0949340816423154,94.9340816423154
34,145,-27.851169505825723,19.50159883593556,312,0.09640210872188831,96.40210872188831
34,145,-27.851169505825723,19.50159883593556,320,0.09722898292707852,97.22898292707852
34,145,-27.851169505825723,19.50159883593556,328,0.09729321465253073,97.29321465253072
34,145,-27.851169505825723,19.50159883593556,336,0.0965955214173119,96.5955214173119
34,145,-27.851169505825723,19.50159883593556,344,0.09541393112487996,95.41393112487997
34,145,-27.851169505825723,19.50159883593556,352,0.09391626496134128,93.91626496134128
34,145,-27.851169505825723,19.50159883593556,360,0.09434772869313107,94.34772869313107
34,150,-29.444863728670917,16.999999999999996,0,0.09258566326042418,92.58566326042418
34,150,-29.444863728670917,16.999999999999996,8,0.0938215248821023,93.8215248821023
34,150,-29.444863728670917,16.999999999999996,16,0.09487040431149865,94.87040431149865
34,150,-29.444863728670917,16.999999999999996,24,0.09511609151018607,95.11609151018607
34,150,-29.444863728670917,16.999999999999996,32,0.09466655941244469,94.66655941244468
34,150,-29.444863728670917,16.999999999999996,40,0.0936187069061237,93.6187069061237
34,150,-29.444863728670917,16.999999999999996,48,0.09231682995711676,92.31682995711677
34,150,-29.444863728670917,16.999999999999996,56,0.09234817952954362,92.34817952954361
34,150,-29.444863728670917,16.999999999999996,64,0.09319602788793283,93.19602788793283
34,150,-29.444863728670917,16.999999999999996,72,0.09449799328302977,94.49799328302977
34,150,-29.444863728670917,16.999999999999996,80,0.0951114152373031,95.11141523730309
34,150,-29.444863728670917,16.999999999999996,88,0.09496740549218588,94.96740549218588
34,150,-29.444863728670917,16.999999999999996,96,0.09415372593042648,94.15372593042648
34,150,-29.444863728670917,16.999999999999996,104,0.0929088388296955,92.9088388296955
34,150,-29.444863728670917,16.999999999999996,112,0.09222570713455143,92.22570713455143
34,150,-29.444863728670917,16.999999999999996,120,0.09258498646782705,92.58498646782705
34,150,-29.444863728670917,16.999999999999996,128,0.0937876444694198,93.7876444694198
34,150,-29.444863728670917,16.999999999999996,136,0.09481705204596837,94.81705204596837
34,150,-29.444863728670917,16.999999999999996,144,0.095062638124004,95.06263812400401
34,150,-29.444863728670917,16.999999999999996,152,0.09458396375479561,94.5839637547956
34,150,-29.444863728670917,16.999999999999996,160,0.09352508985150823,93.52508985150823
34,150,-29.444863728670917,16.999999999999996,168,0.09222661914821757,92.22661914821758
34,150,-29.444863728670917,16.999999999999996,176,0.09227590923816462,92.27590923816462
34,150,-29.444863728670917,16.999999999999996,184,0.0931329013743229,93.1329013743229
34,150,-29.444863728670917,16.999999999999996,192,0.09443987013574864,94.43987013574865
34,150,-29.444863728670917,16.999999999999996,200,0.09508289152390129,95.08289152390128
34,150,-29.444863728670917,16.999999999999996,208,0.09498279572379142,94.98279572379143
34,150,-29.444863728670917,16.999999999999996,216,0.09419926816168911,94.1992681616891
34,150,-29.444863728670917,16.999999999999996,224,0.09295031053927938,92.95031053927939
34,150,-29.444863728670917,16.999999999999996,232,0.09227234193489865,92.27234193489865
34,150,-29.444863728670917,16.999999999999996,240,0.0926647092460055,92.6647092460055
34,150,-29.444863728670917,16.999999999999996,248,0.0938936693851641,93.89366938516409
34,150,-29.444863728670917,16.999999999999996,256,0.09490690560270694,94.90690560270694
34,150,-29.444863728670917,16.999999999999996,264,0.09512838101811671,95.12838101811671
34,150,-29.444863728670917,16.999999999999996,272,0.09464010157976466,94.64010157976466
34,150,-29.444863728670917,16.999999999999996,280,0.09358297809263211,93.5829780926321
34,150,-29.444863728670917,16.999999999999996,288,0.09227302605024981,92.27302605024981
34,150,-29.444863728670917,16.999999999999996,296,0.09229587738730302,92.29587738730302
34,150,-29.444863728670917,16.999999999999996,304,0.09311082850919512,93.11082850919513
34,150,-29.444863728670917,16.999999999999996,312,0.0944062792148325,94.4062792148325
34,150,-29.444863728670917,16.999999999999996,320,0.09503273290334958,95.03273290334958
34,150,-29.444863728670917,16.999999999999996,328,0.09492083173738254,94.92083173738254
34,150,-29.444863728670917,16.999999999999996,336,0.09409812351067351,94.0981235106735
34,150,-29.444863728670917,16.999999999999996,344,0.092860872866539,92.860872866539
34,150,-29.444863728670917,16.999999999999996,352,0.09219033514923461,92.19033514923461
34,150,-29.444863728670917,16.999999999999996,360,0.09258588000138898,92.58588000138899
34,155,-30.814464759246096,14.369020899183782,0,0.09106112836529696,91.06112836529697
34,155,-30.814464759246096,14.369020899183782,8,0.09215290688407962,92.15290688407963
34,155,-30.814464759246096,14.369020899183782,16,0.09300450827063089,93.0045082706309
34,155,-30.814464759246096,14.369020899183782,24,0.0930668109716123,93.0668109716123
34,155,-30.814464759246096,14.369020899183782,32,0.09247866611524927,92.47866611524927
34,155,-30.814464759246096,14.369020899183782,40,0.09135785195564441,91.35785195564442
34,155,-30.814464759246096,14.369020899183782,48,0.09089425970385563,90.89425970385564
34,155,-30.814464759246096,14.369020899183782,56,0.09086509581105102,90.86509581105102
34,155,-30.814464759246096,14.369020899183782,64,0.09159917269189868,91.59917269189869
34,155,-30.814464759246096,14.369020899183782,72,0.09272767141736404,92.72767141736405
34,155,-30.814464759246096,14.369020899183782,80,0.09314741785473804,93.14741785473804
34,155,-30.814464759246096,14.369020899183782,88,0.09284094570202102,92.84094570202102
34,155,-30.814464759246096,14.369020899183782,96,0.0919224528164192,91.9224528164192
34,155,-30.814464759246096,14.369020899183782,104,0.09092631323798017,90.92631323798017
34,155,-30.814464759246096,14.369020899183782,112,0.09079099545601362,90.79099545601362
34,155,-30.814464759246096,14.369020899183782,120,0.09106125727046728,91.06125727046728
34,155,-30.814464759246096,14.369020899183782,128,0.09212350061820337,92.12350061820338
34,155,-30.814464759246096,14.369020899183782,136,0.09295864239133285,92.95864239133284
34,155,-30.814464759246096,14.369020899183782,144,0.0930235207077605,93.0235207077605
34,155,-30.814464759246096,14.369020899183782,152,0.09240808800887002,92.40808800887001
34,155,-30.814464759246096,14.369020899183782,160,0.09127755723412713,91.27755723412713
34,155,-30.814464759246096,14.369020899183782,168,0.09081670887124367,90.81670887124368
34,155,-30.814464759246096,14.369020899183782,176,0.09080454301651955,90.80454301651955
34,155,-30.814464759246096,14.369020899183782,184,0.09154484317810731,91.54484317810731
34,155,-30.814464759246096,14.369020899183782,192,0.09267458768823313,92.67458768823313
34,155,-30.814464759246096,14.369020899183782,200,0.09312180945546267,93.12180945546267
34,155,-30.814464759246096,14.369020899183782,208,0.09285692851683794,92.85692851683794
34,155,-30.814464759246096,14.369020899183782,216,0.09196604598310995,91.96604598310995
34,155,-30.814464759246096,14.369020899183782,224,0.09096132874432483,90.96132874432483
34,155,-30.814464759246096,14.369020899183782,232,0.09082750322086038,90.82750322086038
34,155,-30.814464759246096,14.369020899183782,240,0.0911299693801472,91.1299693801472
34,155,-30.814464759246096,14.369020899183782,248,0.09221839573836056,92.21839573836056
34,155,-30.814464759246096,14.369020899183782,256,0.09303705690431387,93.03705690431387
34,155,-30.814464759246096,14.369020899183782,264,0.09307747829689968,93.07747829689967
34,155,-30.814464759246096,14.369020899183782,272,0.09245317379563214,92.45317379563214
34,155,-30.814464759246096,14.369020899183782,280,0.09132553333601312,91.32553333601312
34,155,-30.814464759246096,14.369020899183782,288,0.09086078009693527,90.86078009693527
34,155,-30.814464759246096,14.369020899183782,296,0.09082370238099204,90.82370238099203
34,155,-30.814464759246096,14.369020899183782,304,0.0915252965706691,91.5252965706691
34,155,-30.814464759246096,14.369020899183782,312,0.092647466425151,92.647466425151
34,155,-30.814464759246096,14.369020899183782,320,0.09308033021390105,93.08033021390105
34,155,-30.814464759246096,14.369020899183782,328,0.0928060860127449,92.8060860127449
34,155,-30.814464759246096,14.369020899183782,336,0.0918774655428618,91.8774655428618
34,155,-30.814464759246096,14.369020899183782,344,0.09088493765015498,90.88493765015498
34,155,-30.814464759246096,14.369020899183782,352,0.09075735390453604,90.75735390453605
34,155,-30.814464759246096,14.369020899183782,360,0.09106132519589041,91.06132519589042
34,160,-31.949549106720884,11.628684873072743,0,0.08978548359245171,89.78548359245171
34,160,-31.949549106720884,11.628684873072743,8,0.09073694224596066,90.73694224596066
34,160,-31.949549106720884,11.628684873072743,16,0.09139195712708972,91.39195712708973
34,160,-31.949549106720884,11.628684873072743,24,0.0912820293116893,91.2820293116893
34,160,-31.949549106720884,11.628684873072743,32,0.09057370637870552,90.57370637870551
34,160,-31.949549106720884,11.628684873072743,40,0.08981905143086547,89.81905143086547
34,160,-31.949549106720884,11.628684873072743,48,0.08971130338698133,89.71130338698133
34,160,-31.949549106720884,11.628684873072743,56,0.08962910126320767,89.62910126320767
34,160,-31.949549106720884,11.628684873072743,64,0.09025696818736008,90.25696818736007
34,160,-31.949549106720884,11.628684873072743,72,0.09120766057108723,91.20766057108723
34,160,-31.949549106720884,11.628684873072743,80,0.09144160746181984,91.44160746181984
34,160,-31.949549106720884,11.628684873072743,88,0.09098800246362872,90.98800246362872
34,160,-31.949549106720884,11.628684873072743,96,0.08998486161357601,89.98486161357602
34,160,-31.949549106720884,11.628684873072743,104,0.08976286080815743,89.76286080815743
34,160,-31.949549106720884,11.628684873072743,112,0.08960005165059226,89.60005165059226
34,160,-31.949549106720884,11.628684873072743,120,0.0897869339167643,89.7869339167643
34,160,-31.949549106720884,11.628684873072743,128,0.09071323175720193,90.71323175720192
34,160,-31.949549106720884,11.628684873072743,136,0.09135445292268068,91.35445292268068
34,160,-31.949549106720884,11.628684873072743,144,0.09124958051370148,91.24958051370147
34,160,-31.949549106720884,11.628684873072743,152,0.09051557890653941,90.51557890653942
34,160,-31.949549106720884,11.628684873072743,160,0.08975212060883989,89.75212060883989
34,160,-31.949549106720884,11.628684873072743,168,0.08964638566732092,89.64638566732091
34,160,-31.949549106720884,11.628684873072743,176,0.08958018482977799,89.58018482977799
34,160,-31.949549106720884,11.628684873072743,184,0.09021093917905726,90.21093917905726
34,160,-31.949549106720884,11.628684873072743,192,0.09115934809246426,91.15934809246426
34,160,-31.949549106720884,11.628684873072743,200,0.09141862169608768,91.41862169608768
34,160,-31.949549106720884,11.628684873072743,208,0.09100421671828085,91.00421671828084
34,160,-31.949549106720884,11.628684873072743,216,0.0900261491336454,90.0261491336454
34,160,-31.949549106720884,11.628684873072743,224,0.08978790993174787,89.78790993174788
34,160,-31.949549106720884,11.628684873072743,232,0.08962634183576164,89.62634183576164
34,160,-31.949549106720884,11.628684873072743,240,0.08984420073016228,89.84420073016227
34,160,-31.949549106720884,11.628684873072743,248,0.09079631140789704,90.79631140789704
34,160,-31.949549106720884,11.628684873072743,256,0.09142079637531997,91.42079637531997
34,160,-31.949549106720884,11.628684873072743,264,0.09129136480647007,91.29136480647007
34,160,-31.949549106720884,11.628684873072743,272,0.09054949517574429,90.54949517574428
34,160,-31.949549106720884,11.628684873072743,280,0.0897935941693121,89.7935941693121
34,160,-31.949549106720884,11.628684873072743,288,0.08968796790012701,89.687967900127
34,160,-31.949549106720884,11.628684873072743,296,0.08959880531791234,89.59880531791234
34,160,-31.949549106720884,11.628684873072743,304,0.09019497232185006,90.19497232185006
34,160,-31.949549106720884,11.628684873072743,312,0.09113953386387896,91.13953386387897
34,160,-31.949549106720884,11.628684873072743,320,0.09138663382209257,91.38663382209256
34,160,-31.949549106720884,11.628684873072743,328,0.09096507197050065,90.96507197050065
34,160,-31.949549106720884,11.628684873072743,336,0.08995044806188168,89.95044806188169
34,160,-31.949549106720884,11.628684873072743,344,0.0897241337967955,89.7241337967955
34,160,-31.949549106720884,11.628684873072743,352,0.08956808579666165,89.56808579666165
34,160,-31.949549106720884,11.628684873072743,360,0.08978566705925653,89.78566705925653
34,165,-32.84147809382832,8.799847533485714,0,0.08879247669128466,88.79247669128466
34,165,-32.84147809382832,8.799847533485714,8,0.0895810330941096,89.5810330941096
34,165,-32.84147809382832,8.799847533485714,16,0.09004502336876254,90.04502336876254
34,165,-32.84147809382832,8.799847533485714,24,0.08977532979652969,89.77532979652969
34,165,-32.84147809382832,8.799847533485714,32,0.08896617809665466,88.96617809665466
34,165,-32.84147809382832,8.799847533485714,40,0.0889032585680652,88.90325856806521
34,165,-32.84147809382832,8.799847533485714,48,0.08877696401835385,88.77696401835385
34,165,-32.84147809382832,8.799847533485714,56,0.08864960255083654,88.64960255083653
34,165,-32.84147809382832,8.799847533485714,64,0.08919019868886979,89.1901986888698
34,165,-32.84147809382832,8.799847533485714,72,0.08994962469760738,89.94962469760738
34,165,-32.84147809382832,8.799847533485714,80,0.09000696630563516,90.00696630563516
34,165,-32.84147809382832,8.799847533485714,88,0.0894226777938908,89.42267779389081
34,165,-32.84147809382832,8.799847533485714,96,0.08889068883517366,88.89068883517366
34,165,-32.84147809382832,8.799847533485714,104,0.0888431609579431,88.8431609579431
34,165,-32.84147809382832,8.799847533485714,112,0.08866193951975807,88.66193951975806
34,165,-32.84147809382832,8.799847533485714,120,0.08879691142964559,88.79691142964559
34,165,-32.84147809382832,8.799847533485714,128,0.08956387141388451,89.56387141388451
34,165,-32.84147809382832,8.799847533485714,136,0.09001669249050431,90.01669249050431
34,165,-32.84147809382832,8.799847533485714,144,0.08975431829783817,89.75431829783817
34,165,-32.84147809382832,8.799847533485714,152,0.08892083958480075,88.92083958480075
34,165,-32.84147809382832,8.799847533485714,160,0.08884965489297238,88.84965489297238
34,165,-32.84147809382832,8.799847533485714,168,0.08872455640269161,88.72455640269162
34,165,-32.84147809382832,8.799847533485714,176,0.0886121527830287,88.61215278302869
34,165,-32.84147809382832,8.799847533485714,184,0.08915137973578127,89.15137973578128
34,165,-32.84147809382832,8.799847533485714,192,0.08990578800816142,89.90578800816142
34,165,-32.84147809382832,8.799847533485714,200,0.0899862905330381,89.9862905330381
34,165,-32.84147809382832,8.799847533485714,208,0.08943876058360511,89.43876058360512
34,165,-32.84147809382832,8.799847533485714,216,0.08892508993808569,88.92508993808569
34,165,-32.84147809382832,8.799847533485714,224,0.08885852566704855,88.85852566704855
34,165,-32.84147809382832,8.799847533485714,232,0.08867799934302414,88.67799934302414
34,165,-32.84147809382832,8.799847533485714,240,0.08884204307481569,88.84204307481569
34,165,-32.84147809382832,8.799847533485714,248,0.08963457730323367,89.63457730323367
34,165,-32.84147809382832,8.799847533485714,256,0.09007042473427568,90.07042473427568
34,165,-32.84147809382832,8.799847533485714,264,0.08978363394897496,89.78363394897495
34,165,-32.84147809382832,8.799847533485714,272,0.08894355386387101,88.94355386387102
34,165,-32.84147809382832,8.799847533485714,280,0.08888722250096943,88.88722250096943
34,165,-32.84147809382832,8.799847533485714,288,0.08876351526880617,88.76351526880617
34,165,-32.84147809382832,8.799847533485714,296,0.08863050840432703,88.63050840432703
34,165,-32.84147809382832,8.799847533485714,304,0.08914067861273176,89.14067861273176
34,165,-32.84147809382832,8.799847533485714,312,0.08989405195682539,89.89405195682538
34,165,-32.84147809382832,8.799847533485714,320,0.08996453378014768,89.96453378014768
34,165,-32.84147809382832,8.799847533485714,328,0.08941180083914603,89.41180083914603
34,165,-32.84147809382832,8.799847533485714,336,0.08886246088851557,88.86246088851557
34,165,-32.84147809382832,8.799847533485714,344,0.08880739193624661,88.8073919362466
34,165,-32.84147809382832,8.799847533485714,352,0.08863158187401207,88.63158187401207
34,165,-32.84147809382832,8.799847533485714,360,0.08879264461358678,88.79264461358679
34,170,-33.48346360241507,5.904038040675629,0,0.08809662339352815,88.09662339352815
34,170,-33.48346360241507,5.904038040675629,8,0.08869397659512906,88.69397659512906
34,170,-33.48346360241507,5.904038040675629,16,0.08897395797485105,88.97395797485105
34,170,-33.48346360241507,5.904038040675629,24,0.0885581793192139,88.5581793192139
34,170,-33.48346360241507,5.904038040675629,32,0.0882784265133422,88.2784265133422
34,170,-33.48346360241507,5.904038040675629,40,0.08823480259670731,88.23480259670731
34,170,-33.48346360241507,5.904038040675629,48,0.08809835248473794,88.09835248473793
34,170,-33.48346360241507,5.904038040675629,56,0.0880040881407681,88.0040881407681
34,170,-33.48346360241507,5.904038040675629,64,0.08839293735869613,88.39293735869613
34,170,-33.48346360241507,5.904038040675629,72,0.08896313820954446,88.96313820954447
34,170,-33.48346360241507,5.904038040675629,80,0.08885441287164253,88.85441287164252
34,170,-33.48346360241507,5.904038040675629,88,0.08823911049338114,88.23911049338113
34,170,-33.48346360241507,5.904038040675629,96,0.08824568102410005,88.24568102410005
34,170,-33.48346360241507,5.904038040675629,104,0.08817421315852736,88.17421315852737
34,170,-33.48346360241507,5.904038040675629,112,0.0879837986632744,87.9837986632744
34,170,-33.48346360241507,5.904038040675629,120,0.08810601782498992,88.10601782498992
34,170,-33.48346360241507,5.904038040675629,128,0.0886841669144666,88.6841669144666
34,170,-33.48346360241507,5.904038040675629,136,0.08895554225945446,88.95554225945446
34,170,-33.48346360241507,5.904038040675629,144,0.08854911390849729,88.54911390849729
34,170,-33.48346360241507,5.904038040675629,152,0.08824625186896323,88.24625186896323
34,170,-33.48346360241507,5.904038040675629,160,0.08819446868927945,88.19446868927945
34,170,-33.48346360241507,5.904038040675629,168,0.08805823675467535,88.05823675467535
34,170,-33.48346360241507,5.904038040675629,176,0.08797663667062279,87.9766366706228
34,170,-33.48346360241507,5.904038040675629,184,0.08836088849754906,88.36088849754906
34,170,-33.48346360241507,5.904038040675629,192,0.08892344778448638,88.92344778448638
34,170,-33.48346360241507,5.904038040675629,200,0.08883571687132992,88.83571687132992
34,170,-33.48346360241507,5.904038040675629,208,0.08825386927557777,88.25386927557777
34,170,-33.48346360241507,5.904038040675629,216,0.08827185926002584,88.27185926002585
34,170,-33.48346360241507,5.904038040675629,224,0.0881802491256587,88.18024912565869
34,170,-33.48346360241507,5.904038040675629,232,0.08798969320164247,87.98969320164248
34,170,-33.48346360241507,5.904038040675629,240,0.08813831769041172,88.13831769041172
34,170,-33.48346360241507,5.904038040675629,248,0.08874203492238115,88.74203492238115
34,170,-33.48346360241507,5.904038040675629,256,0.088996219124746,88.996219124746
34,170,-33.48346360241507,5.904038040675629,264,0.08856576046663259,88.56576046663258
34,170,-33.48346360241507,5.904038040675629,272,0.08826325470763453,88.26325470763453
34,170,-33.48346360241507,5.904038040675629,280,0.08822777695281478,88.22777695281478
34,170,-33.48346360241507,5.904038040675629,288,0.08809445784569687,88.09445784569688
34,170,-33.48346360241507,5.904038040675629,296,0.08799752582908257,87.99752582908258
34,170,-33.48346360241507,5.904038040675629,304,0.0883562222936099,88.3562222936099
34,170,-33.48346360241507,5.904038040675629,312,0.08892049957334543,88.92049957334542
34,170,-33.48346360241507,5.904038040675629,320,0.08882485312807305,88.82485312807304
34,170,-33.48346360241507,5.904038040675629,328,0.0882395311866433,88.23953118664329
34,170,-33.48346360241507,5.904038040675629,336,0.08822241382479186,88.22241382479186
34,170,-33.48346360241507,5.904038040675629,344,0.08814168902761102,88.14168902761102
34,170,-33.48346360241507,5.904038040675629,352,0.08795496949691523,87.95496949691523
34,170,-33.48346360241507,5.904038040675629,360,0.08809677115329995,88.09677115329994
34,175,-33.87061973511935,2.9632952534203785,0,0.08767699441785057,87.67699441785057
34,175,-33.87061973511935,2.9632952534203785,8,0.08808252378459565,88.08252378459565
34,175,-33.87061973511935,2.9632952534203785,16,0.08818691239972987,88.18691239972986
34,175,-33.87061973511935,2.9632952534203785,24,0.08781630547094854,87.81630547094854
34,175,-33.87061973511935,2.9632952534203785,32,0.08788641373337065,87.88641373337066
34,175,-33.87061973511935,2.9632952534203785,40,0.08781877087035861,87.8187708703586
34,175,-33.87061973511935,2.9632952534203785,48,0.08769807358431066,87.69807358431066
34,175,-33.87061973511935,2.9632952534203785,56,0.08767054308824836,87.67054308824835
34,175,-33.87061973511935,2.9632952534203785,64,0.08787125183696132,87.87125183696132
34,175,-33.87061973511935,2.9632952534203785,72,0.08825570886472947,88.25570886472947
34,175,-33.87061973511935,2.9632952534203785,80,0.08799271878740547,87.99271878740547
34,175,-33.87061973511935,2.9632952534203785,88,0.08786367374222592,87.86367374222593
34,175,-33.87061973511935,2.9632952534203785,96,0.08785080374449841,87.8508037444984
34,175,-33.87061973511935,2.9632952534203785,104,0.08776110850658539,87.76110850658539
34,175,-33.87061973511935,2.9632952534203785,112,0.08772907843538826,87.72907843538826
34,175,-33.87061973511935,2.9632952534203785,120,0.08769202351234125,87.69202351234125
34,175,-33.87061973511935,2.9632952534203785,128,0.08808081334136877,88.08081334136878
34,175,-33.87061973511935,2.9632952534203785,136,0.0881790782235295,88.1790782235295
34,175,-33.87061973511935,2.9632952534203785,144,0.0878197230036782,87.8197230036782
34,175,-33.87061973511935,2.9632952534203785,152,0.08786753956021723,87.86753956021722
34,175,-33.87061973511935,2.9632952534203785,160,0.08779154836038341,87.79154836038342
34,175,-33.87061973511935,2.9632952534203785,168,0.08766988521583582,87.66988521583582
34,175,-33.87061973511935,2.9632952534203785,176,0.0876520112339148,87.6520112339148
34,175,-33.87061973511935,2.9632952534203785,184,0.08784548157999514,87.84548157999514
34,175,-33.87061973511935,2.9632952534203785,192,0.0882198036236946,88.2198036236946
34,175,-33.87061973511935,2.9632952534203785,200,0.08797565727126411,87.97565727126411
34,175,-33.87061973511935,2.9632952534203785,208,0.0878717098550001,87.8717098550001
34,175,-33.87061973511935,2.9632952534203785,216,0.08786910223427566,87.86910223427566
34,175,-33.87061973511935,2.9632952534203785,224,0.08775824240161292,87.75824240161292
34,175,-33.87061973511935,2.9632952534203785,232,0.08772214279414561,87.72214279414561
34,175,-33.87061973511935,2.9632952534203785,240,0.08771126612269121,87.71126612269121
34,175,-33.87061973511935,2.9632952534203785,248,0.0881254770517896,88.12547705178959
34,175,-33.87061973511935,2.9632952534203785,256,0.08820635490004258,88.20635490004258
34,175,-33.87061973511935,2.9632952534203785,264,0.08782555610590306,87.82555610590306
34,175,-33.87061973511935,2.9632952534203785,272,0.08787875642903233,87.87875642903232
34,175,-33.87061973511935,2.9632952534203785,280,0.0878202763036538,87.8202763036538
34,175,-33.87061973511935,2.9632952534203785,288,0.08770363360433375,87.70363360433376
34,175,-33.87061973511935,2.9632952534203785,296,0.08767724320911899,87.67724320911898
34,175,-33.87061973511935,2.9632952534203785,304,0.08784757355074069,87.84757355074069
34,175,-33.87061973511935,2.9632952534203785,312,0.0882262860349244,88.2262860349244
34,175,-33.87061973511935,2.9632952534203785,320,0.08797626552378897,87.97626552378897
34,175,-33.87061973511935,2.9632952534203785,328,0.08787054791387741,87.87054791387742
34,175,-33.87061973511935,2.9632952534203785,336,0.08783286100387656,87.83286100387656
34,175,-33.87061973511935,2.9632952534203785,344,0.08773209147198582,87.73209147198583
34,175,-33.87061973511935,2.9632952534203785,352,0.08769752726910368,87.69752726910369
34,175,-33.87061973511935,2.9632952534203785,360,0.0876771271823112,87.6771271823112
34,180,-34.0,4.1637991171010006e-15,0,0.08753678339413574,87.53678339413574
34,180,-34.0,4.1637991171010006e-15,8,0.08775132818760284,87.75132818760284
34,180,-34.0,4.1637991171010006e-15,16,0.08768987653545679,87.68987653545679
34,180,-34.0,4.1637991171010006e-15,24,0.0876973609378747,87.69736093787469
34,180,-34.0,4.1637991171010006e-15,32,0.08774751917975383,87.74751917975384
34,180,-34.0,4.1637991171010006e-15,40,0.08765832964166342,87.65832964166343
34,180,-34.0,4.1637991171010006e-15,48,0.08781982352106806,87.81982352106806
34,180,-34.0,4.1637991171010006e-15,56,0.08761804419240193,87.61804419240194
34,180,-34.0,4.1637991171010006e-15,64,0.0876291124654881,87.6291124654881
34,180,-34.0,4.1637991171010006e-15,72,0.08783272062763403,87.83272062763403
34,180,-34.0,4.1637991171010006e-15,80,0.0876682647555145,87.6682647555145
34,180,-34.0,4.1637991171010006e-15,88,0.08774102258479607,87.74102258479607
34,180,-34.0,4.1637991171010006e-15,96,0.08770906225090003,87.70906225090003
34,180,-34.0,4.1637991171010006e-15,104,0.08770612349260953,87.70612349260954
34,180,-34.0,4.1637991171010006e-15,112,0.08778136590888587,87.78136590888587
34,180,-34.0,4.1637991171010006e-15,120,0.08755807923839531,87.55807923839531
34,180,-34.0,4.1637991171010006e-15,128,0.08775840257959722,87.75840257959722
34,180,-34.0,4.1637991171010006e-15,136,0.08769320974288453,87.69320974288452
34,180,-34.0,4.1637991171010006e-15,144,0.08771379901685573,87.71379901685573
34,180,-34.0,4.1637991171010006e-15,152,0.08774197084736704,87.74197084736704
34,180,-34.0,4.1637991171010006e-15,160,0.08764396037327717,87.64396037327717
34,180,-34.0,4.1637991171010006e-15,168,0.08780237924343881,87.8023792434388
34,180,-34.0,4.1637991171010006e-15,176,0.08760786418844155,87.60786418844155
34,180,-34.0,4.1637991171010006e-15,184,0.08760908154097337,87.60908154097336
34,180,-34.0,4.1637991171010006e-15,192,0.08780021068272162,87.80021068272161
34,180,-34.0,4.1637991171010006e-15,200,0.08764931315263774,87.64931315263775
34,180,-34.0,4.1637991171010006e-15,208,0.08774262744802167,87.74262744802166
34,180,-34.0,4.1637991171010006e-15,216,0.08771988408499246,87.71988408499246
34,180,-34.0,4.1637991171010006e-15,224,0.08769343941167014,87.69343941167014
34,180,-34.0,4.1637991171010006e-15,232,0.08776113187200721,87.76113187200721
34,180,-34.0,4.1637991171010006e-15,240,0.08756413849194525,87.56413849194524
34,180,-34.0,4.1637991171010006e-15,248,0.08778959606914205,87.78959606914205
34,180,-34.0,4.1637991171010006e-15,256,0.08770684340384845,87.70684340384845
34,180,-34.0,4.1637991171010006e-15,264,0.08771233360639848,87.71233360639847
34,180,-34.0,4.1637991171010006e-15,272,0.08774696479413631,87.7469647941363
34,180,-34.0,4.1637991171010006e-15,280,0.08766782187948215,87.66782187948215
34,180,-34.0,4.1637991171010006e-15,288,0.08783888762006789,87.8388876200679
34,180,-34.0,4.1637991171010006e-15,296,0.08763801003443555,87.63801003443555
34,180,-34.0,4.1637991171010006e-15,304,0.0876186035081878,87.6186035081878
34,180,-34.0,4.1637991171010006e-15,312,0.08781669472576727,87.81669472576726
34,180,-34.0,4.1637991171010006e-15,320,0.08766200809744114,87.66200809744115
34,180,-34.0,4.1637991171010006e-15,328,0.08775480979167267,87.75480979167267
34,180,-34.0,4.1637991171010006e-15,336,0.08769676715795532,87.69676715795532
34,180,-34.0,4.1637991171010006e-15,344,0.08767928550836046,87.67928550836046
34,180,-34.0,4.1637991171010006e-15,352,0.08774597273465269,87.7459727346527
34,180,-34.0,4.1637991171010006e-15,360,0.08753690644462778,87.53690644462777
68,90,4.1637991171010006e-15,68.0,0,0.1357296214703435,135.72962147034352
68,90,4.1637991171010006e-15,68.0,8,0.13499766471405364,134.99766471405363
68,90,4.1637991171010006e-15,68.0,16,0.13377042913369924,133.77042913369925
68,90,4.1637991171010006e-15,68.0,24,0.13432074715585163,134.32074715585162
68,90,4.1637991171010006e-15,68.0,32,0.13843968646633115,138.43968646633115
68,90,4.1637991171010006e-15,68.0,40,0.14122436440974123,141.22436440974124
68,90,4.1637991171010006e-15,68.0,48,0.13854883132208995,138.54883132208994
68,90,4.1637991171010006e-15,68.0,56,0.1366750582501521,136.67505825015212
68,90,4.1637991171010006e-15,68.0,64,0.13551200200658242,135.51200200658243
68,90,4.1637991171010006e-15,68.0,72,0.13490822678265807,134.90822678265806
68,90,4.1637991171010006e-15,68.0,80,0.13315001747808303,133.15001747808302
68,90,4.1637991171010006e-15,68.0,88,0.136386345325962,136.386345325962
68,90,4.1637991171010006e-15,68.0,96,0.14024373357446773,140.24373357446774
68,90,4.1637991171010006e-15,68.0,104,0.14000590969504687,140.00590969504685
68,90,4.1637991171010006e-15,68.0,112,0.13739537271198587,137.39537271198589
68,90,4.1637991171010006e-15,68.0,120,0.13573926433188394,135.73926433188393
68,90,4.1637991171010006e-15,68.0,128,0.13491649950412077,134.91649950412076
68,90,4.1637991171010006e-15,68.0,136,0.133609842461207,133.609842461207
68,90,4.1637991171010006e-15,68.0,144,0.1340652549955429,134.0652549955429
68,90,4.1637991171010006e-15,68.0,152,0.13811595399014126,138.11595399014126
68,90,4.1637991171010006e-15,68.0,160,0.14088525536692356,140.88525536692356
68,90,4.1637991171010006e-15,68.0,168,0.1382292013658938,138.2292013658938
68,90,4.1637991171010006e-15,68.0,176,0.13638979855030936,136.38979855030937
68,90,4.1637991171010006e-15,68.0,184,0.13528335530888666,135.28335530888666
68,90,4.1637991171010006e-15,68.0,192,0.13475296412687815,134.75296412687814
68,90,4.1637991171010006e-15,68.0,200,0.13309945800775203,133.09945800775202
68,90,4.1637991171010006e-15,68.0,208,0.13642459371489737,136.42459371489738
68,90,4.1637991171010006e-15,68.0,216,0.14033509759559906,140.33509759559905
68,90,4.1637991171010006e-15,68.0,224,0.1401310818008392,140.13108180083918
68,90,4.1637991171010006e-15,68.0,232,0.1375794071746179,137.5794071746179
68,90,4.1637991171010006e-15,68.0,240,0.1359953950596664,135.9953950596664
68,90,4.1637991171010006e-15,68.0,248,0.13520165798716147,135.20165798716147
68,90,4.1637991171010006e-15,68.0,256,0.13387067609460873,133.87067609460874
68,90,4.1637991171010006e-15,68.0,264,0.1343180138677928,134.31801386779279
68,90,4.1637991171010006e-15,68.0,272,0.13837172468130607,138.37172468130606
68,90,4.1637991171010006e-15,68.0,280,0.14112706619430648,141.12706619430648
68,90,4.1637991171010006e-15,68.0,288,0.13839335693306504,138.39335693306504
68,90,4.1637991171010006e-15,68.0,296,0.1364597521203223,136.4597521203223
68,90,4.1637991171010006e-15,68.0,304,0.13524250699515605,135.24250699515605
68,90,4.1637991171010006e-15,68.0,312,0.13463371061920837,134.63371061920836
68,90,4.1637991171010006e-15,68.0,320,0.13290101834818063,132.90101834818063
68,90,4.1637991171010006e-15,68.0,328,0.1361403784223209,136.1403784223209
68,90,4.1637991171010006e-15,68.0,336,0.13998321860379193,139.98321860379193
68,90,4.1637991171010006e-15,68.0,344,0.13981516781458775,139.81516781458774
68,90,4.1637991171010006e-15,68.0,352,0.13727829730873756,137.27829730873756
68,90,4.1637991171010006e-15,68.0,360,0.1357299857104215,135.7299857104215
68,95,-5.92659050684076,67.7412394702387,0,0.12835531997449018,128.3553199744902
68,95,-5.92659050684076,67.7412394702387,8,0.12766138334806487,127.66138334806487
68,95,-5.92659050684076,67.7412394702387,16,0.1255083496277914,125.50834962779139
68,95,-5.92659050684076,67.7412394702387,24,0.12849289007271472,128.49289007271472
68,95,-5.92659050684076,67.7412394702387,32,0.13261712782982676,132.61712782982676
68,95,-5.92659050684076,67.7412394702387,40,0.13309616721335912,133.0961672133591
68,95,-5.92659050684076,67.7412394702387,48,0.13130308027530818,131.3030802753082
68,95,-5.92659050684076,67.7412394702387,56,0.12929379532657015,129.29379532657015
68,95,-5.92659050684076,67.7412394702387,64,0.1281689188198285,128.1689188198285
68,95,-5.92659050684076,67.7412394702387,72,0.1266559893268684,126.6559893268684
68,95,-5.92659050684076,67.7412394702387,80,0.12659127235556725,126.59127235556724
68,95,-5.92659050684076,67.7412394702387,88,0.1305755709790475,130.5755709790475
68,95,-5.92659050684076,67.7412394702387,96,0.1333451117689671,133.3451117689671
68,95,-5.92659050684076,67.7412394702387,104,0.13208901280617852,132.08901280617852
68,95,-5.92659050684076,67.7412394702387,112,0.1300537151004376,130.05371510043759
68,95,-5.92659050684076,67.7412394702387,120,0.1283574019385702,128.3574019385702
68,95,-5.92659050684076,67.7412394702387,128,0.1275720128015007,127.5720128015007
68,95,-5.92659050684076,67.7412394702387,136,0.12533929569690608,125.33929569690608
68,95,-5.92659050684076,67.7412394702387,144,0.1282341232826234,128.23412328262341
68,95,-5.92659050684076,67.7412394702387,152,0.1322964533282467,132.29645332824668
68,95,-5.92659050684076,67.7412394702387,160,0.13276545738933607,132.76545738933606
68,95,-5.92659050684076,67.7412394702387,168,0.13099162229590927,130.99162229590928
68,95,-5.92659050684076,67.7412394702387,176,0.12901664680117633,129.01664680117634
68,95,-5.92659050684076,67.7412394702387,184,0.12795002976061803,127.95002976061804
68,95,-5.92659050684076,67.7412394702387,192,0.1265116467636282,126.51164676362819
68,95,-5.92659050684076,67.7412394702387,200,0.12653978447096637,126.53978447096637
68,95,-5.92659050684076,67.7412394702387,208,0.13060546736530357,130.60546736530358
68,95,-5.92659050684076,67.7412394702387,216,0.13343371921994773,133.43371921994773
68,95,-5.92659050684076,67.7412394702387,224,0.1322177690581698,132.21776905816978
68,95,-5.92659050684076,67.7412394702387,232,0.13024014131139772,130.2401413113977
68,95,-5.92659050684076,67.7412394702387,240,0.12861361199634005,128.61361199634007
68,95,-5.92659050684076,67.7412394702387,248,0.12785542164945352,127.85542164945352
68,95,-5.92659050684076,67.7412394702387,256,0.1255982399588954,125.5982399588954
68,95,-5.92659050684076,67.7412394702387,264,0.12849841464678524,128.49841464678525
68,95,-5.92659050684076,67.7412394702387,272,0.13256052176385785,132.56052176385785
68,95,-5.92659050684076,67.7412394702387,280,0.132996023388383,132.996023388383
68,95,-5.92659050684076,67.7412394702387,288,0.1311451452776187,131.1451452776187
68,95,-5.92659050684076,67.7412394702387,296,0.1290784716677843,129.0784716677843
68,95,-5.92659050684076,67.7412394702387,304,0.1279014014368973,127.90140143689729
68,95,-5.92659050684076,67.7412394702387,312,0.12638517251419282,126.38517251419282
68,95,-5.92659050684076,67.7412394702387,320,0.12633448230120162,126.33448230120162
68,95,-5.92659050684076,67.7412394702387,328,0.1303209098823633,130.3209098823633
68,95,-5.92659050684076,67.7412394702387,336,0.13308735327001198,133.087353270012
68,95,-5.92659050684076,67.7412394702387,344,0.13190913281814676,131.90913281814676
68,95,-5.92659050684076,67.7412394702387,352,0.12994611946017431,129.94611946017432
68,95,-5.92659050684076,67.7412394702387,360,0.1283557712545025,128.3557712545025
68,100,-11.80807608135126,66.96692720483014,0,0.1210370318600793,121.03703186007931
68,100,-11.80807608135126,66.96692720483014,8,0.11923155983602687,119.23155983602688
68,100,-11.80807608135126,66.96692720483014,16,0.11936555360506498,119.36555360506499
68,100,-11.80807608135126,66.96692720483014,24,0.12271016336475138,122.71016336475138
68,100,-11.80807608135126,66.96692720483014,32,0.1254797700683147,125.4797700683147
68,100,-11.80807608135126,66.96692720483014,40,0.12556104936136217,125.56104936136217
68,100,-11.80807608135126,66.96692720483014,48,0.12399789435540298,123.99789435540298
68,100,-11.80807608135126,66.96692720483014,56,0.1219291727708431,121.9291727708431
68,100,-11.80807608135126,66.96692720483014,64,0.12059701420474894,120.59701420474894
68,100,-11.80807608135126,66.96692720483014,72,0.11850629048255948,118.50629048255948
68,100,-11.80807608135126,66.96692720483014,80,0.12077627172389296,120.77627172389296
68,100,-11.80807608135126,66.96692720483014,88,0.12480955177357494,124.80955177357494
68,100,-11.80807608135126,66.96692720483014,96,0.12542607720054724,125.42607720054724
68,100,-11.80807608135126,66.96692720483014,104,0.12490322240336155,124.90322240336155
68,100,-11.80807608135126,66.96692720483014,112,0.12269085836912609,122.69085836912609
68,100,-11.80807608135126,66.96692720483014,120,0.12103193844264859,121.0319384426486
68,100,-11.80807608135126,66.96692720483014,128,0.1191336359517938,119.13363595179379
68,100,-11.80807608135126,66.96692720483014,136,0.11919015800107499,119.19015800107499
68,100,-11.80807608135126,66.96692720483014,144,0.12245055115151551,122.45055115151551
68,100,-11.80807608135126,66.96692720483014,152,0.12516432623878124,125.16432623878124
68,100,-11.80807608135126,66.96692720483014,160,0.12523987627339822,125.23987627339822
68,100,-11.80807608135126,66.96692720483014,168,0.12369538362834745,123.69538362834744
68,100,-11.80807608135126,66.96692720483014,176,0.1216603803499732,121.6603803499732
68,100,-11.80807608135126,66.96692720483014,184,0.12038959997635991,120.3895999763599
68,100,-11.80807608135126,66.96692720483014,192,0.11837175746698514,118.37175746698514
68,100,-11.80807608135126,66.96692720483014,200,0.12071806792987538,120.71806792987539
68,100,-11.80807608135126,66.96692720483014,208,0.12482997013858413,124.82997013858413
68,100,-11.80807608135126,66.96692720483014,216,0.12551910509766662,125.51910509766661
68,100,-11.80807608135126,66.96692720483014,224,0.12503637379799404,125.03637379799403
68,100,-11.80807608135126,66.96692720483014,232,0.12287863522340044,122.87863522340044
68,100,-11.80807608135126,66.96692720483014,240,0.12128756777315106,121.28756777315105
68,100,-11.80807608135126,66.96692720483014,248,0.11941373316421092,119.41373316421091
68,100,-11.80807608135126,66.96692720483014,256,0.11945961681317244,119.45961681317243
68,100,-11.80807608135126,66.96692720483014,264,0.12272492254173252,122.72492254173252
68,100,-11.80807608135126,66.96692720483014,272,0.12542334076728545,125.42334076728545
68,100,-11.80807608135126,66.96692720483014,280,0.12545685453600566,125.45685453600566
68,100,-11.80807608135126,66.96692720483014,288,0.12383869958488941,123.83869958488941
68,100,-11.80807608135126,66.96692720483014,296,0.12171459406159087,121.71459406159087
68,100,-11.80807608135126,66.96692720483014,304,0.12033326086425375,120.33326086425375
68,100,-11.80807608135126,66.96692720483014,312,0.11823899786748318,118.23899786748318
68,100,-11.80807608135126,66.96692720483014,320,0.12050770545694739,120.50770545694739
68,100,-11.80807608135126,66.96692720483014,328,0.12454755486734773,124.54755486734773
68,100,-11.80807608135126,66.96692720483014,336,0.12518065762845626,125.18065762845626
68,100,-11.80807608135126,66.96692720483014,344,0.12473550024331084,124.73550024331084
68,100,-11.80807608135126,66.96692720483014,352,0.12259208163072206,122.59208163072206
68,100,-11.80807608135126,66.96692720483014,360,0.12103755613331271,121.03755613331272
68,105,-17.599695066971417,65.68295618765664,0,0.11331686248866803,113.31686248866802
68,105,-17.599695066971417,65.68295618765664,8,0.11158616234445173,111.58616234445174
68,105,-17.599695066971417,65.68295618765664,16,0.11355456928229553,113.55456928229553
68,105,-17.599695066971417,65.68295618765664,24,0.11684790410011892,116.84790410011891
68,105,-17.599695066971417,65.68295618765664,32,0.11783994403068268,117.83994403068269
68,105,-17.599695066971417,65.68295618765664,40,0.11851679997815115,118.51679997815116
68,105,-17.599695066971417,65.68295618765664,48,0.11668887043821652,116.68887043821653
68,105,-17.599695066971417,65.68295618765664,56,0.11463723980750065,114.63723980750065
68,105,-17.599695066971417,65.68295618765664,64,0.11221580187801164,112.21580187801165
68,105,-17.599695066971417,65.68295618765664,72,0.11264740343840088,112.64740343840087
68,105,-17.599695066971417,65.68295618765664,80,0.11504805996471537,115.04805996471538
68,105,-17.599695066971417,65.68295618765664,88,0.11755535193914698,117.55535193914699
68,105,-17.599695066971417,65.68295618765664,96,0.11833295965692414,118.33295965692415
68,105,-17.599695066971417,65.68295618765664,104,0.11768161258005908,117.68161258005908
68,105,-17.599695066971417,65.68295618765664,112,0.11536283830359118,115.36283830359118
68,105,-17.599695066971417,65.68295618765664,120,0.11330375030953432,113.30375030953432
68,105,-17.599695066971417,65.68295618765664,128,0.11148144801497095,111.48144801497095
68,105,-17.599695066971417,65.68295618765664,136,0.11337403815490021,113.37403815490022
68,105,-17.599695066971417,65.68295618765664,144,0.1165897683742681,116.5897683742681
68,105,-17.599695066971417,65.68295618765664,152,0.11753203013734484,117.53203013734483
68,105,-17.599695066971417,65.68295618765664,160,0.11820636019483895,118.20636019483895
68,105,-17.599695066971417,65.68295618765664,168,0.11639601414505797,116.39601414505798
68,105,-17.599695066971417,65.68295618765664,176,0.11437698482622866,114.37698482622865
68,105,-17.599695066971417,65.68295618765664,184,0.11202412352349522,112.02412352349522
68,105,-17.599695066971417,65.68295618765664,192,0.11250965233416846,112.50965233416846
68,105,-17.599695066971417,65.68295618765664,200,0.11498281424108336,114.98281424108336
68,105,-17.599695066971417,65.68295618765664,208,0.11758116730411595,117.58116730411595
68,105,-17.599695066971417,65.68295618765664,216,0.11843213484554767,118.43213484554767
68,105,-17.599695066971417,65.68295618765664,224,0.11781798233789433,117.81798233789432
68,105,-17.599695066971417,65.68295618765664,232,0.11555091441695453,115.55091441695453
68,105,-17.599695066971417,65.68295618765664,240,0.11355528191311633,113.55528191311633
68,105,-17.599695066971417,65.68295618765664,248,0.11175970890708345,111.75970890708345
68,105,-17.599695066971417,65.68295618765664,256,0.11365432772657597,113.65432772657597
68,105,-17.599695066971417,65.68295618765664,264,0.11687081746515535,116.87081746515534
68,105,-17.599695066971417,65.68295618765664,272,0.1177794335373706,117.7794335373706
68,105,-17.599695066971417,65.68295618765664,280,0.11840789167634765,118.40789167634765
68,105,-17.599695066971417,65.68295618765664,288,0.1165296263183514,116.5296263183514
68,105,-17.599695066971417,65.68295618765664,296,0.11442416285675597,114.42416285675597
68,105,-17.599695066971417,65.68295618765664,304,0.11195964934210212,111.95964934210213
68,105,-17.599695066971417,65.68295618765664,312,0.11237452613152427,112.37452613152426
68,105,-17.599695066971417,65.68295618765664,320,0.11476909601866288,114.76909601866288
68,105,-17.599695066971417,65.68295618765664,328,0.11730255422856903,117.30255422856902
68,105,-17.599695066971417,65.68295618765664,336,0.11810376647975293,118.10376647975293
68,105,-17.599695066971417,65.68295618765664,344,0.1175258202115804,117.5258202115804
68,105,-17.599695066971417,65.68295618765664,352,0.11527215248875244,115.27215248875244
68,105,-17.599695066971417,65.68295618765664,360,0.11331744982642447,113.31744982642446
68,110,-23.25736974614547,63.899098213441775,0,0.10510490444541083,105.10490444541084
68,110,-23.25736974614547,63.899098213441775,8,0.10578315255847026,105.78315255847026
68,110,-23.25736974614547,63.899098213441775,16,0.10785469095971154,107.85469095971153
68,110,-23.25736974614547,63.899098213441775,24,0.10978293696991051,109.78293696991051
68,110,-23.25736974614547,63.899098213441775,32,0.11123392729746776,111.23392729746776
68,110,-23.25736974614547,63.899098213441775,40,0.11146579901058176,111.46579901058176
68,110,-23.25736974614547,63.899098213441775,48,0.10943163460906796,109.43163460906796
68,110,-23.25736974614547,63.899098213441775,56,0.10684382699879025,106.84382699879025
68,110,-23.25736974614547,63.899098213441775,64,0.10514606754609057,105.14606754609058
68,110,-23.25736974614547,63.899098213441775,72,0.10687002634688487,106.87002634688487
68,110,-23.25736974614547,63.899098213441775,80,0.1090505020970303,109.05050209703029
68,110,-23.25736974614547,63.899098213441775,88,0.11037160741593499,110.37160741593499
68,110,-23.25736974614547,63.899098213441775,96,0.11152774920884219,111.5277492088422
68,110,-23.25736974614547,63.899098213441775,104,0.11047914414755372,110.47914414755373
68,110,-23.25736974614547,63.899098213441775,112,0.10812542556131105,108.12542556131105
68,110,-23.25736974614547,63.899098213441775,120,0.10508261963248486,105.08261963248486
68,110,-23.25736974614547,63.899098213441775,128,0.10567525802033224,105.67525802033225
68,110,-23.25736974614547,63.899098213441775,136,0.10767012977076391,107.67012977076392
68,110,-23.25736974614547,63.899098213441775,144,0.10952780100461369,109.52780100461369
68,110,-23.25736974614547,63.899098213441775,152,0.11093579060236106,110.93579060236105
68,110,-23.25736974614547,63.899098213441775,160,0.111167662167341,111.167662167341
68,110,-23.25736974614547,63.899098213441775,168,0.10914906645528838,109.14906645528838
68,110,-23.25736974614547,63.899098213441775,176,0.10660026514533108,106.60026514533108
68,110,-23.25736974614547,63.899098213441775,184,0.10496590838182092,104.96590838182092
68,110,-23.25736974614547,63.899098213441775,192,0.10672976490749637,106.72976490749637
68,110,-23.25736974614547,63.899098213441775,200,0.10898322042789882,108.98322042789881
68,110,-23.25736974614547,63.899098213441775,208,0.11040422697146071,110.40422697146072
68,110,-23.25736974614547,63.899098213441775,216,0.11163286520972522,111.63286520972522
68,110,-23.25736974614547,63.899098213441775,224,0.11061753099546597,110.61753099546597
68,110,-23.25736974614547,63.899098213441775,232,0.10831274727199587,108.31274727199587
68,110,-23.25736974614547,63.899098213441775,240,0.10532573945444773,105.32573945444773
68,110,-23.25736974614547,63.899098213441775,248,0.10595681409811455,105.95681409811455
68,110,-23.25736974614547,63.899098213441775,256,0.10795974951995714,107.95974951995714
68,110,-23.25736974614547,63.899098213441775,264,0.10979910611926946,109.79910611926947
68,110,-23.25736974614547,63.899098213441775,272,0.11116667954584478,111.16667954584477
68,110,-23.25736974614547,63.899098213441775,280,0.11135331974895919,111.3533197489592
68,110,-23.25736974614547,63.899098213441775,288,0.10927355193890205,109.27355193890205
68,110,-23.25736974614547,63.899098213441775,296,0.10663682192011288,106.63682192011288
68,110,-23.25736974614547,63.899098213441775,304,0.10489676790960996,104.89676790960996
68,110,-23.25736974614547,63.899098213441775,312,0.10659297387599614,106.59297387599615
68,110,-23.25736974614547,63.899098213441775,320,0.10876767150384127,108.76767150384127
68,110,-23.25736974614547,63.899098213441775,328,0.11013180454107041,110.13180454107041
68,110,-23.25736974614547,63.899098213441775,336,0.11131676432059036,111.31676432059035
68,110,-23.25736974614547,63.899098213441775,344,0.11033496274132072,110.33496274132072
68,110,-23.25736974614547,63.899098213441775,352,0.10804204111492983,108.04204111492983
68,110,-23.25736974614547,63.899098213441775,360,0.10510554579182121,105.10554579182121
68,115,-28.738041798367554,61.6289295184922,0,0.09871809620600086,98.71809620600087
68,115,-28.738041798367554,61.6289295184922,8,0.1000767551750333,100.0767551750333
68,115,-28.738041798367554,61.6289295184922,16,0.10179544374546784,101.79544374546784
68,115,-28.738041798367554,61.6289295184922,24,0.10315664081336143,103.15664081336143
68,115,-28.738041798367554,61.6289295184922,32,0.10473854303890753,104.73854303890754
68,115,-28.738041798367554,61.6289295184922,40,0.1044617088335279,104.4617088335279
68,115,-28.738041798367554,61.6289295184922,48,0.10225148884553475,102.25148884553475
68,115,-28.738041798367554,61.6289295184922,56,0.09885035030643165,98.85035030643165
68,115,-28.738041798367554,61.6289295184922,64,0.09944753303851486,99.44753303851486
68,115,-28.738041798367554,61.6289295184922,72,0.10121812853615356,101.21812853615356
68,115,-28.738041798367554,61.6289295184922,80,0.10232788562164563,102.32788562164563
68,115,-28.738041798367554,61.6289295184922,88,0.10412372723466737,104.12372723466737
68,115,-28.738041798367554,61.6289295184922,96,0.10476234005229348,104.76234005229348
68,115,-28.738041798367554,61.6289295184922,104,0.10335063223958615,103.35063223958615
68,115,-28.738041798367554,61.6289295184922,112,0.10041111892723287,100.41111892723286
68,115,-28.738041798367554,61.6289295184922,120,0.09869254464134303,98.69254464134303
68,115,-28.738041798367554,61.6289295184922,128,0.09996610001500433,99.96610001500433
68,115,-28.738041798367554,61.6289295184922,136,0.10160754084162826,101.60754084162826
68,115,-28.738041798367554,61.6289295184922,144,0.10290701378766104,102.90701378766104
68,115,-28.738041798367554,61.6289295184922,152,0.10445247188308715,104.45247188308716
68,115,-28.738041798367554,61.6289295184922,160,0.10417735093297566,104.17735093297566
68,115,-28.738041798367554,61.6289295184922,168,0.10198047453394701,101.98047453394702
68,115,-28.738041798367554,61.6289295184922,176,0.0986284191405849,98.6284191405849
68,115,-28.738041798367554,61.6289295184922,184,0.09927456492130154,99.27456492130155
68,115,-28.738041798367554,61.6289295184922,192,0.10107608362027727,101.07608362027727
68,115,-28.738041798367554,61.6289295184922,200,0.10227020988029992,102.27020988029992
68,115,-28.738041798367554,61.6289295184922,208,0.1041652537114155,104.16525371141549
68,115,-28.738041798367554,61.6289295184922,216,0.10487218947099515,104.87218947099515
68,115,-28.738041798367554,61.6289295184922,224,0.10348981955317628,103.48981955317628
68,115,-28.738041798367554,61.6289295184922,232,0.10059309188951798,100.59309188951798
68,115,-28.738041798367554,61.6289295184922,240,0.09892621578076033,98.92621578076033
68,115,-28.738041798367554,61.6289295184922,248,0.10024953689707763,100.24953689707763
68,115,-28.738041798367554,61.6289295184922,256,0.10189715633511505,101.89715633511506
68,115,-28.738041798367554,61.6289295184922,264,0.1031651983975645,103.1651983975645
68,115,-28.738041798367554,61.6289295184922,272,0.10466536588370823,104.66536588370823
68,115,-28.738041798367554,61.6289295184922,280,0.10434682830587463,104.34682830587464
68,115,-28.738041798367554,61.6289295184922,288,0.10209587325315009,102.09587325315009
68,115,-28.738041798367554,61.6289295184922,296,0.09865247041070287,98.65247041070286
68,115,-28.738041798367554,61.6289295184922,304,0.0992042776084072,99.2042776084072
68,115,-28.738041798367554,61.6289295184922,312,0.10093834220456005,100.93834220456004
68,115,-28.738041798367554,61.6289295184922,320,0.102054112059437,102.054112059437
68,115,-28.738041798367554,61.6289295184922,328,0.10390171227170976,103.90171227170975
68,115,-28.738041798367554,61.6289295184922,336,0.10457050398653514,104.57050398653514
68,115,-28.738041798367554,61.6289295184922,344,0.1032176545998389,103.21765459983891
68,115,-28.738041798367554,61.6289295184922,352,0.10034207478005376,100.34207478005376
68,115,-28.738041798367554,61.6289295184922,360,0.09871866393943451,98.71866393943452
68,120,-33.999999999999986,58.889727457341834,0,0.09321445597572067,93.21445597572067
68,120,-33.999999999999986,58.889727457341834,8,0.09451039932384578,94.51039932384577
68,120,-33.999999999999986,58.889727457341834,16,0.09542527831416187,95.42527831416187
68,120,-33.999999999999986,58.889727457341834,24,0.09726248144832592,97.26248144832591
68,120,-33.999999999999986,58.889727457341834,32,0.09833267788610235,98.33267788610235
68,120,-33.999999999999986,58.889727457341834,40,0.09755783480242233,97.55783480242233
68,120,-33.999999999999986,58.889727457341834,48,0.09479008651121212,94.79008651121212
68,120,-33.999999999999986,58.889727457341834,56,0.09320216657787339,93.20216657787338
68,120,-33.999999999999986,58.889727457341834,64,0.09386210022145475,93.86210022145475
68,120,-33.999999999999986,58.889727457341834,72,0.09520864516484448,95.20864516484448
68,120,-33.999999999999986,58.889727457341834,80,0.09623486142621082,96.23486142621083
68,120,-33.999999999999986,58.889727457341834,88,0.09796992581684341,97.96992581684341
68,120,-33.999999999999986,58.889727457341834,96,0.09808822103602517,98.08822103602517
68,120,-33.999999999999986,58.889727457341834,104,0.09629117878077938,96.29117878077938
68,120,-33.999999999999986,58.889727457341834,112,0.0929576738253105,92.95767382531051
68,120,-33.999999999999986,58.889727457341834,120,0.09318830002037706,93.18830002037706
68,120,-33.999999999999986,58.889727457341834,128,0.09439742413869168,94.39742413869168
68,120,-33.999999999999986,58.889727457341834,136,0.09523474951033728,95.23474951033728
68,120,-33.999999999999986,58.889727457341834,144,0.09702094480589664,97.02094480589663
68,120,-33.999999999999986,58.889727457341834,152,0.09806087715422619,98.06087715422619
68,120,-33.999999999999986,58.889727457341834,160,0.09728862698110177,97.28862698110177
68,120,-33.999999999999986,58.889727457341834,168,0.09454160491218028,94.54160491218028
68,120,-33.999999999999986,58.889727457341834,176,0.09299764800669422,92.99764800669422
68,120,-33.999999999999986,58.889727457341834,184,0.09369717343357878,93.69717343357878
68,120,-33.999999999999986,58.889727457341834,192,0.09507601392081225,95.07601392081224
68,120,-33.999999999999986,58.889727457341834,200,0.09618878021026608,96.18878021026609
68,120,-33.999999999999986,58.889727457341834,208,0.0980194250088191,98.0194250088191
68,120,-33.999999999999986,58.889727457341834,216,0.0982015604539368,98.20156045393679
68,120,-33.999999999999986,58.889727457341834,224,0.09642952594841236,96.42952594841236
68,120,-33.999999999999986,58.889727457341834,232,0.09313174519975598,93.13174519975598
68,120,-33.999999999999986,58.889727457341834,240,0.09341150392809702,93.41150392809702
68,120,-33.999999999999986,58.889727457341834,248,0.0946813131296208,94.6813131296208
68,120,-33.999999999999986,58.889727457341834,256,0.09551506163962084,95.51506163962084
68,120,-33.999999999999986,58.889727457341834,264,0.09726168137191182,97.26168137191182
68,120,-33.999999999999986,58.889727457341834,272,0.0982546716265676,98.2546716265676
68,120,-33.999999999999986,58.889727457341834,280,0.09744174097761106,97.44174097761106
68,120,-33.999999999999986,58.889727457341834,288,0.09463965532776165,94.63965532776166
68,120,-33.999999999999986,58.889727457341834,296,0.09301905059597321,93.01905059597321
68,120,-33.999999999999986,58.889727457341834,304,0.09362593324790941,93.62593324790942
68,120,-33.999999999999986,58.889727457341834,312,0.09493582729996702,94.93582729996703
68,120,-33.999999999999986,58.889727457341834,320,0.09597450866610176,95.97450866610176
68,120,-33.999999999999986,58.889727457341834,328,0.09776702045938208,97.76702045938208
68,120,-33.999999999999986,58.889727457341834,336,0.09791632859223284,97.91632859223284
68,120,-33.999999999999986,58.889727457341834,344,0.09617100449076932,96.17100449076932
68,120,-33.999999999999986,58.889727457341834,352,0.09290290441878582,92.90290441878582
68,120,-33.999999999999986,58.889727457341834,360,0.09321488914008536,93.21488914008536
68,125,-39.00319767187114,55.70233901165143,0,0.08784607737175672,87.84607737175672
68,125,-39.00319767187114,55.70233901165143,8,0.08869293128336009,88.69293128336008
68,125,-39.00319767187114,55.70233901165143,16,0.08984843538035815,89.84843538035815
68,125,-39.00319767187114,55.70233901165143,24,0.09151322675037141,91.5132267503714
68,125,-39.00319767187114,55.70233901165143,32,0.09206508434083206,92.06508434083206
68,125,-39.00319767187114,55.70233901165143,40,0.09078183846395801,90.78183846395801
68,125,-39.00319767187114,55.70233901165143,48,0.08819234582867604,88.19234582867604
68,125,-39.00319767187114,55.70233901165143,56,0.08795869957299263,87.95869957299263
68,125,-39.00319767187114,55.70233901165143,64,0.08839994174661359,88.39994174661359
68,125,-39.00319767187114,55.70233901165143,72,0.0891811549665397,89.1811549665397
68,125,-39.00319767187114,55.70233901165143,80,0.09069945179508478,90.69945179508477
68,125,-39.00319767187114,55.70233901165143,88,0.09195703730701967,91.95703730701966
68,125,-39.00319767187114,55.70233901165143,96,0.09155618623569418,91.55618623569418
68,125,-39.00319767187114,55.70233901165143,104,0.08923774865065545,89.23774865065545
68,125,-39.00319767187114,55.70233901165143,112,0.08792383836348334,87.92383836348334
68,125,-39.00319767187114,55.70233901165143,120,0.08781937811936293,87.81937811936292
68,125,-39.00319767187114,55.70233901165143,128,0.08857457869060925,88.57457869060926
68,125,-39.00319767187114,55.70233901165143,136,0.08965735989213416,89.65735989213417
68,125,-39.00319767187114,55.70233901165143,144,0.09128200337286216,91.28200337286216
68,125,-39.00319767187114,55.70233901165143,152,0.0918096503110152,91.8096503110152
68,125,-39.00319767187114,55.70233901165143,160,0.09053108822946704,90.53108822946704
68,125,-39.00319767187114,55.70233901165143,168,0.08796696100129321,87.96696100129321
68,125,-39.00319767187114,55.70233901165143,176,0.087771920949034,87.771920949034
68,125,-39.00319767187114,55.70233901165143,184,0.08824495080102171,88.24495080102172
68,125,-39.00319767187114,55.70233901165143,192,0.0890632222721959,89.0632222721959
68,125,-39.00319767187114,55.70233901165143,200,0.09066640316750307,90.66640316750308
68,125,-39.00319767187114,55.70233901165143,208,0.09201351433105112,92.01351433105113
68,125,-39.00319767187114,55.70233901165143,216,0.09167174567320586,91.67174567320586
68,125,-39.00319767187114,55.70233901165143,224,0.08937279653647835,89.37279653647835
68,125,-39.00319767187114,55.70233901165143,232,0.0880819106933266,88.0819106933266
68,125,-39.00319767187114,55.70233901165143,240,0.08803113320630962,88.03113320630962
68,125,-39.00319767187114,55.70233901165143,248,0.08884880683714536,88.84880683714536
68,125,-39.00319767187114,55.70233901165143,256,0.0899230989396172,89.92309893961719
68,125,-39.00319767187114,55.70233901165143,264,0.09150383025008355,91.50383025008354
68,125,-39.00319767187114,55.70233901165143,272,0.0919833860286027,91.98338602860271
68,125,-39.00319767187114,55.70233901165143,280,0.09066614728036455,90.66614728036456
68,125,-39.00319767187114,55.70233901165143,288,0.08805196831619524,88.05196831619524
68,125,-39.00319767187114,55.70233901165143,296,0.08779180232934415,87.79180232934415
68,125,-39.00319767187114,55.70233901165143,304,0.08817236013199736,88.17236013199737
68,125,-39.00319767187114,55.70233901165143,312,0.08892035226596719,88.92035226596718
68,125,-39.00319767187114,55.70233901165143,320,0.09045614687959143,90.45614687959143
68,125,-39.00319767187114,55.70233901165143,328,0.09177441781300724,91.77441781300725
68,125,-39.00319767187114,55.70233901165143,336,0.09140488043033503,91.40488043033503
68,125,-39.00319767187114,55.70233901165143,344,0.08913600951751155,89.13600951751155
68,125,-39.00319767187114,55.70233901165143,352,0.08787164813790772,87.87164813790773
68,125,-39.00319767187114,55.70233901165143,360,0.08784636874057272,87.84636874057273
68,130,-43.70955745868468,52.09102213209051,0,0.08261054541743673,82.61054541743673
68,130,-43.70955745868468,52.09102213209051,8,0.08314709220439748,83.14709220439748
68,130,-43.70955745868468,52.09102213209051,16,0.08467210381425683,84.67210381425683
68,130,-43.70955745868468,52.09102213209051,24,0.08595263201924426,85.95263201924426
68,130,-43.70955745868468,52.09102213209051,32,0.08598346257445279,85.98346257445279
68,130,-43.70955745868468,52.09102213209051,40,0.08417808723274257,84.17808723274257
68,130,-43.70955745868468,52.09102213209051,48,0.08348410087187048,83.48410087187048
68,130,-43.70955745868468,52.09102213209051,56,0.0828733540961441,82.8733540961441
68,130,-43.70955745868468,52.09102213209051,64,0.0828787537795576,82.8787537795576
68,130,-43.70955745868468,52.09102213209051,72,0.08408222623671019,84.08222623671018
68,130,-43.70955745868468,52.09102213209051,80,0.08535491787436417,85.35491787436416
68,130,-43.70955745868468,52.09102213209051,88,0.08613082341743725,86.13082341743724
68,130,-43.70955745868468,52.09102213209051,96,0.08521130319260452,85.21130319260452
68,130,-43.70955745868468,52.09102213209051,104,0.08352308306750508,83.52308306750508
68,130,-43.70955745868468,52.09102213209051,112,0.0830382138535406,83.0382138535406
68,130,-43.70955745868468,52.09102213209051,120,0.08258185423406823,82.58185423406823
68,130,-43.70955745868468,52.09102213209051,128,0.08302355252145409,83.02355252145409
68,130,-43.70955745868468,52.09102213209051,136,0.08448186711765449,84.48186711765449
68,130,-43.70955745868468,52.09102213209051,144,0.08573386629813069,85.73386629813069
68,130,-43.70955745868468,52.09102213209051,152,0.08574636696432503,85.74636696432503
68,130,-43.70955745868468,52.09102213209051,160,0.08394955549016361,83.94955549016362
68,130,-43.70955745868468,52.09102213209051,168,0.0832811503587208,83.28115035872081
68,130,-43.70955745868468,52.09102213209051,176,0.08270518343479563,82.70518343479563
68,130,-43.70955745868468,52.09102213209051,184,0.08274317090690358,82.74317090690359
68,130,-43.70955745868468,52.09102213209051,192,0.0839823374068073,83.9823374068073
68,130,-43.70955745868468,52.09102213209051,200,0.08533464360680204,85.33464360680205
68,130,-43.70955745868468,52.09102213209051,208,0.08619323028483747,86.19323028483747
68,130,-43.70955745868468,52.09102213209051,216,0.08532811276704855,85.32811276704855
68,130,-43.70955745868468,52.09102213209051,224,0.08364634409051681,83.64634409051682
68,130,-43.70955745868468,52.09102213209051,232,0.08317935111833824,83.17935111833825
68,130,-43.70955745868468,52.09102213209051,240,0.0827806796555253,82.78067965552529
68,130,-43.70955745868468,52.09102213209051,248,0.08328520698336483,83.28520698336483
68,130,-43.70955745868468,52.09102213209051,256,0.08473032199430199,84.73032199430199
68,130,-43.70955745868468,52.09102213209051,264,0.08593546575580238,85.93546575580238
68,130,-43.70955745868468,52.09102213209051,272,0.08589923735991985,85.89923735991985
68,130,-43.70955745868468,52.09102213209051,280,0.08406453277033515,84.06453277033515
68,130,-43.70955745868468,52.09102213209051,288,0.08336364610896449,83.36364610896449
68,130,-43.70955745868468,52.09102213209051,296,0.08272341889637727,82.72341889637727
68,130,-43.70955745868468,52.09102213209051,304,0.08266469647874992,82.66469647874993
68,130,-43.70955745868468,52.09102213209051,312,0.08383804880420281,83.83804880420281
68,130,-43.70955745868468,52.09102213209051,320,0.08512996576132072,85.12996576132072
68,130,-43.70955745868468,52.09102213209051,328,0.08596951165715674,85.96951165715674
68,130,-43.70955745868468,52.09102213209051,336,0.0850808421846192,85.0808421846192
68,130,-43.70955745868468,52.09102213209051,344,0.0834315649835039,83.4315649835039
68,130,-43.70955745868468,52.09102213209051,352,0.08298879053784676,82.98879053784675
68,130,-43.70955745868468,52.09102213209051,360,0.0826106973052683,82.61069730526829
68,135,-48.08326112068523,48.083261120685236,0,0.07749343272478568,77.49343272478568
68,135,-48.08326112068523,48.083261120685236,8,0.0784685626535558,78.4685626535558
68,135,-48.08326112068523,48.083261120685236,16,0.07971518322664006,79.71518322664006
68,135,-48.08326112068523,48.083261120685236,24,0.08062301673842728,80.62301673842728
68,135,-48.08326112068523,48.083261120685236,32,0.08013293229211384,80.13293229211384
68,135,-48.08326112068523,48.083261120685236,40,0.07931644118533102,79.31644118533102
68,135,-48.08326112068523,48.083261120685236,48,0.07895448897985395,78.95448897985395
68,135,-48.08326112068523,48.083261120685236,56,0.07795683357959571,77.95683357959571
68,135,-48.08326112068523,48.083261120685236,64,0.07783635601618134,77.83635601618134
68,135,-48.08326112068523,48.083261120685236,72,0.07923531742496856,79.23531742496856
68,135,-48.08326112068523,48.083261120685236,80,0.08024193479430344,80.24193479430345
68,135,-48.08326112068523,48.083261120685236,88,0.08053578616764148,80.53578616764148
68,135,-48.08326112068523,48.083261120685236,96,0.07910364635052727,79.10364635052727
68,135,-48.08326112068523,48.083261120685236,104,0.07919617441888069,79.19617441888069
68,135,-48.08326112068523,48.083261120685236,112,0.07833798284802358,78.33798284802359
68,135,-48.08326112068523,48.083261120685236,120,0.07745941738950451,77.45941738950451
68,135,-48.08326112068523,48.083261120685236,128,0.07834113610960852,78.34113610960853
68,135,-48.08326112068523,48.083261120685236,136,0.07952681086482827,79.52681086482826
68,135,-48.08326112068523,48.083261120685236,144,0.08041875825489764,80.41875825489764
68,135,-48.08326112068523,48.083261120685236,152,0.0799149374152128,79.9149374152128
68,135,-48.08326112068523,48.083261120685236,160,0.07911116636154147,79.11116636154148
68,135,-48.08326112068523,48.083261120685236,168,0.07877502076131805,78.77502076131805
68,135,-48.08326112068523,48.083261120685236,176,0.07780965724271979,77.8096572427198
68,135,-48.08326112068523,48.083261120685236,184,0.07772123387608804,77.72123387608804
68,135,-48.08326112068523,48.083261120685236,192,0.07915431918690041,79.15431918690041
68,135,-48.08326112068523,48.083261120685236,200,0.08023407943782429,80.23407943782429
68,135,-48.08326112068523,48.083261120685236,208,0.0806030741753179,80.6030741753179
68,135,-48.08326112068523,48.083261120685236,216,0.07922060478277293,79.22060478277292
68,135,-48.08326112068523,48.083261120685236,224,0.07929921571222823,79.29921571222823
68,135,-48.08326112068523,48.083261120685236,232,0.07846137791340298,78.46137791340298
68,135,-48.08326112068523,48.083261120685236,240,0.07764319523190846,77.64319523190846
68,135,-48.08326112068523,48.083261120685236,248,0.07858602488160976,78.58602488160976
68,135,-48.08326112068523,48.083261120685236,256,0.0797566420139949,79.7566420139949
68,135,-48.08326112068523,48.083261120685236,264,0.08059896650514015,80.59896650514014
68,135,-48.08326112068523,48.083261120685236,272,0.08004672844091648,80.04672844091648
68,135,-48.08326112068523,48.083261120685236,280,0.0792175914012692,79.2175914012692
68,135,-48.08326112068523,48.083261120685236,288,0.07885458605490625,78.85458605490625
68,135,-48.08326112068523,48.083261120685236,296,0.07782458438964332,77.82458438964332
68,135,-48.08326112068523,48.083261120685236,304,0.07763714036864729,77.63714036864728
68,135,-48.08326112068523,48.083261120685236,312,0.07900925856195314,79.00925856195313
68,135,-48.08326112068523,48.083261120685236,320,0.08003650076563566,80.03650076563567
68,135,-48.08326112068523,48.083261120685236,328,0.08039662168166431,80.39662168166431
68,135,-48.08326112068523,48.083261120685236,336,0.07899421739179055,78.99421739179056
68,135,-48.08326112068523,48.083261120685236,344,0.079106545270641,79.10654527064099
68,135,-48.08326112068523,48.083261120685236,352,0.07829149311328945,78.29149311328945
68,135,-48.08326112068523,48.083261120685236,360,0.07749345912097816,77.49345912097816
68,140,-52.0910221320905,43.709557458684685,0,0.07302341929771984,73.02341929771984
68,140,-52.0910221320905,43.709557458684685,8,0.07400631581538047,74.00631581538047
68,140,-52.0910221320905,43.709557458684685,16,0.07501539877625017,75.01539877625017
68,140,-52.0910221320905,43.709557458684685,24,0.07556703564474364,75.56703564474364
68,140,-52.0910221320905,43.709557458684685,32,0.07471998173511236,74.71998173511237
68,140,-52.0910221320905,43.709557458684685,40,0.0753612427388849,75.36124273888491
68,140,-52.0910221320905,43.709557458684685,48,0.07463798323417908,74.63798323417909
68,140,-52.0910221320905,43.709557458684685,56,0.07324668300599607,73.24668300599608
68,140,-52.0910221320905,43.709557458684685,64,0.07351177664140841,73.51177664140842
68,140,-52.0910221320905,43.709557458684685,72,0.07462547442726059,74.62547442726058
68,140,-52.0910221320905,43.709557458684685,80,0.0753994154434455,75.3994154434455
68,140,-52.0910221320905,43.709557458684685,88,0.07521672893674915,75.21672893674915
68,140,-52.0910221320905,43.709557458684685,96,0.07509004389941906,75.09004389941906
68,140,-52.0910221320905,43.709557458684685,104,0.07508010943002721,75.08010943002722
68,140,-52.0910221320905,43.709557458684685,112,0.07385107650675146,73.85107650675147
68,140,-52.0910221320905,43.709557458684685,120,0.07298414632982357,72.98414632982357
68,140,-52.0910221320905,43.709557458684685,128,0.07387533529287196,73.87533529287197
68,140,-52.0910221320905,43.709557458684685,136,0.07482990210368434,74.82990210368435
68,140,-52.0910221320905,43.709557458684685,144,0.07537902627825642,75.37902627825642
68,140,-52.0910221320905,43.709557458684685,152,0.07452253980778656,74.52253980778656
68,140,-52.0910221320905,43.709557458684685,160,0.07518027053778686,75.18027053778687
68,140,-52.0910221320905,43.709557458684685,168,0.07448286657619665,74.48286657619666
68,140,-52.0910221320905,43.709557458684685,176,0.0731227200292465,73.1227200292465
68,140,-52.0910221320905,43.709557458684685,184,0.07341813575855594,73.41813575855593
68,140,-52.0910221320905,43.709557458684685,192,0.07456389861634749,74.56389861634749
68,140,-52.0910221320905,43.709557458684685,200,0.07540352903370065,75.40352903370065
68,140,-52.0910221320905,43.709557458684685,208,0.0752884251022202,75.2884251022202
68,140,-52.0910221320905,43.709557458684685,216,0.07519156137406137,75.19156137406137
68,140,-52.0910221320905,43.709557458684685,224,0.0751623485711033,75.1623485711033
68,140,-52.0910221320905,43.709557458684685,232,0.07395591728389925,73.95591728389925
68,140,-52.0910221320905,43.709557458684685,240,0.07315205843738395,73.15205843738396
68,140,-52.0910221320905,43.709557458684685,248,0.07410230616383578,74.10230616383579
68,140,-52.0910221320905,43.709557458684685,256,0.07503991170653619,75.03991170653619
68,140,-52.0910221320905,43.709557458684685,264,0.07553691294697491,75.53691294697491
68,140,-52.0910221320905,43.709557458684685,272,0.07463430931505924,74.63430931505924
68,140,-52.0910221320905,43.709557458684685,280,0.07528294237396174,75.28294237396175
68,140,-52.0910221320905,43.709557458684685,288,0.07455910482367682,74.55910482367682
68,140,-52.0910221320905,43.709557458684685,296,0.07313270869161131,73.13270869161131
68,140,-52.0910221320905,43.709557458684685,304,0.07332888268972285,73.32888268972285
68,140,-52.0910221320905,43.709557458684685,312,0.07441867283351258,74.41867283351259
68,140,-52.0910221320905,43.709557458684685,320,0.07521451623667172,75.21451623667171
68,140,-52.0910221320905,43.709557458684685,328,0.07510010446271949,75.10010446271949
68,140,-52.0910221320905,43.709557458684685,336,0.07498736450144688,74.98736450144689
68,140,-52.0910221320905,43.709557458684685,344,0.07499286885776767,74.99286885776766
68,140,-52.0910221320905,43.709557458684685,352,0.07380830331467053,73.80830331467052
68,140,-52.0910221320905,43.709557458684685,360,0.07302342446533684,73.02342446533684
68,145,-55.702339011651446,39.00319767187112,0,0.06912921052089475,69.12921052089476
68,145,-55.702339011651446,39.00319767187112,8,0.06979431208268833,69.79431208268832
68,145,-55.702339011651446,39.00319767187112,16,0.07060851866056203,70.60851866056203
68,145,-55.702339011651446,39.00319767187112,24,0.0708272996436575,70.8272996436575
68,145,-55.702339011651446,39.00319767187112,32,0.07130250651118036,71.30250651118037
68,145,-55.702339011651446,39.00319767187112,40,0.0716468272868773,71.6468272868773
68,145,-55.702339011651446,39.00319767187112,48,0.07056939458398542,70.56939458398543
68,145,-55.702339011651446,39.00319767187112,56,0.06934334464325538,69.34334464325538
68,145,-55.702339011651446,39.00319767187112,64,0.06941606885096255,69.41606885096255
68,145,-55.702339011651446,39.00319767187112,72,0.07028778093229808,70.28778093229808
68,145,-55.702339011651446,39.00319767187112,80,0.07088913115191375,70.88913115191376
68,145,-55.702339011651446,39.00319767187112,88,0.07069552877080534,70.69552877080534
68,145,-55.702339011651446,39.00319767187112,96,0.07155861103709199,71.55861103709199
68,145,-55.702339011651446,39.00319767187112,104,0.07120681613953413,71.20681613953413
68,145,-55.702339011651446,39.00319767187112,112,0.06961602219277946,69.61602219277945
68,145,-55.702339011651446,39.00319767187112,120,0.06908475702857066,69.08475702857065
68,145,-55.702339011651446,39.00319767187112,128,0.06966013751198404,69.66013751198403
68,145,-55.702339011651446,39.00319767187112,136,0.07042688714596596,70.42688714596595
68,145,-55.702339011651446,39.00319767187112,144,0.07065676815517054,70.65676815517054
68,145,-55.702339011651446,39.00319767187112,152,0.07112740378293766,71.12740378293766
68,145,-55.702339011651446,39.00319767187112,160,0.07149116537734937,71.49116537734938
68,145,-55.702339011651446,39.00319767187112,168,0.07043947264875047,70.43947264875047
68,145,-55.702339011651446,39.00319767187112,176,0.06924236434710053,69.24236434710053
68,145,-55.702339011651446,39.00319767187112,184,0.06934444484698543,69.34444484698543
68,145,-55.702339011651446,39.00319767187112,192,0.07024601156746214,70.24601156746215
68,145,-55.702339011651446,39.00319767187112,200,0.07090317357499988,70.90317357499988
68,145,-55.702339011651446,39.00319767187112,208,0.07076564756963188,70.76564756963188
68,145,-55.702339011651446,39.00319767187112,216,0.07164223746682473,71.64223746682472
68,145,-55.702339011651446,39.00319767187112,224,0.07126783462425357,71.26783462425357
68,145,-55.702339011651446,39.00319767187112,232,0.06970171599025933,69.70171599025933
68,145,-55.702339011651446,39.00319767187112,240,0.06923612525621604,69.23612525621604
68,145,-55.702339011651446,39.00319767187112,248,0.06986817463682846,69.86817463682846
68,145,-55.702339011651446,39.00319767187112,256,0.07061602823760521,70.6160282376052
68,145,-55.702339011651446,39.00319767187112,264,0.07079171213941768,70.79171213941768
68,145,-55.702339011651446,39.00319767187112,272,0.0712338145505847,71.2338145505847
68,145,-55.702339011651446,39.00319767187112,280,0.07158949352444836,71.58949352444836
68,145,-55.702339011651446,39.00319767187112,288,0.07051183077425482,70.51183077425482
68,145,-55.702339011651446,39.00319767187112,296,0.06924647968239042,69.24647968239042
68,145,-55.702339011651446,39.00319767187112,304,0.06925013548749695,69.25013548749695
68,145,-55.702339011651446,39.00319767187112,312,0.07010122874814602,70.10122874814601
68,145,-55.702339011651446,39.00319767187112,320,0.0707262467566315,70.7262467566315
68,145,-55.702339011651446,39.00319767187112,328,0.07059729831145696,70.59729831145697
68,145,-55.702339011651446,39.00319767187112,336,0.07146144472334753,71.46144472334754
68,145,-55.702339011651446,39.00319767187112,344,0.07112244574408397,71.12244574408396
68,145,-55.702339011651446,39.00319767187112,352,0.06957736351871964,69.57736351871964
68,145,-55.702339011651446,39.00319767187112,360,0.06912927036944319,69.12927036944319
68,150,-58.889727457341834,33.99999999999999,0,0.06547661027401724,65.47661027401725
68,150,-58.889727457341834,33.99999999999999,8,0.06586460734716251,65.86460734716252
68,150,-58.889727457341834,33.99999999999999,16,0.06667468446632623,66.67468446632623
68,150,-58.889727457341834,33.99999999999999,24,0.06714494937869794,67.14494937869794
68,150,-58.889727457341834,33.99999999999999,32,0.06816413133648652,68.16413133648652
68,150,-58.889727457341834,33.99999999999999,40,0.06820312071227,68.20312071226999
68,150,-58.889727457341834,33.99999999999999,48,0.06688179241817084,66.88179241817085
68,150,-58.889727457341834,33.99999999999999,56,0.0658712393394131,65.87123933941311
68,150,-58.889727457341834,33.99999999999999,64,0.06558040345418506,65.58040345418506
68,150,-58.889727457341834,33.99999999999999,72,0.06625524940674869,66.25524940674869
68,150,-58.889727457341834,33.99999999999999,80,0.06675262025798406,66.75262025798406
68,150,-58.889727457341834,33.99999999999999,88,0.06769257787330753,67.69257787330753
68,150,-58.889727457341834,33.99999999999999,96,0.06829899521034652,68.29899521034652
68,150,-58.889727457341834,33.99999999999999,104,0.06760994260337996,67.60994260337996
68,150,-58.889727457341834,33.99999999999999,112,0.06634620074230864,66.34620074230864
68,150,-58.889727457341834,33.99999999999999,120,0.06542699113695642,65.42699113695642
68,150,-58.889727457341834,33.99999999999999,128,0.06572762296726332,65.72762296726333
68,150,-58.889727457341834,33.99999999999999,136,0.0665038756726638,66.50387567266381
68,150,-58.889727457341834,33.99999999999999,144,0.06699398816181938,66.99398816181939
68,150,-58.889727457341834,33.99999999999999,152,0.06801260160749116,68.01260160749116
68,150,-58.889727457341834,33.99999999999999,160,0.06807353454551383,68.07353454551384
68,150,-58.889727457341834,33.99999999999999,168,0.06677737934679287,66.77737934679287
68,150,-58.889727457341834,33.99999999999999,176,0.06579338621689554,65.79338621689554
68,150,-58.889727457341834,33.99999999999999,184,0.06553116438897547,65.53116438897547
68,150,-58.889727457341834,33.99999999999999,192,0.06623351976789793,66.23351976789793
68,150,-58.889727457341834,33.99999999999999,200,0.06677404192260025,66.77404192260025
68,150,-58.889727457341834,33.99999999999999,208,0.06774821603444733,67.74821603444734
68,150,-58.889727457341834,33.99999999999999,216,0.06836429756779609,68.36429756779609
68,150,-58.889727457341834,33.99999999999999,224,0.06764952221166905,67.64952221166905
68,150,-58.889727457341834,33.99999999999999,232,0.06641393683999255,66.41393683999256
68,150,-58.889727457341834,33.99999999999999,240,0.065561329796925,65.561329796925
68,150,-58.889727457341834,33.99999999999999,248,0.06591585459814692,65.91585459814692
68,150,-58.889727457341834,33.99999999999999,256,0.06667014662838144,66.67014662838145
68,150,-58.889727457341834,33.99999999999999,264,0.0671132486208917,67.1132486208917
68,150,-58.889727457341834,33.99999999999999,272,0.06811282775662987,68.11282775662987
68,150,-58.889727457341834,33.99999999999999,280,0.06816698495208284,68.16698495208284
68,150,-58.889727457341834,33.99999999999999,288,0.06684514943350801,66.84514943350801
68,150,-58.889727457341834,33.99999999999999,296,0.06579132679514356,65.79132679514356
68,150,-58.889727457341834,33.99999999999999,304,0.0654319404909935,65.4319404909935
68,150,-58.889727457341834,33.99999999999999,312,0.06608978466228711,66.08978466228712
68,150,-58.889727457341834,33.99999999999999,320,0.06661324244635883,66.61324244635883
68,150,-58.889727457341834,33.99999999999999,328,0.06760187725468217,67.60187725468217
68,150,-58.889727457341834,33.99999999999999,336,0.06820795530163168,68.20795530163169
68,150,-58.889727457341834,33.99999999999999,344,0.06752890310494683,67.52890310494683
68,150,-58.889727457341834,33.99999999999999,352,0.0663131753578069,66.3131753578069
68,150,-58.889727457341834,33.99999999999999,360,0.06547670178438898,65.47670178438898
68,155,-61.62892951849219,28.738041798367565,0,0.06209341705046645,62.09341705046645
68,155,-61.62892951849219,28.738041798367565,8,0.062292658857036776,62.29265885703678
68,155,-61.62892951849219,28.738041798367565,16,0.0631874670537558,63.1874670537558
68,155,-61.62892951849219,28.738041798367565,24,0.06455148722790717,64.55148722790717
68,155,-61.62892951849219,28.738041798367565,32,0.06532874114111298,65.32874114111297
68,155,-61.62892951849219,28.738041798367565,40,0.06505840990013209,65.05840990013209
68,155,-61.62892951849219,28.738041798367565,48,0.06412998788147833,64.12998788147833
68,155,-61.62892951849219,28.738041798367565,56,0.06265147818051292,62.65147818051292
68,155,-61.62892951849219,28.738041798367565,64,0.06203397218078347,62.03397218078347
68,155,-61.62892951849219,28.738041798367565,72,0.06296304845134512,62.963048451345124
68,155,-61.62892951849219,28.738041798367565,80,0.06385162570911448,63.85162570911449
68,155,-61.62892951849219,28.738041798367565,88,0.06500258644652565,65.00258644652565
68,155,-61.62892951849219,28.738041798367565,96,0.06533783973188556,65.33783973188557
68,155,-61.62892951849219,28.738041798367565,104,0.06457961316411202,64.57961316411202
68,155,-61.62892951849219,28.738041798367565,112,0.063367139723539,63.367139723539
68,155,-61.62892951849219,28.738041798367565,120,0.062038686462035544,62.03868646203554
68,155,-61.62892951849219,28.738041798367565,128,0.062154094342874784,62.154094342874785
68,155,-61.62892951849219,28.738041798367565,136,0.06303205016218749,63.03205016218749
68,155,-61.62892951849219,28.738041798367565,144,0.0644220420793972,64.4220420793972
68,155,-61.62892951849219,28.738041798367565,152,0.06520183880677113,65.20183880677114
68,155,-61.62892951849219,28.738041798367565,160,0.06495540427608952,64.95540427608952
68,155,-61.62892951849219,28.738041798367565,168,0.06405018044867468,64.05018044867468
68,155,-61.62892951849219,28.738041798367565,176,0.06259699938022212,62.596999380222115
68,155,-61.62892951849219,28.738041798367565,184,0.0620073157513332,62.007315751333195
68,155,-61.62892951849219,28.738041798367565,192,0.06295367610347383,62.953676103473825
68,155,-61.62892951849219,28.738041798367565,200,0.06386813373282293,63.86813373282293
68,155,-61.62892951849219,28.738041798367565,208,0.06504335752652624,65.04335752652624
68,155,-61.62892951849219,28.738041798367565,216,0.06538458034571372,65.38458034571372
68,155,-61.62892951849219,28.738041798367565,224,0.0645990229678077,64.5990229678077
68,155,-61.62892951849219,28.738041798367565,232,0.06341661327670536,63.41661327670536
68,155,-61.62892951849219,28.738041798367565,240,0.062155639471858204,62.1556394718582
68,155,-61.62892951849219,28.738041798367565,248,0.062321568652162075,62.32156865216208
68,155,-61.62892951849219,28.738041798367565,256,0.06317405154129146,63.17405154129146
68,155,-61.62892951849219,28.738041798367565,264,0.06453303615162212,64.53303615162211
68,155,-61.62892951849219,28.738041798367565,272,0.06529510152720013,65.29510152720013
68,155,-61.62892951849219,28.738041798367565,280,0.06504350933230575,65.04350933230575
68,155,-61.62892951849219,28.738041798367565,288,0.0641109672615295,64.1109672615295
68,155,-61.62892951849219,28.738041798367565,296,0.06258880900111509,62.58880900111509
68,155,-61.62892951849219,28.738041798367565,304,0.06190335646962504,61.90335646962504
68,155,-61.62892951849219,28.738041798367565,312,0.06282153951415421,62.82153951415422
68,155,-61.62892951849219,28.738041798367565,320,0.06372550882648566,63.72550882648566
68,155,-61.62892951849219,28.738041798367565,328,0.06492027138928753,64.92027138928754
68,155,-61.62892951849219,28.738041798367565,336,0.06525343506398537,65.25343506398536
68,155,-61.62892951849219,28.738041798367565,344,0.06450361842263011,64.50361842263011
68,155,-61.62892951849219,28.738041798367565,352,0.06333977589858464,63.33977589858464
68,155,-61.62892951849219,28.738041798367565,360,0.0620935169625877,62.0935169625877
68,160,-63.89909821344177,23.257369746145486,0,0.059005378993501424,59.005378993501424
68,160,-63.89909821344177,23.257369746145486,8,0.05973417539459487,59.73417539459487
68,160,-63.89909821344177,23.257369746145486,16,0.06096702104146075,60.96702104146075
68,160,-63.89909821344177,23.257369746145486,24,0.062301752809719925,62.30175280971992
68,160,-63.89909821344177,23.257369746145486,32,0.06281882155677605,62.81882155677605
68,160,-63.89909821344177,23.257369746145486,40,0.06268176449938195,62.681764499381956
68,160,-63.89909821344177,23.257369746145486,48,0.06163018885921701,61.630188859217014
68,160,-63.89909821344177,23.257369746145486,56,0.05970856549311898,59.70856549311898
68,160,-63.89909821344177,23.257369746145486,64,0.059049563391931605,59.049563391931606
68,160,-63.89909821344177,23.257369746145486,72,0.060196253636233966,60.19625363623397
68,160,-63.89909821344177,23.257369746145486,80,0.06170686828950056,61.70686828950056
68,160,-63.89909821344177,23.257369746145486,88,0.0626460269494787,62.646026949478696
68,160,-63.89909821344177,23.257369746145486,96,0.06269767243736732,62.697672437367316
68,160,-63.89909821344177,23.257369746145486,104,0.0623540281096827,62.3540281096827
68,160,-63.89909821344177,23.257369746145486,112,0.06065082837589156,60.65082837589156
68,160,-63.89909821344177,23.257369746145486,120,0.058945630048298434,58.94563004829843
68,160,-63.89909821344177,23.257369746145486,128,0.05960664321086204,59.60664321086204
68,160,-63.89909821344177,23.257369746145486,136,0.06082933514155259,60.82933514155259
68,160,-63.89909821344177,23.257369746145486,144,0.06219509003195723,62.19509003195723
68,160,-63.89909821344177,23.257369746145486,152,0.06271725536395296,62.717255363952965
68,160,-63.89909821344177,23.257369746145486,160,0.06260510521587415,62.60510521587415
68,160,-63.89909821344177,23.257369746145486,168,0.06157524539624729,61.57524539624729
68,160,-63.89909821344177,23.257369746145486,176,0.059677530270938445,59.67753027093845
68,160,-63.89909821344177,23.257369746145486,184,0.05904406624474371,59.04406624474371
68,160,-63.89909821344177,23.257369746145486,192,0.06019602537254054,60.19602537254054
68,160,-63.89909821344177,23.257369746145486,200,0.06171282758003355,61.71282758003355
68,160,-63.89909821344177,23.257369746145486,208,0.06267165765235203,62.671657652352025
68,160,-63.89909821344177,23.257369746145486,216,0.06272575464817916,62.725754648179155
68,160,-63.89909821344177,23.257369746145486,224,0.06235579061229544,62.355790612295436
68,160,-63.89909821344177,23.257369746145486,232,0.060681755343435506,60.681755343435505
68,160,-63.89909821344177,23.257369746145486,240,0.05904497364080141,59.044973640801416
68,160,-63.89909821344177,23.257369746145486,248,0.059749381468637265,59.74938146863727
68,160,-63.89909821344177,23.257369746145486,256,0.06095943161546078,60.95943161546078
68,160,-63.89909821344177,23.257369746145486,264,0.06229680343251327,62.29680343251327
68,160,-63.89909821344177,23.257369746145486,272,0.06280290824596498,62.80290824596498
68,160,-63.89909821344177,23.257369746145486,280,0.06268562754071674,62.685627540716744
68,160,-63.89909821344177,23.257369746145486,288,0.06162903271910132,61.62903271910132
68,160,-63.89909821344177,23.257369746145486,296,0.059663299394450656,59.663299394450654
68,160,-63.89909821344177,23.257369746145486,304,0.058938700206842734,58.93870020684273
68,160,-63.89909821344177,23.257369746145486,312,0.06007877035010663,60.07877035010663
68,160,-63.89909821344177,23.257369746145486,320,0.06159002897615785,61.590028976157846
68,160,-63.89909821344177,23.257369746145486,328,0.06257288935510649,62.57288935510649
68,160,-63.89909821344177,23.257369746145486,336,0.06262036161092482,62.620361610924824
68,160,-63.89909821344177,23.257369746145486,344,0.062285783286972984,62.285783286972986
68,160,-63.89909821344177,23.257369746145486,352,0.06062900638135871,60.62900638135871
68,160,-63.89909821344177,23.257369746145486,360,0.05900546398335606,59.00546398335606
68,165,-65.68295618765664,17.599695066971428,0,0.05674959726904522,56.749597269045225
68,165,-65.68295618765664,17.599695066971428,8,0.05773218589179237,57.73218589179237
68,165,-65.68295618765664,17.599695066971428,16,0.05924573002278767,59.24573002278767
68,165,-65.68295618765664,17.599695066971428,24,0.06041247664466293,60.412476644662924
68,165,-65.68295618765664,17.599695066971428,32,0.06065296820304542,60.652968203045425
68,165,-65.68295618765664,17.599695066971428,40,0.060972220560146076,60.97222056014608
68,165,-65.68295618765664,17.599695066971428,48,0.05940142033136628,59.401420331366275
68,165,-65.68295618765664,17.599695066971428,56,0.05706489861976162,57.06489861976162
68,165,-65.68295618765664,17.599695066971428,64,0.057135091189460835,57.13509118946084
68,165,-65.68295618765664,17.599695066971428,72,0.05850422229496753,58.50422229496753
68,165,-65.68295618765664,17.599695066971428,80,0.059934940766865286,59.93494076686529
68,165,-65.68295618765664,17.599695066971428,88,0.06063977058877438,60.63977058877438
68,165,-65.68295618765664,17.599695066971428,96,0.061046128623499285,61.046128623499285
68,165,-65.68295618765664,17.599695066971428,104,0.06039059284538132,60.39059284538132
68,165,-65.68295618765664,17.599695066971428,112,0.05821793946887559,58.217939468875585
68,165,-65.68295618765664,17.599695066971428,120,0.0566890914057662,56.689091405766206
68,165,-65.68295618765664,17.599695066971428,128,0.057618268123310425,57.61826812331042
68,165,-65.68295618765664,17.599695066971428,136,0.059127295613023406,59.127295613023406
68,165,-65.68295618765664,17.599695066971428,144,0.0603296644083489,60.329664408348904
68,165,-65.68295618765664,17.599695066971428,152,0.060577342449024976,60.577342449024975
68,165,-65.68295618765664,17.599695066971428,160,0.060921643533651385,60.921643533651384
68,165,-65.68295618765664,17.599695066971428,168,0.05937140993966636,59.37140993966636
68,165,-65.68295618765664,17.599695066971428,176,0.05705719781178984,57.05719781178984
68,165,-65.68295618765664,17.599695066971428,184,0.05714630827284043,57.14630827284043
68,165,-65.68295618765664,17.599695066971428,192,0.05849931372165882,58.49931372165882
68,165,-65.68295618765664,17.599695066971428,200,0.059930074925160184,59.930074925160184
68,165,-65.68295618765664,17.599695066971428,208,0.06065020571081959,60.65020571081959
68,165,-65.68295618765664,17.599695066971428,216,0.06105802496728545,61.05802496728545
68,165,-65.68295618765664,17.599695066971428,224,0.06037450415267866,60.374504152678654
68,165,-65.68295618765664,17.599695066971428,232,0.05823017696040751,58.23017696040751
68,165,-65.68295618765664,17.599695066971428,240,0.05676789096679609,56.76789096679609
68,165,-65.68295618765664,17.599695066971428,248,0.05773822982982927,57.73822982982927
68,165,-65.68295618765664,17.599695066971428,256,0.05924609071570578,59.24609071570578
68,165,-65.68295618765664,17.599695066971428,264,0.06042116597338981,60.42116597338981
68,165,-65.68295618765664,17.599695066971428,272,0.0606547526467289,60.6547526467289
68,165,-65.68295618765664,17.599695066971428,280,0.06099287052038674,60.99287052038674
68,165,-65.68295618765664,17.599695066971428,288,0.059418234826724425,59.41823482672442
68,165,-65.68295618765664,17.599695066971428,296,0.057037062869728,57.037062869728
68,165,-65.68295618765664,17.599695066971428,304,0.05704902067909279,57.04902067909279
68,165,-65.68295618765664,17.599695066971428,312,0.05840112067383195,58.40112067383195
68,165,-65.68295618765664,17.599695066971428,320,0.05982839842107503,59.82839842107503
68,165,-65.68295618765664,17.599695066971428,328,0.06057642920543816,60.57642920543816
68,165,-65.68295618765664,17.599695066971428,336,0.06097848389392277,60.97848389392277
68,165,-65.68295618765664,17.599695066971428,344,0.06033006607693578,60.33006607693578
68,165,-65.68295618765664,17.599695066971428,352,0.0582014973989625,58.2014973989625
68,165,-65.68295618765664,17.599695066971428,360,0.05674969978793121,56.749699787931206
68,170,-66.96692720483014,11.808076081351258,0,0.055491904648550784,55.491904648550786
68,170,-66.96692720483014,11.808076081351258,8,0.056490525041598974,56.49052504159897
68,170,-66.96692720483014,11.808076081351258,16,0.057923380483999254,57.92338048399925
68,170,-66.96692720483014,11.808076081351258,24,0.05889532802183359,58.895328021833585
68,170,-66.96692720483014,11.808076081351258,32,0.059731020746077,59.731020746077
68,170,-66.96692720483014,11.808076081351258,40,0.05953149564876159,59.53149564876159
68,170,-66.96692720483014,11.808076081351258,48,0.05746064457219026,57.46064457219026
68,170,-66.96692720483014,11.808076081351258,56,0.05556077882615608,55.56077882615608
68,170,-66.96692720483014,11.808076081351258,64,0.05579656098243211,55.79656098243211
68,170,-66.96692720483014,11.808076081351258,72,0.05722439680407772,57.22439680407772
68,170,-66.96692720483014,11.808076081351258,80,0.05854770503088661,58.54770503088661
68,170,-66.96692720483014,11.808076081351258,88,0.05914013823785972,59.14013823785972
68,170,-66.96692720483014,11.808076081351258,96,0.05990721823262085,59.90721823262085
68,170,-66.96692720483014,11.808076081351258,104,0.05870425029912383,58.70425029912383
68,170,-66.96692720483014,11.808076081351258,112,0.05608698875609196,56.086988756091955
68,170,-66.96692720483014,11.808076081351258,120,0.055436104567630456,55.43610456763046
68,170,-66.96692720483014,11.808076081351258,128,0.05639422961037682,56.394229610376826
68,170,-66.96692720483014,11.808076081351258,136,0.05782547280293346,57.82547280293346
68,170,-66.96692720483014,11.808076081351258,144,0.05883708166746208,58.83708166746208
68,170,-66.96692720483014,11.808076081351258,152,0.05968150314334776,59.68150314334776
68,170,-66.96692720483014,11.808076081351258,160,0.05950712777789442,59.507127777894425
68,170,-66.96692720483014,11.808076081351258,168,0.05745544659746871,57.45544659746871
68,170,-66.96692720483014,11.808076081351258,176,0.055575407696838504,55.575407696838504
68,170,-66.96692720483014,11.808076081351258,184,0.055819064796365093,55.81906479636509
68,170,-66.96692720483014,11.808076081351258,192,0.05721444456367003,57.21444456367003
68,170,-66.96692720483014,11.808076081351258,200,0.058531844838429783,58.531844838429784
68,170,-66.96692720483014,11.808076081351258,208,0.05913580989762144,59.13580989762144
68,170,-66.96692720483014,11.808076081351258,216,0.059903658888031855,59.903658888031856
68,170,-66.96692720483014,11.808076081351258,224,0.05867024237524848,58.670242375248485
68,170,-66.96692720483014,11.808076081351258,232,0.05608053611941978,56.08053611941978
68,170,-66.96692720483014,11.808076081351258,240,0.055490758369411974,55.49075836941198
68,170,-66.96692720483014,11.808076081351258,248,0.05649732413357972,56.49732413357972
68,170,-66.96692720483014,11.808076081351258,256,0.057931944240621716,57.93194424062172
68,170,-66.96692720483014,11.808076081351258,264,0.058917604420915995,58.91760442091599
68,170,-66.96692720483014,11.808076081351258,272,0.05974703537833498,59.74703537833498
68,170,-66.96692720483014,11.808076081351258,280,0.05956903115374621,59.56903115374621
68,170,-66.96692720483014,11.808076081351258,288,0.05749539909127607,57.49539909127607
68,170,-66.96692720483014,11.808076081351258,296,0.05555312420596209,55.55312420596209
68,170,-66.96692720483014,11.808076081351258,304,0.05573363477217053,55.73363477217053
68,170,-66.96692720483014,11.808076081351258,312,0.05713650305444558,57.136503054445576
68,170,-66.96692720483014,11.808076081351258,320,0.058452375300666194,58.4523753006662
68,170,-66.96692720483014,11.808076081351258,328,0.05908767385504718,59.08767385504718
68,170,-66.96692720483014,11.808076081351258,336,0.05985014758277482,59.850147582774824
68,170,-66.96692720483014,11.808076081351258,344,0.058651350981381196,58.6513509813812
68,170,-66.96692720483014,11.808076081351258,352,0.05607572376052209,56.07572376052209
68,170,-66.96692720483014,11.808076081351258,360,0.055492073126040556,55.49207312604056
68,175,-67.7412394702387,5.926590506840757,0,0.05477439358957065,54.77439358957065
68,175,-67.7412394702387,5.926590506840757,8,0.055680987195369416,55.68098719536942
68,175,-67.7412394702387,5.926590506840757,16,0.05700733052215469,57.00733052215469
68,175,-67.7412394702387,5.926590506840757,24,0.05813103231651302,58.13103231651302
68,175,-67.7412394702387,5.926590506840757,32,0.05914852874386936,59.14852874386936
68,175,-67.7412394702387,5.926590506840757,40,0.05837055455173751,58.370554551737506
68,175,-67.7412394702387,5.926590506840757,48,0.05590523090521028,55.90523090521028
68,175,-67.7412394702387,5.926590506840757,56,0.05489229752082758,54.89229752082758
68,175,-67.7412394702387,5.926590506840757,64,0.0550448264506516,55.0448264506516
68,175,-67.7412394702387,5.926590506840757,72,0.05636651740833,56.36651740833
68,175,-67.7412394702387,5.926590506840757,80,0.057553682463378775,57.55368246337878
68,175,-67.7412394702387,5.926590506840757,88,0.05886990141217524,58.86990141217524
68,175,-67.7412394702387,5.926590506840757,96,0.05904210987444505,59.04210987444505
68,175,-67.7412394702387,5.926590506840757,104,0.05730783455592873,57.30783455592873
68,175,-67.7412394702387,5.926590506840757,112,0.055395645094648116,55.39564509464812
68,175,-67.7412394702387,5.926590506840757,120,0.054727467805679275,54.727467805679275
68,175,-67.7412394702387,5.926590506840757,128,0.0556034496670361,55.6034496670361
68,175,-67.7412394702387,5.926590506840757,136,0.056931046879144825,56.93104687914482
68,175,-67.7412394702387,5.926590506840757,144,0.05809814351296092,58.098143512960924
68,175,-67.7412394702387,5.926590506840757,152,0.05912539923077638,59.12539923077638
68,175,-67.7412394702387,5.926590506840757,160,0.05837232326761255,58.37232326761254
68,175,-67.7412394702387,5.926590506840757,168,0.05592444685538365,55.92444685538365
68,175,-67.7412394702387,5.926590506840757,176,0.05492835745320966,54.928357453209664
68,175,-67.7412394702387,5.926590506840757,184,0.05507308080604215,55.07308080604216
68,175,-67.7412394702387,5.926590506840757,192,0.05635119652869164,56.35119652869164
68,175,-67.7412394702387,5.926590506840757,200,0.05752677347388047,57.526773473880475
68,175,-67.7412394702387,5.926590506840757,208,0.05885368558803448,58.85368558803448
68,175,-67.7412394702387,5.926590506840757,216,0.05902299758282545,59.02299758282545
68,175,-67.7412394702387,5.926590506840757,224,0.057255975741192566,57.255975741192564
68,175,-67.7412394702387,5.926590506840757,232,0.05536994846062393,55.36994846062393
68,175,-67.7412394702387,5.926590506840757,240,0.054758919260541945,54.758919260541944
68,175,-67.7412394702387,5.926590506840757,248,0.05568895347608933,55.688953476089324
68,175,-67.7412394702387,5.926590506840757,256,0.05702429172482155,57.024291724821545
68,175,-67.7412394702387,5.926590506840757,264,0.05816574736661685,58.16574736661685
68,175,-67.7412394702387,5.926590506840757,272,0.05917863780647129,59.17863780647129
68,175,-67.7412394702387,5.926590506840757,280,0.05842494571811306,58.42494571811306
68,175,-67.7412394702387,5.926590506840757,288,0.05595765514786749,55.95765514786749
68,175,-67.7412394702387,5.926590506840757,296,0.054906323037722596,54.90632303772259
68,175,-67.7412394702387,5.926590506840757,304,0.05500320957940434,55.00320957940434
68,175,-67.7412394702387,5.926590506840757,312,0.056294541995628,56.294541995628
68,175,-67.7412394702387,5.926590506840757,320,0.05747036382420549,57.47036382420549
68,175,-67.7412394702387,5.926590506840757,328,0.05883158887239657,58.831588872396566
68,175,-67.7412394702387,5.926590506840757,336,0.05899563497567612,58.99563497567612
68,175,-67.7412394702387,5.926590506840757,344,0.05726241403582231,57.26241403582231
68,175,-67.7412394702387,5.926590506840757,352,0.055388059912915434,55.38805991291544
68,175,-67.7412394702387,5.926590506840757,360,0.05477459707910318,54.774597079103174
68,180,-68.0,8.327598234202001e-15,0,0.05454825183706065,54.54825183706065
68,180,-68.0,8.327598234202001e-15,8,0.05530973342492579,55.30973342492579
68,180,-68.0,8.327598234202001e-15,16,0.05650456413192752,56.504564131927516
68,180,-68.0,8.327598234202001e-15,24,0.05842009639599855,58.42009639599855
68,180,-68.0,8.327598234202001e-15,32,0.0588438703098102,58.8438703098102
68,180,-68.0,8.327598234202001e-15,40,0.057498232731817644,57.498232731817644
68,180,-68.0,8.327598234202001e-15,48,0.055886766010753215,55.88676601075321
68,180,-68.0,8.327598234202001e-15,56,0.054719725093735024,54.71972509373502
68,180,-68.0,8.327598234202001e-15,64,0.05473897207033242,54.738972070332416
68,180,-68.0,8.327598234202001e-15,72,0.05593568289635509,55.93568289635509
68,180,-68.0,8.327598234202001e-15,80,0.05756378637948745,57.563786379487446
68,180,-68.0,8.327598234202001e-15,88,0.05887984754588829,58.87984754588829
68,180,-68.0,8.327598234202001e-15,96,0.05845738754594433,58.45738754594433
68,180,-68.0,8.327598234202001e-15,104,0.056534553500099255,56.53455350009926
68,180,-68.0,8.327598234202001e-15,112,0.05531159640518803,55.31159640518803
68,180,-68.0,8.327598234202001e-15,120,0.054512402579298666,54.512402579298666
68,180,-68.0,8.327598234202001e-15,128,0.05525194660614311,55.251946606143115
68,180,-68.0,8.327598234202001e-15,136,0.056450837363037666,56.450837363037664
68,180,-68.0,8.327598234202001e-15,144,0.05841322393425219,58.41322393425219
68,180,-68.0,8.327598234202001e-15,152,0.0588472305284493,58.8472305284493
68,180,-68.0,8.327598234202001e-15,160,0.05752586655034267,57.52586655034267
68,180,-68.0,8.327598234202001e-15,168,0.05592858350863726,55.92858350863726
68,180,-68.0,8.327598234202001e-15,176,0.054773707430608554,54.77370743060855
68,180,-68.0,8.327598234202001e-15,184,0.05477240991707889,54.772409917078896
68,180,-68.0,8.327598234202001e-15,192,0.05591457456274085,55.914574562740846
68,180,-68.0,8.327598234202001e-15,200,0.057527234125354494,57.5272341253545
68,180,-68.0,8.327598234202001e-15,208,0.05885157971988551,58.851579719885514
68,180,-68.0,8.327598234202001e-15,216,0.05842274341595666,58.42274341595666
68,180,-68.0,8.327598234202001e-15,224,0.056465815294104965,56.465815294104964
68,180,-68.0,8.327598234202001e-15,232,0.055266784972121966,55.26678497212197
68,180,-68.0,8.327598234202001e-15,240,0.054521036212033504,54.5210362120335
68,180,-68.0,8.327598234202001e-15,248,0.05531927004616911,55.31927004616911
68,180,-68.0,8.327598234202001e-15,256,0.05653005323575959,56.53005323575959
68,180,-68.0,8.327598234202001e-15,264,0.058465132444258994,58.46513244425899
68,180,-68.0,8.327598234202001e-15,272,0.05888808008575565,58.88808008575565
68,180,-68.0,8.327598234202001e-15,280,0.05756932139447011,57.56932139447011
68,180,-68.0,8.327598234202001e-15,288,0.05595503181809591,55.95503181809591
68,180,-68.0,8.327598234202001e-15,296,0.05475521563440988,54.75521563440988
68,180,-68.0,8.327598234202001e-15,304,0.05471896472796925,54.71896472796925
68,180,-68.0,8.327598234202001e-15,312,0.05588023910391927,55.880239103919266
68,180,-68.0,8.327598234202001e-15,320,0.057495295963726885,57.49529596372688
68,180,-68.0,8.327598234202001e-15,328,0.05885582162848588,58.85582162848588
68,180,-68.0,8.327598234202001e-15,336,0.05842144942953552,58.42144942953552
68,180,-68.0,8.327598234202001e-15,344,0.05649696821660178,56.49696821660178
68,180,-68.0,8.327598234202001e-15,352,0.05530702833122467,55.307028331224664
68,180,-68.0,8.327598234202001e-15,360,0.054548469738858685,54.548469738858685
102,90,6.245698675651501e-15,102.0,0,0.13573681575273167,135.73681575273167
102,90,6.245698675651501e-15,102.0,8,0.12991100035364875,129.91100035364875
102,90,6.245698675651501e-15,102.0,16,0.1264216705551861,126.42167055518611
102,90,6.245698675651501e-15,102.0,24,0.13158094753931293,131.58094753931294
102,90,6.245698675651501e-15,102.0,32,0.13961923582029723,139.61923582029723
102,90,6.245698675651501e-15,102.0,40,0.1463073558491873,146.3073558491873
102,90,6.245698675651501e-15,102.0,48,0.1460764478198175,146.0764478198175
102,90,6.245698675651501e-15,102.0,56,0.13927245399398303,139.27245399398302
102,90,6.245698675651501e-15,102.0,64,0.132979031420422,132.979031420422
102,90,6.245698675651501e-15,102.0,72,0.12747524510216696,127.47524510216695
102,90,6.245698675651501e-15,102.0,80,0.12817044175208883,128.17044175208883
102,90,6.245698675651501e-15,102.0,88,0.13530165027000535,135.30165027000535
102,90,6.245698675651501e-15,102.0,96,0.1430504413574456,143.0504413574456
102,90,6.245698675651501e-15,102.0,104,0.14736099978726297,147.36099978726298
102,90,6.245698675651501e-15,102.0,112,0.142458937250316,142.458937250316
102,90,6.245698675651501e-15,102.0,120,0.13572491150956978,135.72491150956978
102,90,6.245698675651501e-15,102.0,128,0.12980011434653382,129.80011434653383
102,90,6.245698675651501e-15,102.0,136,0.1261893394193342,126.18933941933419
102,90,6.245698675651501e-15,102.0,144,0.13117728879919294,131.17728879919295
102,90,6.245698675651501e-15,102.0,152,0.13914224721794352,139.14224721794352
102,90,6.245698675651501e-15,102.0,160,0.1458561168078053,145.8561168078053
102,90,6.245698675651501e-15,102.0,168,0.14570179797004326,145.70179797004326
102,90,6.245698675651501e-15,102.0,176,0.13896704733750198,138.96704733750198
102,90,6.245698675651501e-15,102.0,184,0.1327202606868469,132.7202606868469
102,90,6.245698675651501e-15,102.0,192,0.12729394056287346,127.29394056287346
102,90,6.245698675651501e-15,102.0,200,0.12814159525835422,128.14159525835422
102,90,6.245698675651501e-15,102.0,208,0.13540896086094836,135.40896086094835
102,90,6.245698675651501e-15,102.0,216,0.1432331084886311,143.2331084886311
102,90,6.245698675651501e-15,102.0,224,0.1475649414096592,147.5649414096592
102,90,6.245698675651501e-15,102.0,232,0.14271017415770285,142.71017415770285
102,90,6.245698675651501e-15,102.0,240,0.13602436688816405,136.02436688816405
102,90,6.245698675651501e-15,102.0,248,0.13015644958658903,130.15644958658905
102,90,6.245698675651501e-15,102.0,256,0.1265306710036153,126.53067100361531
102,90,6.245698675651501e-15,102.0,264,0.13152345337637564,131.52345337637564
102,90,6.245698675651501e-15,102.0,272,0.13946741872468185,139.46741872468186
102,90,6.245698675651501e-15,102.0,280,0.14612085870631458,146.12085870631458
102,90,6.245698675651501e-15,102.0,288,0.14584331145078488,145.84331145078488
102,90,6.245698675651501e-15,102.0,296,0.1390070634620414,139.0070634620414
102,90,6.245698675651501e-15,102.0,304,0.13266037689343585,132.66037689343585
102,90,6.245698675651501e-15,102.0,312,0.12712300500022194,127.12300500022195
102,90,6.245698675651501e-15,102.0,320,0.1278345368413725,127.8345368413725
102,90,6.245698675651501e-15,102.0,328,0.13497274158095687,134.97274158095686
102,90,6.245698675651501e-15,102.0,336,0.14273355044484978,142.73355044484978
102,90,6.245698675651501e-15,102.0,344,0.1471812126656075,147.1812126656075
102,90,6.245698675651501e-15,102.0,352,0.14238053909395082,142.38053909395083
102,90,6.245698675651501e-15,102.0,360,0.1357380593111363,135.7380593111363
102,95,-8.88988576026114,101.61185920535804,0,0.12467536350895166,124.67536350895166
102,95,-8.88988576026114,101.61185920535804,8,0.11903092793285852,119.03092793285852
102,95,-8.88988576026114,101.61185920535804,16,0.11965629945091473,119.65629945091473
102,95,-8.88988576026114,101.61185920535804,24,0.12492450737333623,124.92450737333623
102,95,-8.88988576026114,101.61185920535804,32,0.13282319884779675,132.82319884779676
102,95,-8.88988576026114,101.61185920535804,40,0.13944378437824684,139.44378437824685
102,95,-8.88988576026114,101.61185920535804,48,0.13520782124964492,135.20782124964492
102,95,-8.88988576026114,101.61185920535804,56,0.12820055960861002,128.20055960861
102,95,-8.88988576026114,101.61185920535804,64,0.12196440664029115,121.96440664029114
102,95,-8.88988576026114,101.61185920535804,72,0.11889536950416131,118.89536950416131
102,95,-8.88988576026114,101.61185920535804,80,0.12154410892914869,121.54410892914869
102,95,-8.88988576026114,101.61185920535804,88,0.129011177002274,129.011177002274
102,95,-8.88988576026114,101.61185920535804,96,0.136312104454348,136.312104454348
102,95,-8.88988576026114,101.61185920535804,104,0.1380351654723741,138.0351654723741
102,95,-8.88988576026114,101.61185920535804,112,0.1314464508329935,131.4464508329935
102,95,-8.88988576026114,101.61185920535804,120,0.12465211791959915,124.65211791959915
102,95,-8.88988576026114,101.61185920535804,128,0.11890782137852454,118.90782137852455
102,95,-8.88988576026114,101.61185920535804,136,0.11941729290816701,119.41729290816701
102,95,-8.88988576026114,101.61185920535804,144,0.12452025868654265,124.52025868654265
102,95,-8.88988576026114,101.61185920535804,152,0.13234670956543307,132.34670956543306
102,95,-8.88988576026114,101.61185920535804,160,0.13900061805226005,139.00061805226005
102,95,-8.88988576026114,101.61185920535804,168,0.13484542936506638,134.8454293650664
102,95,-8.88988576026114,101.61185920535804,176,0.12790731971380243,127.90731971380242
102,95,-8.88988576026114,101.61185920535804,184,0.12172027236444395,121.72027236444396
102,95,-8.88988576026114,101.61185920535804,192,0.11871845783396795,118.71845783396795
102,95,-8.88988576026114,101.61185920535804,200,0.12150798386121461,121.50798386121461
102,95,-8.88988576026114,101.61185920535804,208,0.12911423361811186,129.11423361811185
102,95,-8.88988576026114,101.61185920535804,216,0.1364886782173059,136.4886782173059
102,95,-8.88988576026114,101.61185920535804,224,0.13823903598446025,138.23903598446026
102,95,-8.88988576026114,101.61185920535804,232,0.13170127536287263,131.70127536287262
102,95,-8.88988576026114,101.61185920535804,240,0.12495169229317452,124.95169229317452
102,95,-8.88988576026114,101.61185920535804,248,0.11926158202740084,119.26158202740083
102,95,-8.88988576026114,101.61185920535804,256,0.11977164417791454,119.77164417791454
102,95,-8.88988576026114,101.61185920535804,264,0.12487530621555623,124.87530621555624
102,95,-8.88988576026114,101.61185920535804,272,0.13267972059902858,132.67972059902857
102,95,-8.88988576026114,101.61185920535804,280,0.13927138225091165,139.27138225091164
102,95,-8.88988576026114,101.61185920535804,288,0.13497099396761536,134.97099396761536
102,95,-8.88988576026114,101.61185920535804,296,0.12793514278323437,127.93514278323437
102,95,-8.88988576026114,101.61185920535804,304,0.12164871855604772,121.64871855604773
102,95,-8.88988576026114,101.61185920535804,312,0.1185409591963444,118.5409591963444
102,95,-8.88988576026114,101.61185920535804,320,0.12119881315714678,121.19881315714679
102,95,-8.88988576026114,101.61185920535804,328,0.1286775147854807,128.6775147854807
102,95,-8.88988576026114,101.61185920535804,336,0.13598750787096892,135.98750787096893
102,95,-8.88988576026114,101.61185920535804,344,0.13786418806292206,137.86418806292207
102,95,-8.88988576026114,101.61185920535804,352,0.13138227232110597,131.38227232110597
102,95,-8.88988576026114,101.61185920535804,360,0.12467673762725785,124.67673762725785
102,100,-17.71211412202689,100.45039080724521,0,0.1136979313373353,113.6979313373353
102,100,-17.71211412202689,100.45039080724521,8,0.11127690661929718,111.27690661929718
102,100,-17.71211412202689,100.45039080724521,16,0.11310442860686394,113.10442860686395
102,100,-17.71211412202689,100.45039080724521,24,0.1185514408945422,118.5514408945422
102,100,-17.71211412202689,100.45039080724521,32,0.12597305874650866,125.97305874650866
102,100,-17.71211412202689,100.45039080724521,40,0.12952673835622056,129.52673835622056
102,100,-17.71211412202689,100.45039080724521,48,0.12425004236978704,124.25004236978704
102,100,-17.71211412202689,100.45039080724521,56,0.11715362577501942,117.15362577501942
102,100,-17.71211412202689,100.45039080724521,64,0.11109144211237987,111.09144211237987
102,100,-17.71211412202689,100.45039080724521,72,0.11225975960634445,112.25975960634445
102,100,-17.71211412202689,100.45039080724521,80,0.11523290417616919,115.23290417616919
102,100,-17.71211412202689,100.45039080724521,88,0.12213380110886725,122.13380110886725
102,100,-17.71211412202689,100.45039080724521,96,0.12931053717898822,129.31053717898823
102,100,-17.71211412202689,100.45039080724521,104,0.12725647986814864,127.25647986814865
102,100,-17.71211412202689,100.45039080724521,112,0.1204021657360263,120.4021657360263
102,100,-17.71211412202689,100.45039080724521,120,0.11366392267571675,113.66392267571675
102,100,-17.71211412202689,100.45039080724521,128,0.11114760839019591,111.14760839019591
102,100,-17.71211412202689,100.45039080724521,136,0.11286111693625579,112.8611169362558
102,100,-17.71211412202689,100.45039080724521,144,0.11814515061111167,118.14515061111166
102,100,-17.71211412202689,100.45039080724521,152,0.12549779618178042,125.49779618178042
102,100,-17.71211412202689,100.45039080724521,160,0.12909707700708434,129.09707700708435
102,100,-17.71211412202689,100.45039080724521,168,0.12390107136372376,123.90107136372376
102,100,-17.71211412202689,100.45039080724521,176,0.11687292003699767,116.87292003699767
102,100,-17.71211412202689,100.45039080724521,184,0.11086252068828678,110.86252068828678
102,100,-17.71211412202689,100.45039080724521,192,0.11207883120791673,112.07883120791674
102,100,-17.71211412202689,100.45039080724521,200,0.11519180027516221,115.19180027516221
102,100,-17.71211412202689,100.45039080724521,208,0.12223103611510085,122.23103611510085
102,100,-17.71211412202689,100.45039080724521,216,0.12947541064119933,129.47541064119932
102,100,-17.71211412202689,100.45039080724521,224,0.1274669430941966,127.4669430941966
102,100,-17.71211412202689,100.45039080724521,232,0.12065901623087667,120.65901623087667
102,100,-17.71211412202689,100.45039080724521,240,0.11396262595839102,113.96262595839102
102,100,-17.71211412202689,100.45039080724521,248,0.11150785250330737,111.50785250330738
102,100,-17.71211412202689,100.45039080724521,256,0.1132254666741224,113.22546667412239
102,100,-17.71211412202689,100.45039080724521,264,0.11850693761212756,118.50693761212756
102,100,-17.71211412202689,100.45039080724521,272,0.12583867819913702,125.83867819913702
102,100,-17.71211412202689,100.45039080724521,280,0.12934983942927475,129.34983942927474
102,100,-17.71211412202689,100.45039080724521,288,0.12401132542852147,124.01132542852147
102,100,-17.71211412202689,100.45039080724521,296,0.11688932637394422,116.88932637394423
102,100,-17.71211412202689,100.45039080724521,304,0.11077982029524887,110.77982029524887
102,100,-17.71211412202689,100.45039080724521,312,0.11189950760825557,111.89950760825556
102,100,-17.71211412202689,100.45039080724521,320,0.11487955730779559,114.8795573077956
102,100,-17.71211412202689,100.45039080724521,328,0.12179345157703983,121.79345157703983
102,100,-17.71211412202689,100.45039080724521,336,0.12898475509283436,128.98475509283435
102,100,-17.71211412202689,100.45039080724521,344,0.1271037392006682,127.1037392006682
102,100,-17.71211412202689,100.45039080724521,352,0.12035121557692766,120.35121557692766
102,100,-17.71211412202689,100.45039080724521,360,0.11369941494547316,113.69941494547315
102,105,-26.399542600457128,98.52443428148497,0,0.10352236283431931,103.52236283431931
102,105,-26.399542600457128,98.52443428148497,8,0.10474425544501784,104.74425544501784
102,105,-26.399542600457128,98.52443428148497,16,0.10703150075639722,107.03150075639722
102,105,-26.399542600457128,98.52443428148497,24,0.11159685624856697,111.59685624856697
102,105,-26.399542600457128,98.52443428148497,32,0.1184036146190477,118.4036146190477
102,105,-26.399542600457128,98.52443428148497,40,0.11896036428140405,118.96036428140405
102,105,-26.399542600457128,98.52443428148497,48,0.11328650649400736,113.28650649400736
102,105,-26.399542600457128,98.52443428148497,56,0.10621572633000578,106.21572633000578
102,105,-26.399542600457128,98.52443428148497,64,0.10418620962183389,104.1862096218339
102,105,-26.399542600457128,98.52443428148497,72,0.1058079696153262,105.8079696153262
102,105,-26.399542600457128,98.52443428148497,80,0.10848330819762582,108.48330819762582
102,105,-26.399542600457128,98.52443428148497,88,0.11527100550434138,115.27100550434139
102,105,-26.399542600457128,98.52443428148497,96,0.1191207072104778,119.12070721047779
102,105,-26.399542600457128,98.52443428148497,104,0.11642406513319495,116.42406513319494
102,105,-26.399542600457128,98.52443428148497,112,0.10941013563772387,109.41013563772387
102,105,-26.399542600457128,98.52443428148497,120,0.10348034411397435,103.48034411397434
102,105,-26.399542600457128,98.52443428148497,128,0.10461152727246065,104.61152727246065
102,105,-26.399542600457128,98.52443428148497,136,0.10678427715134604,106.78427715134605
102,105,-26.399542600457128,98.52443428148497,144,0.11118648418709276,111.18648418709276
102,105,-26.399542600457128,98.52443428148497,152,0.11793993581910535,117.93993581910534
102,105,-26.399542600457128,98.52443428148497,160,0.11854680288924543,118.54680288924543
102,105,-26.399542600457128,98.52443428148497,168,0.11295201713878945,112.95201713878946
102,105,-26.399542600457128,98.52443428148497,176,0.10594782675138084,105.94782675138084
102,105,-26.399542600457128,98.52443428148497,184,0.10395802603171109,103.95802603171109
102,105,-26.399542600457128,98.52443428148497,192,0.10562402682448054,105.62402682448054
102,105,-26.399542600457128,98.52443428148497,200,0.1084394453884866,108.4394453884866
102,105,-26.399542600457128,98.52443428148497,208,0.11536089214214307,115.36089214214307
102,105,-26.399542600457128,98.52443428148497,216,0.11929623516298689,119.29623516298689
102,105,-26.399542600457128,98.52443428148497,224,0.11663935590404706,116.63935590404706
102,105,-26.399542600457128,98.52443428148497,232,0.10966743502120777,109.66743502120777
102,105,-26.399542600457128,98.52443428148497,240,0.1037772271441593,103.7772271441593
102,105,-26.399542600457128,98.52443428148497,248,0.10497793820414517,104.97793820414516
102,105,-26.399542600457128,98.52443428148497,256,0.10715553896464988,107.15553896464988
102,105,-26.399542600457128,98.52443428148497,264,0.11155752328909736,111.55752328909736
102,105,-26.399542600457128,98.52443428148497,272,0.11827752118396385,118.27752118396386
102,105,-26.399542600457128,98.52443428148497,280,0.11877639513978779,118.77639513978778
102,105,-26.399542600457128,98.52443428148497,288,0.11304771552871441,113.0477155287144
102,105,-26.399542600457128,98.52443428148497,296,0.10595367956669186,105.95367956669186
102,105,-26.399542600457128,98.52443428148497,304,0.10387438069878474,103.87438069878473
102,105,-26.399542600457128,98.52443428148497,312,0.10544382240853219,105.44382240853218
102,105,-26.399542600457128,98.52443428148497,320,0.10812284005887207,108.12284005887207
102,105,-26.399542600457128,98.52443428148497,328,0.11492522404722219,114.92522404722219
102,105,-26.399542600457128,98.52443428148497,336,0.11882061889323214,118.82061889323214
102,105,-26.399542600457128,98.52443428148497,344,0.11628921915307251,116.28921915307251
102,105,-26.399542600457128,98.52443428148497,352,0.10937132186397316,109.37132186397317
102,105,-26.399542600457128,98.52443428148497,360,0.10352389170008347,103.52389170008347
102,110,-34.88605461921821,95.84864732016266,0,0.09683674162602414,96.83674162602414
102,110,-34.88605461921821,95.84864732016266,8,0.09837967536654557,98.37967536654557
102,110,-34.88605461921821,95.84864732016266,16,0.0999182325278006,99.9182325278006
102,110,-34.88605461921821,95.84864732016266,24,0.10474240781595026,104.74240781595026
102,110,-34.88605461921821,95.84864732016266,32,0.10860041026691675,108.60041026691675
102,110,-34.88605461921821,95.84864732016266,40,0.10838386283004992,108.38386283004992
102,110,-34.88605461921821,95.84864732016266,48,0.10240065275028455,102.40065275028455
102,110,-34.88605461921821,95.84864732016266,56,0.09688450007973093,96.88450007973093
102,110,-34.88605461921821,95.84864732016266,64,0.09771329325881191,97.71329325881192
102,110,-34.88605461921821,95.84864732016266,72,0.09964664504489198,99.64664504489198
102,110,-34.88605461921821,95.84864732016266,80,0.10145771287389238,101.45771287389238
102,110,-34.88605461921821,95.84864732016266,88,0.10731477882435159,107.31477882435159
102,110,-34.88605461921821,95.84864732016266,96,0.10891289153835484,108.91289153835484
102,110,-34.88605461921821,95.84864732016266,104,0.1056203624844369,105.6203624844369
102,110,-34.88605461921821,95.84864732016266,112,0.09855401652430373,98.55401652430373
102,110,-34.88605461921821,95.84864732016266,120,0.0967981049514134,96.7981049514134
102,110,-34.88605461921821,95.84864732016266,128,0.09824402004881234,98.24402004881235
102,110,-34.88605461921821,95.84864732016266,136,0.09966598362914325,99.66598362914326
102,110,-34.88605461921821,95.84864732016266,144,0.1043334267879622,104.3334267879622
102,110,-34.88605461921821,95.84864732016266,152,0.10815138470985793,108.15138470985792
102,110,-34.88605461921821,95.84864732016266,160,0.10798875584799851,107.9887558479985
102,110,-34.88605461921821,95.84864732016266,168,0.10208159560413506,102.08159560413506
102,110,-34.88605461921821,95.84864732016266,176,0.09662624554000189,96.62624554000189
102,110,-34.88605461921821,95.84864732016266,184,0.09748677508252179,97.48677508252179
102,110,-34.88605461921821,95.84864732016266,192,0.09946252534769917,99.46252534769917
102,110,-34.88605461921821,95.84864732016266,200,0.10141135597017539,101.41135597017539
102,110,-34.88605461921821,95.84864732016266,208,0.10740432020678314,107.40432020678314
102,110,-34.88605461921821,95.84864732016266,216,0.10909733070925322,109.09733070925321
102,110,-34.88605461921821,95.84864732016266,224,0.10583867889040452,105.83867889040452
102,110,-34.88605461921821,95.84864732016266,232,0.09881018430376981,98.81018430376982
102,110,-34.88605461921821,95.84864732016266,240,0.09709212366408532,97.09212366408532
102,110,-34.88605461921821,95.84864732016266,248,0.09861531954300817,98.61531954300817
102,110,-34.88605461921821,95.84864732016266,256,0.10004405083511653,100.04405083511652
102,110,-34.88605461921821,95.84864732016266,264,0.10471089538879072,104.71089538879072
102,110,-34.88605461921821,95.84864732016266,272,0.10846383996711928,108.46383996711928
102,110,-34.88605461921821,95.84864732016266,280,0.1081945372487051,108.1945372487051
102,110,-34.88605461921821,95.84864732016266,288,0.10216360395954041,102.16360395954041
102,110,-34.88605461921821,95.84864732016266,296,0.096628727270429,96.628727270429
102,110,-34.88605461921821,95.84864732016266,304,0.0974032305773738,97.40323057737379
102,110,-34.88605461921821,95.84864732016266,312,0.09928185482422447,99.28185482422447
102,110,-34.88605461921821,95.84864732016266,320,0.10108864251271306,101.08864251271307
102,110,-34.88605461921821,95.84864732016266,328,0.10697924961984058,106.97924961984059
102,110,-34.88605461921821,95.84864732016266,336,0.10864011565448833,108.64011565448834
102,110,-34.88605461921821,95.84864732016266,344,0.10550293294768298,105.50293294768298
102,110,-34.88605461921821,95.84864732016266,352,0.0985261548032393,98.5261548032393
102,110,-34.88605461921821,95.84864732016266,360,0.0968381028555399,96.8381028555399
102,115,-43.107062697551335,92.4433942777383,0,0.09040546121648882,90.40546121648882
102,115,-43.107062697551335,92.4433942777383,8,0.09211785654335278,92.11785654335277
102,115,-43.107062697551335,92.4433942777383,16,0.09284227681935739,92.8422768193574
102,115,-43.107062697551335,92.4433942777383,24,0.0965838012769406,96.5838012769406
102,115,-43.107062697551335,92.4433942777383,32,0.09885733387907644,98.85733387907644
102,115,-43.107062697551335,92.4433942777383,40,0.09787772756446918,97.87772756446918
102,115,-43.107062697551335,92.4433942777383,48,0.09167532905866652,91.67532905866652
102,115,-43.107062697551335,92.4433942777383,56,0.09028115297911388,90.28115297911387
102,115,-43.107062697551335,92.4433942777383,64,0.0914196120848351,91.4196120848351
102,115,-43.107062697551335,92.4433942777383,72,0.0925024705446258,92.50247054462581
102,115,-43.107062697551335,92.4433942777383,80,0.09466765488998226,94.66765488998226
102,115,-43.107062697551335,92.4433942777383,88,0.09794295855245017,97.94295855245016
102,115,-43.107062697551335,92.4433942777383,96,0.09876477780353177,98.76477780353177
102,115,-43.107062697551335,92.4433942777383,104,0.09492759462248557,94.92759462248557
102,115,-43.107062697551335,92.4433942777383,112,0.0900922103012004,90.09221030120041
102,115,-43.107062697551335,92.4433942777383,120,0.09037070858335955,90.37070858335954
102,115,-43.107062697551335,92.4433942777383,128,0.0919804420105064,91.9804420105064
102,115,-43.107062697551335,92.4433942777383,136,0.09258457085723493,92.58457085723492
102,115,-43.107062697551335,92.4433942777383,144,0.0961840906044083,96.1840906044083
102,115,-43.107062697551335,92.4433942777383,152,0.0984264066309471,98.4264066309471
102,115,-43.107062697551335,92.4433942777383,160,0.09750328899645047,97.50328899645046
102,115,-43.107062697551335,92.4433942777383,168,0.0913725372313792,91.3725372313792
102,115,-43.107062697551335,92.4433942777383,176,0.09002701362275806,90.02701362275806
102,115,-43.107062697551335,92.4433942777383,184,0.09119509109492697,91.19509109492698
102,115,-43.107062697551335,92.4433942777383,192,0.0923198881126936,92.31988811269359
102,115,-43.107062697551335,92.4433942777383,200,0.09461647417175996,94.61647417175996
102,115,-43.107062697551335,92.4433942777383,208,0.0980458603167153,98.0458603167153
102,115,-43.107062697551335,92.4433942777383,216,0.09895631710115811,98.9563171011581
102,115,-43.107062697551335,92.4433942777383,224,0.09514711172696996,95.14711172696997
102,115,-43.107062697551335,92.4433942777383,232,0.0903390431191003,90.33904311910031
102,115,-43.107062697551335,92.4433942777383,240,0.0906605164731088,90.6605164731088
102,115,-43.107062697551335,92.4433942777383,248,0.09235071025577812,92.35071025577813
102,115,-43.107062697551335,92.4433942777383,256,0.09296944251147007,92.96944251147008
102,115,-43.107062697551335,92.4433942777383,264,0.09654702610487333,96.54702610487332
102,115,-43.107062697551335,92.4433942777383,272,0.09871186947391444,98.71186947391445
102,115,-43.107062697551335,92.4433942777383,280,0.09768480008407826,97.68480008407826
102,115,-43.107062697551335,92.4433942777383,288,0.09144182538204718,91.44182538204717
102,115,-43.107062697551335,92.4433942777383,296,0.09003799644318562,90.03799644318562
102,115,-43.107062697551335,92.4433942777383,304,0.0911118648672657,91.11186486726571
102,115,-43.107062697551335,92.4433942777383,312,0.0921381862598282,92.1381862598282
102,115,-43.107062697551335,92.4433942777383,320,0.09429370014839425,94.29370014839425
102,115,-43.107062697551335,92.4433942777383,328,0.09763411121579962,97.63411121579962
102,115,-43.107062697551335,92.4433942777383,336,0.09852072515340551,98.52072515340551
102,115,-43.107062697551335,92.4433942777383,344,0.09482697073546027,94.82697073546028
102,115,-43.107062697551335,92.4433942777383,352,0.09006282022363267,90.06282022363267
102,115,-43.107062697551335,92.4433942777383,360,0.09040667769770024,90.40667769770023
102,120,-50.99999999999998,88.33459118601274,0,0.08437500768557751,84.37500768557751
102,120,-50.99999999999998,88.33459118601274,8,0.08505400621664772,85.05400621664772
102,120,-50.99999999999998,88.33459118601274,16,0.08605630179227924,86.05630179227924
102,120,-50.99999999999998,88.33459118601274,24,0.08774256222938734,87.74256222938733
102,120,-50.99999999999998,88.33459118601274,32,0.08924853614986862,89.24853614986863
102,120,-50.99999999999998,88.33459118601274,40,0.08752191651781083,87.52191651781082
102,120,-50.99999999999998,88.33459118601274,48,0.08404855285466502,84.04855285466502
102,120,-50.99999999999998,88.33459118601274,56,0.08391819687685027,83.91819687685027
102,120,-50.99999999999998,88.33459118601274,64,0.08510709751260544,85.10709751260543
102,120,-50.99999999999998,88.33459118601274,72,0.0854545824281048,85.4545824281048
102,120,-50.99999999999998,88.33459118601274,80,0.08646245017428361,86.46245017428362
102,120,-50.99999999999998,88.33459118601274,88,0.08871225642571424,88.71225642571424
102,120,-50.99999999999998,88.33459118601274,96,0.0887535992791293,88.7535992791293
102,120,-50.99999999999998,88.33459118601274,104,0.08442713996724012,84.42713996724012
102,120,-50.99999999999998,88.33459118601274,112,0.0835810466466281,83.58104664662811
102,120,-50.99999999999998,88.33459118601274,120,0.08434447642541956,84.34447642541956
102,120,-50.99999999999998,88.33459118601274,128,0.08491480214959941,84.91480214959941
102,120,-50.99999999999998,88.33459118601274,136,0.08579772067135066,85.79772067135066
102,120,-50.99999999999998,88.33459118601274,144,0.08735498713176167,87.35498713176166
102,120,-50.99999999999998,88.33459118601274,152,0.08883901453765566,88.83901453765566
102,120,-50.99999999999998,88.33459118601274,160,0.08717020306863967,87.17020306863967
102,120,-50.99999999999998,88.33459118601274,168,0.08375965935716184,83.75965935716184
102,120,-50.99999999999998,88.33459118601274,176,0.08366848057024345,83.66848057024345
102,120,-50.99999999999998,88.33459118601274,184,0.08489220359960364,84.89220359960365
102,120,-50.99999999999998,88.33459118601274,192,0.08527398426135241,85.27398426135241
102,120,-50.99999999999998,88.33459118601274,200,0.08642681770068453,86.42681770068452
102,120,-50.99999999999998,88.33459118601274,208,0.08882711726282072,88.82711726282072
102,120,-50.99999999999998,88.33459118601274,216,0.08895037357557058,88.95037357557058
102,120,-50.99999999999998,88.33459118601274,224,0.08464602369560181,84.64602369560181
102,120,-50.99999999999998,88.33459118601274,232,0.08381149070981964,83.81149070981964
102,120,-50.99999999999998,88.33459118601274,240,0.08462953806687869,84.62953806687868
102,120,-50.99999999999998,88.33459118601274,248,0.0852811049179342,85.2811049179342
102,120,-50.99999999999998,88.33459118601274,256,0.08618382734842173,86.18382734842173
102,120,-50.99999999999998,88.33459118601274,264,0.08769175056639435,87.69175056639435
102,120,-50.99999999999998,88.33459118601274,272,0.0890958280882035,89.0958280882035
102,120,-50.99999999999998,88.33459118601274,280,0.08732716909168292,87.32716909168292
102,120,-50.99999999999998,88.33459118601274,288,0.08383523256301963,83.83523256301963
102,120,-50.99999999999998,88.33459118601274,296,0.08368855770599881,83.68855770599882
102,120,-50.99999999999998,88.33459118601274,304,0.08480915501961556,84.80915501961556
102,120,-50.99999999999998,88.33459118601274,312,0.08509159218133899,85.091592181339
102,120,-50.99999999999998,88.33459118601274,320,0.08610784062062515,86.10784062062515
102,120,-50.99999999999998,88.33459118601274,328,0.08843207349730804,88.43207349730804
102,120,-50.99999999999998,88.33459118601274,336,0.08853946206195207,88.53946206195207
102,120,-50.99999999999998,88.33459118601274,344,0.08434258303516165,84.34258303516165
102,120,-50.99999999999998,88.33459118601274,352,0.08354007366289251,83.54007366289251
102,120,-50.99999999999998,88.33459118601274,360,0.08437607611029026,84.37607611029026
102,125,-58.50479650780671,83.55350851747716,0,0.07799066955188903,77.99066955188903
102,125,-58.50479650780671,83.55350851747716,8,0.07815748577852452,78.15748577852452
102,125,-58.50479650780671,83.55350851747716,16,0.07802178048855901,78.02178048855902
102,125,-58.50479650780671,83.55350851747716,24,0.07911868018245558,79.11868018245558
102,125,-58.50479650780671,83.55350851747716,32,0.07984714583196326,79.84714583196326
102,125,-58.50479650780671,83.55350851747716,40,0.07795402785454161,77.95402785454161
102,125,-58.50479650780671,83.55350851747716,48,0.07758432079327057,77.58432079327058
102,125,-58.50479650780671,83.55350851747716,56,0.07814769163223514,78.14769163223515
102,125,-58.50479650780671,83.55350851747716,64,0.07823325815737749,78.23325815737749
102,125,-58.50479650780671,83.55350851747716,72,0.07850160602903236,78.50160602903236
102,125,-58.50479650780671,83.55350851747716,80,0.07815933572759451,78.15933572759451
102,125,-58.50479650780671,83.55350851747716,88,0.07969292366097863,79.69292366097864
102,125,-58.50479650780671,83.55350851747716,96,0.07895554707863284,78.95554707863283
102,125,-58.50479650780671,83.55350851747716,104,0.07767382130487246,77.67382130487246
102,125,-58.50479650780671,83.55350851747716,112,0.07731038728305688,77.31038728305688
102,125,-58.50479650780671,83.55350851747716,120,0.07796034150787924,77.96034150787924
102,125,-58.50479650780671,83.55350851747716,128,0.07801699334069684,78.01699334069684
102,125,-58.50479650780671,83.55350851747716,136,0.07776290966474353,77.76290966474353
102,125,-58.50479650780671,83.55350851747716,144,0.07874657498221,78.74657498220999
102,125,-58.50479650780671,83.55350851747716,152,0.07946217427283918,79.46217427283918
102,125,-58.50479650780671,83.55350851747716,160,0.07762680528055327,77.62680528055327
102,125,-58.50479650780671,83.55350851747716,168,0.07730900877267041,77.30900877267041
102,125,-58.50479650780671,83.55350851747716,176,0.07790348874630354,77.90348874630354
102,125,-58.50479650780671,83.55350851747716,184,0.07803183499902627,78.03183499902627
102,125,-58.50479650780671,83.55350851747716,192,0.07833000900607531,78.33000900607531
102,125,-58.50479650780671,83.55350851747716,200,0.07814325213654,78.14325213654
102,125,-58.50479650780671,83.55350851747716,208,0.07981825124616879,79.81825124616878
102,125,-58.50479650780671,83.55350851747716,216,0.0791556514044742,79.1556514044742
102,125,-58.50479650780671,83.55350851747716,224,0.07786811077903594,77.86811077903593
102,125,-58.50479650780671,83.55350851747716,232,0.07752341532873064,77.52341532873064
102,125,-58.50479650780671,83.55350851747716,240,0.07822967623694245,78.22967623694245
102,125,-58.50479650780671,83.55350851747716,248,0.07837777975927634,78.37777975927635
102,125,-58.50479650780671,83.55350851747716,256,0.07812529673499409,78.1252967349941
102,125,-58.50479650780671,83.55350851747716,264,0.07905497388365196,79.05497388365195
102,125,-58.50479650780671,83.55350851747716,272,0.07968889969125614,79.68889969125614
102,125,-58.50479650780671,83.55350851747716,280,0.07776348966827074,77.76348966827074
102,125,-58.50479650780671,83.55350851747716,288,0.07739744425447748,77.39744425447748
102,125,-58.50479650780671,83.55350851747716,296,0.07793138216390154,77.93138216390153
102,125,-58.50479650780671,83.55350851747716,304,0.07794845045544521,77.94845045544521
102,125,-58.50479650780671,83.55350851747716,312,0.07814829626611593,78.14829626611592
102,125,-58.50479650780671,83.55350851747716,320,0.07783029794085969,77.8302979408597
102,125,-58.50479650780671,83.55350851747716,328,0.07944316952774585,79.44316952774585
102,125,-58.50479650780671,83.55350851747716,336,0.07877228981910533,78.77228981910534
102,125,-58.50479650780671,83.55350851747716,344,0.07757904441797749,77.57904441797749
102,125,-58.50479650780671,83.55350851747716,352,0.07725716725504396,77.25716725504395
102,125,-58.50479650780671,83.55350851747716,360,0.07799188786054234,77.99188786054233
102,130,-65.56433618802701,78.13653319813575,0,0.07146967771944403,71.46967771944402
102,130,-65.56433618802701,78.13653319813575,8,0.07127705651687807,71.27705651687808
102,130,-65.56433618802701,78.13653319813575,16,0.07025728313940699,70.257283139407
102,130,-65.56433618802701,78.13653319813575,24,0.07077778808576486,70.77778808576487
102,130,-65.56433618802701,78.13653319813575,32,0.0707247131823943,70.7247131823943
102,130,-65.56433618802701,78.13653319813575,40,0.07153740632699139,71.53740632699139
102,130,-65.56433618802701,78.13653319813575,48,0.07136665022902346,71.36665022902346
102,130,-65.56433618802701,78.13653319813575,56,0.07189718819327386,71.89718819327386
102,130,-65.56433618802701,78.13653319813575,64,0.07158345615900777,71.58345615900777
102,130,-65.56433618802701,78.13653319813575,72,0.07093097594442085,70.93097594442085
102,130,-65.56433618802701,78.13653319813575,80,0.07014253484651357,70.14253484651357
102,130,-65.56433618802701,78.13653319813575,88,0.07095360282660501,70.953602826605
102,130,-65.56433618802701,78.13653319813575,96,0.07061633850863952,70.61633850863952
102,130,-65.56433618802701,78.13653319813575,104,0.07134240871866351,71.34240871866352
102,130,-65.56433618802701,78.13653319813575,112,0.07170557084312051,71.70557084312051
102,130,-65.56433618802701,78.13653319813575,120,0.0714388588881097,71.4388588881097
102,130,-65.56433618802701,78.13653319813575,128,0.07113359061711963,71.13359061711962
102,130,-65.56433618802701,78.13653319813575,136,0.069999670503024,69.99967050302399
102,130,-65.56433618802701,78.13653319813575,144,0.07042436937011279,70.42436937011279
102,130,-65.56433618802701,78.13653319813575,152,0.07036724925280391,70.36724925280392
102,130,-65.56433618802701,78.13653319813575,160,0.07123578892325398,71.23578892325398
102,130,-65.56433618802701,78.13653319813575,168,0.07110552704282609,71.1055270428261
102,130,-65.56433618802701,78.13653319813575,176,0.07167892194489195,71.67892194489195
102,130,-65.56433618802701,78.13653319813575,184,0.07139668826806903,71.39668826806903
102,130,-65.56433618802701,78.13653319813575,192,0.07078670140301993,70.78670140301993
102,130,-65.56433618802701,78.13653319813575,200,0.07014561279548845,70.14561279548845
102,130,-65.56433618802701,78.13653319813575,208,0.0710878251768483,71.0878251768483
102,130,-65.56433618802701,78.13653319813575,216,0.07080855695902538,70.80855695902538
102,130,-65.56433618802701,78.13653319813575,224,0.07150959479000049,71.50959479000049
102,130,-65.56433618802701,78.13653319813575,232,0.0719003714575491,71.9003714575491
102,130,-65.56433618802701,78.13653319813575,240,0.07169007412940354,71.69007412940354
102,130,-65.56433618802701,78.13653319813575,248,0.07147932567121688,71.47932567121688
102,130,-65.56433618802701,78.13653319813575,256,0.0703361313170213,70.3361313170213
102,130,-65.56433618802701,78.13653319813575,264,0.07070242714223017,70.70242714223016
102,130,-65.56433618802701,78.13653319813575,272,0.0705626766882319,70.5626766882319
102,130,-65.56433618802701,78.13653319813575,280,0.07137444075513424,71.37444075513424
102,130,-65.56433618802701,78.13653319813575,288,0.07120703861667041,71.2070386166704
102,130,-65.56433618802701,78.13653319813575,296,0.07170216557853518,71.70216557853517
102,130,-65.56433618802701,78.13653319813575,304,0.07131326892970599,71.313268929706
102,130,-65.56433618802701,78.13653319813575,312,0.07060292914619795,70.60292914619795
102,130,-65.56433618802701,78.13653319813575,320,0.0698410262634536,69.8410262634536
102,130,-65.56433618802701,78.13653319813575,328,0.07073581029397008,70.73581029397008
102,130,-65.56433618802701,78.13653319813575,336,0.07045535152594375,70.45535152594374
102,130,-65.56433618802701,78.13653319813575,344,0.07123573887515218,71.23573887515218
102,130,-65.56433618802701,78.13653319813575,352,0.07164597451325183,71.64597451325183
102,130,-65.56433618802701,78.13653319813575,360,0.07147097500250002,71.47097500250003
102,135,-72.12489168102785,72.12489168102785,0,0.06522189023760694,65.22189023760694
102,135,-72.12489168102785,72.12489168102785,8,0.06425926219061558,64.25926219061557
102,135,-72.12489168102785,72.12489168102785,16,0.06282190225798184,62.82190225798184
102,135,-72.12489168102785,72.12489168102785,24,0.06278336516453936,62.78336516453936
102,135,-72.12489168102785,72.12489168102785,32,0.06359201726604712,63.592017266047115
102,135,-72.12489168102785,72.12489168102785,40,0.06542020043776256,65.42020043776256
102,135,-72.12489168102785,72.12489168102785,48,0.06610183111660323,66.10183111660322
102,135,-72.12489168102785,72.12489168102785,56,0.06581756144031325,65.81756144031326
102,135,-72.12489168102785,72.12489168102785,64,0.06496228394797347,64.96228394797348
102,135,-72.12489168102785,72.12489168102785,72,0.06366061272680842,63.660612726808424
102,135,-72.12489168102785,72.12489168102785,80,0.06247306022642253,62.47306022642253
102,135,-72.12489168102785,72.12489168102785,88,0.06256080543108915,62.56080543108915
102,135,-72.12489168102785,72.12489168102785,96,0.06466479402776613,64.66479402776613
102,135,-72.12489168102785,72.12489168102785,104,0.0652756636723077,65.27566367230769
102,135,-72.12489168102785,72.12489168102785,112,0.06601320630384631,66.01320630384632
102,135,-72.12489168102785,72.12489168102785,120,0.06519074812024964,65.19074812024964
102,135,-72.12489168102785,72.12489168102785,128,0.06410996599935126,64.10996599935126
102,135,-72.12489168102785,72.12489168102785,136,0.06256708612378468,62.567086123784684
102,135,-72.12489168102785,72.12489168102785,144,0.06245170730526316,62.451707305263156
102,135,-72.12489168102785,72.12489168102785,152,0.06326516945177402,63.265169451774014
102,135,-72.12489168102785,72.12489168102785,160,0.0651457310711287,65.1457310711287
102,135,-72.12489168102785,72.12489168102785,168,0.06586312642533959,65.86312642533959
102,135,-72.12489168102785,72.12489168102785,176,0.06562634008356184,65.62634008356184
102,135,-72.12489168102785,72.12489168102785,184,0.06480123201112772,64.80123201112772
102,135,-72.12489168102785,72.12489168102785,192,0.06354467407315957,63.54467407315957
102,135,-72.12489168102785,72.12489168102785,200,0.06249476654202184,62.494766542021836
102,135,-72.12489168102785,72.12489168102785,208,0.06270228286882211,62.70228286882211
102,135,-72.12489168102785,72.12489168102785,216,0.06483121811446566,64.83121811446566
102,135,-72.12489168102785,72.12489168102785,224,0.06541514677907326,65.41514677907325
102,135,-72.12489168102785,72.12489168102785,232,0.06618504276650071,66.18504276650071
102,135,-72.12489168102785,72.12489168102785,240,0.06542226827423449,65.42226827423448
102,135,-72.12489168102785,72.12489168102785,248,0.06443055251858432,64.43055251858432
102,135,-72.12489168102785,72.12489168102785,256,0.06287561134656068,62.87561134656068
102,135,-72.12489168102785,72.12489168102785,264,0.06269767826623682,62.697678266236814
102,135,-72.12489168102785,72.12489168102785,272,0.06344295621322603,63.442956213226026
102,135,-72.12489168102785,72.12489168102785,280,0.06528599290261713,65.28599290261714
102,135,-72.12489168102785,72.12489168102785,288,0.06596582470653287,65.96582470653287
102,135,-72.12489168102785,72.12489168102785,296,0.06564469056570765,65.64469056570765
102,135,-72.12489168102785,72.12489168102785,304,0.06471293362317687,64.71293362317687
102,135,-72.12489168102785,72.12489168102785,312,0.06335974378282345,63.35974378282346
102,135,-72.12489168102785,72.12489168102785,320,0.06220082876992605,62.200828769926055
102,135,-72.12489168102785,72.12489168102785,328,0.06237626405739698,62.37626405739697
102,135,-72.12489168102785,72.12489168102785,336,0.06451054585142381,64.51054585142381
102,135,-72.12489168102785,72.12489168102785,344,0.06515730106456104,65.15730106456104
102,135,-72.12489168102785,72.12489168102785,352,0.06596117325715306,65.96117325715306
102,135,-72.12489168102785,72.12489168102785,360,0.06522327123983854,65.22327123983854
102,140,-78.13653319813575,65.56433618802703,0,0.05909737250307532,59.09737250307532
102,140,-78.13653319813575,65.56433618802703,8,0.057565891933352584,57.56589193335258
102,140,-78.13653319813575,65.56433618802703,16,0.055772225582397035,55.772225582397034
102,140,-78.13653319813575,65.56433618802703,24,0.0551962538043741,55.1962538043741
102,140,-78.13653319813575,65.56433618802703,32,0.058125644688113265,58.12564468811326
102,140,-78.13653319813575,65.56433618802703,40,0.05981276055069624,59.81276055069624
102,140,-78.13653319813575,65.56433618802703,48,0.06100455854260528,61.00455854260528
102,140,-78.13653319813575,65.56433618802703,56,0.06004797666930885,60.047976669308845
102,140,-78.13653319813575,65.56433618802703,64,0.05847541488581409,58.47541488581409
102,140,-78.13653319813575,65.56433618802703,72,0.05674584823024645,56.74584823024645
102,140,-78.13653319813575,65.56433618802703,80,0.05520928120013563,55.20928120013563
102,140,-78.13653319813575,65.56433618802703,88,0.056586804142584435,56.586804142584434
102,140,-78.13653319813575,65.56433618802703,96,0.05904760313784492,59.04760313784492
102,140,-78.13653319813575,65.56433618802703,104,0.06065662211638036,60.656622116380355
102,140,-78.13653319813575,65.56433618802703,112,0.060541613003479114,60.541613003479114
102,140,-78.13653319813575,65.56433618802703,120,0.059059712234280026,59.05971223428003
102,140,-78.13653319813575,65.56433618802703,128,0.05741126477424641,57.411264774246405
102,140,-78.13653319813575,65.56433618802703,136,0.05552172298206877,55.521722982068766
102,140,-78.13653319813575,65.56433618802703,144,0.054889265559999637,54.889265559999636
102,140,-78.13653319813575,65.56433618802703,152,0.057832260109022926,57.832260109022926
102,140,-78.13653319813575,65.56433618802703,160,0.05956641767702538,59.56641767702538
102,140,-78.13653319813575,65.56433618802703,168,0.06079971290222093,60.79971290222093
102,140,-78.13653319813575,65.56433618802703,176,0.05988513964543968,59.88513964543968
102,140,-78.13653319813575,65.56433618802703,184,0.05834658483482955,58.34658483482955
102,140,-78.13653319813575,65.56433618802703,192,0.0566590432173302,56.6590432173302
102,140,-78.13653319813575,65.56433618802703,200,0.05524894093583635,55.24894093583635
102,140,-78.13653319813575,65.56433618802703,208,0.0567135530813498,56.7135530813498
102,140,-78.13653319813575,65.56433618802703,216,0.05918709043975956,59.18709043975956
102,140,-78.13653319813575,65.56433618802703,224,0.06077326327073888,60.77326327073888
102,140,-78.13653319813575,65.56433618802703,232,0.060689592679418494,60.689592679418496
102,140,-78.13653319813575,65.56433618802703,240,0.059267804903871166,59.267804903871166
102,140,-78.13653319813575,65.56433618802703,248,0.05770497444192333,57.70497444192333
102,140,-78.13653319813575,65.56433618802703,256,0.05580051588537261,55.80051588537261
102,140,-78.13653319813575,65.56433618802703,264,0.05510164822801775,55.101648228017744
102,140,-78.13653319813575,65.56433618802703,272,0.05800237873500602,58.00237873500602
102,140,-78.13653319813575,65.56433618802703,280,0.05970670069859879,59.706700698598794
102,140,-78.13653319813575,65.56433618802703,288,0.060892477127095085,60.892477127095084
102,140,-78.13653319813575,65.56433618802703,296,0.05989872216041462,59.89872216041462
102,140,-78.13653319813575,65.56433618802703,304,0.05825054710479022,58.250547104790215
102,140,-78.13653319813575,65.56433618802703,312,0.056473865190162634,56.473865190162634
102,140,-78.13653319813575,65.56433618802703,320,0.05496785197648011,54.96785197648011
102,140,-78.13653319813575,65.56433618802703,328,0.05641729102929717,56.41729102929717
102,140,-78.13653319813575,65.56433618802703,336,0.058901151319356373,58.90115131935637
102,140,-78.13653319813575,65.56433618802703,344,0.06054387013597954,60.54387013597954
102,140,-78.13653319813575,65.56433618802703,352,0.060497403060833246,60.49740306083325
102,140,-78.13653319813575,65.56433618802703,360,0.05909886263521075,59.09886263521075
102,145,-83.55350851747717,58.50479650780669,0,0.05325605933783768,53.256059337837684
102,145,-83.55350851747717,58.50479650780669,8,0.051247886334314346,51.247886334314344
102,145,-83.55350851747717,58.50479650780669,16,0.049161905408864816,49.16190540886482
102,145,-83.55350851747717,58.50479650780669,24,0.05027361209066848,50.27361209066848
102,145,-83.55350851747717,58.50479650780669,32,0.05303334217438896,53.033342174388956
102,145,-83.55350851747717,58.50479650780669,40,0.055851135960994835,55.85113596099484
102,145,-83.55350851747717,58.50479650780669,48,0.05617763123109835,56.177631231098346
102,145,-83.55350851747717,58.50479650780669,56,0.05450093972294743,54.50093972294743
102,145,-83.55350851747717,58.50479650780669,64,0.052331853200145315,52.33185320014532
102,145,-83.55350851747717,58.50479650780669,72,0.050239307987802684,50.23930798780268
102,145,-83.55350851747717,58.50479650780669,80,0.04872751109413416,48.72751109413416
102,145,-83.55350851747717,58.50479650780669,88,0.051691706563292986,51.69170656329299
102,145,-83.55350851747717,58.50479650780669,96,0.05434851826057247,54.34851826057247
102,145,-83.55350851747717,58.50479650780669,104,0.056258872898075435,56.25887289807544
102,145,-83.55350851747717,58.50479650780669,112,0.055402360757445285,55.40236075744529
102,145,-83.55350851747717,58.50479650780669,120,0.05321062828240062,53.21062828240062
102,145,-83.55350851747717,58.50479650780669,128,0.05108846810291454,51.08846810291454
102,145,-83.55350851747717,58.50479650780669,136,0.048917200545491236,48.917200545491234
102,145,-83.55350851747717,58.50479650780669,144,0.04999550698401055,49.99550698401055
102,145,-83.55350851747717,58.50479650780669,152,0.052775658017529384,52.77565801752938
102,145,-83.55350851747717,58.50479650780669,160,0.05563936684428991,55.63936684428991
102,145,-83.55350851747717,58.50479650780669,168,0.05600785347078525,56.00785347078525
102,145,-83.55350851747717,58.50479650780669,176,0.05437215871901609,54.372158719016085
102,145,-83.55350851747717,58.50479650780669,184,0.05223604846747382,52.236048467473815
102,145,-83.55350851747717,58.50479650780669,192,0.050182212644002216,50.18221264400221
102,145,-83.55350851747717,58.50479650780669,200,0.04878007346540929,48.78007346540929
102,145,-83.55350851747717,58.50479650780669,208,0.05179672115266588,51.796721152665874
102,145,-83.55350851747717,58.50479650780669,216,0.0544625380917762,54.4625380917762
102,145,-83.55350851747717,58.50479650780669,224,0.05635150944510865,56.351509445108654
102,145,-83.55350851747717,58.50479650780669,232,0.05552464827743068,55.52464827743068
102,145,-83.55350851747717,58.50479650780669,240,0.053393905132119335,53.393905132119336
102,145,-83.55350851747717,58.50479650780669,248,0.05135377715141235,51.35377715141235
102,145,-83.55350851747717,58.50479650780669,256,0.04916469068197616,49.16469068197616
102,145,-83.55350851747717,58.50479650780669,264,0.050197354141480674,50.19735414148067
102,145,-83.55350851747717,58.50479650780669,272,0.05293676975719961,52.93676975719961
102,145,-83.55350851747717,58.50479650780669,280,0.055767569176896875,55.76756917689688
102,145,-83.55350851747717,58.50479650780669,288,0.056090380160405885,56.090380160405886
102,145,-83.55350851747717,58.50479650780669,296,0.054376483889342166,54.37648388934217
102,145,-83.55350851747717,58.50479650780669,304,0.05213242630145139,52.13242630145139
102,145,-83.55350851747717,58.50479650780669,312,0.04999769906211277,49.99769906211277
102,145,-83.55350851747717,58.50479650780669,320,0.04851410026035048,48.51410026035048
102,145,-83.55350851747717,58.50479650780669,328,0.051532992999144184,51.532992999144184
102,145,-83.55350851747717,58.50479650780669,336,0.05421278060165936,54.21278060165936
102,145,-83.55350851747717,58.50479650780669,344,0.05615776169629284,56.157761696292845
102,145,-83.55350851747717,58.50479650780669,352,0.05536576323330268,55.36576323330268
102,145,-83.55350851747717,58.50479650780669,360,0.05325763149137026,53.257631491370255
102,150,-88.33459118601274,50.99999999999999,0,0.04777715896752145,47.77715896752145
102,150,-88.33459118601274,50.99999999999999,8,0.045353329231025655,45.353329231025654
102,150,-88.33459118601274,50.99999999999999,16,0.04360065512659026,43.60065512659026
102,150,-88.33459118601274,50.99999999999999,24,0.04593903954677586,45.93903954677586
102,150,-88.33459118601274,50.99999999999999,32,0.049329287099102816,49.329287099102814
102,150,-88.33459118601274,50.99999999999999,40,0.05215794949010947,52.157949490109466
102,150,-88.33459118601274,50.99999999999999,48,0.05170148439709292,51.70148439709292
102,150,-88.33459118601274,50.99999999999999,56,0.049292781767184046,49.292781767184046
102,150,-88.33459118601274,50.99999999999999,64,0.04657835510497905,46.578355104979046
102,150,-88.33459118601274,50.99999999999999,72,0.044190510699478616,44.190510699478615
102,150,-88.33459118601274,50.99999999999999,80,0.044404088241861685,44.404088241861686
102,150,-88.33459118601274,50.99999999999999,88,0.04721025026877751,47.21025026877751
102,150,-88.33459118601274,50.99999999999999,96,0.051132823207892454,51.13282320789246
102,150,-88.33459118601274,50.99999999999999,104,0.05217890732651023,52.178907326510235
102,150,-88.33459118601274,50.99999999999999,112,0.05057365340234602,50.57365340234602
102,150,-88.33459118601274,50.99999999999999,120,0.0477239794449793,47.72397944497931
102,150,-88.33459118601274,50.99999999999999,128,0.04518969628583348,45.189696285833485
102,150,-88.33459118601274,50.99999999999999,136,0.04336367555924932,43.363675559249316
102,150,-88.33459118601274,50.99999999999999,144,0.045692466456694655,45.69246645669465
102,150,-88.33459118601274,50.99999999999999,152,0.04910826584352279,49.108265843522794
102,150,-88.33459118601274,50.99999999999999,160,0.05198315769083736,51.98315769083736
102,150,-88.33459118601274,50.99999999999999,168,0.051567796708537124,51.567796708537124
102,150,-88.33459118601274,50.99999999999999,176,0.04919869152370865,49.198691523708646
102,150,-88.33459118601274,50.99999999999999,184,0.04651612778045887,46.516127780458866
102,150,-88.33459118601274,50.99999999999999,192,0.04416347494465587,44.16347494465587
102,150,-88.33459118601274,50.99999999999999,200,0.04444740242775179,44.44740242775179
102,150,-88.33459118601274,50.99999999999999,208,0.047292542193732086,47.29254219373209
102,150,-88.33459118601274,50.99999999999999,216,0.05122589272276547,51.225892722765465
102,150,-88.33459118601274,50.99999999999999,224,0.052246527489362884,52.24652748936288
102,150,-88.33459118601274,50.99999999999999,232,0.05066918165069898,50.66918165069898
102,150,-88.33459118601274,50.99999999999999,240,0.047881711943182755,47.88171194318276
102,150,-88.33459118601274,50.99999999999999,248,0.04542529709339003,45.42529709339003
102,150,-88.33459118601274,50.99999999999999,256,0.043586981692038285,43.586981692038286
102,150,-88.33459118601274,50.99999999999999,264,0.04588236935539726,45.88236935539726
102,150,-88.33459118601274,50.99999999999999,272,0.04925599762998405,49.255997629984044
102,150,-88.33459118601274,50.99999999999999,280,0.05209776837114488,52.09776837114488
102,150,-88.33459118601274,50.99999999999999,288,0.05164012379709115,51.64012379709115
102,150,-88.33459118601274,50.99999999999999,296,0.04919375455847186,49.19375455847186
102,150,-88.33459118601274,50.99999999999999,304,0.04640513380669621,46.40513380669621
102,150,-88.33459118601274,50.99999999999999,312,0.04398053293332445,43.98053293332445
102,150,-88.33459118601274,50.99999999999999,320,0.044199417632137035,44.199417632137035
102,150,-88.33459118601274,50.99999999999999,328,0.047063584740088926,47.06358474008893
102,150,-88.33459118601274,50.99999999999999,336,0.051011830432653504,51.011830432653504
102,150,-88.33459118601274,50.99999999999999,344,0.0520895475382302,52.08954753823021
102,150,-88.33459118601274,50.99999999999999,352,0.05054566317938345,50.54566317938345
102,150,-88.33459118601274,50.99999999999999,360,0.04777877861378896,47.77877861378896
102,155,-92.44339427773829,43.10706269755135,0,0.04270236913219522,42.702369132195216
102,155,-92.44339427773829,43.10706269755135,8,0.03992708176227339,39.927081762273396
102,155,-92.44339427773829,43.10706269755135,16,0.03956693516813155,39.56693516813155
102,155,-92.44339427773829,43.10706269755135,24,0.0420572634190188,42.0572634190188
102,155,-92.44339427773829,43.10706269755135,32,0.04685818178382812,46.85818178382812
102,155,-92.44339427773829,43.10706269755135,40,0.04882507435724755,48.825074357247544
102,155,-92.44339427773829,43.10706269755135,48,0.047573777592054126,47.57377759205413
102,155,-92.44339427773829,43.10706269755135,56,0.04446314002883377,44.46314002883377
102,155,-92.44339427773829,43.10706269755135,64,0.041258708194876675,41.258708194876675
102,155,-92.44339427773829,43.10706269755135,72,0.03928176114046446,39.28176114046446
102,155,-92.44339427773829,43.10706269755135,80,0.04061190531397924,40.61190531397924
102,155,-92.44339427773829,43.10706269755135,88,0.04462740157296786,44.627401572967855
102,155,-92.44339427773829,43.10706269755135,96,0.04823088262266842,48.23088262266842
102,155,-92.44339427773829,43.10706269755135,104,0.04846973870928717,48.46973870928717
102,155,-92.44339427773829,43.10706269755135,112,0.04610506187419153,46.10506187419153
102,155,-92.44339427773829,43.10706269755135,120,0.04264152243259798,42.64152243259798
102,155,-92.44339427773829,43.10706269755135,128,0.039759842538307055,39.759842538307055
102,155,-92.44339427773829,43.10706269755135,136,0.03933998412189728,39.33998412189728
102,155,-92.44339427773829,43.10706269755135,144,0.04184437023810781,41.84437023810781
102,155,-92.44339427773829,43.10706269755135,152,0.046673441447032185,46.67344144703218
102,155,-92.44339427773829,43.10706269755135,160,0.04868836187159428,48.68836187159428
102,155,-92.44339427773829,43.10706269755135,168,0.0474769983613598,47.476998361359804
102,155,-92.44339427773829,43.10706269755135,176,0.04440411126869849,44.40411126869849
102,155,-92.44339427773829,43.10706269755135,184,0.04123035482399543,41.230354823995434
102,155,-92.44339427773829,43.10706269755135,192,0.03927225918187148,39.27225918187148
102,155,-92.44339427773829,43.10706269755135,200,0.040646116868858245,40.64611686885824
102,155,-92.44339427773829,43.10706269755135,208,0.04469149500758396,44.69149500758396
102,155,-92.44339427773829,43.10706269755135,216,0.04830226624558706,48.30226624558706
102,155,-92.44339427773829,43.10706269755135,224,0.0485113675679759,48.5113675679759
102,155,-92.44339427773829,43.10706269755135,232,0.046173196305768174,46.17319630576817
102,155,-92.44339427773829,43.10706269755135,240,0.04277317645558255,42.773176455582544
102,155,-92.44339427773829,43.10706269755135,248,0.039964653580812,39.964653580812
102,155,-92.44339427773829,43.10706269755135,256,0.03955188383269062,39.55188383269062
102,155,-92.44339427773829,43.10706269755135,264,0.04202109849716152,42.02109849716152
102,155,-92.44339427773829,43.10706269755135,272,0.04680460490637354,46.80460490637354
102,155,-92.44339427773829,43.10706269755135,280,0.048789202581985006,48.78920258198501
102,155,-92.44339427773829,43.10706269755135,288,0.04753885053912336,47.53885053912336
102,155,-92.44339427773829,43.10706269755135,296,0.044389977867429126,44.389977867429124
102,155,-92.44339427773829,43.10706269755135,304,0.04111225777464349,41.11225777464349
102,155,-92.44339427773829,43.10706269755135,312,0.03909446466381296,39.09446466381296
102,155,-92.44339427773829,43.10706269755135,320,0.04041802820540174,40.41802820540174
102,155,-92.44339427773829,43.10706269755135,328,0.044498243357689767,44.498243357689766
102,155,-92.44339427773829,43.10706269755135,336,0.04812520795454972,48.12520795454972
102,155,-92.44339427773829,43.10706269755135,344,0.048391962436798774,48.39196243679878
102,155,-92.44339427773829,43.10706269755135,352,0.04608556399055011,46.08556399055011
102,155,-92.44339427773829,43.10706269755135,360,0.04270400138108702,42.704001381087025
102,160,-95.84864732016266,34.88605461921823,0,0.03807031204674769,38.07031204674769
102,160,-95.84864732016266,34.88605461921823,8,0.035562612848858324,35.56261284885832
102,160,-95.84864732016266,34.88605461921823,16,0.03607447251766977,36.07447251766977
102,160,-95.84864732016266,34.88605461921823,24,0.040620056124688365,40.62005612468837
102,160,-95.84864732016266,34.88605461921823,32,0.04473869973237024,44.73869973237024
102,160,-95.84864732016266,34.88605461921823,40,0.04587571517725135,45.87571517725135
102,160,-95.84864732016266,34.88605461921823,48,0.04382407905866215,43.82407905866215
102,160,-95.84864732016266,34.88605461921823,56,0.04004877099774287,40.04877099774287
102,160,-95.84864732016266,34.88605461921823,64,0.03641339819491465,36.413398194914656
102,160,-95.84864732016266,34.88605461921823,72,0.03543789405230409,35.43789405230409
102,160,-95.84864732016266,34.88605461921823,80,0.037601291855774314,37.60129185577431
102,160,-95.84864732016266,34.88605461921823,88,0.04296062463805978,42.960624638059784
102,160,-95.84864732016266,34.88605461921823,96,0.04573345696526544,45.73345696526544
102,160,-95.84864732016266,34.88605461921823,104,0.04513136112764316,45.13136112764316
102,160,-95.84864732016266,34.88605461921823,112,0.042030594852720385,42.030594852720384
102,160,-95.84864732016266,34.88605461921823,120,0.038001937811992306,38.001937811992306
102,160,-95.84864732016266,34.88605461921823,128,0.03539688110271069,35.396881102710694
102,160,-95.84864732016266,34.88605461921823,136,0.03585885592505714,35.858855925057135
102,160,-95.84864732016266,34.88605461921823,144,0.04044217127030295,40.44217127030295
102,160,-95.84864732016266,34.88605461921823,152,0.044591546327370876,44.59154632737088
102,160,-95.84864732016266,34.88605461921823,160,0.04577767780423289,45.777677804232894
102,160,-95.84864732016266,34.88605461921823,168,0.04376459578271874,43.76459578271874
102,160,-95.84864732016266,34.88605461921823,176,0.04002490760477301,40.024907604773006
102,160,-95.84864732016266,34.88605461921823,184,0.03641895752191915,36.41895752191915
102,160,-95.84864732016266,34.88605461921823,192,0.03543698127278759,35.43698127278759
102,160,-95.84864732016266,34.88605461921823,200,0.037626455142212585,37.626455142212585
102,160,-95.84864732016266,34.88605461921823,208,0.04300800477164081,43.008004771640806
102,160,-95.84864732016266,34.88605461921823,216,0.045782332037760706,45.7823320377607
102,160,-95.84864732016266,34.88605461921823,224,0.045146519034707525,45.146519034707524
102,160,-95.84864732016266,34.88605461921823,232,0.04207090940586339,42.07090940586339
102,160,-95.84864732016266,34.88605461921823,240,0.03810717770899734,38.10717770899734
102,160,-95.84864732016266,34.88605461921823,248,0.035581111966064324,35.58111196606433
102,160,-95.84864732016266,34.88605461921823,256,0.03605756178095108,36.05756178095108
102,160,-95.84864732016266,34.88605461921823,264,0.0405987475344219,40.5987475344219
102,160,-95.84864732016266,34.88605461921823,272,0.04470551277264552,44.70551277264552
102,160,-95.84864732016266,34.88605461921823,280,0.04586470525760107,45.864705257601074
102,160,-95.84864732016266,34.88605461921823,288,0.0438159487254811,43.8159487254811
102,160,-95.84864732016266,34.88605461921823,296,0.040001713457432524,40.00171345743252
102,160,-95.84864732016266,34.88605461921823,304,0.0362940801878231,36.2940801878231
102,160,-95.84864732016266,34.88605461921823,312,0.035267266257577035,35.267266257577035
102,160,-95.84864732016266,34.88605461921823,320,0.03742015377296894,37.420153772968945
102,160,-95.84864732016266,34.88605461921823,328,0.04285104802892582,42.851048028925824
102,160,-95.84864732016266,34.88605461921823,336,0.045643393535943516,45.64339353594352
102,160,-95.84864732016266,34.88605461921823,344,0.045065209733313086,45.06520973331308
102,160,-95.84864732016266,34.88605461921823,352,0.04201940971471117,42.01940971471117
102,160,-95.84864732016266,34.88605461921823,360,0.03807192191223955,38.07192191223955
102,165,-98.52443428148496,26.399542600457142,0,0.03395099276787028,33.95099276787028
102,165,-98.52443428148496,26.399542600457142,8,0.03196064337692556,31.960643376925557
102,165,-98.52443428148496,26.399542600457142,16,0.03388552469571547,33.885524695715475
102,165,-98.52443428148496,26.399542600457142,24,0.03972859325668332,39.72859325668332
102,165,-98.52443428148496,26.399542600457142,32,0.04305304858567747,43.053048585677466
102,165,-98.52443428148496,26.399542600457142,40,0.04331139926839759,43.31139926839759
102,165,-98.52443428148496,26.399542600457142,48,0.040480926266886055,40.48092626688606
102,165,-98.52443428148496,26.399542600457142,56,0.03608327068770683,36.08327068770683
102,165,-98.52443428148496,26.399542600457142,64,0.03250641999540758,32.506419995407576
102,165,-98.52443428148496,26.399542600457142,72,0.032132264970866305,32.1322649708663
102,165,-98.52443428148496,26.399542600457142,80,0.037066147207725365,37.066147207725365
102,165,-98.52443428148496,26.399542600457142,88,0.041689392669064775,41.68939266906477
102,165,-98.52443428148496,26.399542600457142,96,0.04362739002354505,43.62739002354505
102,165,-98.52443428148496,26.399542600457142,104,0.04218620823119108,42.18620823119108
102,165,-98.52443428148496,26.399542600457142,112,0.038381261492196436,38.38126149219644
102,165,-98.52443428148496,26.399542600457142,120,0.03387650374330349,33.87650374330349
102,165,-98.52443428148496,26.399542600457142,128,0.03179839627427691,31.798396274276914
102,165,-98.52443428148496,26.399542600457142,136,0.03368438878904778,33.68438878904778
102,165,-98.52443428148496,26.399542600457142,144,0.03958682141781487,39.58682141781487
102,165,-98.52443428148496,26.399542600457142,152,0.04294453084771014,42.94453084771014
102,165,-98.52443428148496,26.399542600457142,160,0.04325248528089874,43.25248528089874
102,165,-98.52443428148496,26.399542600457142,168,0.04045884259784735,40.45884259784735
102,165,-98.52443428148496,26.399542600457142,176,0.03609440891605008,36.09440891605008
102,165,-98.52443428148496,26.399542600457142,184,0.03253132931122435,32.53132931122435
102,165,-98.52443428148496,26.399542600457142,192,0.0321402873938903,32.1402873938903
102,165,-98.52443428148496,26.399542600457142,200,0.037080761936626336,37.08076193662634
102,165,-98.52443428148496,26.399542600457142,208,0.0417193621831058,41.719362183105794
102,165,-98.52443428148496,26.399542600457142,216,0.0436534038921422,43.6534038921422
102,165,-98.52443428148496,26.399542600457142,224,0.04217458934528236,42.17458934528236
102,165,-98.52443428148496,26.399542600457142,232,0.038393541831321425,38.39354183132142
102,165,-98.52443428148496,26.399542600457142,240,0.033955665831478854,33.95566583147885
102,165,-98.52443428148496,26.399542600457142,248,0.03196381314474763,31.963813144747633
102,165,-98.52443428148496,26.399542600457142,256,0.033866677989854065,33.86667798985406
102,165,-98.52443428148496,26.399542600457142,264,0.03972231005833665,39.72231005833665
102,165,-98.52443428148496,26.399542600457142,272,0.04304063190312436,43.040631903124364
102,165,-98.52443428148496,26.399542600457142,280,0.04332556972710605,43.32556972710605
102,165,-98.52443428148496,26.399542600457142,288,0.040499751886915784,40.49975188691578
102,165,-98.52443428148496,26.399542600457142,296,0.03606235867034855,36.06235867034855
102,165,-98.52443428148496,26.399542600457142,304,0.03240783793947583,32.40783793947583
102,165,-98.52443428148496,26.399542600457142,312,0.031979329954110416,31.979329954110415
102,165,-98.52443428148496,26.399542600457142,320,0.03690724375516564,36.90724375516564
102,165,-98.52443428148496,26.399542600457142,328,0.041600036300758966,41.600036300758966
102,165,-98.52443428148496,26.399542600457142,336,0.04355303449410161,43.55303449410161
102,165,-98.52443428148496,26.399542600457142,344,0.042131633918257264,42.131633918257265
102,165,-98.52443428148496,26.399542600457142,352,0.038378146241116885,38.37814624111689
102,165,-98.52443428148496,26.399542600457142,360,0.033952538638365906,33.95253863836591
102,170,-100.45039080724521,17.71211412202689,0,0.03054108633209357,30.54108633209357
102,170,-100.45039080724521,17.71211412202689,8,0.028886291932863607,28.886291932863607
102,170,-100.45039080724521,17.71211412202689,16,0.034088168135654275,34.08816813565427
102,170,-100.45039080724521,17.71211412202689,24,0.03927547598494406,39.27547598494406
102,170,-100.45039080724521,17.71211412202689,32,0.04176920990392598,41.769209903925976
102,170,-100.45039080724521,17.71211412202689,40,0.041150311901320805,41.150311901320805
102,170,-100.45039080724521,17.71211412202689,48,0.03756976262812203,37.569762628122035
102,170,-100.45039080724521,17.71211412202689,56,0.032627300040433384,32.62730004043338
102,170,-100.45039080724521,17.71211412202689,64,0.02920851815069566,29.20851815069566
102,170,-100.45039080724521,17.71211412202689,72,0.030845121897259346,30.845121897259347
102,170,-100.45039080724521,17.71211412202689,80,0.036961461735143426,36.96146173514342
102,170,-100.45039080724521,17.71211412202689,88,0.04086784994863455,40.86784994863455
102,170,-100.45039080724521,17.71211412202689,96,0.04191902443722739,41.91902443722739
102,170,-100.45039080724521,17.71211412202689,104,0.039656694411804846,39.65669441180485
102,170,-100.45039080724521,17.71211412202689,112,0.03518483542302099,35.18483542302099
102,170,-100.45039080724521,17.71211412202689,120,0.030466787410272506,30.466787410272506
102,170,-100.45039080724521,17.71211412202689,128,0.028727965767777898,28.7279657677779
102,170,-100.45039080724521,17.71211412202689,136,0.03392025479685842,33.92025479685842
102,170,-100.45039080724521,17.71211412202689,144,0.0391711836574397,39.1711836574397
102,170,-100.45039080724521,17.71211412202689,152,0.041699820593325734,41.69982059332573
102,170,-100.45039080724521,17.71211412202689,160,0.041130711647263306,41.130711647263304
102,170,-100.45039080724521,17.71211412202689,168,0.037584897584550844,37.584897584550845
102,170,-100.45039080724521,17.71211412202689,176,0.032671202649474984,32.671202649474985
102,170,-100.45039080724521,17.71211412202689,184,0.02925252030774065,29.25252030774065
102,170,-100.45039080724521,17.71211412202689,192,0.03085820624493174,30.85820624493174
102,170,-100.45039080724521,17.71211412202689,200,0.03696370821445563,36.96370821445563
102,170,-100.45039080724521,17.71211412202689,208,0.0408802738199211,40.8802738199211
102,170,-100.45039080724521,17.71211412202689,216,0.04192185477326181,41.92185477326181
102,170,-100.45039080724521,17.71211412202689,224,0.039618196679137095,39.61819667913709
102,170,-100.45039080724521,17.71211412202689,232,0.035169080569839806,35.16908056983981
102,170,-100.45039080724521,17.71211412202689,240,0.030522304386398136,30.522304386398137
102,170,-100.45039080724521,17.71211412202689,248,0.028874001467905114,28.874001467905114
102,170,-100.45039080724521,17.71211412202689,256,0.03407827856932456,34.07827856932456
102,170,-100.45039080724521,17.71211412202689,264,0.039284574219377255,39.284574219377255
102,170,-100.45039080724521,17.71211412202689,272,0.041777764541701304,41.7777645417013
102,170,-100.45039080724521,17.71211412202689,280,0.041189810677145305,41.1898106771453
102,170,-100.45039080724521,17.71211412202689,288,0.037615498283743234,37.615498283743236
102,170,-100.45039080724521,17.71211412202689,296,0.0326322559840664,32.6322559840664
102,170,-100.45039080724521,17.71211412202689,304,0.02913092552554658,29.13092552554658
102,170,-100.45039080724521,17.71211412202689,312,0.030713289095037583,30.713289095037585
102,170,-100.45039080724521,17.71211412202689,320,0.036825561330333656,36.825561330333656
102,170,-100.45039080724521,17.71211412202689,328,0.040799454936742724,40.79945493674273
102,170,-100.45039080724521,17.71211412202689,336,0.04186053002737969,41.86053002737969
102,170,-100.45039080724521,17.71211412202689,344,0.039613561274925393,39.613561274925395
102,170,-100.45039080724521,17.71211412202689,352,0.03518948578345627,35.18948578345627
102,170,-100.45039080724521,17.71211412202689,360,0.030542497053865116,30.542497053865116
102,175,-101.61185920535804,8.889885760261135,0,0.027699554144609485,27.699554144609486
102,175,-101.61185920535804,8.889885760261135,8,0.028697421256023474,28.697421256023475
102,175,-101.61185920535804,8.889885760261135,16,0.03473171739038776,34.73171739038776
102,175,-101.61185920535804,8.889885760261135,24,0.03928061477239207,39.28061477239207
102,175,-101.61185920535804,8.889885760261135,32,0.040895471900614544,40.895471900614545
102,175,-101.61185920535804,8.889885760261135,40,0.039408900255784696,39.408900255784694
102,175,-101.61185920535804,8.889885760261135,48,0.03511274385546978,35.11274385546978
102,175,-101.61185920535804,8.889885760261135,56,0.029767451087495223,29.767451087495225
102,175,-101.61185920535804,8.889885760261135,64,0.026427730256726997,26.427730256726996
102,175,-101.61185920535804,8.889885760261135,72,0.031784740407305646,31.784740407305648
102,175,-101.61185920535804,8.889885760261135,80,0.03734044054994447,37.34044054994447
102,175,-101.61185920535804,8.889885760261135,88,0.04046249471010781,40.462494710107805
102,175,-101.61185920535804,8.889885760261135,96,0.0406213618999637,40.6213618999637
102,175,-101.61185920535804,8.889885760261135,104,0.0375620707970122,37.562070797012204
102,175,-101.61185920535804,8.889885760261135,112,0.03247512604226235,32.47512604226235
102,175,-101.61185920535804,8.889885760261135,120,0.027625356375090636,27.625356375090636
102,175,-101.61185920535804,8.889885760261135,128,0.028555974948177014,28.555974948177013
102,175,-101.61185920535804,8.889885760261135,136,0.034598463430516965,34.598463430516965
102,175,-101.61185920535804,8.889885760261135,144,0.03921471542326425,39.214715423264245
102,175,-101.61185920535804,8.889885760261135,152,0.04086566472446865,40.86566472446865
102,175,-101.61185920535804,8.889885760261135,160,0.03942850488184046,39.42850488184046
102,175,-101.61185920535804,8.889885760261135,168,0.035164633199715856,35.16463319971586
102,175,-101.61185920535804,8.889885760261135,176,0.02984042159201397,29.84042159201397
102,175,-101.61185920535804,8.889885760261135,184,0.026490426890943372,26.49042689094337
102,175,-101.61185920535804,8.889885760261135,192,0.03179066617840036,31.790666178400357
102,175,-101.61185920535804,8.889885760261135,200,0.037330219208462426,37.330219208462424
102,175,-101.61185920535804,8.889885760261135,208,0.040457087355540655,40.45708735554066
102,175,-101.61185920535804,8.889885760261135,216,0.0406008628154522,40.6008628154522
102,175,-101.61185920535804,8.889885760261135,224,0.0374967967280532,37.4967967280532
102,175,-101.61185920535804,8.889885760261135,232,0.03243171768689587,32.43171768689587
102,175,-101.61185920535804,8.889885760261135,240,0.027657377128554317,27.657377128554316
102,175,-101.61185920535804,8.889885760261135,248,0.028679847892881825,28.679847892881824
102,175,-101.61185920535804,8.889885760261135,256,0.034731813434583134,34.73181343458313
102,175,-101.61185920535804,8.889885760261135,264,0.039305019601469454,39.30501960146945
102,175,-101.61185920535804,8.889885760261135,272,0.0409251681839058,40.9251681839058
102,175,-101.61185920535804,8.889885760261135,280,0.03947368252369557,39.47368252369557
102,175,-101.61185920535804,8.889885760261135,288,0.03518513882744358,35.18513882744357
102,175,-101.61185920535804,8.889885760261135,296,0.029797593205981965,29.797593205981965
102,175,-101.61185920535804,8.889885760261135,304,0.0263708848182509,26.370884818250897
102,175,-101.61185920535804,8.889885760261135,312,0.0316792754855841,31.6792754855841
102,175,-101.61185920535804,8.889885760261135,320,0.03722882199609692,37.228821996096926
102,175,-101.61185920535804,8.889885760261135,328,0.040415327462766805,40.415327462766804
102,175,-101.61185920535804,8.889885760261135,336,0.040578761116731636,40.578761116731634
102,175,-101.61185920535804,8.889885760261135,344,0.03753015585658709,37.530155856587086
102,175,-101.61185920535804,8.889885760261135,352,0.03248640625855385,32.48640625855385
102,175,-101.61185920535804,8.889885760261135,360,0.027700793597000485,27.700793597000484
102,180,-102.0,1.2491397351303002e-14,0,0.025637886252474557,25.63788625247456
102,180,-102.0,1.2491397351303002e-14,8,0.030339349969167307,30.33934996916731
102,180,-102.0,1.2491397351303002e-14,16,0.03590344064027569,35.90344064027569
102,180,-102.0,1.2491397351303002e-14,24,0.03971421089162035,39.71421089162035
102,180,-102.0,1.2491397351303002e-14,32,0.040438484249525765,40.438484249525764
102,180,-102.0,1.2491397351303002e-14,40,0.03810041752590489,38.10041752590489
102,180,-102.0,1.2491397351303002e-14,48,0.03312607322655698,33.12607322655698
102,180,-102.0,1.2491397351303002e-14,56,0.027446741578882862,27.44674157888286
102,180,-102.0,1.2491397351303002e-14,64,0.02747985922842457,27.47985922842457
102,180,-102.0,1.2491397351303002e-14,72,0.03319710642700757,33.19710642700757
102,180,-102.0,1.2491397351303002e-14,80,0.0381817020118082,38.1817020118082
102,180,-102.0,1.2491397351303002e-14,88,0.0404774139106774,40.4774139106774
102,180,-102.0,1.2491397351303002e-14,96,0.03974427840721262,39.74427840721262
102,180,-102.0,1.2491397351303002e-14,104,0.03591827873729004,35.91827873729004
102,180,-102.0,1.2491397351303002e-14,112,0.030320157297469803,30.3201572974698
102,180,-102.0,1.2491397351303002e-14,120,0.025564711708650913,25.56471170865091
102,180,-102.0,1.2491397351303002e-14,128,0.03022905652002774,30.22905652002774
102,180,-102.0,1.2491397351303002e-14,136,0.0358062398515819,35.8062398515819
102,180,-102.0,1.2491397351303002e-14,144,0.03968733605520113,39.68733605520113
102,180,-102.0,1.2491397351303002e-14,152,0.04044841167097803,40.448411670978025
102,180,-102.0,1.2491397351303002e-14,160,0.03815881980593567,38.15881980593567
102,180,-102.0,1.2491397351303002e-14,168,0.03321377019085109,33.213770190851086
102,180,-102.0,1.2491397351303002e-14,176,0.027548020375154192,27.54802037515419
102,180,-102.0,1.2491397351303002e-14,184,0.0275450018769301,27.5450018769301
102,180,-102.0,1.2491397351303002e-14,192,0.03319508972431241,33.19508972431241
102,180,-102.0,1.2491397351303002e-14,200,0.0381589608086646,38.1589608086646
102,180,-102.0,1.2491397351303002e-14,208,0.04045392855331722,40.45392855331722
102,180,-102.0,1.2491397351303002e-14,216,0.03970048156514901,39.700481565149005
102,180,-102.0,1.2491397351303002e-14,224,0.03582653462659478,35.826534626594785
102,180,-102.0,1.2491397351303002e-14,232,0.030250031899242136,30.250031899242135
102,180,-102.0,1.2491397351303002e-14,240,0.02557512056062017,25.57512056062017
102,180,-102.0,1.2491397351303002e-14,248,0.030327043062321347,30.327043062321348
102,180,-102.0,1.2491397351303002e-14,256,0.03591317457774122,35.91317457774122
102,180,-102.0,1.2491397351303002e-14,264,0.03975409721793269,39.75409721793269
102,180,-102.0,1.2491397351303002e-14,272,0.040489331602832364,40.489331602832365
102,180,-102.0,1.2491397351303002e-14,280,0.03819024603823113,38.19024603823113
102,180,-102.0,1.2491397351303002e-14,288,0.033224702663520345,33.22470266352035
102,180,-102.0,1.2491397351303002e-14,296,0.027501486571112947,27.50148657111295
102,180,-102.0,1.2491397351303002e-14,304,0.027444637827929486,27.444637827929487
102,180,-102.0,1.2491397351303002e-14,312,0.03311839145512828,33.11839145512828
102,180,-102.0,1.2491397351303002e-14,320,0.03809517260826194,38.09517260826194
102,180,-102.0,1.2491397351303002e-14,328,0.04045167659690076,40.451676596900754
102,180,-102.0,1.2491397351303002e-14,336,0.03971748279752074,39.717482797520745
102,180,-102.0,1.2491397351303002e-14,344,0.03589727363647044,35.89727363647044
102,180,-102.0,1.2491397351303002e-14,352,0.030337476215241247,30.337476215241246
102,180,-102.0,1.2491397351303002e-14,360,0.02563892491295536,25.63892491295536
136,90,8.327598234202001e-15,136.0,0,0.1357405010702998,135.7405010702998
136,90,8.327598234202001e-15,136.0,8,0.12718599192034014,127.18599192034013
136,90,8.327598234202001e-15,136.0,16,0.12508550038855804,125.08550038855803
136,90,8.327598234202001e-15,136.0,24,0.12889662699723273,128.89662699723272
136,90,8.327598234202001e-15,136.0,32,0.1407394680052714,140.7394680052714
136,90,8.327598234202001e-15,136.0,40,0.1485690967006521,148.5690967006521
136,90,8.327598234202001e-15,136.0,48,0.14855766472464021,148.5576647246402
136,90,8.327598234202001e-15,136.0,56,0.1407052443276017,140.7052443276017
136,90,8.327598234202001e-15,136.0,64,0.13157800409402934,131.57800409402932
136,90,8.327598234202001e-15,136.0,72,0.12502492995308714,125.02492995308714
136,90,8.327598234202001e-15,136.0,80,0.12591989866527029,125.91989866527028
136,90,8.327598234202001e-15,136.0,88,0.1341769051954952,134.17690519549518
136,90,8.327598234202001e-15,136.0,96,0.14567262824352017,145.67262824352017
136,90,8.327598234202001e-15,136.0,104,0.14866643156443304,148.66643156443305
136,90,8.327598234202001e-15,136.0,112,0.14518090775865164,145.18090775865164
136,90,8.327598234202001e-15,136.0,120,0.13571637344123427,135.71637344123428
136,90,8.327598234202001e-15,136.0,128,0.1270546897456381,127.0546897456381
136,90,8.327598234202001e-15,136.0,136,0.12486415027636932,124.86415027636933
136,90,8.327598234202001e-15,136.0,144,0.12857734714110552,128.57734714110552
136,90,8.327598234202001e-15,136.0,152,0.14028703828934228,140.28703828934226
136,90,8.327598234202001e-15,136.0,160,0.14816970421600592,148.16970421600593
136,90,8.327598234202001e-15,136.0,168,0.1481697289330855,148.1697289330855
136,90,8.327598234202001e-15,136.0,176,0.14038590225044867,140.38590225044868
136,90,8.327598234202001e-15,136.0,184,0.1313071387312283,131.3071387312283
136,90,8.327598234202001e-15,136.0,192,0.12482916073572778,124.82916073572778
136,90,8.327598234202001e-15,136.0,200,0.12582924779935636,125.82924779935637
136,90,8.327598234202001e-15,136.0,208,0.134260125623029,134.26012562302898
136,90,8.327598234202001e-15,136.0,216,0.1458350957499648,145.8350957499648
136,90,8.327598234202001e-15,136.0,224,0.1488891373902747,148.8891373902747
136,90,8.327598234202001e-15,136.0,232,0.14546086564515565,145.46086564515565
136,90,8.327598234202001e-15,136.0,240,0.13604060719373495,136.04060719373496
136,90,8.327598234202001e-15,136.0,248,0.12744221993958166,127.44221993958166
136,90,8.327598234202001e-15,136.0,256,0.12522952617047609,125.22952617047609
136,90,8.327598234202001e-15,136.0,264,0.12890797601912718,128.90797601912718
136,90,8.327598234202001e-15,136.0,272,0.1405921817268112,140.5921817268112
136,90,8.327598234202001e-15,136.0,280,0.14837411631277792,148.37411631277791
136,90,8.327598234202001e-15,136.0,288,0.14829831952542083,148.29831952542082
136,90,8.327598234202001e-15,136.0,296,0.14041748545802651,140.4174854580265
136,90,8.327598234202001e-15,136.0,304,0.13123524060635477,131.23524060635478
136,90,8.327598234202001e-15,136.0,312,0.12464453729187472,124.64453729187471
136,90,8.327598234202001e-15,136.0,320,0.12557854047872,125.57854047872
136,90,8.327598234202001e-15,136.0,328,0.13385447865844874,133.85447865844873
136,90,8.327598234202001e-15,136.0,336,0.1454210957999761,145.42109579997611
136,90,8.327598234202001e-15,136.0,344,0.14852414750809328,148.52414750809328
136,90,8.327598234202001e-15,136.0,352,0.1451128647858817,145.1128647858817
136,90,8.327598234202001e-15,136.0,360,0.13574338131113128,135.7433813111313
136,95,-11.85318101368152,135.4824789404774,0,0.12173442954965441,121.73442954965441
136,95,-11.85318101368152,135.4824789404774,8,0.1158891653105082,115.8891653105082
136,95,-11.85318101368152,135.4824789404774,16,0.11624585028679237,116.24585028679236
136,95,-11.85318101368152,135.4824789404774,24,0.12245022832996952,122.45022832996952
136,95,-11.85318101368152,135.4824789404774,32,0.13431800945685823,134.31800945685822
136,95,-11.85318101368152,135.4824789404774,40,0.1396520058461051,139.6520058461051
136,95,-11.85318101368152,135.4824789404774,48,0.13629453387390084,136.29453387390083
136,95,-11.85318101368152,135.4824789404774,56,0.1267042193744923,126.70421937449231
136,95,-11.85318101368152,135.4824789404774,64,0.1176186942197466,117.6186942197466
136,95,-11.85318101368152,135.4824789404774,72,0.11623831953332073,116.23831953332073
136,95,-11.85318101368152,135.4824789404774,80,0.11867953929323391,118.67953929323392
136,95,-11.85318101368152,135.4824789404774,88,0.12777371683895428,127.77371683895427
136,95,-11.85318101368152,135.4824789404774,96,0.13790097180245547,137.90097180245547
136,95,-11.85318101368152,135.4824789404774,104,0.13989196485599548,139.89196485599547
136,95,-11.85318101368152,135.4824789404774,112,0.13128311484114344,131.28311484114343
136,95,-11.85318101368152,135.4824789404774,120,0.12169334845421764,121.69334845421764
136,95,-11.85318101368152,135.4824789404774,128,0.11574742755840974,115.74742755840974
136,95,-11.85318101368152,135.4824789404774,136,0.11601913415388322,116.01913415388321
136,95,-11.85318101368152,135.4824789404774,144,0.12213130308238027,122.13130308238027
136,95,-11.85318101368152,135.4824789404774,152,0.13386534495546487,133.86534495546488
136,95,-11.85318101368152,135.4824789404774,160,0.13925353054424003,139.25353054424002
136,95,-11.85318101368152,135.4824789404774,168,0.13591545397967714,135.91545397967712
136,95,-11.85318101368152,135.4824789404774,176,0.12640072380661316,126.40072380661316
136,95,-11.85318101368152,135.4824789404774,184,0.11736763013036247,117.36763013036247
136,95,-11.85318101368152,135.4824789404774,192,0.11603644044916944,116.03644044916945
136,95,-11.85318101368152,135.4824789404774,200,0.11858541304116428,118.58541304116429
136,95,-11.85318101368152,135.4824789404774,208,0.12785782839878782,127.85782839878782
136,95,-11.85318101368152,135.4824789404774,216,0.13805994581214007,138.05994581214006
136,95,-11.85318101368152,135.4824789404774,224,0.1401018973914152,140.1018973914152
136,95,-11.85318101368152,135.4824789404774,232,0.1315702172881818,131.5702172881818
136,95,-11.85318101368152,135.4824789404774,240,0.12201785373109376,122.01785373109377
136,95,-11.85318101368152,135.4824789404774,248,0.11613915355882687,116.13915355882686
136,95,-11.85318101368152,135.4824789404774,256,0.1163986060720256,116.3986060720256
136,95,-11.85318101368152,135.4824789404774,264,0.12246327373552826,122.46327373552826
136,95,-11.85318101368152,135.4824789404774,272,0.13417187789690782,134.17187789690783
136,95,-11.85318101368152,135.4824789404774,280,0.1394703517116709,139.4703517116709
136,95,-11.85318101368152,135.4824789404774,288,0.13603179655909325,136.03179655909327
136,95,-11.85318101368152,135.4824789404774,296,0.12641302784188752,126.41302784188751
136,95,-11.85318101368152,135.4824789404774,304,0.11728021544950112,117.28021544950113
136,95,-11.85318101368152,135.4824789404774,312,0.11585008076730716,115.85008076730716
136,95,-11.85318101368152,135.4824789404774,320,0.11833421100271642,118.33421100271642
136,95,-11.85318101368152,135.4824789404774,328,0.12745166669884128,127.45166669884128
136,95,-11.85318101368152,135.4824789404774,336,0.13764311388171202,137.64311388171203
136,95,-11.85318101368152,135.4824789404774,344,0.13973693524837127,139.73693524837128
136,95,-11.85318101368152,135.4824789404774,352,0.13123592834590697,131.23592834590698
136,95,-11.85318101368152,135.4824789404774,360,0.12173784446332103,121.73784446332104
136,100,-23.61615216270252,133.93385440966028,0,0.1078349105877608,107.8349105877608
136,100,-23.61615216270252,133.93385440966028,8,0.10708308430112026,107.08308430112027
136,100,-23.61615216270252,133.93385440966028,16,0.10946489597780862,109.46489597780862
136,100,-23.61615216270252,133.93385440966028,24,0.11607532669702032,116.07532669702033
136,100,-23.61615216270252,133.93385440966028,32,0.12596149835848958,125.96149835848958
136,100,-23.61615216270252,133.93385440966028,40,0.13032534309357707,130.32534309357706
136,100,-23.61615216270252,133.93385440966028,48,0.1225655348989443,122.56553489894429
136,100,-23.61615216270252,133.93385440966028,56,0.11276341780245491,112.76341780245491
136,100,-23.61615216270252,133.93385440966028,64,0.10729746053479368,107.29746053479369
136,100,-23.61615216270252,133.93385440966028,72,0.10767387875554532,107.67387875554532
136,100,-23.61615216270252,133.93385440966028,80,0.11222507690857232,112.22507690857232
136,100,-23.61615216270252,133.93385440966028,88,0.12143770890641603,121.43770890641603
136,100,-23.61615216270252,133.93385440966028,96,0.1288681536387116,128.8681536387116
136,100,-23.61615216270252,133.93385440966028,104,0.1267560851273098,126.75608512730979
136,100,-23.61615216270252,133.93385440966028,112,0.11740000996068237,117.40000996068237
136,100,-23.61615216270252,133.93385440966028,120,0.10777719093139373,107.77719093139373
136,100,-23.61615216270252,133.93385440966028,128,0.1069363532529779,106.9363532529779
136,100,-23.61615216270252,133.93385440966028,136,0.10923557417902977,109.23557417902977
136,100,-23.61615216270252,133.93385440966028,144,0.11575415680874626,115.75415680874626
136,100,-23.61615216270252,133.93385440966028,152,0.12550851836040922,125.50851836040921
136,100,-23.61615216270252,133.93385440966028,160,0.12992645875955977,129.92645875955978
136,100,-23.61615216270252,133.93385440966028,168,0.12219712823864326,122.19712823864326
136,100,-23.61615216270252,133.93385440966028,176,0.11247596014530371,112.47596014530372
136,100,-23.61615216270252,133.93385440966028,184,0.1070524293649193,107.05242936491929
136,100,-23.61615216270252,133.93385440966028,192,0.10746780094437347,107.46780094437347
136,100,-23.61615216270252,133.93385440966028,200,0.11213197018312085,112.13197018312086
136,100,-23.61615216270252,133.93385440966028,208,0.12152338545697124,121.52338545697124
136,100,-23.61615216270252,133.93385440966028,216,0.12901953893642382,129.01953893642383
136,100,-23.61615216270252,133.93385440966028,224,0.12697982338056646,126.97982338056646
136,100,-23.61615216270252,133.93385440966028,232,0.11769389965830365,117.69389965830365
136,100,-23.61615216270252,133.93385440966028,240,0.10810158179219877,108.10158179219877
136,100,-23.61615216270252,133.93385440966028,248,0.10733710368015222,107.33710368015221
136,100,-23.61615216270252,133.93385440966028,256,0.1096173838595837,109.6173838595837
136,100,-23.61615216270252,133.93385440966028,264,0.11608818829613715,116.08818829613715
136,100,-23.61615216270252,133.93385440966028,272,0.1258237339201617,125.82373392016169
136,100,-23.61615216270252,133.93385440966028,280,0.13015419781926307,130.15419781926306
136,100,-23.61615216270252,133.93385440966028,288,0.12229217876428189,122.29217876428189
136,100,-23.61615216270252,133.93385440966028,296,0.11246905907744816,112.46905907744815
136,100,-23.61615216270252,133.93385440966028,304,0.10695938296210383,106.95938296210383
136,100,-23.61615216270252,133.93385440966028,312,0.10728017006958314,107.28017006958314
136,100,-23.61615216270252,133.93385440966028,320,0.11187952588886932,111.87952588886932
136,100,-23.61615216270252,133.93385440966028,328,0.12111577572982987,121.11577572982988
136,100,-23.61615216270252,133.93385440966028,336,0.1285979898041749,128.5979898041749
136,100,-23.61615216270252,133.93385440966028,344,0.12661869197454917,126.61869197454917
136,100,-23.61615216270252,133.93385440966028,352,0.11737361585771344,117.37361585771345
136,100,-23.61615216270252,133.93385440966028,360,0.10783879115307668,107.83879115307668
136,105,-35.199390133942835,131.3659123753133,0,0.09852978670358244,98.52978670358243
136,105,-35.199390133942835,131.3659123753133,8,0.0989987686706832,98.9987686706832
136,105,-35.199390133942835,131.3659123753133,16,0.1030185140205598,103.01851402055979
136,105,-35.199390133942835,131.3659123753133,24,0.10947041109292795,109.47041109292795
136,105,-35.199390133942835,131.3659123753133,32,0.11683147160010517,116.83147160010516
136,105,-35.199390133942835,131.3659123753133,40,0.1170262229490302,117.0262229490302
136,105,-35.199390133942835,131.3659123753133,48,0.10891041322290657,108.91041322290657
136,105,-35.199390133942835,131.3659123753133,56,0.09942030307118821,99.42030307118821
136,105,-35.199390133942835,131.3659123753133,64,0.09849360886800584,98.49360886800585
136,105,-35.199390133942835,131.3659123753133,72,0.1011603177369071,101.1603177369071
136,105,-35.199390133942835,131.3659123753133,80,0.10586218005063942,105.86218005063942
136,105,-35.199390133942835,131.3659123753133,88,0.11252994170920523,112.52994170920523
136,105,-35.199390133942835,131.3659123753133,96,0.11865497352615245,118.65497352615245
136,105,-35.199390133942835,131.3659123753133,104,0.11324252868454712,113.24252868454712
136,105,-35.199390133942835,131.3659123753133,112,0.10363725192825668,103.63725192825667
136,105,-35.199390133942835,131.3659123753133,120,0.0984726433564851,98.47264335648511
136,105,-35.199390133942835,131.3659123753133,128,0.09884843615533097,98.84843615533097
136,105,-35.199390133942835,131.3659123753133,136,0.10278651948008533,102.78651948008533
136,105,-35.199390133942835,131.3659123753133,144,0.10914434300211334,109.14434300211335
136,105,-35.199390133942835,131.3659123753133,152,0.11637772326030302,116.37772326030301
136,105,-35.199390133942835,131.3659123753133,160,0.11662632797786116,116.62632797786115
136,105,-35.199390133942835,131.3659123753133,168,0.10855287014069281,108.55287014069282
136,105,-35.199390133942835,131.3659123753133,176,0.09914793535022787,99.14793535022787
136,105,-35.199390133942835,131.3659123753133,184,0.0982503389867695,98.2503389867695
136,105,-35.199390133942835,131.3659123753133,192,0.10095711565911922,100.95711565911921
136,105,-35.199390133942835,131.3659123753133,200,0.10577167594338284,105.77167594338285
136,105,-35.199390133942835,131.3659123753133,208,0.11260900079196974,112.60900079196973
136,105,-35.199390133942835,131.3659123753133,216,0.11880971341007734,118.80971341007735
136,105,-35.199390133942835,131.3659123753133,224,0.11348296249146839,113.48296249146838
136,105,-35.199390133942835,131.3659123753133,232,0.10393751991143421,103.93751991143421
136,105,-35.199390133942835,131.3659123753133,240,0.09879489995219112,98.79489995219112
136,105,-35.199390133942835,131.3659123753133,248,0.09925446479405765,99.25446479405765
136,105,-35.199390133942835,131.3659123753133,256,0.10316887696078983,103.16887696078983
136,105,-35.199390133942835,131.3659123753133,264,0.10948224889108349,109.48224889108349
136,105,-35.199390133942835,131.3659123753133,272,0.11670507910780692,116.70507910780692
136,105,-35.199390133942835,131.3659123753133,280,0.11683512660965781,116.8351266096578
136,105,-35.199390133942835,131.3659123753133,288,0.10862676028997388,108.62676028997389
136,105,-35.199390133942835,131.3659123753133,296,0.09912395216785952,99.12395216785951
136,105,-35.199390133942835,131.3659123753133,304,0.09815713606490031,98.15713606490031
136,105,-35.199390133942835,131.3659123753133,312,0.10077014708542936,100.77014708542936
136,105,-35.199390133942835,131.3659123753133,320,0.10551616897728834,105.51616897728834
136,105,-35.199390133942835,131.3659123753133,328,0.11219929931611208,112.19929931611209
136,105,-35.199390133942835,131.3659123753133,336,0.11838127565567264,118.38127565567264
136,105,-35.199390133942835,131.3659123753133,344,0.11312541735967813,113.12541735967812
136,105,-35.199390133942835,131.3659123753133,352,0.10363142788962926,103.63142788962925
136,105,-35.199390133942835,131.3659123753133,360,0.09853371073077852,98.53371073077852
136,110,-46.51473949229094,127.79819642688355,0,0.08973866351612303,89.73866351612303
136,110,-46.51473949229094,127.79819642688355,8,0.09254155886163065,92.54155886163065
136,110,-46.51473949229094,127.79819642688355,16,0.09669928286207714,96.69928286207714
136,110,-46.51473949229094,127.79819642688355,24,0.1002623656914294,100.26236569142941
136,110,-46.51473949229094,127.79819642688355,32,0.10596980384728927,105.96980384728927
136,110,-46.51473949229094,127.79819642688355,40,0.10379615105167755,103.79615105167755
136,110,-46.51473949229094,127.79819642688355,48,0.09543309256693028,95.43309256693028
136,110,-46.51473949229094,127.79819642688355,56,0.09070984224558971,90.70984224558971
136,110,-46.51473949229094,127.79819642688355,64,0.09086705984097111,90.86705984097111
136,110,-46.51473949229094,127.79819642688355,72,0.09476649114836225,94.76649114836225
136,110,-46.51473949229094,127.79819642688355,80,0.09863943405793846,98.63943405793846
136,110,-46.51473949229094,127.79819642688355,88,0.10349891418981019,103.4989141898102
136,110,-46.51473949229094,127.79819642688355,96,0.10554711802222395,105.54711802222396
136,110,-46.51473949229094,127.79819642688355,104,0.09985583109991765,99.85583109991765
136,110,-46.51473949229094,127.79819642688355,112,0.09157780049201604,91.57780049201604
136,110,-46.51473949229094,127.79819642688355,120,0.0896862804166261,89.6862804166261
136,110,-46.51473949229094,127.79819642688355,128,0.09239026925717142,92.39026925717143
136,110,-46.51473949229094,127.79819642688355,136,0.09646415759342615,96.46415759342615
136,110,-46.51473949229094,127.79819642688355,144,0.09992828881340651,99.92828881340651
136,110,-46.51473949229094,127.79819642688355,152,0.10551456892249714,105.51456892249713
136,110,-46.51473949229094,127.79819642688355,160,0.1033936610554125,103.39366105541251
136,110,-46.51473949229094,127.79819642688355,168,0.09508652072857968,95.08652072857967
136,110,-46.51473949229094,127.79819642688355,176,0.0904423140255788,90.4423140255788
136,110,-46.51473949229094,127.79819642688355,184,0.09062662888746953,90.62662888746954
136,110,-46.51473949229094,127.79819642688355,192,0.09456667930508846,94.56667930508846
136,110,-46.51473949229094,127.79819642688355,200,0.09855071390537185,98.55071390537185
136,110,-46.51473949229094,127.79819642688355,208,0.10357124874331376,103.57124874331376
136,110,-46.51473949229094,127.79819642688355,216,0.10572971443520547,105.72971443520547
136,110,-46.51473949229094,127.79819642688355,224,0.10011316784064035,100.11316784064036
136,110,-46.51473949229094,127.79819642688355,232,0.09187948385280864,91.87948385280865
136,110,-46.51473949229094,127.79819642688355,240,0.0900036329186746,90.0036329186746
136,110,-46.51473949229094,127.79819642688355,248,0.09279421087905226,92.79421087905226
136,110,-46.51473949229094,127.79819642688355,256,0.09684671111079168,96.84671111079169
136,110,-46.51473949229094,127.79819642688355,264,0.1002795394920586,100.2795394920586
136,110,-46.51473949229094,127.79819642688355,272,0.10583549458060844,105.83549458060844
136,110,-46.51473949229094,127.79819642688355,280,0.10358453631199083,103.58453631199083
136,110,-46.51473949229094,127.79819642688355,288,0.09513954322216402,95.13954322216402
136,110,-46.51473949229094,127.79819642688355,296,0.09042733857056108,90.42733857056108
136,110,-46.51473949229094,127.79819642688355,304,0.09053432133358325,90.53432133358325
136,110,-46.51473949229094,127.79819642688355,312,0.09438055982367172,94.38055982367172
136,110,-46.51473949229094,127.79819642688355,320,0.09828930285763515,98.28930285763515
136,110,-46.51473949229094,127.79819642688355,328,0.10315856617431103,103.15856617431103
136,110,-46.51473949229094,127.79819642688355,336,0.10529212142225933,105.29212142225933
136,110,-46.51473949229094,127.79819642688355,344,0.09975855554934383,99.75855554934384
136,110,-46.51473949229094,127.79819642688355,352,0.0915845497566163,91.5845497566163
136,110,-46.51473949229094,127.79819642688355,360,0.08974246895316035,89.74246895316035
136,115,-57.47608359673511,123.2578590369844,0,0.08258272546054564,82.58272546054565
136,115,-57.47608359673511,123.2578590369844,8,0.08624988308296962,86.24988308296962
136,115,-57.47608359673511,123.2578590369844,16,0.08884939102161646,88.84939102161646
136,115,-57.47608359673511,123.2578590369844,24,0.09129963383015932,91.29963383015932
136,115,-57.47608359673511,123.2578590369844,32,0.09328366212360029,93.28366212360028
136,115,-57.47608359673511,123.2578590369844,40,0.09073581623719382,90.73581623719382
136,115,-57.47608359673511,123.2578590369844,48,0.08462000647825398,84.62000647825397
136,115,-57.47608359673511,123.2578590369844,56,0.08197297992158555,81.97297992158555
136,115,-57.47608359673511,123.2578590369844,64,0.08448076969199682,84.48076969199681
136,115,-57.47608359673511,123.2578590369844,72,0.08854105987094754,88.54105987094754
136,115,-57.47608359673511,123.2578590369844,80,0.08935776884034459,89.35776884034459
136,115,-57.47608359673511,123.2578590369844,88,0.09227875960019162,92.27875960019162
136,115,-57.47608359673511,123.2578590369844,96,0.09253888814095058,92.53888814095059
136,115,-57.47608359673511,123.2578590369844,104,0.08669787322514944,86.69787322514944
136,115,-57.47608359673511,123.2578590369844,112,0.08281781689362636,82.81781689362636
136,115,-57.47608359673511,123.2578590369844,120,0.08253591758167574,82.53591758167573
136,115,-57.47608359673511,123.2578590369844,128,0.08609809463270487,86.09809463270487
136,115,-57.47608359673511,123.2578590369844,136,0.08860877692764187,88.60877692764187
136,115,-57.47608359673511,123.2578590369844,144,0.09095531687887637,90.95531687887637
136,115,-57.47608359673511,123.2578590369844,152,0.09282579478892952,92.82579478892953
136,115,-57.47608359673511,123.2578590369844,160,0.09032916657759638,90.32916657759638
136,115,-57.47608359673511,123.2578590369844,168,0.08428252543984278,84.28252543984279
136,115,-57.47608359673511,123.2578590369844,176,0.08171111388235112,81.71111388235113
136,115,-57.47608359673511,123.2578590369844,184,0.08424423672569777,84.24423672569776
136,115,-57.47608359673511,123.2578590369844,192,0.08834512696158628,88.34512696158627
136,115,-57.47608359673511,123.2578590369844,200,0.08926701286795453,89.26701286795453
136,115,-57.47608359673511,123.2578590369844,208,0.09237301173055043,92.37301173055043
136,115,-57.47608359673511,123.2578590369844,216,0.09275036504994277,92.75036504994277
136,115,-57.47608359673511,123.2578590369844,224,0.08697219163827791,86.9721916382779
136,115,-57.47608359673511,123.2578590369844,232,0.08309961578364734,83.09961578364734
136,115,-57.47608359673511,123.2578590369844,240,0.08284739608658051,82.84739608658052
136,115,-57.47608359673511,123.2578590369844,248,0.0864990072435275,86.4990072435275
136,115,-57.47608359673511,123.2578590369844,256,0.0889959580949693,88.9959580949693
136,115,-57.47608359673511,123.2578590369844,264,0.09131939966406305,91.31939966406306
136,115,-57.47608359673511,123.2578590369844,272,0.09312352771884781,93.12352771884781
136,115,-57.47608359673511,123.2578590369844,280,0.09050327191935251,90.50327191935251
136,115,-57.47608359673511,123.2578590369844,288,0.08433085691976545,84.33085691976545
136,115,-57.47608359673511,123.2578590369844,296,0.0817078298640754,81.7078298640754
136,115,-57.47608359673511,123.2578590369844,304,0.08415387333652787,84.15387333652787
136,115,-57.47608359673511,123.2578590369844,312,0.08816003690151043,88.16003690151044
136,115,-57.47608359673511,123.2578590369844,320,0.08899559145634034,88.99559145634034
136,115,-57.47608359673511,123.2578590369844,328,0.09195502850127898,91.95502850127899
136,115,-57.47608359673511,123.2578590369844,336,0.09230117100638613,92.30117100638613
136,115,-57.47608359673511,123.2578590369844,344,0.08661983643305478,86.61983643305477
136,115,-57.47608359673511,123.2578590369844,352,0.08281047990173174,82.81047990173174
136,115,-57.47608359673511,123.2578590369844,360,0.08258672213965637,82.58672213965637
136,120,-67.99999999999997,117.77945491468367,0,0.07628666776777546,76.28666776777546
136,120,-67.99999999999997,117.77945491468367,8,0.08017162478639348,80.17162478639348
136,120,-67.99999999999997,117.77945491468367,16,0.0795363364979235,79.5363364979235
136,120,-67.99999999999997,117.77945491468367,24,0.07985654503782705,79.85654503782705
136,120,-67.99999999999997,117.77945491468367,32,0.0807536936487511,80.7536936487511
136,120,-67.99999999999997,117.77945491468367,40,0.07794461553956296,77.94461553956296
136,120,-67.99999999999997,117.77945491468367,48,0.07576014012386897,75.76014012386898
136,120,-67.99999999999997,117.77945491468367,56,0.07530931394849588,75.30931394849588
136,120,-67.99999999999997,117.77945491468367,64,0.07830255588757301,78.302555887573
136,120,-67.99999999999997,117.77945491468367,72,0.08007412551844041,80.07412551844041
136,120,-67.99999999999997,117.77945491468367,80,0.0801004855896053,80.1004855896053
136,120,-67.99999999999997,117.77945491468367,88,0.08019842025671818,80.19842025671818
136,120,-67.99999999999997,117.77945491468367,96,0.07972928436631276,79.72928436631275
136,120,-67.99999999999997,117.77945491468367,104,0.07692276608866983,76.92276608866983
136,120,-67.99999999999997,117.77945491468367,112,0.07434948931260565,74.34948931260566
136,120,-67.99999999999997,117.77945491468367,120,0.07624597581437723,76.24597581437723
136,120,-67.99999999999997,117.77945491468367,128,0.0800197995301424,80.01979953014241
136,120,-67.99999999999997,117.77945491468367,136,0.07928792600158094,79.28792600158094
136,120,-67.99999999999997,117.77945491468367,144,0.07949811152578454,79.49811152578454
136,120,-67.99999999999997,117.77945491468367,152,0.08029245263704995,80.29245263704995
136,120,-67.99999999999997,117.77945491468367,160,0.07753227323594636,77.53227323594636
136,120,-67.99999999999997,117.77945491468367,168,0.07543980020735125,75.43980020735125
136,120,-67.99999999999997,117.77945491468367,176,0.07505087469354926,75.05087469354926
136,120,-67.99999999999997,117.77945491468367,184,0.07807028463653216,78.07028463653216
136,120,-67.99999999999997,117.77945491468367,192,0.07988116866558227,79.88116866558227
136,120,-67.99999999999997,117.77945491468367,200,0.08001558238045722,80.01558238045722
136,120,-67.99999999999997,117.77945491468367,208,0.08032541135472755,80.32541135472755
136,120,-67.99999999999997,117.77945491468367,216,0.0799704459402566,79.9704459402566
136,120,-67.99999999999997,117.77945491468367,224,0.07718741338308602,77.18741338308602
136,120,-67.99999999999997,117.77945491468367,232,0.07460936766410112,74.60936766410111
136,120,-67.99999999999997,117.77945491468367,240,0.07655080689492433,76.55080689492434
136,120,-67.99999999999997,117.77945491468367,248,0.08041676418829759,80.41676418829759
136,120,-67.99999999999997,117.77945491468367,256,0.07968410945943429,79.68410945943428
136,120,-67.99999999999997,117.77945491468367,264,0.07984125944582773,79.84125944582773
136,120,-67.99999999999997,117.77945491468367,272,0.08056744014368888,80.56744014368888
136,120,-67.99999999999997,117.77945491468367,280,0.07769088975245417,77.69088975245417
136,120,-67.99999999999997,117.77945491468367,288,0.0755050756284449,75.5050756284449
136,120,-67.99999999999997,117.77945491468367,296,0.07505707232081736,75.05707232081735
136,120,-67.99999999999997,117.77945491468367,304,0.07798208029049263,77.98208029049262
136,120,-67.99999999999997,117.77945491468367,312,0.07969549011236925,79.69549011236924
136,120,-67.99999999999997,117.77945491468367,320,0.07973266476659807,79.73266476659808
136,120,-67.99999999999997,117.77945491468367,328,0.07990076087802195,79.90076087802194
136,120,-67.99999999999997,117.77945491468367,336,0.07950729338486819,79.50729338486819
136,120,-67.99999999999997,117.77945491468367,344,0.07683918890192287,76.83918890192287
136,120,-67.99999999999997,117.77945491468367,352,0.07432673691226907,74.32673691226907
136,120,-67.99999999999997,117.77945491468367,360,0.07629093939622392,76.29093939622392
136,125,-78.00639534374228,111.40467802330286,0,0.07023683867759584,70.23683867759584
136,125,-78.00639534374228,111.40467802330286,8,0.07118570849400226,71.18570849400226
136,125,-78.00639534374228,111.40467802330286,16,0.07001651615826385,70.01651615826384
136,125,-78.00639534374228,111.40467802330286,24,0.06836689956667161,68.3668995666716
136,125,-78.00639534374228,111.40467802330286,32,0.06847525904863695,68.47525904863696
136,125,-78.00639534374228,111.40467802330286,40,0.06913552455673284,69.13552455673285
136,125,-78.00639534374228,111.40467802330286,48,0.06776282376751444,67.76282376751445
136,125,-78.00639534374228,111.40467802330286,56,0.0691160917956983,69.11609179569831
136,125,-78.00639534374228,111.40467802330286,64,0.0720034173019773,72.00341730197731
136,125,-78.00639534374228,111.40467802330286,72,0.07080264556595611,70.80264556595611
136,125,-78.00639534374228,111.40467802330286,80,0.06882306988874735,68.82306988874736
136,125,-78.00639534374228,111.40467802330286,88,0.068359000792202,68.359000792202
136,125,-78.00639534374228,111.40467802330286,96,0.06757297513150619,67.57297513150618
136,125,-78.00639534374228,111.40467802330286,104,0.06819224041764362,68.19224041764362
136,125,-78.00639534374228,111.40467802330286,112,0.06803074554134045,68.03074554134045
136,125,-78.00639534374228,111.40467802330286,120,0.0702025719657123,70.2025719657123
136,125,-78.00639534374228,111.40467802330286,128,0.07103208109810899,71.03208109810899
136,125,-78.00639534374228,111.40467802330286,136,0.06975991646448634,69.75991646448634
136,125,-78.00639534374228,111.40467802330286,144,0.06799174484226005,67.99174484226005
136,125,-78.00639534374228,111.40467802330286,152,0.068009928768473,68.009928768473
136,125,-78.00639534374228,111.40467802330286,160,0.06873432560764159,68.7343256076416
136,125,-78.00639534374228,111.40467802330286,168,0.0674594140726857,67.4594140726857
136,125,-78.00639534374228,111.40467802330286,176,0.06886106205901216,68.86106205901216
136,125,-78.00639534374228,111.40467802330286,184,0.07177728953688386,71.77728953688387
136,125,-78.00639534374228,111.40467802330286,192,0.070612500022488,70.612500022488
136,125,-78.00639534374228,111.40467802330286,200,0.06877850737459502,68.77850737459502
136,125,-78.00639534374228,111.40467802330286,208,0.06851910856495287,68.51910856495287
136,125,-78.00639534374228,111.40467802330286,216,0.06784156767884653,67.84156767884653
136,125,-78.00639534374228,111.40467802330286,224,0.06842182428829907,68.42182428829908
136,125,-78.00639534374228,111.40467802330286,232,0.06827216447834494,68.27216447834495
136,125,-78.00639534374228,111.40467802330286,240,0.07050015379242743,70.50015379242743
136,125,-78.00639534374228,111.40467802330286,248,0.07142293887707453,71.42293887707453
136,125,-78.00639534374228,111.40467802330286,256,0.07015041278303213,70.15041278303214
136,125,-78.00639534374228,111.40467802330286,264,0.06831195077844643,68.31195077844643
136,125,-78.00639534374228,111.40467802330286,272,0.06826279126315155,68.26279126315154
136,125,-78.00639534374228,111.40467802330286,280,0.06890203058469613,68.90203058469612
136,125,-78.00639534374228,111.40467802330286,288,0.06753992970293657,67.53992970293658
136,125,-78.00639534374228,111.40467802330286,296,0.06887686118405421,68.87686118405422
136,125,-78.00639534374228,111.40467802330286,304,0.07169111729380687,71.69111729380687
136,125,-78.00639534374228,111.40467802330286,312,0.07042561957817955,70.42561957817955
136,125,-78.00639534374228,111.40467802330286,320,0.06848151164303674,68.48151164303674
136,125,-78.00639534374228,111.40467802330286,328,0.0680869921897759,68.0869921897759
136,125,-78.00639534374228,111.40467802330286,336,0.06736218901651189,67.36218901651189
136,125,-78.00639534374228,111.40467802330286,344,0.06809265971567487,68.09265971567487
136,125,-78.00639534374228,111.40467802330286,352,0.0679958908470348,67.9958908470348
136,125,-78.00639534374228,111.40467802330286,360,0.0702412877421237,70.24128774212369
136,130,-87.41911491736936,104.18204426418102,0,0.06354540358520439,63.54540358520438
136,130,-87.41911491736936,104.18204426418102,8,0.062170472740642524,62.17047274064252
136,130,-87.41911491736936,104.18204426418102,16,0.05937521132039071,59.37521132039071
136,130,-87.41911491736936,104.18204426418102,24,0.05717210012992056,57.17210012992056
136,130,-87.41911491736936,104.18204426418102,32,0.05765693282456042,57.65693282456042
136,130,-87.41911491736936,104.18204426418102,40,0.060647742365332644,60.64774236533265
136,130,-87.41911491736936,104.18204426418102,48,0.06155498125763241,61.55498125763241
136,130,-87.41911491736936,104.18204426418102,56,0.06320162467440021,63.201624674400215
136,130,-87.41911491736936,104.18204426418102,64,0.06302794956403485,63.02794956403485
136,130,-87.41911491736936,104.18204426418102,72,0.06130750724145921,61.30750724145921
136,130,-87.41911491736936,104.18204426418102,80,0.05778099049059999,57.78099049059999
136,130,-87.41911491736936,104.18204426418102,88,0.056850606337605115,56.850606337605115
136,130,-87.41911491736936,104.18204426418102,96,0.05949045490982922,59.49045490982922
136,130,-87.41911491736936,104.18204426418102,104,0.060826842567328857,60.82684256732885
136,130,-87.41911491736936,104.18204426418102,112,0.06197323135315783,61.973231353157836
136,130,-87.41911491736936,104.18204426418102,120,0.06351548869724094,63.51548869724094
136,130,-87.41911491736936,104.18204426418102,128,0.062015292515051904,62.015292515051904
136,130,-87.41911491736936,104.18204426418102,136,0.05910891862823611,59.10891862823611
136,130,-87.41911491736936,104.18204426418102,144,0.05677791803611429,56.777918036114286
136,130,-87.41911491736936,104.18204426418102,152,0.057187073564904,57.187073564904
136,130,-87.41911491736936,104.18204426418102,160,0.060280750647013916,60.28075064701392
136,130,-87.41911491736936,104.18204426418102,168,0.061266504449532445,61.26650444953245
136,130,-87.41911491736936,104.18204426418102,176,0.06295028538999767,62.95028538999767
136,130,-87.41911491736936,104.18204426418102,184,0.06282053487303955,62.820534873039556
136,130,-87.41911491736936,104.18204426418102,192,0.0611401293871678,61.140129387167796
136,130,-87.41911491736936,104.18204426418102,200,0.05777786329169078,57.77786329169078
136,130,-87.41911491736936,104.18204426418102,208,0.05704395645429727,57.04395645429727
136,130,-87.41911491736936,104.18204426418102,216,0.059735515441129296,59.735515441129294
136,130,-87.41911491736936,104.18204426418102,224,0.061025792280503095,61.0257922805031
136,130,-87.41911491736936,104.18204426418102,232,0.062195277001403926,62.19527700140392
136,130,-87.41911491736936,104.18204426418102,240,0.0638000717162557,63.800071716255694
136,130,-87.41911491736936,104.18204426418102,248,0.062398428648690246,62.39842864869025
136,130,-87.41911491736936,104.18204426418102,256,0.05947057963420005,59.47057963420005
136,130,-87.41911491736936,104.18204426418102,264,0.05707616973992419,57.07616973992419
136,130,-87.41911491736936,104.18204426418102,272,0.05742853870568186,57.42853870568186
136,130,-87.41911491736936,104.18204426418102,280,0.0604515819098117,60.4515819098117
136,130,-87.41911491736936,104.18204426418102,288,0.06135758227068222,61.35758227068222
136,130,-87.41911491736936,104.18204426418102,296,0.06297607970292021,62.97607970292021
136,130,-87.41911491736936,104.18204426418102,304,0.062733999542811,62.733999542811006
136,130,-87.41911491736936,104.18204426418102,312,0.060949291741109884,60.94929174110988
136,130,-87.41911491736936,104.18204426418102,320,0.05746508669668333,57.46508669668333
136,130,-87.41911491736936,104.18204426418102,328,0.05660363234960709,56.60363234960709
136,130,-87.41911491736936,104.18204426418102,336,0.059277384680941514,59.277384680941516
136,130,-87.41911491736936,104.18204426418102,344,0.060716556883791184,60.716556883791185
136,130,-87.41911491736936,104.18204426418102,352,0.06192567126222918,61.92567126222918
136,130,-87.41911491736936,104.18204426418102,360,0.06354993972018341,63.54993972018341
136,135,-96.16652224137046,96.16652224137047,0,0.055091981852487516,55.091981852487514
136,135,-96.16652224137046,96.16652224137047,8,0.053043701083603186,53.04370108360319
136,135,-96.16652224137046,96.16652224137047,16,0.04900954076895623,49.00954076895623
136,135,-96.16652224137046,96.16652224137047,24,0.04635734591089214,46.35734591089214
136,135,-96.16652224137046,96.16652224137047,32,0.04999631222236177,49.996312222361766
136,135,-96.16652224137046,96.16652224137047,40,0.054095683003856754,54.095683003856756
136,135,-96.16652224137046,96.16652224137047,48,0.055633315885018575,55.633315885018575
136,135,-96.16652224137046,96.16652224137047,56,0.05630686987518227,56.30686987518227
136,135,-96.16652224137046,96.16652224137047,64,0.054446382886073896,54.4463828860739
136,135,-96.16652224137046,96.16652224137047,72,0.05134416163428077,51.34416163428077
136,135,-96.16652224137046,96.16652224137047,80,0.04705828428677285,47.058284286772846
136,135,-96.16652224137046,96.16652224137047,88,0.047487650908415294,47.4876509084153
136,135,-96.16652224137046,96.16652224137047,96,0.05160324186153762,51.60324186153762
136,135,-96.16652224137046,96.16652224137047,104,0.05488789597165866,54.887895971658665
136,135,-96.16652224137046,96.16652224137047,112,0.0562230480886568,56.2230480886568
136,135,-96.16652224137046,96.16652224137047,120,0.05506138506320518,55.06138506320518
136,135,-96.16652224137046,96.16652224137047,128,0.05288196300952119,52.88196300952119
136,135,-96.16652224137046,96.16652224137047,136,0.04873311335422354,48.73311335422354
136,135,-96.16652224137046,96.16652224137047,144,0.04594197510043577,45.94197510043577
136,135,-96.16652224137046,96.16652224137047,152,0.04956194879136004,49.56194879136004
136,135,-96.16652224137046,96.16652224137047,160,0.053762589434643904,53.76258943464391
136,135,-96.16652224137046,96.16652224137047,168,0.05536062862455408,55.360628624554074
136,135,-96.16652224137046,96.16652224137047,176,0.05607612357196097,56.07612357196097
136,135,-96.16652224137046,96.16652224137047,184,0.054259053411196634,54.25905341119663
136,135,-96.16652224137046,96.16652224137047,192,0.05121478204903619,51.214782049036195
136,135,-96.16652224137046,96.16652224137047,200,0.047097371675585815,47.09737167558581
136,135,-96.16652224137046,96.16652224137047,208,0.04769516422753132,47.69516422753132
136,135,-96.16652224137046,96.16652224137047,216,0.0518137280361695,51.8137280361695
136,135,-96.16652224137046,96.16652224137047,224,0.05506090087317907,55.060900873179065
136,135,-96.16652224137046,96.16652224137047,232,0.056424954016302556,56.42495401630256
136,135,-96.16652224137046,96.16652224137047,240,0.05532079296944825,55.32079296944825
136,135,-96.16652224137046,96.16652224137047,248,0.0532385650030104,53.2385650030104
136,135,-96.16652224137046,96.16652224137047,256,0.04906614111792807,49.06614111792807
136,135,-96.16652224137046,96.16652224137047,264,0.04621942740831417,46.21942740831417
136,135,-96.16652224137046,96.16652224137047,272,0.049797813315645645,49.79781331564565
136,135,-96.16652224137046,96.16652224137047,280,0.05392927368425188,53.929273684251875
136,135,-96.16652224137046,96.16652224137047,288,0.05546262756503282,55.46262756503282
136,135,-96.16652224137046,96.16652224137047,296,0.0561035021465824,56.1035021465824
136,135,-96.16652224137046,96.16652224137047,304,0.05417228675302005,54.172286753020046
136,135,-96.16652224137046,96.16652224137047,312,0.051016886247560025,51.01688624756002
136,135,-96.16652224137046,96.16652224137047,320,0.046767231573278674,46.76723157327867
136,135,-96.16652224137046,96.16652224137047,328,0.04724985988235179,47.249859882351785
136,135,-96.16652224137046,96.16652224137047,336,0.05139904625607622,51.39904625607622
136,135,-96.16652224137046,96.16652224137047,344,0.05477231052684957,54.772310526849566
136,135,-96.16652224137046,96.16652224137047,352,0.05616227619419129,56.16227619419129
136,135,-96.16652224137046,96.16652224137047,360,0.05509652468819485,55.09652468819485
136,140,-104.182044264181,87.41911491736937,0,0.04713107912546439,47.13107912546439
136,140,-104.182044264181,87.41911491736937,8,0.0439338619074975,43.9338619074975
136,140,-104.182044264181,87.41911491736937,16,0.038998393515819796,38.9983935158198
136,140,-104.182044264181,87.41911491736937,24,0.038225821461946315,38.22582146194632
136,140,-104.182044264181,87.41911491736937,32,0.04297147456087093,42.97147456087093
136,140,-104.182044264181,87.41911491736937,40,0.048591208286176746,48.591208286176744
136,140,-104.182044264181,87.41911491736937,48,0.05004289509875788,50.04289509875788
136,140,-104.182044264181,87.41911491736937,56,0.048490229293327664,48.490229293327666
136,140,-104.182044264181,87.41911491736937,64,0.04588076893271971,45.88076893271971
136,140,-104.182044264181,87.41911491736937,72,0.04170077665942574,41.700776659425735
136,140,-104.182044264181,87.41911491736937,80,0.036736557546024146,36.736557546024144
136,140,-104.182044264181,87.41911491736937,88,0.04048285443486596,40.48285443486596
136,140,-104.182044264181,87.41911491736937,96,0.046307938334933546,46.307938334933546
136,140,-104.182044264181,87.41911491736937,104,0.04926179130401002,49.26179130401002
136,140,-104.182044264181,87.41911491736937,112,0.04945416652891328,49.454166528913284
136,140,-104.182044264181,87.41911491736937,120,0.04709760616596838,47.09760616596838
136,140,-104.182044264181,87.41911491736937,128,0.04376359603736194,43.76359603736194
136,140,-104.182044264181,87.41911491736937,136,0.03871146678566639,38.711466785666396
136,140,-104.182044264181,87.41911491736937,144,0.03780427226235697,37.80427226235697
136,140,-104.182044264181,87.41911491736937,152,0.04258170018220314,42.58170018220314
136,140,-104.182044264181,87.41911491736937,160,0.0482927901877821,48.292790187782096
136,140,-104.182044264181,87.41911491736937,168,0.049786733878844025,49.786733878844025
136,140,-104.182044264181,87.41911491736937,176,0.04829674608044754,48.29674608044754
136,140,-104.182044264181,87.41911491736937,184,0.04573425056641134,45.73425056641134
136,140,-104.182044264181,87.41911491736937,192,0.04160939146048652,41.60939146048652
136,140,-104.182044264181,87.41911491736937,200,0.03681831751653586,36.818317516535856
136,140,-104.182044264181,87.41911491736937,208,0.040663113240472025,40.66311324047202
136,140,-104.182044264181,87.41911491736937,216,0.04649088757178983,46.490887571789834
136,140,-104.182044264181,87.41911491736937,224,0.04940781359384666,49.40781359384666
136,140,-104.182044264181,87.41911491736937,232,0.0496275168140036,49.6275168140036
136,140,-104.182044264181,87.41911491736937,240,0.04733036832861679,47.33036832861679
136,140,-104.182044264181,87.41911491736937,248,0.044087589755291125,44.08758975529113
136,140,-104.182044264181,87.41911491736937,256,0.03901628129369675,39.01628129369675
136,140,-104.182044264181,87.41911491736937,264,0.0380781536917699,38.0781536917699
136,140,-104.182044264181,87.41911491736937,272,0.04280644170595488,42.80644170595488
136,140,-104.182044264181,87.41911491736937,280,0.04845176567425759,48.45176567425759
136,140,-104.182044264181,87.41911491736937,288,0.04989992975076935,49.89992975076935
136,140,-104.182044264181,87.41911491736937,296,0.04831732561613221,48.31732561613221
136,140,-104.182044264181,87.41911491736937,304,0.04563718694684438,45.63718694684438
136,140,-104.182044264181,87.41911491736937,312,0.04140446103379883,41.40446103379883
136,140,-104.182044264181,87.41911491736937,320,0.03646936340985349,36.469363409853486
136,140,-104.182044264181,87.41911491736937,328,0.04025786400838366,40.257864008383656
136,140,-104.182044264181,87.41911491736937,336,0.046121282277186454,46.12128227718645
136,140,-104.182044264181,87.41911491736937,344,0.049140805344373664,49.14080534437367
136,140,-104.182044264181,87.41911491736937,352,0.04939712329163154,49.39712329163154
136,140,-104.182044264181,87.41911491736937,360,0.04713551481546625,47.13551481546625
136,145,-111.40467802330289,78.00639534374224,0,0.03944093682838207,39.440936828382064
136,145,-111.40467802330289,78.00639534374224,8,0.03518773805548345,35.18773805548345
136,145,-111.40467802330289,78.00639534374224,16,0.02958856908367681,29.58856908367681
136,145,-111.40467802330289,78.00639534374224,24,0.03188664780103606,31.886647801036062
136,145,-111.40467802330289,78.00639534374224,32,0.038843235591358445,38.84323559135844
136,145,-111.40467802330289,78.00639534374224,40,0.043428344722462736,43.42834472246274
136,145,-111.40467802330289,78.00639534374224,48,0.04368273687207885,43.682736872078856
136,145,-111.40467802330289,78.00639534374224,56,0.04128020925803928,41.280209258039285
136,145,-111.40467802330289,78.00639534374224,64,0.037605997386742404,37.6059973867424
136,145,-111.40467802330289,78.00639534374224,72,0.032450744299387636,32.45074429938764
136,145,-111.40467802330289,78.00639534374224,80,0.02967868291175777,29.67868291175777
136,145,-111.40467802330289,78.00639534374224,88,0.03479207706136021,34.79207706136021
136,145,-111.40467802330289,78.00639534374224,96,0.04165164274488602,41.65164274488602
136,145,-111.40467802330289,78.00639534374224,104,0.04392254234391563,43.92254234391563
136,145,-111.40467802330289,78.00639534374224,112,0.04248320268869668,42.48320268869668
136,145,-111.40467802330289,78.00639534374224,120,0.03939484907797512,39.394849077975124
136,145,-111.40467802330289,78.00639534374224,128,0.035009289354960574,35.00928935496057
136,145,-111.40467802330289,78.00639534374224,136,0.029291007024301846,29.291007024301845
136,145,-111.40467802330289,78.00639534374224,144,0.03150395746317673,31.503957463176732
136,145,-111.40467802330289,78.00639534374224,152,0.03850015387089724,38.500153870897236
136,145,-111.40467802330289,78.00639534374224,160,0.04316618739050241,43.16618739050241
136,145,-111.40467802330289,78.00639534374224,168,0.043470850564342134,43.470850564342136
136,145,-111.40467802330289,78.00639534374224,176,0.041127720436598764,41.127720436598764
136,145,-111.40467802330289,78.00639534374224,184,0.0375022142540587,37.5022142540587
136,145,-111.40467802330289,78.00639534374224,192,0.032397060443791016,32.39706044379102
136,145,-111.40467802330289,78.00639534374224,200,0.029763789453764542,29.76378945376454
136,145,-111.40467802330289,78.00639534374224,208,0.034946162489661876,34.94616248966187
136,145,-111.40467802330289,78.00639534374224,216,0.041806691083902905,41.806691083902905
136,145,-111.40467802330289,78.00639534374224,224,0.044040263476195864,44.04026347619586
136,145,-111.40467802330289,78.00639534374224,232,0.04262415699043993,42.62415699043993
136,145,-111.40467802330289,78.00639534374224,240,0.03959671520328854,39.59671520328855
136,145,-111.40467802330289,78.00639534374224,248,0.0353004045645528,35.3004045645528
136,145,-111.40467802330289,78.00639534374224,256,0.029570820382710722,29.57082038271072
136,145,-111.40467802330289,78.00639534374224,264,0.03176367492610324,31.763674926103242
136,145,-111.40467802330289,78.00639534374224,272,0.03870374894933985,38.703748949339854
136,145,-111.40467802330289,78.00639534374224,280,0.043316885070066515,43.31688507006651
136,145,-111.40467802330289,78.00639534374224,288,0.043572256649597144,43.57225664959714
136,145,-111.40467802330289,78.00639534374224,296,0.04113767801270106,41.13767801270106
136,145,-111.40467802330289,78.00639534374224,304,0.0373939265178298,37.3939265178298
136,145,-111.40467802330289,78.00639534374224,312,0.032185172459843966,32.18517245984397
136,145,-111.40467802330289,78.00639534374224,320,0.029415261765997826,29.415261765997826
136,145,-111.40467802330289,78.00639534374224,328,0.034584200907727874,34.584200907727876
136,145,-111.40467802330289,78.00639534374224,336,0.04148456797556888,41.48456797556888
136,145,-111.40467802330289,78.00639534374224,344,0.043798529706035996,43.798529706036
136,145,-111.40467802330289,78.00639534374224,352,0.04243711135995523,42.43711135995523
136,145,-111.40467802330289,78.00639534374224,360,0.03944520188742166,39.44520188742166
136,150,-117.77945491468367,67.99999999999999,0,0.03213047864000172,32.13047864000172
136,150,-117.77945491468367,67.99999999999999,8,0.02687189281112894,26.87189281112894
136,150,-117.77945491468367,67.99999999999999,16,0.023311415021263292,23.31141502126329
136,150,-117.77945491468367,67.99999999999999,24,0.027581760499100567,27.581760499100568
136,150,-117.77945491468367,67.99999999999999,32,0.035119263082978774,35.119263082978776
136,150,-117.77945491468367,67.99999999999999,40,0.03860114280801066,38.601142808010664
136,150,-117.77945491468367,67.99999999999999,48,0.03764845792684959,37.648457926849595
136,150,-117.77945491468367,67.99999999999999,56,0.03446767854360978,34.46767854360978
136,150,-117.77945491468367,67.99999999999999,64,0.029733730196674486,29.733730196674486
136,150,-117.77945491468367,67.99999999999999,72,0.024096742151162323,24.096742151162324
136,150,-117.77945491468367,67.99999999999999,80,0.024001329761688454,24.001329761688453
136,150,-117.77945491468367,67.99999999999999,88,0.03162765809248403,31.62765809248403
136,150,-117.77945491468367,67.99999999999999,96,0.0373818988288483,37.3818988288483
136,150,-117.77945491468367,67.99999999999999,104,0.03843442441709792,38.43442441709792
136,150,-117.77945491468367,67.99999999999999,112,0.03624501742886804,36.245017428868046
136,150,-117.77945491468367,67.99999999999999,120,0.03207188285788517,32.07188285788517
136,150,-117.77945491468367,67.99999999999999,128,0.026685668522165158,26.68566852216516
136,150,-117.77945491468367,67.99999999999999,136,0.023018897377878395,23.018897377878396
136,150,-117.77945491468367,67.99999999999999,144,0.02724141361469587,27.24141361469587
136,150,-117.77945491468367,67.99999999999999,152,0.034825483182994235,34.82548318299423
136,150,-117.77945491468367,67.99999999999999,160,0.038380286185545634,38.380286185545636
136,150,-117.77945491468367,67.99999999999999,168,0.0374845230744636,37.4845230744636
136,150,-117.77945491468367,67.99999999999999,176,0.034361647021668884,34.36164702166889
136,150,-117.77945491468367,67.99999999999999,184,0.029672616809939878,29.67261680993988
136,150,-117.77945491468367,67.99999999999999,192,0.02407158738235341,24.07158738235341
136,150,-117.77945491468367,67.99999999999999,200,0.024075230593730845,24.075230593730844
136,150,-117.77945491468367,67.99999999999999,208,0.03176069816761909,31.76069816761909
136,150,-117.77945491468367,67.99999999999999,216,0.03750779534442003,37.50779534442003
136,150,-117.77945491468367,67.99999999999999,224,0.038519375770916894,38.519375770916895
136,150,-117.77945491468367,67.99999999999999,232,0.03635559606709671,36.355596067096705
136,150,-117.77945491468367,67.99999999999999,240,0.03224243554989021,32.24243554989021
136,150,-117.77945491468367,67.99999999999999,248,0.026943885215944464,26.943885215944466
136,150,-117.77945491468367,67.99999999999999,256,0.02329014052128693,23.290140521286933
136,150,-117.77945491468367,67.99999999999999,264,0.027480528553832005,27.480528553832006
136,150,-117.77945491468367,67.99999999999999,272,0.035006733668661735,35.00673366866174
136,150,-117.77945491468367,67.99999999999999,280,0.038519230798500864,38.519230798500864
136,150,-117.77945491468367,67.99999999999999,288,0.037570962447784774,37.57096244778477
136,150,-117.77945491468367,67.99999999999999,296,0.034356065060159535,34.35606506015954
136,150,-117.77945491468367,67.99999999999999,304,0.02955316484285438,29.55316484285438
136,150,-117.77945491468367,67.99999999999999,312,0.02385469315712448,23.85469315712448
136,150,-117.77945491468367,67.99999999999999,320,0.02375090714932785,23.75090714932785
136,150,-117.77945491468367,67.99999999999999,328,0.03144480614668077,31.44480614668077
136,150,-117.77945491468367,67.99999999999999,336,0.037235360706450726,37.23536070645073
136,150,-117.77945491468367,67.99999999999999,344,0.03832662999240373,38.32662999240373
136,150,-117.77945491468367,67.99999999999999,352,0.036214006184341466,36.214006184341464
136,150,-117.77945491468367,67.99999999999999,360,0.03213448144500712,32.13448144500712
136,155,-123.25785903698439,57.47608359673513,0,0.025255341561312292,25.255341561312292
136,155,-123.25785903698439,57.47608359673513,8,0.01957789253070383,19.57789253070383
136,155,-123.25785903698439,57.47608359673513,16,0.017998193565343053,17.99819356534305
136,155,-123.25785903698439,57.47608359673513,24,0.02535113874426801,25.35113874426801
136,155,-123.25785903698439,57.47608359673513,32,0.03182789871511671,31.82789871511671
136,155,-123.25785903698439,57.47608359673513,40,0.034089596118861316,34.089596118861316
136,155,-123.25785903698439,57.47608359673513,48,0.03235843642986615,32.358436429866146
136,155,-123.25785903698439,57.47608359673513,56,0.02806970606183465,28.069706061834648
136,155,-123.25785903698439,57.47608359673513,64,0.02232388006923726,22.32388006923726
136,155,-123.25785903698439,57.47608359673513,72,0.018241011047261058,18.241011047261058
136,155,-123.25785903698439,57.47608359673513,80,0.02108980029678892,21.08980029678892
136,155,-123.25785903698439,57.47608359673513,88,0.028920719468761267,28.920719468761266
136,155,-123.25785903698439,57.47608359673513,96,0.033521581598017075,33.52158159801707
136,155,-123.25785903698439,57.47608359673513,104,0.03348714378647247,33.487143786472465
136,155,-123.25785903698439,57.47608359673513,112,0.030422094344926653,30.422094344926652
136,155,-123.25785903698439,57.47608359673513,120,0.025184439700361248,25.18443970036125
136,155,-123.25785903698439,57.47608359673513,128,0.01938839061593947,19.38839061593947
136,155,-123.25785903698439,57.47608359673513,136,0.01771920435952321,17.719204359523207
136,155,-123.25785903698439,57.47608359673513,144,0.025056299117733195,25.056299117733197
136,155,-123.25785903698439,57.47608359673513,152,0.03158565458125588,31.58565458125588
136,155,-123.25785903698439,57.47608359673513,160,0.033919444910783525,33.919444910783525
136,155,-123.25785903698439,57.47608359673513,168,0.03224293399830519,32.24293399830519
136,155,-123.25785903698439,57.47608359673513,176,0.02801040928892297,28.01040928892297
136,155,-123.25785903698439,57.47608359673513,184,0.02230504619824484,22.30504619824484
136,155,-123.25785903698439,57.47608359673513,192,0.018226877237163583,18.22687723716358
136,155,-123.25785903698439,57.47608359673513,200,0.02115667370161005,21.15667370161005
136,155,-123.25785903698439,57.47608359673513,208,0.029031113698839678,29.03111369883968
136,155,-123.25785903698439,57.47608359673513,216,0.03361795372843347,33.61795372843347
136,155,-123.25785903698439,57.47608359673513,224,0.03354042135913429,33.54042135913429
136,155,-123.25785903698439,57.47608359673513,232,0.030501717246715288,30.501717246715288
136,155,-123.25785903698439,57.47608359673513,240,0.025323499877219574,25.323499877219575
136,155,-123.25785903698439,57.47608359673513,248,0.019622684950479002,19.622684950479
136,155,-123.25785903698439,57.47608359673513,256,0.017974166624557815,17.974166624557814
136,155,-123.25785903698439,57.47608359673513,264,0.025268506884989966,25.268506884989968
136,155,-123.25785903698439,57.47608359673513,272,0.03174353238252528,31.74353238252528
136,155,-123.25785903698439,57.47608359673513,280,0.03403952653699017,34.03952653699017
136,155,-123.25785903698439,57.47608359673513,288,0.0323108883886075,32.3108883886075
136,155,-123.25785903698439,57.47608359673513,296,0.027989372220946773,27.989372220946773
136,155,-123.25785903698439,57.47608359673513,304,0.02217457485264603,22.17457485264603
136,155,-123.25785903698439,57.47608359673513,312,0.018018582914678075,18.018582914678074
136,155,-123.25785903698439,57.47608359673513,320,0.020861118522239583,20.861118522239583
136,155,-123.25785903698439,57.47608359673513,328,0.02876393948805083,28.76393948805083
136,155,-123.25785903698439,57.47608359673513,336,0.03339590661575008,33.39590661575008
136,155,-123.25785903698439,57.47608359673513,344,0.03339789496624557,33.397894966245566
136,155,-123.25785903698439,57.47608359673513,352,0.030407195720176305,30.407195720176304
136,155,-123.25785903698439,57.47608359673513,360,0.025258992485123012,25.258992485123013
136,160,-127.79819642688354,46.51473949229097,0,0.01886784953680382,18.86784953680382
136,160,-127.79819642688354,46.51473949229097,8,0.01413862024295506,14.13862024295506
136,160,-127.79819642688354,46.51473949229097,16,0.016208774692568026,16.208774692568024
136,160,-127.79819642688354,46.51473949229097,24,0.0236244526075451,23.624452607545102
136,160,-127.79819642688354,46.51473949229097,32,0.02899162831204859,28.99162831204859
136,160,-127.79819642688354,46.51473949229097,40,0.030214601111604067,30.21460111160407
136,160,-127.79819642688354,46.51473949229097,48,0.027498613012337726,27.498613012337728
136,160,-127.79819642688354,46.51473949229097,56,0.022134984246501524,22.134984246501524
136,160,-127.79819642688354,46.51473949229097,64,0.016010107075128517,16.010107075128516
136,160,-127.79819642688354,46.51473949229097,72,0.013446850507382965,13.446850507382965
136,160,-127.79819642688354,46.51473949229097,80,0.019712213465973925,19.712213465973925
136,160,-127.79819642688354,46.51473949229097,88,0.026691862627612674,26.691862627612675
136,160,-127.79819642688354,46.51473949229097,96,0.030100114134450594,30.100114134450592
136,160,-127.79819642688354,46.51473949229097,104,0.029228048112226873,29.228048112226872
136,160,-127.79819642688354,46.51473949229097,112,0.025043256549887698,25.043256549887698
136,160,-127.79819642688354,46.51473949229097,120,0.018784937206583967,18.784937206583965
136,160,-127.79819642688354,46.51473949229097,128,0.013953182770302367,13.953182770302368
136,160,-127.79819642688354,46.51473949229097,136,0.015948131747962023,15.948131747962023
136,160,-127.79819642688354,46.51473949229097,144,0.02337761394034964,23.37761394034964
136,160,-127.79819642688354,46.51473949229097,152,0.028800407838899676,28.800407838899677
136,160,-127.79819642688354,46.51473949229097,160,0.03009552556897211,30.09552556897211
136,160,-127.79819642688354,46.51473949229097,168,0.027432281751795257,27.43228175179526
136,160,-127.79819642688354,46.51473949229097,176,0.022122343992489378,22.122343992489377
136,160,-127.79819642688354,46.51473949229097,184,0.016020305344843846,16.020305344843848
136,160,-127.79819642688354,46.51473949229097,192,0.013444750929153117,13.444750929153118
136,160,-127.79819642688354,46.51473949229097,200,0.019773303675245317,19.773303675245316
136,160,-127.79819642688354,46.51473949229097,208,0.02677818286929927,26.77818286929927
136,160,-127.79819642688354,46.51473949229097,216,0.030166811031739016,30.166811031739016
136,160,-127.79819642688354,46.51473949229097,224,0.029252380503029668,29.252380503029666
136,160,-127.79819642688354,46.51473949229097,232,0.025091569681785126,25.091569681785128
136,160,-127.79819642688354,46.51473949229097,240,0.01889256546351319,18.89256546351319
136,160,-127.79819642688354,46.51473949229097,248,0.014162992753914281,14.162992753914281
136,160,-127.79819642688354,46.51473949229097,256,0.01617746004179,16.17746004179
136,160,-127.79819642688354,46.51473949229097,264,0.023561849167970092,23.56184916797009
136,160,-127.79819642688354,46.51473949229097,272,0.028935017009003063,28.93501700900306
136,160,-127.79819642688354,46.51473949229097,280,0.03019390949775732,30.193909497757318
136,160,-127.79819642688354,46.51473949229097,288,0.027481624272104384,27.481624272104384
136,160,-127.79819642688354,46.51473949229097,296,0.022086053871883338,22.086053871883337
136,160,-127.79819642688354,46.51473949229097,304,0.015887042570321516,15.887042570321515
136,160,-127.79819642688354,46.51473949229097,312,0.013247501207132863,13.247501207132863
136,160,-127.79819642688354,46.51473949229097,320,0.019509552032646257,19.50955203264626
136,160,-127.79819642688354,46.51473949229097,328,0.026562003945861744,26.562003945861743
136,160,-127.79819642688354,46.51473949229097,336,0.029995472152879336,29.995472152879337
136,160,-127.79819642688354,46.51473949229097,344,0.029160944738479085,29.160944738479085
136,160,-127.79819642688354,46.51473949229097,352,0.02504427183218469,25.044271832184688
136,160,-127.79819642688354,46.51473949229097,360,0.018871061630287792,18.87106163028779
136,165,-131.3659123753133,35.199390133942856,0,0.013509615954230988,13.509615954230988
136,165,-131.3659123753133,35.199390133942856,8,0.010322499195422184,10.322499195422184
136,165,-131.3659123753133,35.199390133942856,16,0.015352326467017955,15.352326467017955
136,165,-131.3659123753133,35.199390133942856,24,0.022417277981510858,22.417277981510857
136,165,-131.3659123753133,35.199390133942856,32,0.026633469423688653,26.633469423688652
136,165,-131.3659123753133,35.199390133942856,40,0.026964276898968954,26.964276898968954
136,165,-131.3659123753133,35.199390133942856,48,0.023104719632625118,23.10471963262512
136,165,-131.3659123753133,35.199390133942856,56,0.016717976110611894,16.717976110611893
136,165,-131.3659123753133,35.199390133942856,64,0.010956884713676045,10.956884713676045
136,165,-131.3659123753133,35.199390133942856,72,0.012366448707216019,12.36644870721602
136,165,-131.3659123753133,35.199390133942856,80,0.018879213388227904,18.879213388227903
136,165,-131.3659123753133,35.199390133942856,88,0.024964202341447833,24.964202341447834
136,165,-131.3659123753133,35.199390133942856,96,0.027390742900040503,27.390742900040504
136,165,-131.3659123753133,35.199390133942856,104,0.025421820455841106,25.421820455841107
136,165,-131.3659123753133,35.199390133942856,112,0.02014944024720254,20.14944024720254
136,165,-131.3659123753133,35.199390133942856,120,0.01342442939477534,13.424429394775341
136,165,-131.3659123753133,35.199390133942856,128,0.010142408785936073,10.142408785936073
136,165,-131.3659123753133,35.199390133942856,136,0.015111770654188778,15.111770654188778
136,165,-131.3659123753133,35.199390133942856,144,0.02222033916581062,22.22033916581062
136,165,-131.3659123753133,35.199390133942856,152,0.02649368692453132,26.493686924531318
136,165,-131.3659123753133,35.199390133942856,160,0.026896163273805118,26.89616327380512
136,165,-131.3659123753133,35.199390133942856,168,0.02308782216593558,23.087822165935577
136,165,-131.3659123753133,35.199390133942856,176,0.016751007923918138,16.751007923918138
136,165,-131.3659123753133,35.199390133942856,184,0.010992877513037666,10.992877513037666
136,165,-131.3659123753133,35.199390133942856,192,0.012378106927998293,12.378106927998292
136,165,-131.3659123753133,35.199390133942856,200,0.018933426699645442,18.93342669964544
136,165,-131.3659123753133,35.199390133942856,208,0.02502690063507121,25.026900635071208
136,165,-131.3659123753133,35.199390133942856,216,0.02742984583705492,27.42984583705492
136,165,-131.3659123753133,35.199390133942856,224,0.02541670078634467,25.41670078634467
136,165,-131.3659123753133,35.199390133942856,232,0.020166327862011713,20.166327862011713
136,165,-131.3659123753133,35.199390133942856,240,0.013502243490244934,13.502243490244934
136,165,-131.3659123753133,35.199390133942856,248,0.010327349165411375,10.327349165411375
136,165,-131.3659123753133,35.199390133942856,256,0.015313612161758675,15.313612161758675
136,165,-131.3659123753133,35.199390133942856,264,0.022375831512596565,22.375831512596566
136,165,-131.3659123753133,35.199390133942856,272,0.026604775597991855,26.604775597991853
136,165,-131.3659123753133,35.199390133942856,280,0.026970899332879522,26.970899332879522
136,165,-131.3659123753133,35.199390133942856,288,0.02311868393371516,23.11868393371516
136,165,-131.3659123753133,35.199390133942856,296,0.016700297587147653,16.700297587147652
136,165,-131.3659123753133,35.199390133942856,304,0.010861916119069503,10.861916119069503
136,165,-131.3659123753133,35.199390133942856,312,0.012194958150369042,12.194958150369043
136,165,-131.3659123753133,35.199390133942856,320,0.018703227518896418,18.70322751889642
136,165,-131.3659123753133,35.199390133942856,328,0.02486113896526531,24.86113896526531
136,165,-131.3659123753133,35.199390133942856,336,0.027309893819563676,27.309893819563676
136,165,-131.3659123753133,35.199390133942856,344,0.02537662139538895,25.37662139538895
136,165,-131.3659123753133,35.199390133942856,352,0.020166049609376256,20.166049609376255
136,165,-131.3659123753133,35.199390133942856,360,0.013512460525454746,13.512460525454745
136,170,-133.93385440966028,23.616152162702516,0,0.00906718907318292,9.06718907318292
136,170,-133.93385440966028,23.616152162702516,8,0.009536497595398962,9.536497595398963
136,170,-133.93385440966028,23.616152162702516,16,0.015059186183568524,15.059186183568524
136,170,-133.93385440966028,23.616152162702516,24,0.021755659072578842,21.755659072578844
136,170,-133.93385440966028,23.616152162702516,32,0.025057353820297907,25.05735382029791
136,170,-133.93385440966028,23.616152162702516,40,0.024181150235945168,24.181150235945168
136,170,-133.93385440966028,23.616152162702516,48,0.0192101964724533,19.2101964724533
136,170,-133.93385440966028,23.616152162702516,56,0.012226351491909157,12.226351491909158
136,170,-133.93385440966028,23.616152162702516,64,0.008143725139324503,8.143725139324502
136,170,-133.93385440966028,23.616152162702516,72,0.011853120363023268,11.853120363023267
136,170,-133.93385440966028,23.616152162702516,80,0.018642446680771092,18.64244668077109
136,170,-133.93385440966028,23.616152162702516,88,0.023785072601408556,23.785072601408555
136,170,-133.93385440966028,23.616152162702516,96,0.02523938893613948,25.23938893613948
136,170,-133.93385440966028,23.616152162702516,104,0.022096521667359093,22.09652166735909
136,170,-133.93385440966028,23.616152162702516,112,0.015784332820182174,15.784332820182174
136,170,-133.93385440966028,23.616152162702516,120,0.00898179976532644,8.98179976532644
136,170,-133.93385440966028,23.616152162702516,128,0.009363965299755254,9.363965299755254
136,170,-133.93385440966028,23.616152162702516,136,0.014839881237178856,14.839881237178856
136,170,-133.93385440966028,23.616152162702516,144,0.02160855036025225,21.60855036025225
136,170,-133.93385440966028,23.616152162702516,152,0.024969181867454504,24.969181867454505
136,170,-133.93385440966028,23.616152162702516,160,0.02416434339783731,24.16434339783731
136,170,-133.93385440966028,23.616152162702516,168,0.019242619201430965,19.242619201430966
136,170,-133.93385440966028,23.616152162702516,176,0.012298834065367224,12.298834065367224
136,170,-133.93385440966028,23.616152162702516,184,0.008198643453244973,8.198643453244973
136,170,-133.93385440966028,23.616152162702516,192,0.011878406496410546,11.878406496410546
136,170,-133.93385440966028,23.616152162702516,200,0.018686015948653423,18.686015948653424
136,170,-133.93385440966028,23.616152162702516,208,0.023823351505755867,23.823351505755866
136,170,-133.93385440966028,23.616152162702516,216,0.02525136061222292,25.251360612222918
136,170,-133.93385440966028,23.616152162702516,224,0.022061658773158806,22.061658773158804
136,170,-133.93385440966028,23.616152162702516,232,0.01577003336213415,15.770033362134148
136,170,-133.93385440966028,23.616152162702516,240,0.009028002000707594,9.028002000707595
136,170,-133.93385440966028,23.616152162702516,248,0.009524392612152073,9.524392612152074
136,170,-133.93385440966028,23.616152162702516,256,0.015013647478872303,15.013647478872302
136,170,-133.93385440966028,23.616152162702516,264,0.021735316914442377,21.73531691444238
136,170,-133.93385440966028,23.616152162702516,272,0.02505435749584592,25.05435749584592
136,170,-133.93385440966028,23.616152162702516,280,0.024215592583870786,24.215592583870787
136,170,-133.93385440966028,23.616152162702516,288,0.01925527198383034,19.25527198383034
136,170,-133.93385440966028,23.616152162702516,296,0.01224130630699546,12.24130630699546
136,170,-133.93385440966028,23.616152162702516,304,0.00807158158478181,8.071581584781809
136,170,-133.93385440966028,23.616152162702516,312,0.011710008977700203,11.710008977700204
136,170,-133.93385440966028,23.616152162702516,320,0.018494715098113363,18.494715098113364
136,170,-133.93385440966028,23.616152162702516,328,0.023709172988696493,23.709172988696494
136,170,-133.93385440966028,23.616152162702516,336,0.025183027482802812,25.18302748280281
136,170,-133.93385440966028,23.616152162702516,344,0.02207281887251089,22.07281887251089
136,170,-133.93385440966028,23.616152162702516,352,0.015815573003172687,15.815573003172688
136,170,-133.93385440966028,23.616152162702516,360,0.009069843135522492,9.069843135522492
136,175,-135.4824789404774,11.853181013681514,0,0.007281700174072692,7.281700174072692
136,175,-135.4824789404774,11.853181013681514,8,0.009319640715202837,9.319640715202837
136,175,-135.4824789404774,11.853181013681514,16,0.015635202979151427,15.635202979151428
136,175,-135.4824789404774,11.853181013681514,24,0.02171853229850154,21.718532298501543
136,175,-135.4824789404774,11.853181013681514,32,0.023982709848561323,23.982709848561324
136,175,-135.4824789404774,11.853181013681514,40,0.02188640239693613,21.88640239693613
136,175,-135.4824789404774,11.853181013681514,48,0.015862158043852943,15.862158043852943
136,175,-135.4824789404774,11.853181013681514,56,0.008484157278737437,8.484157278737436
136,175,-135.4824789404774,11.853181013681514,64,0.007599790483917847,7.599790483917847
136,175,-135.4824789404774,11.853181013681514,72,0.011910772213460125,11.910772213460124
136,175,-135.4824789404774,11.853181013681514,80,0.019060541114211797,19.060541114211798
136,175,-135.4824789404774,11.853181013681514,88,0.023361826078764032,23.361826078764032
136,175,-135.4824789404774,11.853181013681514,96,0.023567436467053282,23.567436467053284
136,175,-135.4824789404774,11.853181013681514,104,0.019277459278431525,19.277459278431525
136,175,-135.4824789404774,11.853181013681514,112,0.012293503017288883,12.293503017288883
136,175,-135.4824789404774,11.853181013681514,120,0.007201451942971927,7.201451942971928
136,175,-135.4824789404774,11.853181013681514,128,0.009155084999375033,9.155084999375033
136,175,-135.4824789404774,11.853181013681514,136,0.015450571919644385,15.450571919644386
136,175,-135.4824789404774,11.853181013681514,144,0.021622782717882514,21.622782717882515
136,175,-135.4824789404774,11.853181013681514,152,0.023946492565042516,23.946492565042515
136,175,-135.4824789404774,11.853181013681514,160,0.021920856739842662,21.920856739842662
136,175,-135.4824789404774,11.853181013681514,168,0.015943220501362255,15.943220501362255
136,175,-135.4824789404774,11.853181013681514,176,0.00859555402892674,8.59555402892674
136,175,-135.4824789404774,11.853181013681514,184,0.00766658929710156,7.66658929710156
136,175,-135.4824789404774,11.853181013681514,192,0.011949452656401637,11.949452656401638
136,175,-135.4824789404774,11.853181013681514,200,0.019086361417152833,19.086361417152833
136,175,-135.4824789404774,11.853181013681514,208,0.023375328742606147,23.375328742606147
136,175,-135.4824789404774,11.853181013681514,216,0.02355182215196188,23.55182215196188
136,175,-135.4824789404774,11.853181013681514,224,0.019212788359022195,19.212788359022195
136,175,-135.4824789404774,11.853181013681514,232,0.012244362272599271,12.244362272599272
136,175,-135.4824789404774,11.853181013681514,240,0.007227486390795986,7.227486390795986
136,175,-135.4824789404774,11.853181013681514,248,0.009290553145884676,9.290553145884676
136,175,-135.4824789404774,11.853181013681514,256,0.015593582032565029,15.59358203256503
136,175,-135.4824789404774,11.853181013681514,264,0.021720403384006635,21.720403384006634
136,175,-135.4824789404774,11.853181013681514,272,0.024005683825730692,24.005683825730692
136,175,-135.4824789404774,11.853181013681514,280,0.021948958798790733,21.948958798790734
136,175,-135.4824789404774,11.853181013681514,288,0.015938458213627136,15.938458213627136
136,175,-135.4824789404774,11.853181013681514,296,0.008532469053709489,8.53246905370949
136,175,-135.4824789404774,11.853181013681514,304,0.00754500212973459,7.5450021297345895
136,175,-135.4824789404774,11.853181013681514,312,0.01179634444515059,11.79634444515059
136,175,-135.4824789404774,11.853181013681514,320,0.01894384043151646,18.94384043151646
136,175,-135.4824789404774,11.853181013681514,328,0.023313294283374725,23.313294283374724
136,175,-135.4824789404774,11.853181013681514,336,0.023535321041771882,23.535321041771883
136,175,-135.4824789404774,11.853181013681514,344,0.019274681101934518,19.27468110193452
136,175,-135.4824789404774,11.853181013681514,352,0.012334477212449683,12.334477212449682
136,175,-135.4824789404774,11.853181013681514,360,0.007284107648485768,7.284107648485768
136,180,-136.0,1.6655196468404002e-14,0,0.006995431405964505,6.995431405964505
136,180,-136.0,1.6655196468404002e-14,8,0.009673578966633897,9.673578966633897
136,180,-136.0,1.6655196468404002e-14,16,0.017074612673970105,17.074612673970105
136,180,-136.0,1.6655196468404002e-14,24,0.022373896591123522,22.373896591123522
136,180,-136.0,1.6655196468404002e-14,32,0.023395246407055415,23.395246407055414
136,180,-136.0,1.6655196468404002e-14,40,0.02009749779860336,20.09749779860336
136,180,-136.0,1.6655196468404002e-14,48,0.013356651747589154,13.356651747589154
136,180,-136.0,1.6655196468404002e-14,56,0.0075816680595227545,7.581668059522754
136,180,-136.0,1.6655196468404002e-14,64,0.00762404011659661,7.6240401165966105
136,180,-136.0,1.6655196468404002e-14,72,0.013428890226900463,13.428890226900462
136,180,-136.0,1.6655196468404002e-14,80,0.020177165500530572,20.177165500530574
136,180,-136.0,1.6655196468404002e-14,88,0.023430292031659,23.430292031659
136,180,-136.0,1.6655196468404002e-14,96,0.02238761006062412,22.38761006062412
136,180,-136.0,1.6655196468404002e-14,104,0.017054654019316363,17.054654019316363
136,180,-136.0,1.6655196468404002e-14,112,0.00962329734280317,9.62329734280317
136,180,-136.0,1.6655196468404002e-14,120,0.00692270176244115,6.92270176244115
136,180,-136.0,1.6655196468404002e-14,128,0.00951735759000668,9.517357590006679
136,180,-136.0,1.6655196468404002e-14,136,0.016937758162698775,16.937758162698774
136,180,-136.0,1.6655196468404002e-14,144,0.022330405555751533,22.330405555751533
136,180,-136.0,1.6655196468404002e-14,152,0.023411194550543832,23.411194550543833
136,180,-136.0,1.6655196468404002e-14,160,0.02018277758794286,20.18277758794286
136,180,-136.0,1.6655196468404002e-14,168,0.013485052519873248,13.485052519873248
136,180,-136.0,1.6655196468404002e-14,176,0.007702825258714232,7.702825258714232
136,180,-136.0,1.6655196468404002e-14,184,0.007702615098374344,7.702615098374344
136,180,-136.0,1.6655196468404002e-14,192,0.013463549018174337,13.463549018174337
136,180,-136.0,1.6655196468404002e-14,200,0.020182788319050862,20.18278831905086
136,180,-136.0,1.6655196468404002e-14,208,0.023418426420874473,23.418426420874475
136,180,-136.0,1.6655196468404002e-14,216,0.022344164970163786,22.344164970163785
136,180,-136.0,1.6655196468404002e-14,224,0.01695934193982325,16.95934193982325
136,180,-136.0,1.6655196468404002e-14,232,0.009539774820656897,9.539774820656897
136,180,-136.0,1.6655196468404002e-14,240,0.0069336403043018914,6.933640304301892
136,180,-136.0,1.6655196468404002e-14,248,0.009627610426143605,9.627610426143605
136,180,-136.0,1.6655196468404002e-14,256,0.017047575840707492,17.04757584070749
136,180,-136.0,1.6655196468404002e-14,264,0.022398871569900808,22.39887156990081
136,180,-136.0,1.6655196468404002e-14,272,0.023444570823304218,23.44457082330422
136,180,-136.0,1.6655196468404002e-14,280,0.02018824842937475,20.18824842937475
136,180,-136.0,1.6655196468404002e-14,288,0.01346636326464656,13.46636326464656
136,180,-136.0,1.6655196468404002e-14,296,0.007649470224971623,7.6494702249716235
136,180,-136.0,1.6655196468404002e-14,304,0.0075865605771414145,7.586560577141414
136,180,-136.0,1.6655196468404002e-14,312,0.01334805242680775,13.34805242680775
136,180,-136.0,1.6655196468404002e-14,320,0.020090473217510372,20.09047321751037
136,180,-136.0,1.6655196468404002e-14,328,0.02340903513741223,23.40903513741223
136,180,-136.0,1.6655196468404002e-14,336,0.022379314537399515,22.379314537399516
136,180,-136.0,1.6655196468404002e-14,344,0.017071199250607842,17.071199250607844
136,180,-136.0,1.6655196468404002e-14,352,0.009670589115856026,9.670589115856027
136,180,-136.0,1.6655196468404002e-14,360,0.006997548748655992,6.997548748655992
170,90,1.0409497792752502e-14,170.0,0,0.13574188409517474,135.74188409517473
170,90,1.0409497792752502e-14,170.0,8,0.12420480203073199,124.20480203073198
170,90,1.0409497792752502e-14,170.0,16,0.12325906783067545,123.25906783067545
170,90,1.0409497792752502e-14,170.0,24,0.12815962739263193,128.15962739263193
170,90,1.0409497792752502e-14,170.0,32,0.14133857833823454,141.33857833823456
170,90,1.0409497792752502e-14,170.0,40,0.14940260639398983,149.40260639398983
170,90,1.0409497792752502e-14,170.0,48,0.14989069176528816,149.89069176528815
170,90,1.0409497792752502e-14,170.0,56,0.14222722845620334,142.22722845620333
170,90,1.0409497792752502e-14,170.0,64,0.1300700517757235,130.0700517757235
170,90,1.0409497792752502e-14,170.0,72,0.12371312388388689,123.7131238838869
170,90,1.0409497792752502e-14,170.0,80,0.1250841915717313,125.08419157173131
170,90,1.0409497792752502e-14,170.0,88,0.13357089893425297,133.57089893425297
170,90,1.0409497792752502e-14,170.0,96,0.14635275688418994,146.35275688418994
170,90,1.0409497792752502e-14,170.0,104,0.15047029527615613,150.47029527615612
170,90,1.0409497792752502e-14,170.0,112,0.14817287005782998,148.17287005782998
170,90,1.0409497792752502e-14,170.0,120,0.1357116505338607,135.7116505338607
170,90,1.0409497792752502e-14,170.0,128,0.12405515892132504,124.05515892132505
170,90,1.0409497792752502e-14,170.0,136,0.12304962586983184,123.04962586983184
170,90,1.0409497792752502e-14,170.0,144,0.12792564137455875,127.92564137455875
170,90,1.0409497792752502e-14,170.0,152,0.14091088527668794,140.91088527668794
170,90,1.0409497792752502e-14,170.0,160,0.14905788077500515,149.05788077500515
170,90,1.0409497792752502e-14,170.0,168,0.14949457013092307,149.49457013092308
170,90,1.0409497792752502e-14,170.0,176,0.1418976374235924,141.8976374235924
170,90,1.0409497792752502e-14,170.0,184,0.12979771591044187,129.79771591044187
170,90,1.0409497792752502e-14,170.0,192,0.12350742292005679,123.50742292005678
170,90,1.0409497792752502e-14,170.0,200,0.12494150509291266,124.94150509291266
170,90,1.0409497792752502e-14,170.0,208,0.13363176106758362,133.63176106758362
170,90,1.0409497792752502e-14,170.0,216,0.1464876091044847,146.48760910448468
170,90,1.0409497792752502e-14,170.0,224,0.15070151339826254,150.70151339826253
170,90,1.0409497792752502e-14,170.0,232,0.14846277904476846,148.46277904476847
170,90,1.0409497792752502e-14,170.0,240,0.13604849412624256,136.04849412624256
170,90,1.0409497792752502e-14,170.0,248,0.12445558314612284,124.45558314612285
170,90,1.0409497792752502e-14,170.0,256,0.12342947477340441,123.42947477340441
170,90,1.0409497792752502e-14,170.0,264,0.12823231450435615,128.23231450435617
170,90,1.0409497792752502e-14,170.0,272,0.14119778972314986,141.19778972314987
170,90,1.0409497792752502e-14,170.0,280,0.14921118967812355,149.21118967812356
170,90,1.0409497792752502e-14,170.0,288,0.1496100238131497,149.6100238131497
170,90,1.0409497792752502e-14,170.0,296,0.14193160733301635,141.93160733301636
170,90,1.0409497792752502e-14,170.0,304,0.1297180149237201,129.7180149237201
170,90,1.0409497792752502e-14,170.0,312,0.12331646087504647,123.31646087504647
170,90,1.0409497792752502e-14,170.0,320,0.12474919218290531,124.7491921829053
170,90,1.0409497792752502e-14,170.0,328,0.133256900401242,133.256900401242
170,90,1.0409497792752502e-14,170.0,336,0.14616025973254493,146.16025973254492
170,90,1.0409497792752502e-14,170.0,344,0.15035845808427703,150.35845808427703
170,90,1.0409497792752502e-14,170.0,352,0.1481017180964767,148.1017180964767
170,90,1.0409497792752502e-14,170.0,360,0.1357468979381582,135.74689793815818
170,95,-14.8164762671019,169.35309867559675,0,0.11823429469436803,118.23429469436803
170,95,-14.8164762671019,169.35309867559675,8,0.11291738754193265,112.91738754193264
170,95,-14.8164762671019,169.35309867559675,16,0.11481368698447386,114.81368698447386
170,95,-14.8164762671019,169.35309867559675,24,0.12010162905855296,120.10162905855296
170,95,-14.8164762671019,169.35309867559675,32,0.1333972398514039,133.3972398514039
170,95,-14.8164762671019,169.35309867559675,40,0.14037998261700452,140.37998261700452
170,95,-14.8164762671019,169.35309867559675,48,0.1372999952608936,137.29999526089358
170,95,-14.8164762671019,169.35309867559675,56,0.12472594726481656,124.72594726481657
170,95,-14.8164762671019,169.35309867559675,64,0.11334586748079584,113.34586748079583
170,95,-14.8164762671019,169.35309867559675,72,0.11306557809034162,113.06557809034162
170,95,-14.8164762671019,169.35309867559675,80,0.1172853276218024,117.2853276218024
170,95,-14.8164762671019,169.35309867559675,88,0.12556691348857682,125.56691348857682
170,95,-14.8164762671019,169.35309867559675,96,0.1386746742887996,138.6746742887996
170,95,-14.8164762671019,169.35309867559675,104,0.1397445219401185,139.7445219401185
170,95,-14.8164762671019,169.35309867559675,112,0.13080062891094468,130.80062891094468
170,95,-14.8164762671019,169.35309867559675,120,0.11818286930008992,118.18286930008992
170,95,-14.8164762671019,169.35309867559675,128,0.11275973456451771,112.75973456451771
170,95,-14.8164762671019,169.35309867559675,136,0.11460215527640867,114.60215527640867
170,95,-14.8164762671019,169.35309867559675,144,0.1198680863011522,119.8680863011522
170,95,-14.8164762671019,169.35309867559675,152,0.132969397065691,132.969397065691
170,95,-14.8164762671019,169.35309867559675,160,0.14003427138960134,140.03427138960134
170,95,-14.8164762671019,169.35309867559675,168,0.13691199446084973,136.91199446084974
170,95,-14.8164762671019,169.35309867559675,176,0.12441616436879799,124.416164368798
170,95,-14.8164762671019,169.35309867559675,184,0.1130953681971615,113.09536819716149
170,95,-14.8164762671019,169.35309867559675,192,0.11284749442748537,112.84749442748537
170,95,-14.8164762671019,169.35309867559675,200,0.11713894366363378,117.13894366363378
170,95,-14.8164762671019,169.35309867559675,208,0.12562888953728216,125.62888953728216
170,95,-14.8164762671019,169.35309867559675,216,0.13880986389069375,138.80986389069375
170,95,-14.8164762671019,169.35309867559675,224,0.13995682832612535,139.95682832612536
170,95,-14.8164762671019,169.35309867559675,232,0.13109946859855115,131.09946859855114
170,95,-14.8164762671019,169.35309867559675,240,0.11852005229794106,118.52005229794106
170,95,-14.8164762671019,169.35309867559675,248,0.11317599486259647,113.17599486259647
170,95,-14.8164762671019,169.35309867559675,256,0.11499151369926955,114.99151369926955
170,95,-14.8164762671019,169.35309867559675,264,0.1201764366498575,120.1764366498575
170,95,-14.8164762671019,169.35309867559675,272,0.13325776282713309,133.2577628271331
170,95,-14.8164762671019,169.35309867559675,280,0.1401990318092537,140.19903180925368
170,95,-14.8164762671019,169.35309867559675,288,0.13702933459468675,137.02933459468676
170,95,-14.8164762671019,169.35309867559675,296,0.12442603531284258,124.42603531284257
170,95,-14.8164762671019,169.35309867559675,304,0.11299812876207774,112.99812876207774
170,95,-14.8164762671019,169.35309867559675,312,0.11265387732944487,112.65387732944487
170,95,-14.8164762671019,169.35309867559675,320,0.11694785086225193,116.94785086225193
170,95,-14.8164762671019,169.35309867559675,328,0.12525338545173273,125.25338545173273
170,95,-14.8164762671019,169.35309867559675,336,0.13847865623523675,138.47865623523674
170,95,-14.8164762671019,169.35309867559675,344,0.13961398748532333,139.61398748532332
170,95,-14.8164762671019,169.35309867559675,352,0.1307555475465083,130.7555475465083
170,95,-14.8164762671019,169.35309867559675,360,0.11823997687839535,118.23997687839535
170,100,-29.520190203378153,167.41731801207536,0,0.10290853017481023,102.90853017481024
170,100,-29.520190203378153,167.41731801207536,8,0.10282565178599858,102.82565178599857
170,100,-29.520190203378153,167.41731801207536,16,0.10689972698720185,106.89972698720184
170,100,-29.520190203378153,167.41731801207536,24,0.11213300201736644,112.13300201736644
170,100,-29.520190203378153,167.41731801207536,32,0.12583246078541238,125.83246078541238
170,100,-29.520190203378153,167.41731801207536,40,0.12957722361458973,129.57722361458974
170,100,-29.520190203378153,167.41731801207536,48,0.12013874654219792,120.13874654219792
170,100,-29.520190203378153,167.41731801207536,56,0.10729994529976983,107.29994529976983
170,100,-29.520190203378153,167.41731801207536,64,0.10269705825285072,102.69705825285072
170,100,-29.520190203378153,167.41731801207536,72,0.10519636287011438,105.19636287011438
170,100,-29.520190203378153,167.41731801207536,80,0.10921724964097537,109.21724964097537
170,100,-29.520190203378153,167.41731801207536,88,0.11782973191494701,117.82973191494702
170,100,-29.520190203378153,167.41731801207536,96,0.12898084551041883,128.98084551041882
170,100,-29.520190203378153,167.41731801207536,104,0.1259672996881308,125.96729968813081
170,100,-29.520190203378153,167.41731801207536,112,0.11344674781036837,113.44674781036836
170,100,-29.520190203378153,167.41731801207536,120,0.10284306591073661,102.84306591073661
170,100,-29.520190203378153,167.41731801207536,128,0.1026623721491072,102.6623721491072
170,100,-29.520190203378153,167.41731801207536,136,0.10668611772814238,106.68611772814238
170,100,-29.520190203378153,167.41731801207536,144,0.11189665345910962,111.89665345910963
170,100,-29.520190203378153,167.41731801207536,152,0.12540409806297415,125.40409806297414
170,100,-29.520190203378153,167.41731801207536,160,0.1292310184495634,129.23101844956338
170,100,-29.520190203378153,167.41731801207536,168,0.11976408728455734,119.76408728455735
170,100,-29.520190203378153,167.41731801207536,176,0.1070102097921612,107.0102097921612
170,100,-29.520190203378153,167.41731801207536,184,0.10244459897818453,102.44459897818453
170,100,-29.520190203378153,167.41731801207536,192,0.10497510730848798,104.97510730848798
170,100,-29.520190203378153,167.41731801207536,200,0.10907214009107948,109.07214009107948
170,100,-29.520190203378153,167.41731801207536,208,0.11789509251386135,117.89509251386134
170,100,-29.520190203378153,167.41731801207536,216,0.1291097818179452,129.1097818179452
170,100,-29.520190203378153,167.41731801207536,224,0.12618005184260478,126.18005184260478
170,100,-29.520190203378153,167.41731801207536,232,0.11375407156120348,113.75407156120349
170,100,-29.520190203378153,167.41731801207536,240,0.10318021665244821,103.18021665244821
170,100,-29.520190203378153,167.41731801207536,248,0.10309370343109943,103.09370343109943
170,100,-29.520190203378153,167.41731801207536,256,0.10707934550402712,107.07934550402712
170,100,-29.520190203378153,167.41731801207536,264,0.11220757985061863,112.20757985061863
170,100,-29.520190203378153,167.41731801207536,272,0.12569351554112812,125.69351554112812
170,100,-29.520190203378153,167.41731801207536,280,0.1294160296318601,129.4160296318601
170,100,-29.520190203378153,167.41731801207536,288,0.11985481235117257,119.85481235117257
170,100,-29.520190203378153,167.41731801207536,296,0.10699607435729339,106.99607435729338
170,100,-29.520190203378153,167.41731801207536,304,0.10234534282384392,102.34534282384392
170,100,-29.520190203378153,167.41731801207536,312,0.10478142442984711,104.78142442984712
170,100,-29.520190203378153,167.41731801207536,320,0.10887949446994306,108.87949446994307
170,100,-29.520190203378153,167.41731801207536,328,0.11751769499041145,117.51769499041146
170,100,-29.520190203378153,167.41731801207536,336,0.12877255105852128,128.7725510585213
170,100,-29.520190203378153,167.41731801207536,344,0.12583948845050855,125.83948845050854
170,100,-29.520190203378153,167.41731801207536,352,0.11342765693626636,113.42765693626636
170,100,-29.520190203378153,167.41731801207536,360,0.10291465771126154,102.91465771126154
170,105,-43.999237667428545,164.20739046914161,0,0.09236172515937194,92.36172515937194
170,105,-43.999237667428545,164.20739046914161,8,0.09508031055782858,95.08031055782858
170,105,-43.999237667428545,164.20739046914161,16,0.09884174954064082,98.84174954064082
170,105,-43.999237667428545,164.20739046914161,24,0.10460668056704395,104.60668056704395
170,105,-43.999237667428545,164.20739046914161,32,0.11543603461103237,115.43603461103237
170,105,-43.999237667428545,164.20739046914161,40,0.11475806365250897,114.75806365250897
170,105,-43.999237667428545,164.20739046914161,48,0.10306984444715073,103.06984444715073
170,105,-43.999237667428545,164.20739046914161,56,0.0934589132683753,93.4589132683753
170,105,-43.999237667428545,164.20739046914161,64,0.09323716368323948,93.23716368323947
170,105,-43.999237667428545,164.20739046914161,72,0.09722717284525019,97.2271728452502
170,105,-43.999237667428545,164.20739046914161,80,0.10126362856855926,101.26362856855927
170,105,-43.999237667428545,164.20739046914161,88,0.11041828060622799,110.418280606228
170,105,-43.999237667428545,164.20739046914161,96,0.11806010275061048,118.06010275061048
170,105,-43.999237667428545,164.20739046914161,104,0.1090753541346775,109.07535413467751
170,105,-43.999237667428545,164.20739046914161,112,0.09624330026983624,96.24330026983624
170,105,-43.999237667428545,164.20739046914161,120,0.09229766606446821,92.2976660644682
170,105,-43.999237667428545,164.20739046914161,128,0.09491518237463421,94.91518237463421
170,105,-43.999237667428545,164.20739046914161,136,0.09862479935446178,98.62479935446177
170,105,-43.999237667428545,164.20739046914161,144,0.1043650237378872,104.3650237378872
170,105,-43.999237667428545,164.20739046914161,152,0.1150071571645921,115.0071571645921
170,105,-43.999237667428545,164.20739046914161,160,0.11441021409003856,114.41021409003855
170,105,-43.999237667428545,164.20739046914161,168,0.10270876466211933,102.70876466211932
170,105,-43.999237667428545,164.20739046914161,176,0.09318134746534759,93.18134746534759
170,105,-43.999237667428545,164.20739046914161,184,0.09298361899012866,92.98361899012866
170,105,-43.999237667428545,164.20739046914161,192,0.09700706996883415,97.00706996883416
170,105,-43.999237667428545,164.20739046914161,200,0.10112177229140701,101.12177229140701
170,105,-43.999237667428545,164.20739046914161,208,0.1104896231753485,110.4896231753485
170,105,-43.999237667428545,164.20739046914161,216,0.11817899347330714,118.17899347330714
170,105,-43.999237667428545,164.20739046914161,224,0.10930897573123213,109.30897573123214
170,105,-43.999237667428545,164.20739046914161,232,0.0965585968776167,96.5585968776167
170,105,-43.999237667428545,164.20739046914161,240,0.09263454724745235,92.63454724745235
170,105,-43.999237667428545,164.20739046914161,248,0.09535140481180795,95.35140481180795
170,105,-43.999237667428545,164.20739046914161,256,0.09901871188053475,99.01871188053475
170,105,-43.999237667428545,164.20739046914161,264,0.10467564990180384,104.67564990180384
170,105,-43.999237667428545,164.20739046914161,272,0.1153083436630274,115.3083436630274
170,105,-43.999237667428545,164.20739046914161,280,0.11458560365493253,114.58560365493253
170,105,-43.999237667428545,164.20739046914161,288,0.10277303925828754,102.77303925828754
170,105,-43.999237667428545,164.20739046914161,296,0.09315837721762288,93.15837721762288
170,105,-43.999237667428545,164.20739046914161,304,0.09288333544157576,92.88333544157575
170,105,-43.999237667428545,164.20739046914161,312,0.09681396550970209,96.81396550970209
170,105,-43.999237667428545,164.20739046914161,320,0.10092529833046683,100.92529833046683
170,105,-43.999237667428545,164.20739046914161,328,0.11010906912183811,110.10906912183812
170,105,-43.999237667428545,164.20739046914161,336,0.11783321289208926,117.83321289208925
170,105,-43.999237667428545,164.20739046914161,344,0.10897289518191977,108.97289518191977
170,105,-43.999237667428545,164.20739046914161,352,0.09624992197616114,96.24992197616115
170,105,-43.999237667428545,164.20739046914161,360,0.09236790613850056,92.36790613850056
170,110,-58.14342436536368,159.74774553360444,0,0.08360456147059112,83.60456147059112
170,110,-58.14342436536368,159.74774553360444,8,0.08710394726133719,87.10394726133718
170,110,-58.14342436536368,159.74774553360444,16,0.09094271059253747,90.94271059253748
170,110,-58.14342436536368,159.74774553360444,24,0.09659102588775209,96.5910258877521
170,110,-58.14342436536368,159.74774553360444,32,0.10401121909967305,104.01121909967306
170,110,-58.14342436536368,159.74774553360444,40,0.09822047378081813,98.22047378081814
170,110,-58.14342436536368,159.74774553360444,48,0.0862231936271804,86.2231936271804
170,110,-58.14342436536368,159.74774553360444,56,0.08312764137872605,83.12764137872605
170,110,-58.14342436536368,159.74774553360444,64,0.08562855235147862,85.62855235147862
170,110,-58.14342436536368,159.74774553360444,72,0.0892348896095691,89.2348896095691
170,110,-58.14342436536368,159.74774553360444,80,0.09389608384341427,93.89608384341427
170,110,-58.14342436536368,159.74774553360444,88,0.09948477625575256,99.48477625575255
170,110,-58.14342436536368,159.74774553360444,96,0.10227452543111482,102.27452543111481
170,110,-58.14342436536368,159.74774553360444,104,0.0923419821538907,92.3419821538907
170,110,-58.14342436536368,159.74774553360444,112,0.08398915802816553,83.98915802816553
170,110,-58.14342436536368,159.74774553360444,120,0.08354254470258063,83.54254470258063
170,110,-58.14342436536368,159.74774553360444,128,0.086937604866308,86.93760486630799
170,110,-58.14342436536368,159.74774553360444,136,0.0907218469961378,90.7218469961378
170,110,-58.14342436536368,159.74774553360444,144,0.09634112937283457,96.34112937283457
170,110,-58.14342436536368,159.74774553360444,152,0.10358099209142597,103.58099209142597
170,110,-58.14342436536368,159.74774553360444,160,0.09786938043697771,97.8693804369777
170,110,-58.14342436536368,159.74774553360444,168,0.0858758278969779,85.8758278969779
170,110,-58.14342436536368,159.74774553360444,176,0.08285470077685642,82.85470077685642
170,110,-58.14342436536368,159.74774553360444,184,0.08537519883291407,85.37519883291407
170,110,-58.14342436536368,159.74774553360444,192,0.08901902452629569,89.0190245262957
170,110,-58.14342436536368,159.74774553360444,200,0.09376473885280645,93.76473885280645
170,110,-58.14342436536368,159.74774553360444,208,0.0995504887214119,99.5504887214119
170,110,-58.14342436536368,159.74774553360444,216,0.10242348565113471,102.42348565113471
170,110,-58.14342436536368,159.74774553360444,224,0.09259673241769717,92.59673241769717
170,110,-58.14342436536368,159.74774553360444,232,0.08429762836397432,84.29762836397433
170,110,-58.14342436536368,159.74774553360444,240,0.08387838879958572,83.87838879958572
170,110,-58.14342436536368,159.74774553360444,248,0.08737248996636299,87.37248996636299
170,110,-58.14342436536368,159.74774553360444,256,0.09111600456803706,91.11600456803706
170,110,-58.14342436536368,159.74774553360444,264,0.09665285516061486,96.65285516061486
170,110,-58.14342436536368,159.74774553360444,272,0.10389302245507151,103.89302245507152
170,110,-58.14342436536368,159.74774553360444,280,0.09802236578284876,98.02236578284875
170,110,-58.14342436536368,159.74774553360444,288,0.08591401792352522,85.91401792352522
170,110,-58.14342436536368,159.74774553360444,296,0.08283733812007518,82.83733812007519
170,110,-58.14342436536368,159.74774553360444,304,0.08527534671729,85.27534671728999
170,110,-58.14342436536368,159.74774553360444,312,0.08882698143250502,88.82698143250502
170,110,-58.14342436536368,159.74774553360444,320,0.09356322576267069,93.5632257626707
170,110,-58.14342436536368,159.74774553360444,328,0.09916604622734207,99.16604622734206
170,110,-58.14342436536368,159.74774553360444,336,0.10206623357197121,102.06623357197121
170,110,-58.14342436536368,159.74774553360444,344,0.09226431791900191,92.26431791900191
170,110,-58.14342436536368,159.74774553360444,352,0.08399696281280607,83.99696281280606
170,110,-58.14342436536368,159.74774553360444,360,0.08361113011267907,83.61113011267906
170,115,-71.84510449591889,154.0723237962305,0,0.07606839996593612,76.06839996593612
170,115,-71.84510449591889,154.0723237962305,8,0.0792393525380109,79.2393525380109
170,115,-71.84510449591889,154.0723237962305,16,0.08380913430784617,83.80913430784618
170,115,-71.84510449591889,154.0723237962305,24,0.08567670252483653,85.67670252483653
170,115,-71.84510449591889,154.0723237962305,32,0.08815354194506182,88.15354194506182
170,115,-71.84510449591889,154.0723237962305,40,0.08189505526271347,81.89505526271347
170,115,-71.84510449591889,154.0723237962305,48,0.07552838198426329,75.52838198426329
170,115,-71.84510449591889,154.0723237962305,56,0.07516891450559961,75.1689145055996
170,115,-71.84510449591889,154.0723237962305,64,0.07764568966526071,77.64568966526072
170,115,-71.84510449591889,154.0723237962305,72,0.08156390654559295,81.56390654559296
170,115,-71.84510449591889,154.0723237962305,80,0.08511484856359261,85.11484856359262
170,115,-71.84510449591889,154.0723237962305,88,0.08738489027532972,87.38489027532972
170,115,-71.84510449591889,154.0723237962305,96,0.08601423807952309,86.0142380795231
170,115,-71.84510449591889,154.0723237962305,104,0.07656845091114695,76.56845091114694
170,115,-71.84510449591889,154.0723237962305,112,0.07395603830964251,73.95603830964251
170,115,-71.84510449591889,154.0723237962305,120,0.07600990241245803,76.00990241245803
170,115,-71.84510449591889,154.0723237962305,128,0.07907238658572482,79.07238658572483
170,115,-71.84510449591889,154.0723237962305,136,0.08358513356854402,83.58513356854402
170,115,-71.84510449591889,154.0723237962305,144,0.08541472322402954,85.41472322402954
170,115,-71.84510449591889,154.0723237962305,152,0.08772002442446648,87.72002442446649
170,115,-71.84510449591889,154.0723237962305,160,0.08153876233970755,81.53876233970756
170,115,-71.84510449591889,154.0723237962305,168,0.07518851248582314,75.18851248582314
170,115,-71.84510449591889,154.0723237962305,176,0.07489795612498097,74.89795612498096
170,115,-71.84510449591889,154.0723237962305,184,0.0773972086306994,77.39720863069941
170,115,-71.84510449591889,154.0723237962305,192,0.08135407488118751,81.35407488118751
170,115,-71.84510449591889,154.0723237962305,200,0.0849927777980743,84.9927777980743
170,115,-71.84510449591889,154.0723237962305,208,0.08745855039951458,87.45855039951458
170,115,-71.84510449591889,154.0723237962305,216,0.08619929891955638,86.19929891955638
170,115,-71.84510449591889,154.0723237962305,224,0.07684014107051579,76.84014107051578
170,115,-71.84510449591889,154.0723237962305,232,0.07425153487270904,74.25153487270904
170,115,-71.84510449591889,154.0723237962305,240,0.07634281221254018,76.34281221254018
170,115,-71.84510449591889,154.0723237962305,248,0.07950348542195701,79.50348542195701
170,115,-71.84510449591889,154.0723237962305,256,0.08397009038818921,83.97009038818922
170,115,-71.84510449591889,154.0723237962305,264,0.08573877472989783,85.73877472989783
170,115,-71.84510449591889,154.0723237962305,272,0.08800306387787067,88.00306387787067
170,115,-71.84510449591889,154.0723237962305,280,0.08167078529205082,81.67078529205082
170,115,-71.84510449591889,154.0723237962305,288,0.07523761598051758,75.23761598051757
170,115,-71.84510449591889,154.0723237962305,296,0.07488311723966506,74.88311723966507
170,115,-71.84510449591889,154.0723237962305,304,0.07729978672097075,77.29978672097074
170,115,-71.84510449591889,154.0723237962305,312,0.08116348600798567,81.16348600798567
170,115,-71.84510449591889,154.0723237962305,320,0.08478241280382828,84.78241280382828
170,115,-71.84510449591889,154.0723237962305,328,0.08706846879396696,87.06846879396696
170,115,-71.84510449591889,154.0723237962305,336,0.08582754555212971,85.8275455521297
170,115,-71.84510449591889,154.0723237962305,344,0.07650990758759091,76.5099075875909
170,115,-71.84510449591889,154.0723237962305,352,0.07395502828850893,73.95502828850893
170,115,-71.84510449591889,154.0723237962305,360,0.07607553111144814,76.07553111144814
170,120,-84.99999999999996,147.2243186433546,0,0.0681983278499734,68.1983278499734
170,120,-84.99999999999996,147.2243186433546,8,0.07187376058916017,71.87376058916017
170,120,-84.99999999999996,147.2243186433546,16,0.07427140305348182,74.27140305348182
170,120,-84.99999999999996,147.2243186433546,24,0.07304358710007217,73.04358710007216
170,120,-84.99999999999996,147.2243186433546,32,0.07249108135150031,72.49108135150031
170,120,-84.99999999999996,147.2243186433546,40,0.0677107946092777,67.7107946092777
170,120,-84.99999999999996,147.2243186433546,48,0.06626193435320037,66.26193435320036
170,120,-84.99999999999996,147.2243186433546,56,0.06770082200320174,67.70082200320174
170,120,-84.99999999999996,147.2243186433546,64,0.06992292240973094,69.92292240973094
170,120,-84.99999999999996,147.2243186433546,72,0.0746011082754845,74.60110827548449
170,120,-84.99999999999996,147.2243186433546,80,0.07415244395438686,74.15244395438685
170,120,-84.99999999999996,147.2243186433546,88,0.07228446609598793,72.28446609598794
170,120,-84.99999999999996,147.2243186433546,96,0.07000223336122577,70.00223336122576
170,120,-84.99999999999996,147.2243186433546,104,0.06667689402793445,66.67689402793445
170,120,-84.99999999999996,147.2243186433546,112,0.06687625034398975,66.87625034398975
170,120,-84.99999999999996,147.2243186433546,120,0.0681474752033349,68.1474752033349
170,120,-84.99999999999996,147.2243186433546,128,0.07170701952030445,71.70701952030444
170,120,-84.99999999999996,147.2243186433546,136,0.07404068491177057,74.04068491177057
170,120,-84.99999999999996,147.2243186433546,144,0.07276508862363654,72.76508862363654
170,120,-84.99999999999996,147.2243186433546,152,0.07205334673461704,72.05334673461704
170,120,-84.99999999999996,147.2243186433546,160,0.06734700478024343,67.34700478024342
170,120,-84.99999999999996,147.2243186433546,168,0.06592804878799115,65.92804878799114
170,120,-84.99999999999996,147.2243186433546,176,0.06743230199372008,67.43230199372007
170,120,-84.99999999999996,147.2243186433546,184,0.06967976851924239,69.67976851924239
170,120,-84.99999999999996,147.2243186433546,192,0.07440257214009059,74.4025721400906
170,120,-84.99999999999996,147.2243186433546,200,0.07403519010968745,74.03519010968745
170,120,-84.99999999999996,147.2243186433546,208,0.07239904992973596,72.39904992973597
170,120,-84.99999999999996,147.2243186433546,216,0.07022440003244863,70.22440003244863
170,120,-84.99999999999996,147.2243186433546,224,0.06693065735510698,66.93065735510697
170,120,-84.99999999999996,147.2243186433546,232,0.06716464889441606,67.16464889441606
170,120,-84.99999999999996,147.2243186433546,240,0.06847207572296998,68.47207572296998
170,120,-84.99999999999996,147.2243186433546,248,0.0721305296026446,72.1305296026446
170,120,-84.99999999999996,147.2243186433546,256,0.07442402311827455,74.42402311827455
170,120,-84.99999999999996,147.2243186433546,264,0.07308152548533337,73.08152548533336
170,120,-84.99999999999996,147.2243186433546,272,0.07230795440892203,72.30795440892203
170,120,-84.99999999999996,147.2243186433546,280,0.06747372061850682,67.47372061850682
170,120,-84.99999999999996,147.2243186433546,288,0.06599008655935987,65.99008655935987
170,120,-84.99999999999996,147.2243186433546,296,0.06742316695772693,67.42316695772693
170,120,-84.99999999999996,147.2243186433546,304,0.06958504541342675,69.58504541342676
170,120,-84.99999999999996,147.2243186433546,312,0.07421431569191075,74.21431569191076
170,120,-84.99999999999996,147.2243186433546,320,0.073811193493936,73.811193493936
170,120,-84.99999999999996,147.2243186433546,328,0.07200063426489568,72.00063426489568
170,120,-84.99999999999996,147.2243186433546,336,0.06983519852523232,69.83519852523231
170,120,-84.99999999999996,147.2243186433546,344,0.06659654040516041,66.59654040516041
170,120,-84.99999999999996,147.2243186433546,352,0.06687180986293409,66.87180986293409
170,120,-84.99999999999996,147.2243186433546,360,0.06820580268215756,68.20580268215757
170,125,-97.50799417967785,139.25584752912857,0,0.06063604148724888,60.63604148724888
170,125,-97.50799417967785,139.25584752912857,8,0.06507041126050954,65.07041126050954
170,125,-97.50799417967785,139.25584752912857,16,0.06333632694370236,63.33632694370237
170,125,-97.50799417967785,139.25584752912857,24,0.05868153026112789,58.68153026112789
170,125,-97.50799417967785,139.25584752912857,32,0.05714303810135766,57.14303810135766
170,125,-97.50799417967785,139.25584752912857,40,0.0579608309034653,57.9608309034653
170,125,-97.50799417967785,139.25584752912857,48,0.059627005127006194,59.62700512700619
170,125,-97.50799417967785,139.25584752912857,56,0.05995929431220471,59.95929431220471
170,125,-97.50799417967785,139.25584752912857,64,0.06287860657571251,62.87860657571251
170,125,-97.50799417967785,139.25584752912857,72,0.06430004659477545,64.30004659477545
170,125,-97.50799417967785,139.25584752912857,80,0.06109253009241665,61.09253009241665
170,125,-97.50799417967785,139.25584752912857,88,0.05748519176534271,57.48519176534271
170,125,-97.50799417967785,139.25584752912857,96,0.05715665488984456,57.15665488984456
170,125,-97.50799417967785,139.25584752912857,104,0.05826878256592636,58.26878256592636
170,125,-97.50799417967785,139.25584752912857,112,0.05944963984392405,59.44963984392405
170,125,-97.50799417967785,139.25584752912857,120,0.060593220392503734,60.59322039250373
170,125,-97.50799417967785,139.25584752912857,128,0.06490479271413864,64.90479271413864
170,125,-97.50799417967785,139.25584752912857,136,0.06309641122642848,63.09641122642848
170,125,-97.50799417967785,139.25584752912857,144,0.05838213026923089,58.38213026923089
170,125,-97.50799417967785,139.25584752912857,152,0.05670019189889586,56.70019189889586
170,125,-97.50799417967785,139.25584752912857,160,0.05758684245855887,57.58684245855887
170,125,-97.50799417967785,139.25584752912857,168,0.059294886307295076,59.29488630729507
170,125,-97.50799417967785,139.25584752912857,176,0.05969503620054868,59.695036200548685
170,125,-97.50799417967785,139.25584752912857,184,0.06264321083480706,62.643210834807064
170,125,-97.50799417967785,139.25584752912857,192,0.06411088586017469,64.11088586017469
170,125,-97.50799417967785,139.25584752912857,200,0.06101201050200096,61.01201050200096
170,125,-97.50799417967785,139.25584752912857,208,0.05764117144251764,57.64117144251764
170,125,-97.50799417967785,139.25584752912857,216,0.05739447953699723,57.39447953699723
170,125,-97.50799417967785,139.25584752912857,224,0.058510771962535776,58.51077196253578
170,125,-97.50799417967785,139.25584752912857,232,0.05972107854970751,59.721078549707514
170,125,-97.50799417967785,139.25584752912857,240,0.06090875934484886,60.90875934484886
170,125,-97.50799417967785,139.25584752912857,248,0.06531580102316475,65.31580102316475
170,125,-97.50799417967785,139.25584752912857,256,0.06348315446795583,63.48315446795583
170,125,-97.50799417967785,139.25584752912857,264,0.058669889651106734,58.669889651106736
170,125,-97.50799417967785,139.25584752912857,272,0.05692714330825036,56.927143308250365
170,125,-97.50799417967785,139.25584752912857,280,0.05774096340464192,57.740963404641924
170,125,-97.50799417967785,139.25584752912857,288,0.059362415771607405,59.3624157716074
170,125,-97.50799417967785,139.25584752912857,296,0.059697903036772984,59.697903036772985
170,125,-97.50799417967785,139.25584752912857,304,0.06255155132505824,62.55155132505824
170,125,-97.50799417967785,139.25584752912857,312,0.06392246301965061,63.922463019650614
170,125,-97.50799417967785,139.25584752912857,320,0.060770948103431824,60.77094810343183
170,125,-97.50799417967785,139.25584752912857,328,0.05723342340458812,57.233423404588116
170,125,-97.50799417967785,139.25584752912857,336,0.05698488785534409,56.98488785534409
170,125,-97.50799417967785,139.25584752912857,344,0.05817166282052403,58.17166282052403
170,125,-97.50799417967785,139.25584752912857,352,0.05943459641126182,59.43459641126182
170,125,-97.50799417967785,139.25584752912857,360,0.06064373811453229,60.64373811453229
170,130,-109.2738936467117,130.22755533022627,0,0.053929864729110336,53.929864729110335
170,130,-109.2738936467117,130.22755533022627,8,0.05425264787632126,54.25264787632126
170,130,-109.2738936467117,130.22755533022627,16,0.05032092689420821,50.320926894208206
170,130,-109.2738936467117,130.22755533022627,24,0.04468803096518903,44.68803096518903
170,130,-109.2738936467117,130.22755533022627,32,0.04574759449369543,45.74759449369543
170,130,-109.2738936467117,130.22755533022627,40,0.05040088600313751,50.40088600313751
170,130,-109.2738936467117,130.22755533022627,48,0.052154375728560076,52.154375728560076
170,130,-109.2738936467117,130.22755533022627,56,0.052566210410582126,52.56621041058212
170,130,-109.2738936467117,130.22755533022627,64,0.055485667677971896,55.4856676779719
170,130,-109.2738936467117,130.22755533022627,72,0.053287987302364684,53.287987302364684
170,130,-109.2738936467117,130.22755533022627,80,0.047289930844732445,47.289930844732446
170,130,-109.2738936467117,130.22755533022627,88,0.04309969869709662,43.09969869709662
170,130,-109.2738936467117,130.22755533022627,96,0.04742576745220567,47.42576745220567
170,130,-109.2738936467117,130.22755533022627,104,0.052035064515043555,52.03506451504356
170,130,-109.2738936467117,130.22755533022627,112,0.05187774710869571,51.87774710869571
170,130,-109.2738936467117,130.22755533022627,120,0.05389325021387688,53.893250213876875
170,130,-109.2738936467117,130.22755533022627,128,0.054085614699926024,54.085614699926026
170,130,-109.2738936467117,130.22755533022627,136,0.05006914435826561,50.06914435826561
170,130,-109.2738936467117,130.22755533022627,144,0.044364846761548726,44.364846761548726
170,130,-109.2738936467117,130.22755533022627,152,0.04529955402228496,45.29955402228496
170,130,-109.2738936467117,130.22755533022627,160,0.050012428960360275,50.012428960360275
170,130,-109.2738936467117,130.22755533022627,168,0.05183775854791734,51.83775854791734
170,130,-109.2738936467117,130.22755533022627,176,0.052306565364280556,52.30656536428056
170,130,-109.2738936467117,130.22755533022627,184,0.055263451011494755,55.26345101149475
170,130,-109.2738936467117,130.22755533022627,192,0.053111237424615106,53.111237424615105
170,130,-109.2738936467117,130.22755533022627,200,0.04726120539837063,47.26120539837063
170,130,-109.2738936467117,130.22755533022627,208,0.0432972313041981,43.2972313041981
170,130,-109.2738936467117,130.22755533022627,216,0.047658868365148835,47.658868365148834
170,130,-109.2738936467117,130.22755533022627,224,0.052274591025483014,52.27459102548301
170,130,-109.2738936467117,130.22755533022627,232,0.05212496920353125,52.12496920353125
170,130,-109.2738936467117,130.22755533022627,240,0.05419864340142326,54.19864340142326
170,130,-109.2738936467117,130.22755533022627,248,0.05448181394642616,54.48181394642616
170,130,-109.2738936467117,130.22755533022627,256,0.05042416757545047,50.42416757545047
170,130,-109.2738936467117,130.22755533022627,264,0.044625163352953925,44.625163352953926
170,130,-109.2738936467117,130.22755533022627,272,0.045531220301623994,45.531220301623996
170,130,-109.2738936467117,130.22755533022627,280,0.05018794116111805,50.18794116111805
170,130,-109.2738936467117,130.22755533022627,288,0.051917045963249454,51.91704596324946
170,130,-109.2738936467117,130.22755533022627,296,0.05232192618535543,52.32192618535543
170,130,-109.2738936467117,130.22755533022627,304,0.05517433958618531,55.17433958618531
170,130,-109.2738936467117,130.22755533022627,312,0.05292139137589239,52.92139137589239
170,130,-109.2738936467117,130.22755533022627,320,0.04700041692049002,47.00041692049002
170,130,-109.2738936467117,130.22755533022627,328,0.04287922360437707,42.87922360437707
170,130,-109.2738936467117,130.22755533022627,336,0.04722610649783249,47.22610649783249
170,130,-109.2738936467117,130.22755533022627,344,0.0519294134157844,51.9294134157844
170,130,-109.2738936467117,130.22755533022627,352,0.05184682193025478,51.84682193025478
170,130,-109.2738936467117,130.22755533022627,360,0.05393761097059707,53.93761097059707
170,135,-120.20815280171307,120.20815280171308,0,0.04612375865370908,46.12375865370908
170,135,-120.20815280171307,120.20815280171308,8,0.04337351083366289,43.37351083366289
170,135,-120.20815280171307,120.20815280171308,16,0.03736383870491512,37.363838704915125
170,135,-120.20815280171307,120.20815280171308,24,0.031595657463641416,31.595657463641416
170,135,-120.20815280171307,120.20815280171308,32,0.03626297745323349,36.26297745323349
170,135,-120.20815280171307,120.20815280171308,40,0.044250249418757284,44.250249418757285
170,135,-120.20815280171307,120.20815280171308,48,0.04475229401279279,44.752294012792795
170,135,-120.20815280171307,120.20815280171308,56,0.046173499785126706,46.17349978512671
170,135,-120.20815280171307,120.20815280171308,64,0.04511435764339934,45.114357643399345
170,135,-120.20815280171307,120.20815280171308,72,0.04083380529339166,40.833805293391656
170,135,-120.20815280171307,120.20815280171308,80,0.03388654808994855,33.88654808994855
170,135,-120.20815280171307,120.20815280171308,88,0.03331655736007732,33.31655736007732
170,135,-120.20815280171307,120.20815280171308,96,0.040657096339848445,40.657096339848444
170,135,-120.20815280171307,120.20815280171308,104,0.044611381270455816,44.611381270455816
170,135,-120.20815280171307,120.20815280171308,112,0.04480414371947936,44.80414371947936
170,135,-120.20815280171307,120.20815280171308,120,0.046089209330858555,46.08920933085855
170,135,-120.20815280171307,120.20815280171308,128,0.043202572964275744,43.202572964275745
170,135,-120.20815280171307,120.20815280171308,136,0.03709938776574988,37.099387765749874
170,135,-120.20815280171307,120.20815280171308,144,0.03124627464780208,31.246274647802082
170,135,-120.20815280171307,120.20815280171308,152,0.035809232378414914,35.80923237841491
170,135,-120.20815280171307,120.20815280171308,160,0.043856411757116076,43.85641175711608
170,135,-120.20815280171307,120.20815280171308,168,0.044455413766694374,44.45541376669438
170,135,-120.20815280171307,120.20815280171308,176,0.04592010204682767,45.92010204682767
170,135,-120.20815280171307,120.20815280171308,184,0.0449192423264869,44.919242326486895
170,135,-120.20815280171307,120.20815280171308,192,0.040704553251950645,40.70455325195064
170,135,-120.20815280171307,120.20815280171308,200,0.03391059087823943,33.91059087823943
170,135,-120.20815280171307,120.20815280171308,208,0.03351427709142031,33.51427709142031
170,135,-120.20815280171307,120.20815280171308,216,0.04089619505233437,40.89619505233437
170,135,-120.20815280171307,120.20815280171308,224,0.04481847676632801,44.81847676632801
170,135,-120.20815280171307,120.20815280171308,232,0.04502707832738832,45.027078327388324
170,135,-120.20815280171307,120.20815280171308,240,0.0463748177161017,46.374817716101695
170,135,-120.20815280171307,120.20815280171308,248,0.043576203877410985,43.57620387741098
170,135,-120.20815280171307,120.20815280171308,256,0.037418619430110496,37.418619430110496
170,135,-120.20815280171307,120.20815280171308,264,0.031485323572043075,31.485323572043075
170,135,-120.20815280171307,120.20815280171308,272,0.03605897799163084,36.05897799163084
170,135,-120.20815280171307,120.20815280171308,280,0.04404371566240929,44.04371566240929
170,135,-120.20815280171307,120.20815280171308,288,0.04454835258118768,44.54835258118768
170,135,-120.20815280171307,120.20815280171308,296,0.04594514967509745,45.94514967509745
170,135,-120.20815280171307,120.20815280171308,304,0.04482995719818429,44.82995719818429
170,135,-120.20815280171307,120.20815280171308,312,0.040505884508955085,40.505884508955084
170,135,-120.20815280171307,120.20815280171308,320,0.03362809801623424,33.62809801623424
170,135,-120.20815280171307,120.20815280171308,328,0.033087251042872946,33.08725104287295
170,135,-120.20815280171307,120.20815280171308,336,0.040436382005400534,40.43638200540053
170,135,-120.20815280171307,120.20815280171308,344,0.0444991054696074,44.4991054696074
170,135,-120.20815280171307,120.20815280171308,352,0.044757619950563904,44.75761995056391
170,135,-120.20815280171307,120.20815280171308,360,0.046131436112452684,46.13143611245268
170,140,-130.22755533022624,109.27389364671171,0,0.036469165878317306,36.469165878317305
170,140,-130.22755533022624,109.27389364671171,8,0.031986211863530754,31.986211863530755
170,140,-130.22755533022624,109.27389364671171,16,0.024849904638494603,24.849904638494603
170,140,-130.22755533022624,109.27389364671171,24,0.022540069402485888,22.540069402485887
170,140,-130.22755533022624,109.27389364671171,32,0.03067691323169331,30.67691323169331
170,140,-130.22755533022624,109.27389364671171,40,0.03736965602165727,37.36965602165727
170,140,-130.22755533022624,109.27389364671171,48,0.037990964263607443,37.990964263607445
170,140,-130.22755533022624,109.27389364671171,56,0.03817680619999677,38.17680619999677
170,140,-130.22755533022624,109.27389364671171,64,0.03472763456300385,34.72763456300385
170,140,-130.22755533022624,109.27389364671171,72,0.028779574074822803,28.779574074822804
170,140,-130.22755533022624,109.27389364671171,80,0.0220212454281149,22.0212454281149
170,140,-130.22755533022624,109.27389364671171,88,0.025150327932313525,25.150327932313527
170,140,-130.22755533022624,109.27389364671171,96,0.03477421310475787,34.77421310475787
170,140,-130.22755533022624,109.27389364671171,104,0.037578750435895036,37.57875043589504
170,140,-130.22755533022624,109.27389364671171,112,0.038621009585337394,38.6210095853374
170,140,-130.22755533022624,109.27389364671171,120,0.03643141290208393,36.431412902083935
170,140,-130.22755533022624,109.27389364671171,128,0.03180461424907668,31.80461424907668
170,140,-130.22755533022624,109.27389364671171,136,0.02457232955505346,24.572329555053457
170,140,-130.22755533022624,109.27389364671171,144,0.022164320042564054,22.164320042564054
170,140,-130.22755533022624,109.27389364671171,152,0.030215526019445417,30.215526019445416
170,140,-130.22755533022624,109.27389364671171,160,0.037019162698538804,37.01916269853881
170,140,-130.22755533022624,109.27389364671171,168,0.037714239406218375,37.714239406218375
170,140,-130.22755533022624,109.27389364671171,176,0.03795566188545453,37.95566188545453
170,140,-130.22755533022624,109.27389364671171,184,0.034572583586706875,34.57258358670688
170,140,-130.22755533022624,109.27389364671171,192,0.02869781501626356,28.69781501626356
170,140,-130.22755533022624,109.27389364671171,200,0.022084937329068195,22.084937329068197
170,140,-130.22755533022624,109.27389364671171,208,0.02534668280708735,25.34668280708735
170,140,-130.22755533022624,109.27389364671171,216,0.03500522910216921,35.00522910216921
170,140,-130.22755533022624,109.27389364671171,224,0.037752117667162494,37.752117667162494
170,140,-130.22755533022624,109.27389364671171,232,0.03882240082466219,38.82240082466219
170,140,-130.22755533022624,109.27389364671171,240,0.036684089048802784,36.68408904880278
170,140,-130.22755533022624,109.27389364671171,248,0.032137484817761915,32.137484817761916
170,140,-130.22755533022624,109.27389364671171,256,0.024856294649821413,24.856294649821415
170,140,-130.22755533022624,109.27389364671171,264,0.02242215383050342,22.42215383050342
170,140,-130.22755533022624,109.27389364671171,272,0.03047200567800754,30.472005678007537
170,140,-130.22755533022624,109.27389364671171,280,0.0371968306499164,37.1968306499164
170,140,-130.22755533022624,109.27389364671171,288,0.03781919666756033,37.819196667560334
170,140,-130.22755533022624,109.27389364671171,296,0.037977375970522635,37.97737597052264
170,140,-130.22755533022624,109.27389364671171,304,0.03447635881318879,34.476358813188796
170,140,-130.22755533022624,109.27389364671171,312,0.028490352991753586,28.490352991753586
170,140,-130.22755533022624,109.27389364671171,320,0.0217794588259002,21.7794588259002
170,140,-130.22755533022624,109.27389364671171,328,0.024909970525062167,24.909970525062167
170,140,-130.22755533022624,109.27389364671171,336,0.03455127924485675,34.55127924485675
170,140,-130.22755533022624,109.27389364671171,344,0.037459723991512525,37.459723991512526
170,140,-130.22755533022624,109.27389364671171,352,0.03856200522374552,38.562005223745516
170,140,-130.22755533022624,109.27389364671171,360,0.03647667589284407,36.47667589284407
170,145,-139.25584752912863,97.50799417967781,0,0.026968729699482663,26.96872969948266
170,145,-139.25584752912863,97.50799417967781,8,0.021053557048513194,21.053557048513195
170,145,-139.25584752912863,97.50799417967781,16,0.014210021796449271,14.21002179644927
170,145,-139.25584752912863,97.50799417967781,24,0.015560211234712934,15.560211234712934
170,145,-139.25584752912863,97.50799417967781,32,0.02556352510847178,25.56352510847178
170,145,-139.25584752912863,97.50799417967781,40,0.030916076567014755,30.916076567014755
170,145,-139.25584752912863,97.50799417967781,48,0.031985343187019726,31.985343187019726
170,145,-139.25584752912863,97.50799417967781,56,0.02934996175484523,29.34996175484523
170,145,-139.25584752912863,97.50799417967781,64,0.024384170130532224,24.384170130532222
170,145,-139.25584752912863,97.50799417967781,72,0.017217033624775214,17.217033624775215
170,145,-139.25584752912863,97.50799417967781,80,0.013039755013722643,13.039755013722642
170,145,-139.25584752912863,97.50799417967781,88,0.02057183812790463,20.57183812790463
170,145,-139.25584752912863,97.50799417967781,96,0.028953843617198455,28.953843617198455
170,145,-139.25584752912863,97.50799417967781,104,0.031317425225491954,31.317425225491956
170,145,-139.25584752912863,97.50799417967781,112,0.030865357569826186,30.865357569826188
170,145,-139.25584752912863,97.50799417967781,120,0.02691913502623989,26.91913502623989
170,145,-139.25584752912863,97.50799417967781,128,0.020861730896074977,20.861730896074977
170,145,-139.25584752912863,97.50799417967781,136,0.013920130638680828,13.920130638680828
170,145,-139.25584752912863,97.50799417967781,144,0.015156061889799914,15.156061889799915
170,145,-139.25584752912863,97.50799417967781,152,0.02513473526507419,25.13473526507419
170,145,-139.25584752912863,97.50799417967781,160,0.030610909201939207,30.610909201939208
170,145,-139.25584752912863,97.50799417967781,168,0.03172961148470988,31.72961148470988
170,145,-139.25584752912863,97.50799417967781,176,0.02917766934099591,29.17766934099591
170,145,-139.25584752912863,97.50799417967781,184,0.024282538196266093,24.282538196266092
170,145,-139.25584752912863,97.50799417967781,192,0.017182401245394142,17.182401245394143
170,145,-139.25584752912863,97.50799417967781,200,0.013113097277821265,13.113097277821264
170,145,-139.25584752912863,97.50799417967781,208,0.020777099615871767,20.777099615871766
170,145,-139.25584752912863,97.50799417967781,216,0.029149983492310544,29.149983492310543
170,145,-139.25584752912863,97.50799417967781,224,0.031460282910862995,31.460282910862997
170,145,-139.25584752912863,97.50799417967781,232,0.031032797459638384,31.032797459638385
170,145,-139.25584752912863,97.50799417967781,240,0.027134712152133873,27.134712152133872
170,145,-139.25584752912863,97.50799417967781,248,0.021153503329338984,21.153503329338985
170,145,-139.25584752912863,97.50799417967781,256,0.014189800455305327,14.189800455305328
170,145,-139.25584752912863,97.50799417967781,264,0.015428874564051082,15.428874564051082
170,145,-139.25584752912863,97.50799417967781,272,0.02537768817552601,25.37768817552601
170,145,-139.25584752912863,97.50799417967781,280,0.030778229894677545,30.778229894677544
170,145,-139.25584752912863,97.50799417967781,288,0.03184334759539578,31.843347595395784
170,145,-139.25584752912863,97.50799417967781,296,0.02918787481993063,29.18787481993063
170,145,-139.25584752912863,97.50799417967781,304,0.02417228327692056,24.17228327692056
170,145,-139.25584752912863,97.50799417967781,312,0.01696624227431,16.96624227431
170,145,-139.25584752912863,97.50799417967781,320,0.01278417079496721,12.78417079496721
170,145,-139.25584752912863,97.50799417967781,328,0.020329654631564678,20.32965463156468
170,145,-139.25584752912863,97.50799417967781,336,0.028755386367834757,28.755386367834756
170,145,-139.25584752912863,97.50799417967781,344,0.031196212190826317,31.19621219082632
170,145,-139.25584752912863,97.50799417967781,352,0.030818730849835038,30.81873084983504
170,145,-139.25584752912863,97.50799417967781,360,0.026976004476088687,26.976004476088686
170,150,-147.2243186433546,84.99999999999999,0,0.017830656964007263,17.830656964007265
170,150,-147.2243186433546,84.99999999999999,8,0.010658750493070046,10.658750493070047
170,150,-147.2243186433546,84.99999999999999,16,0.005453757721860112,5.453757721860112
170,150,-147.2243186433546,84.99999999999999,24,0.011585682809022252,11.585682809022252
170,150,-147.2243186433546,84.99999999999999,32,0.02090855947299719,20.90855947299719
170,150,-147.2243186433546,84.99999999999999,40,0.025355966004632413,25.355966004632414
170,150,-147.2243186433546,84.99999999999999,48,0.02488302056420797,24.88302056420797
170,150,-147.2243186433546,84.99999999999999,56,0.02084989463811134,20.84989463811134
170,150,-147.2243186433546,84.99999999999999,64,0.014543836142947306,14.543836142947306
170,150,-147.2243186433546,84.99999999999999,72,0.007599242079963474,7.599242079963474
170,150,-147.2243186433546,84.99999999999999,80,0.007010660970260489,7.010660970260489
170,150,-147.2243186433546,84.99999999999999,88,0.016599929801035848,16.59992980103585
170,150,-147.2243186433546,84.99999999999999,96,0.02361666372215131,23.616663722151312
170,150,-147.2243186433546,84.99999999999999,104,0.025572397557778147,25.572397557778146
170,150,-147.2243186433546,84.99999999999999,112,0.023113032835562514,23.113032835562514
170,150,-147.2243186433546,84.99999999999999,120,0.01776542725112743,17.76542725112743
170,150,-147.2243186433546,84.99999999999999,128,0.010457204855080693,10.457204855080693
170,150,-147.2243186433546,84.99999999999999,136,0.005152390065305547,5.152390065305547
170,150,-147.2243186433546,84.99999999999999,144,0.0111520437480572,11.1520437480572
170,150,-147.2243186433546,84.99999999999999,152,0.020541396905195432,20.541396905195434
170,150,-147.2243186433546,84.99999999999999,160,0.02509641566384108,25.09641566384108
170,150,-147.2243186433546,84.99999999999999,168,0.02468625235791612,24.686252357916118
170,150,-147.2243186433546,84.99999999999999,176,0.020734749202993435,20.734749202993434
170,150,-147.2243186433546,84.99999999999999,184,0.014495541391117556,14.495541391117555
170,150,-147.2243186433546,84.99999999999999,192,0.007583878526327942,7.583878526327942
170,150,-147.2243186433546,84.99999999999999,200,0.007099992700308051,7.099992700308052
170,150,-147.2243186433546,84.99999999999999,208,0.016785544281849033,16.785544281849035
170,150,-147.2243186433546,84.99999999999999,216,0.02377636381795698,23.77636381795698
170,150,-147.2243186433546,84.99999999999999,224,0.02568527389185258,25.685273891852578
170,150,-147.2243186433546,84.99999999999999,232,0.023242980019025528,23.242980019025527
170,150,-147.2243186433546,84.99999999999999,240,0.01794186258538595,17.94186258538595
170,150,-147.2243186433546,84.99999999999999,248,0.010707854143578558,10.707854143578558
170,150,-147.2243186433546,84.99999999999999,256,0.005427765918226005,5.427765918226005
170,150,-147.2243186433546,84.99999999999999,264,0.011432881644154805,11.432881644154804
170,150,-147.2243186433546,84.99999999999999,272,0.020756419074678324,20.756419074678323
170,150,-147.2243186433546,84.99999999999999,280,0.025247753640101803,25.247753640101802
170,150,-147.2243186433546,84.99999999999999,288,0.02477743689142155,24.77743689142155
170,150,-147.2243186433546,84.99999999999999,296,0.020726393770850424,20.726393770850425
170,150,-147.2243186433546,84.99999999999999,304,0.014371331183201264,14.371331183201264
170,150,-147.2243186433546,84.99999999999999,312,0.007364936460601425,7.364936460601425
170,150,-147.2243186433546,84.99999999999999,320,0.006748576163740631,6.748576163740632
170,150,-147.2243186433546,84.99999999999999,328,0.016382660176655562,16.382660176655563
170,150,-147.2243186433546,84.99999999999999,336,0.023443877281437063,23.443877281437064
170,150,-147.2243186433546,84.99999999999999,344,0.025457771703848237,25.457771703848238
170,150,-147.2243186433546,84.99999999999999,352,0.023084520931599687,23.084520931599688
170,150,-147.2243186433546,84.99999999999999,360,0.01783760392307048,17.837603923070482
170,155,-154.07232379623048,71.84510449591892,0,0.009236735615645478,9.236735615645479
170,155,-154.07232379623048,71.84510449591892,8,0.0020023726070595342,2.0023726070595345
170,155,-154.07232379623048,71.84510449591892,16,0.0006052676977790772,0.6052676977790772
170,155,-154.07232379623048,71.84510449591892,24,0.008797405615481563,8.797405615481562
170,155,-154.07232379623048,71.84510449591892,32,0.016885670961385095,16.885670961385095
170,155,-154.07232379623048,71.84510449591892,40,0.020314300363382796,20.314300363382795
170,155,-154.07232379623048,71.84510449591892,48,0.018268100843208644,18.268100843208643
170,155,-154.07232379623048,71.84510449591892,56,0.012852429035892407,12.852429035892408
170,155,-154.07232379623048,71.84510449591892,64,0.005363204134628035,5.3632041346280355
170,155,-154.07232379623048,71.84510449591892,72,-0.0008257157590579785,-0.8257157590579784
170,155,-154.07232379623048,71.84510449591892,80,0.0035451186146923013,3.5451186146923015
170,155,-154.07232379623048,71.84510449591892,88,0.013216256521382395,13.216256521382395
170,155,-154.07232379623048,71.84510449591892,96,0.019281117862421253,19.281117862421254
170,155,-154.07232379623048,71.84510449591892,104,0.019711453947255618,19.711453947255617
170,155,-154.07232379623048,71.84510449591892,112,0.015834378980635784,15.834378980635783
170,155,-154.07232379623048,71.84510449591892,120,0.009156123304222552,9.156123304222552
170,155,-154.07232379623048,71.84510449591892,128,0.001800785141609524,1.8007851416095242
170,155,-154.07232379623048,71.84510449591892,136,0.0002958910609128414,0.2958910609128414
170,155,-154.07232379623048,71.84510449591892,144,0.008420650626853859,8.420650626853858
170,155,-154.07232379623048,71.84510449591892,152,0.016582755497277182,16.582755497277184
170,155,-154.07232379623048,71.84510449591892,160,0.020107828584277305,20.107828584277303
170,155,-154.07232379623048,71.84510449591892,168,0.018131678746415334,18.131678746415336
170,155,-154.07232379623048,71.84510449591892,176,0.01279570203706104,12.79570203706104
170,155,-154.07232379623048,71.84510449591892,184,0.005364966452417005,5.364966452417005
170,155,-154.07232379623048,71.84510449591892,192,-0.0008334144793170443,-0.8334144793170443
170,155,-154.07232379623048,71.84510449591892,200,0.0036493647412339744,3.6493647412339745
170,155,-154.07232379623048,71.84510449591892,208,0.013373563695874793,13.373563695874793
170,155,-154.07232379623048,71.84510449591892,216,0.01940824397511621,19.408243975116207
170,155,-154.07232379623048,71.84510449591892,224,0.019788950747253856,19.788950747253857
170,155,-154.07232379623048,71.84510449591892,232,0.015925631493548784,15.925631493548785
170,155,-154.07232379623048,71.84510449591892,240,0.009293192994547672,9.293192994547672
170,155,-154.07232379623048,71.84510449591892,248,0.0020330557414851404,2.0330557414851405
170,155,-154.07232379623048,71.84510449591892,256,0.00056818299269569,0.56818299269569
170,155,-154.07232379623048,71.84510449591892,264,0.008667854558102251,8.66785455810225
170,155,-154.07232379623048,71.84510449591892,272,0.016767896912631773,16.767896912631773
170,155,-154.07232379623048,71.84510449591892,280,0.020236626890352577,20.23662689035258
170,155,-154.07232379623048,71.84510449591892,288,0.018199979039139547,18.199979039139546
170,155,-154.07232379623048,71.84510449591892,296,0.012768027721834486,12.768027721834486
170,155,-154.07232379623048,71.84510449591892,304,0.005228494671772596,5.228494671772596
170,155,-154.07232379623048,71.84510449591892,312,-0.0010526810042885346,-1.0526810042885346
170,155,-154.07232379623048,71.84510449591892,320,0.003288408404315224,3.288408404315224
170,155,-154.07232379623048,71.84510449591892,328,0.013031576853368152,13.031576853368152
170,155,-154.07232379623048,71.84510449591892,336,0.01913983528659476,19.13983528659476
170,155,-154.07232379623048,71.84510449591892,344,0.019624597984828906,19.624597984828906
170,155,-154.07232379623048,71.84510449591892,352,0.015826007851393244,15.826007851393245
170,155,-154.07232379623048,71.84510449591892,360,0.009243242723215365,9.243242723215365
170,160,-159.74774553360442,58.14342436536371,0,0.0013646122775281821,1.3646122775281821
170,160,-159.74774553360442,58.14342436536371,8,-0.00509010040443908,-5.090100404439079
170,160,-159.74774553360442,58.14342436536371,16,-0.0020811621965002858,-2.0811621965002858
170,160,-159.74774553360442,58.14342436536371,24,0.006639047944577906,6.639047944577906
170,160,-159.74774553360442,58.14342436536371,32,0.013796201203281504,13.796201203281504
170,160,-159.74774553360442,58.14342436536371,40,0.015684552264848932,15.684552264848932
170,160,-159.74774553360442,58.14342436536371,48,0.012193321571298113,12.193321571298114
170,160,-159.74774553360442,58.14342436536371,56,0.0054340267667260115,5.434026766726012
170,160,-159.74774553360442,58.14342436536371,64,-0.0025058283427223716,-2.5058283427223715
170,160,-159.74774553360442,58.14342436536371,72,-0.004342002899978277,-4.342002899978277
170,160,-159.74774553360442,58.14342436536371,80,0.0018231350761735432,1.8231350761735432
170,160,-159.74774553360442,58.14342436536371,88,0.010602849374678537,10.602849374678538
170,160,-159.74774553360442,58.14342436536371,96,0.015459091154636881,15.45909115463688
170,160,-159.74774553360442,58.14342436536371,104,0.01438161844408445,14.38161844408445
170,160,-159.74774553360442,58.14342436536371,112,0.009110831736837086,9.110831736837087
170,160,-159.74774553360442,58.14342436536371,120,0.001272913671148452,1.272913671148452
170,160,-159.74774553360442,58.14342436536371,128,-0.005289805149512591,-5.289805149512591
170,160,-159.74774553360442,58.14342436536371,136,-0.002385054333161031,-2.385054333161031
170,160,-159.74774553360442,58.14342436536371,144,0.006322294155124437,6.322294155124437
170,160,-159.74774553360442,58.14342436536371,152,0.013559151997168176,13.559151997168176
170,160,-159.74774553360442,58.14342436536371,160,0.015541279020835824,15.541279020835825
170,160,-159.74774553360442,58.14342436536371,168,0.012118363438277921,12.118363438277921
170,160,-159.74774553360442,58.14342436536371,176,0.005435620416519048,5.435620416519048
170,160,-159.74774553360442,58.14342436536371,184,-0.002477567152366878,-2.4775671523668783
170,160,-159.74774553360442,58.14342436536371,192,-0.004340130372167655,-4.340130372167655
170,160,-159.74774553360442,58.14342436536371,200,0.0019201522082780511,1.920152208278051
170,160,-159.74774553360442,58.14342436536371,208,0.010730272529296127,10.730272529296126
170,160,-159.74774553360442,58.14342436536371,216,0.015553316900945025,15.553316900945024
170,160,-159.74774553360442,58.14342436536371,224,0.014422878281762199,14.422878281762198
170,160,-159.74774553360442,58.14342436536371,232,0.00916294703738606,9.162947037386061
170,160,-159.74774553360442,58.14342436536371,240,0.0013722144874060934,1.3722144874060935
170,160,-159.74774553360442,58.14342436536371,248,-0.005073220378298696,-5.073220378298696
170,160,-159.74774553360442,58.14342436536371,256,-0.0021295234318253475,-2.1295234318253478
170,160,-159.74774553360442,58.14342436536371,264,0.006534532411827424,6.534532411827424
170,160,-159.74774553360442,58.14342436536371,272,0.013710718847865084,13.710718847865085
170,160,-159.74774553360442,58.14342436536371,280,0.015640346987458826,15.640346987458827
170,160,-159.74774553360442,58.14342436536371,288,0.01216339889351065,12.16339889351065
170,160,-159.74774553360442,58.14342436536371,296,0.005388879785505188,5.388879785505188
170,160,-159.74774553360442,58.14342436536371,304,-0.0026137348606526203,-2.6137348606526203
170,160,-159.74774553360442,58.14342436536371,312,-0.004556568557806839,-4.556568557806839
170,160,-159.74774553360442,58.14342436536371,320,0.0015989502923235699,1.5989502923235699
170,160,-159.74774553360442,58.14342436536371,328,0.010451942762938819,10.451942762938819
170,160,-159.74774553360442,58.14342436536371,336,0.015349051760179555,15.349051760179556
170,160,-159.74774553360442,58.14342436536371,344,0.014322442911778342,14.322442911778342
170,160,-159.74774553360442,58.14342436536371,352,0.00912235299140374,9.12235299140374
170,160,-159.74774553360442,58.14342436536371,360,0.0013705488979716637,1.3705488979716638
170,165,-164.2073904691416,43.999237667428574,0,-0.005589898647462663,-5.589898647462663
170,165,-164.2073904691416,43.999237667428574,8,-0.007941728186697711,-7.941728186697712
170,165,-164.2073904691416,43.999237667428574,16,-0.0031517224784378727,-3.151722478437873
170,165,-164.2073904691416,43.999237667428574,24,0.005371600886337653,5.371600886337653
170,165,-164.2073904691416,43.999237667428574,32,0.011267736366968062,11.267736366968062
170,165,-164.2073904691416,43.999237667428574,40,0.011617349083665846,11.617349083665847
170,165,-164.2073904691416,43.999237667428574,48,0.006700954846657364,6.700954846657364
170,165,-164.2073904691416,43.999237667428574,56,-0.001276075720168229,-1.2760757201682291
170,165,-164.2073904691416,43.999237667428574,64,-0.0080837298928226,-8.0837298928226
170,165,-164.2073904691416,43.999237667428574,72,-0.006261293244877822,-6.261293244877822
170,165,-164.2073904691416,43.999237667428574,80,0.0007818849789910376,0.7818849789910376
170,165,-164.2073904691416,43.999237667428574,88,0.008853392208578609,8.85339220857861
170,165,-164.2073904691416,43.999237667428574,96,0.012181789859372268,12.181789859372268
170,165,-164.2073904691416,43.999237667428574,104,0.009623833873602241,9.62383387360224
170,165,-164.2073904691416,43.999237667428574,112,0.002993561358480626,2.9935613584806258
170,165,-164.2073904691416,43.999237667428574,120,-0.0056835482932796446,-5.683548293279644
170,165,-164.2073904691416,43.999237667428574,128,-0.008136636085347933,-8.136636085347932
170,165,-164.2073904691416,43.999237667428574,136,-0.0034305057003775827,-3.4305057003775827
170,165,-164.2073904691416,43.999237667428574,144,0.005118114113589102,5.118114113589102
170,165,-164.2073904691416,43.999237667428574,152,0.011094941455915872,11.09494145591587
170,165,-164.2073904691416,43.999237667428574,160,0.01153790687025429,11.53790687025429
170,165,-164.2073904691416,43.999237667428574,168,0.006687788955953325,6.687788955953326
170,165,-164.2073904691416,43.999237667428574,176,-0.0012210177994660606,-1.2210177994660607
170,165,-164.2073904691416,43.999237667428574,184,-0.008036275884788342,-8.036275884788342
170,165,-164.2073904691416,43.999237667428574,192,-0.006245368397877371,-6.245368397877371
170,165,-164.2073904691416,43.999237667428574,200,0.0008703059887782139,0.8703059887782139
170,165,-164.2073904691416,43.999237667428574,208,0.008949720144727996,8.949720144727996
170,165,-164.2073904691416,43.999237667428574,216,0.01224264413924836,12.242644139248359
170,165,-164.2073904691416,43.999237667428574,224,0.009628278635905957,9.628278635905957
170,165,-164.2073904691416,43.999237667428574,232,0.003006394762669319,3.006394762669319
170,165,-164.2073904691416,43.999237667428574,240,-0.0056182904717459875,-5.618290471745987
170,165,-164.2073904691416,43.999237667428574,248,-0.007934101099064953,-7.934101099064953
170,165,-164.2073904691416,43.999237667428574,256,-0.003209333281864503,-3.2093332818645033
170,165,-164.2073904691416,43.999237667428574,264,0.005294242390277312,5.294242390277312
170,165,-164.2073904691416,43.999237667428574,272,0.011213757954491657,11.213757954491657
170,165,-164.2073904691416,43.999237667428574,280,0.011607354365051012,11.607354365051012
170,165,-164.2073904691416,43.999237667428574,288,0.006709723470524129,6.709723470524129
170,165,-164.2073904691416,43.999237667428574,296,-0.0012823976149886687,-1.2823976149886687
170,165,-164.2073904691416,43.999237667428574,304,-0.008170669443820971,-8.170669443820971
170,165,-164.2073904691416,43.999237667428574,312,-0.006449879295502165,-6.449879295502165
170,165,-164.2073904691416,43.999237667428574,320,0.0005910446501362828,0.5910446501362828
170,165,-164.2073904691416,43.999237667428574,328,0.008737214155837983,8.737214155837984
170,165,-164.2073904691416,43.999237667428574,336,0.012102722908181917,12.102722908181917
170,165,-164.2073904691416,43.999237667428574,344,0.009592038732915665,9.592038732915665
170,165,-164.2073904691416,43.999237667428574,352,0.003024575212893209,3.024575212893209
170,165,-164.2073904691416,43.999237667428574,360,-0.005584685384247817,-5.584685384247817
170,170,-167.41731801207536,29.520190203378146,0,-0.009644703116014952,-9.644703116014952
170,170,-167.41731801207536,29.520190203378146,8,-0.009159283105750336,-9.159283105750337
170,170,-167.41731801207536,29.520190203378146,16,-0.0035181478327496922,-3.5181478327496922
170,170,-167.41731801207536,29.520190203378146,24,0.004912437055448582,4.9124370554485814
170,170,-167.41731801207536,29.520190203378146,32,0.009322667970571415,9.322667970571414
170,170,-167.41731801207536,29.520190203378146,40,0.008138440754886091,8.13844075488609
170,170,-167.41731801207536,29.520190203378146,48,0.0018328008964425724,1.8328008964425724
170,170,-167.41731801207536,29.520190203378146,56,-0.007230701423901947,-7.230701423901947
170,170,-167.41731801207536,29.520190203378146,64,-0.010384522767154148,-10.384522767154147
170,170,-167.41731801207536,29.520190203378146,72,-0.006902953675118756,-6.902953675118756
170,170,-167.41731801207536,29.520190203378146,80,0.0007515608593444145,0.7515608593444145
170,170,-167.41731801207536,29.520190203378146,88,0.007715008102143872,7.715008102143872
170,170,-167.41731801207536,29.520190203378146,96,0.009491574887046772,9.491574887046772
170,170,-167.41731801207536,29.520190203378146,104,0.00546721038799973,5.46721038799973
170,170,-167.41731801207536,29.520190203378146,112,-0.002450531819445022,-2.450531819445022
170,170,-167.41731801207536,29.520190203378146,120,-0.009734547276758931,-9.734547276758931
170,170,-167.41731801207536,29.520190203378146,128,-0.009345561550306181,-9.345561550306181
170,170,-167.41731801207536,29.520190203378146,136,-0.0037703674716399933,-3.770367471639993
170,170,-167.41731801207536,29.520190203378146,144,0.004724186899255113,4.7241868992551135
170,170,-167.41731801207536,29.520190203378146,152,0.009214584191350982,9.214584191350982
170,170,-167.41731801207536,29.520190203378146,160,0.008123132025294496,8.123132025294495
170,170,-167.41731801207536,29.520190203378146,168,0.0018812852503225334,1.8812852503225335
170,170,-167.41731801207536,29.520190203378146,176,-0.007127211826473254,-7.127211826473254
170,170,-167.41731801207536,29.520190203378146,184,-0.010329147429830413,-10.329147429830414
170,170,-167.41731801207536,29.520190203378146,192,-0.006869993937362058,-6.869993937362058
170,170,-167.41731801207536,29.520190203378146,200,0.000827100716480215,0.827100716480215
170,170,-167.41731801207536,29.520190203378146,208,0.007781216901219638,7.781216901219637
170,170,-167.41731801207536,29.520190203378146,216,0.009518483953605068,9.518483953605068
170,170,-167.41731801207536,29.520190203378146,224,0.005434476119423636,5.4344761194236355
170,170,-167.41731801207536,29.520190203378146,232,-0.0024764628106994702,-2.4764628106994704
170,170,-167.41731801207536,29.520190203378146,240,-0.009690617463159912,-9.690617463159912
170,170,-167.41731801207536,29.520190203378146,248,-0.009170480380624756,-9.170480380624756
170,170,-167.41731801207536,29.520190203378146,256,-0.003584289135472502,-3.584289135472502
170,170,-167.41731801207536,29.520190203378146,264,0.004863571839595262,4.863571839595262
170,170,-167.41731801207536,29.520190203378146,272,0.009300691971554802,9.300691971554802
170,170,-167.41731801207536,29.520190203378146,280,0.008163220928790065,8.163220928790064
170,170,-167.41731801207536,29.520190203378146,288,0.0018804585331680852,1.8804585331680852
170,170,-167.41731801207536,29.520190203378146,296,-0.007198907709334007,-7.198907709334008
170,170,-167.41731801207536,29.520190203378146,304,-0.010459481404597418,-10.459481404597417
170,170,-167.41731801207536,29.520190203378146,312,-0.0070560657613382375,-7.056065761338237
170,170,-167.41731801207536,29.520190203378146,320,0.0005921325088163523,0.5921325088163523
170,170,-167.41731801207536,29.520190203378146,328,0.007633020726844569,7.633020726844569
170,170,-167.41731801207536,29.520190203378146,336,0.009443149699040471,9.443149699040472
170,170,-167.41731801207536,29.520190203378146,344,0.005462285579318095,5.462285579318095
170,170,-167.41731801207536,29.520190203378146,352,-0.002402230570603195,-2.402230570603195
170,170,-167.41731801207536,29.520190203378146,360,-0.00964033098152762,-9.64033098152762
170,175,-169.35309867559675,14.816476267101892,0,-0.011289187480410336,-11.289187480410336
170,175,-169.35309867559675,14.816476267101892,8,-0.009430354205995497,-9.430354205995497
170,175,-169.35309867559675,14.816476267101892,16,-0.0027787642586323963,-2.778764258632396
170,175,-169.35309867559675,14.816476267101892,24,0.005107918456654622,5.107918456654621
170,175,-169.35309867559675,14.816476267101892,32,0.007979363005900676,7.979363005900676
170,175,-169.35309867559675,14.816476267101892,40,0.005270005956124811,5.270005956124811
170,175,-169.35309867559675,14.816476267101892,48,-0.002379160344172522,-2.379160344172522
170,175,-169.35309867559675,14.816476267101892,56,-0.009966327234997439,-9.966327234997438
170,175,-169.35309867559675,14.816476267101892,64,-0.011064441086412464,-11.064441086412463
170,175,-169.35309867559675,14.816476267101892,72,-0.0067453483005348175,-6.745348300534817
170,175,-169.35309867559675,14.816476267101892,80,0.0015482833921042203,1.5482833921042203
170,175,-169.35309867559675,14.816476267101892,88,0.007187248653942775,7.187248653942775
170,175,-169.35309867559675,14.816476267101892,96,0.007401634300688996,7.401634300688996
170,175,-169.35309867559675,14.816476267101892,104,0.0019418609905976687,1.9418609905976687
170,175,-169.35309867559675,14.816476267101892,112,-0.007192312046662265,-7.192312046662265
170,175,-169.35309867559675,14.816476267101892,120,-0.011370870458105142,-11.370870458105141
170,175,-169.35309867559675,14.816476267101892,128,-0.009606661925781485,-9.606661925781486
170,175,-169.35309867559675,14.816476267101892,136,-0.0030020692514683457,-3.002069251468346
170,175,-169.35309867559675,14.816476267101892,144,0.004984465930554443,4.9844659305544425
170,175,-169.35309867559675,14.816476267101892,152,0.007936222563335999,7.936222563335999
170,175,-169.35309867559675,14.816476267101892,160,0.005318773702801207,5.318773702801207
170,175,-169.35309867559675,14.816476267101892,168,-0.002270048843246067,-2.270048843246067
170,175,-169.35309867559675,14.816476267101892,176,-0.00984739072485695,-9.84739072485695
170,175,-169.35309867559675,14.816476267101892,184,-0.010994215125009692,-10.994215125009692
170,175,-169.35309867559675,14.816476267101892,192,-0.006696854792303,-6.696854792302999
170,175,-169.35309867559675,14.816476267101892,200,0.0016044884701824646,1.6044884701824647
170,175,-169.35309867559675,14.816476267101892,208,0.007222361553612778,7.222361553612778
170,175,-169.35309867559675,14.816476267101892,216,0.0073940608782787735,7.394060878278774
170,175,-169.35309867559675,14.816476267101892,224,0.0018718525408679223,1.8718525408679223
170,175,-169.35309867559675,14.816476267101892,232,-0.007256414464385583,-7.256414464385583
170,175,-169.35309867559675,14.816476267101892,240,-0.011340532343898774,-11.340532343898774
170,175,-169.35309867559675,14.816476267101892,248,-0.009462779713459008,-9.462779713459009
170,175,-169.35309867559675,14.816476267101892,256,-0.0028470135981143647,-2.8470135981143647
170,175,-169.35309867559675,14.816476267101892,264,0.005087340665950583,5.087340665950583
170,175,-169.35309867559675,14.816476267101892,272,0.007989849883910737,7.989849883910736
170,175,-169.35309867559675,14.816476267101892,280,0.005329928697439983,5.329928697439983
170,175,-169.35309867559675,14.816476267101892,288,-0.002292653537465637,-2.292653537465637
170,175,-169.35309867559675,14.816476267101892,296,-0.009912258628830233,-9.912258628830234
170,175,-169.35309867559675,14.816476267101892,304,-0.011117705723406434,-11.117705723406434
170,175,-169.35309867559675,14.816476267101892,312,-0.006863938497388323,-6.8639384973883235
170,175,-169.35309867559675,14.816476267101892,320,0.0014220666036383837,1.4220666036383838
170,175,-169.35309867559675,14.816476267101892,328,0.007139597189244151,7.139597189244151
170,175,-169.35309867559675,14.816476267101892,336,0.007383516647751798,7.383516647751798
170,175,-169.35309867559675,14.816476267101892,344,0.0019630916034465247,1.9630916034465247
170,175,-169.35309867559675,14.816476267101892,352,-0.0071280585576294535,-7.128058557629454
170,175,-169.35309867559675,14.816476267101892,360,-0.011285628790856154,-11.285628790856153
170,180,-170.0,2.0818995585505004e-14,0,-0.011647023440545547,-11.647023440545548
170,180,-170.0,2.0818995585505004e-14,8,-0.00879576461544653,-8.79576461544653
170,180,-170.0,2.0818995585505004e-14,16,-0.0008909968477459845,-0.8909968477459845
170,180,-170.0,2.0818995585505004e-14,24,0.005930999907801909,5.930999907801909
170,180,-170.0,2.0818995585505004e-14,32,0.007245033704018297,7.245033704018297
170,180,-170.0,2.0818995585505004e-14,40,0.003029577292819668,3.0295772928196683
170,180,-170.0,2.0818995585505004e-14,48,-0.005615318975036159,-5.615318975036159
170,180,-170.0,2.0818995585505004e-14,56,-0.011078836655547125,-11.078836655547125
170,180,-170.0,2.0818995585505004e-14,64,-0.011034129045563976,-11.034129045563976
170,180,-170.0,2.0818995585505004e-14,72,-0.0055360766799334524,-5.536076679933452
170,180,-170.0,2.0818995585505004e-14,80,0.003112192267632522,3.1121922676325218
170,180,-170.0,2.0818995585505004e-14,88,0.007272831095061523,7.272831095061523
170,180,-170.0,2.0818995585505004e-14,96,0.005926851292652535,5.926851292652535
170,180,-170.0,2.0818995585505004e-14,104,-0.0009362253188635967,-0.9362253188635967
170,180,-170.0,2.0818995585505004e-14,112,-0.008853503902232909,-8.853503902232909
170,180,-170.0,2.0818995585505004e-14,120,-0.011719308183768613,-11.719308183768613
170,180,-170.0,2.0818995585505004e-14,128,-0.008961690462739504,-8.961690462739504
170,180,-170.0,2.0818995585505004e-14,136,-0.0010651607860510809,-1.0651607860510808
170,180,-170.0,2.0818995585505004e-14,144,0.0058731156592009,5.8731156592009
170,180,-170.0,2.0818995585505004e-14,152,0.007267100045212656,7.267100045212656
170,180,-170.0,2.0818995585505004e-14,160,0.003142005481303636,3.142005481303636
170,180,-170.0,2.0818995585505004e-14,168,-0.005453403073268395,-5.453403073268395
170,180,-170.0,2.0818995585505004e-14,176,-0.010953180528300684,-10.953180528300685
170,180,-170.0,2.0818995585505004e-14,184,-0.0109491828734187,-10.9491828734187
170,180,-170.0,2.0818995585505004e-14,192,-0.005477253379523051,-5.4772533795230505
170,180,-170.0,2.0818995585505004e-14,200,0.0031415843857850283,3.1415843857850283
170,180,-170.0,2.0818995585505004e-14,208,0.007276233651448185,7.276233651448186
170,180,-170.0,2.0818995585505004e-14,216,0.005884489401031149,5.884489401031149
170,180,-170.0,2.0818995585505004e-14,224,-0.0010434202463368075,-1.0434202463368074
170,180,-170.0,2.0818995585505004e-14,232,-0.008941654813034768,-8.941654813034768
170,180,-170.0,2.0818995585505004e-14,240,-0.011707839952016382,-11.707839952016382
170,180,-170.0,2.0818995585505004e-14,248,-0.008846759547927272,-8.846759547927272
170,180,-170.0,2.0818995585505004e-14,256,-0.0009452053761046363,-0.9452053761046363
170,180,-170.0,2.0818995585505004e-14,264,0.0059394233685834096,5.93942336858341
170,180,-170.0,2.0818995585505004e-14,272,0.007288458630877658,7.288458630877658
170,180,-170.0,2.0818995585505004e-14,280,0.0031248108193594826,3.1248108193594826
170,180,-170.0,2.0818995585505004e-14,288,-0.0054913318140864436,-5.491331814086443
170,180,-170.0,2.0818995585505004e-14,296,-0.0110052941469614,-11.0052941469614
170,180,-170.0,2.0818995585505004e-14,304,-0.011065757664147894,-11.065757664147894
170,180,-170.0,2.0818995585505004e-14,312,-0.005625310614568956,-5.625310614568956
170,180,-170.0,2.0818995585505004e-14,320,0.0030222205900192305,3.0222205900192303
170,180,-170.0,2.0818995585505004e-14,328,0.007259273256791041,7.259273256791041
170,180,-170.0,2.0818995585505004e-14,336,0.005938508517286336,5.938508517286335
170,180,-170.0,2.0818995585505004e-14,344,-0.0008897557575223173,-0.8897557575223173
170,180,-170.0,2.0818995585505004e-14,352,-0.008803835675111695,-8.803835675111696
170,180,-170.0,2.0818995585505004e-14,360,-0.011643827415643352,-11.643827415643353
204,90,1.2491397351303002e-14,204.0,0,0.13574326712004972,135.74326712004972
204,90,1.2491397351303002e-14,204.0,8,0.12274618099682788,122.74618099682787
204,90,1.2491397351303002e-14,204.0,16,0.1225076442775043,122.5076442775043
204,90,1.2491397351303002e-14,204.0,24,0.1268126184976347,126.8126184976347
204,90,1.2491397351303002e-14,204.0,32,0.14216633165230996,142.16633165230996
204,90,1.2491397351303002e-14,204.0,40,0.14991168869777674,149.91168869777675
204,90,1.2491397351303002e-14,204.0,48,0.15122371880593605,151.22371880593604
204,90,1.2491397351303002e-14,204.0,56,0.143749212584805,143.749212584805
204,90,1.2491397351303002e-14,204.0,64,0.12856209945741773,128.56209945741773
204,90,1.2491397351303002e-14,204.0,72,0.12240131781468663,122.40131781468664
204,90,1.2491397351303002e-14,204.0,80,0.12456463210523239,124.56463210523239
204,90,1.2491397351303002e-14,204.0,88,0.13273614452018534,132.73614452018535
204,90,1.2491397351303002e-14,204.0,96,0.14764785907671163,147.64785907671163
204,90,1.2491397351303002e-14,204.0,104,0.15120647655376224,151.20647655376223
204,90,1.2491397351303002e-14,204.0,112,0.1496345787557364,149.6345787557364
204,90,1.2491397351303002e-14,204.0,120,0.13570692762648717,135.7069276264872
204,90,1.2491397351303002e-14,204.0,128,0.12258093158965563,122.58093158965563
204,90,1.2491397351303002e-14,204.0,136,0.12231161417956596,122.31161417956596
204,90,1.2491397351303002e-14,204.0,144,0.12665589634016994,126.65589634016993
204,90,1.2491397351303002e-14,204.0,152,0.14176334657378392,141.76334657378393
204,90,1.2491397351303002e-14,204.0,160,0.14962205091612146,149.62205091612145
204,90,1.2491397351303002e-14,204.0,168,0.15081941132876067,150.81941132876068
204,90,1.2491397351303002e-14,204.0,176,0.14340937259673617,143.40937259673618
204,90,1.2491397351303002e-14,204.0,184,0.12828829308965545,128.28829308965544
204,90,1.2491397351303002e-14,204.0,192,0.1221856851043858,122.1856851043858
204,90,1.2491397351303002e-14,204.0,200,0.12437763848424621,124.3776384842462
204,90,1.2491397351303002e-14,204.0,208,0.13277538162460945,132.77538162460945
204,90,1.2491397351303002e-14,204.0,216,0.1477552681779718,147.7552681779718
204,90,1.2491397351303002e-14,204.0,224,0.15143740108779524,151.43740108779525
204,90,1.2491397351303002e-14,204.0,232,0.14993910284423534,149.93910284423535
204,90,1.2491397351303002e-14,204.0,240,0.13605638105875012,136.05638105875013
204,90,1.2491397351303002e-14,204.0,248,0.12299979661352281,122.9997966135228
204,90,1.2491397351303002e-14,204.0,256,0.12269663940603229,122.69663940603229
204,90,1.2491397351303002e-14,204.0,264,0.12694107289208728,126.94107289208728
204,90,1.2491397351303002e-14,204.0,272,0.1420314883640605,142.0314883640605
204,90,1.2491397351303002e-14,204.0,280,0.14973115638323234,149.73115638323233
204,90,1.2491397351303002e-14,204.0,288,0.1509217281008785,150.9217281008785
204,90,1.2491397351303002e-14,204.0,296,0.14344572920800613,143.44572920800613
204,90,1.2491397351303002e-14,204.0,304,0.12820078924108547,128.20078924108546
204,90,1.2491397351303002e-14,204.0,312,0.12198838445821825,121.98838445821825
204,90,1.2491397351303002e-14,204.0,320,0.12424291106187597,124.24291106187597
204,90,1.2491397351303002e-14,204.0,328,0.13243046941418854,132.43046941418854
204,90,1.2491397351303002e-14,204.0,336,0.14750934870205604,147.50934870205603
204,90,1.2491397351303002e-14,204.0,344,0.15111683600840276,151.11683600840274
204,90,1.2491397351303002e-14,204.0,352,0.1495682038559783,149.5682038559783
204,90,1.2491397351303002e-14,204.0,360,0.13575041456518513,135.75041456518514
204,95,-17.77977152052228,203.2237184107161,0,0.11473415983908164,114.73415983908164
204,95,-17.77977152052228,203.2237184107161,8,0.10992352235143102,109.92352235143102
204,95,-17.77977152052228,203.2237184107161,16,0.11315118919715114,113.15118919715114
204,95,-17.77977152052228,203.2237184107161,24,0.11769549025242945,117.69549025242945
204,95,-17.77977152052228,203.2237184107161,32,0.13310297943578542,133.10297943578541
204,95,-17.77977152052228,203.2237184107161,40,0.14063927044041313,140.63927044041313
204,95,-17.77977152052228,203.2237184107161,48,0.13830545664788632,138.30545664788633
204,95,-17.77977152052228,203.2237184107161,56,0.12274767515514087,122.74767515514087
204,95,-17.77977152052228,203.2237184107161,64,0.11076728518777995,110.76728518777995
204,95,-17.77977152052228,203.2237184107161,72,0.11149012804205832,111.49012804205832
204,95,-17.77977152052228,203.2237184107161,80,0.11533539017412073,115.33539017412073
204,95,-17.77977152052228,203.2237184107161,88,0.12386411290430384,123.86411290430384
204,95,-17.77977152052228,203.2237184107161,96,0.1385136389709159,138.5136389709159
204,95,-17.77977152052228,203.2237184107161,104,0.1395970790242414,139.5970790242414
204,95,-17.77977152052228,203.2237184107161,112,0.13031814298074593,130.31814298074593
204,95,-17.77977152052228,203.2237184107161,120,0.11467239014596217,114.67239014596217
204,95,-17.77977152052228,203.2237184107161,128,0.10974995829241725,109.74995829241725
204,95,-17.77977152052228,203.2237184107161,136,0.11295408790607343,112.95408790607344
204,95,-17.77977152052228,203.2237184107161,144,0.11753820988932225,117.53820988932225
204,95,-17.77977152052228,203.2237184107161,152,0.13270074763200418,132.70074763200418
204,95,-17.77977152052228,203.2237184107161,160,0.140347314688136,140.34731468813598
204,95,-17.77977152052228,203.2237184107161,168,0.13790853494202235,137.90853494202236
204,95,-17.77977152052228,203.2237184107161,176,0.12243160493098282,122.43160493098281
204,95,-17.77977152052228,203.2237184107161,184,0.11051053821393275,110.51053821393275
204,95,-17.77977152052228,203.2237184107161,192,0.11126579505470455,111.26579505470454
204,95,-17.77977152052228,203.2237184107161,200,0.11514500198266314,115.14500198266315
204,95,-17.77977152052228,203.2237184107161,208,0.12390840749075263,123.90840749075264
204,95,-17.77977152052228,203.2237184107161,216,0.13861887725128313,138.61887725128312
204,95,-17.77977152052228,203.2237184107161,224,0.13981175926083544,139.81175926083546
204,95,-17.77977152052228,203.2237184107161,232,0.13062871990892055,130.62871990892054
204,95,-17.77977152052228,203.2237184107161,240,0.11502225086478836,115.02225086478836
204,95,-17.77977152052228,203.2237184107161,248,0.1101904577436135,110.19045774361349
204,95,-17.77977152052228,203.2237184107161,256,0.11334612050209576,113.34612050209576
204,95,-17.77977152052228,203.2237184107161,264,0.11782607422767408,117.82607422767407
204,95,-17.77977152052228,203.2237184107161,272,0.13296906312865753,132.96906312865752
204,95,-17.77977152052228,203.2237184107161,280,0.14046335088391004,140.46335088391004
204,95,-17.77977152052228,203.2237184107161,288,0.13802687263028024,138.02687263028025
204,95,-17.77977152052228,203.2237184107161,296,0.12243904278379758,122.43904278379757
204,95,-17.77977152052228,203.2237184107161,304,0.11040781448472148,110.40781448472148
204,95,-17.77977152052228,203.2237184107161,312,0.11106694901662031,111.06694901662031
204,95,-17.77977152052228,203.2237184107161,320,0.11500871687940611,115.00871687940611
204,95,-17.77977152052228,203.2237184107161,328,0.12356241286936692,123.56241286936692
204,95,-17.77977152052228,203.2237184107161,336,0.1383740419525886,138.37404195258858
204,95,-17.77977152052228,203.2237184107161,344,0.13949103972227545,139.49103972227545
204,95,-17.77977152052228,203.2237184107161,352,0.13027516674710968,130.27516674710967
204,95,-17.77977152052228,203.2237184107161,360,0.11474210929346969,114.74210929346968
204,100,-35.42422824405378,200.90078161449043,0,0.09860933531285172,98.60933531285173
204,100,-35.42422824405378,200.90078161449043,8,0.09970806450572403,99.70806450572402
204,100,-35.42422824405378,200.90078161449043,16,0.1038753547220902,103.8753547220902
204,100,-35.42422824405378,200.90078161449043,24,0.10888554335926066,108.88554335926067
204,100,-35.42422824405378,200.90078161449043,32,0.12407093848037723,124.07093848037724
204,100,-35.42422824405378,200.90078161449043,40,0.1282765862688695,128.2765862688695
204,100,-35.42422824405378,200.90078161449043,48,0.1177119581854515,117.71195818545151
204,100,-35.42422824405378,200.90078161449043,56,0.10183647279708474,101.83647279708474
204,100,-35.42422824405378,200.90078161449043,64,0.09798871411424581,97.98871411424581
204,100,-35.42422824405378,200.90078161449043,72,0.10214345340941351,102.14345340941351
204,100,-35.42422824405378,200.90078161449043,80,0.10627244936035846,106.27244936035845
204,100,-35.42422824405378,200.90078161449043,88,0.11489683938731787,114.89683938731787
204,100,-35.42422824405378,200.90078161449043,96,0.12916967047746894,129.16967047746894
204,100,-35.42422824405378,200.90078161449043,104,0.12517851424895182,125.17851424895183
204,100,-35.42422824405378,200.90078161449043,112,0.10949348566005435,109.49348566005435
204,100,-35.42422824405378,200.90078161449043,120,0.09853819579781838,98.53819579781837
204,100,-35.42422824405378,200.90078161449043,128,0.09953049927605918,99.53049927605919
204,100,-35.42422824405378,200.90078161449043,136,0.10367660629957094,103.67660629957095
204,100,-35.42422824405378,200.90078161449043,144,0.10872781571924624,108.72781571924624
204,100,-35.42422824405378,200.90078161449043,152,0.1236684239148872,123.6684239148872
204,100,-35.42422824405378,200.90078161449043,160,0.12798317694619898,127.98317694619898
204,100,-35.42422824405378,200.90078161449043,168,0.11733104633047142,117.33104633047142
204,100,-35.42422824405378,200.90078161449043,176,0.10154445943901874,101.54445943901874
204,100,-35.42422824405378,200.90078161449043,184,0.09772961515116041,97.7296151511604
204,100,-35.42422824405378,200.90078161449043,192,0.10191457883598373,101.91457883598373
204,100,-35.42422824405378,200.90078161449043,200,0.10608057568014985,106.08057568014985
204,100,-35.42422824405378,200.90078161449043,208,0.1149474377658648,114.9474377658648
204,100,-35.42422824405378,200.90078161449043,216,0.12927587040218763,129.27587040218762
204,100,-35.42422824405378,200.90078161449043,224,0.12538028030464315,125.38028030464315
204,100,-35.42422824405378,200.90078161449043,232,0.10981424346410332,109.81424346410331
204,100,-35.42422824405378,200.90078161449043,240,0.09888814033061391,98.88814033061391
204,100,-35.42422824405378,200.90078161449043,248,0.099981048291167,99.981048291167
204,100,-35.42422824405378,200.90078161449043,256,0.10407548618010176,104.07548618010176
204,100,-35.42422824405378,200.90078161449043,264,0.10901078481014267,109.01078481014268
204,100,-35.42422824405378,200.90078161449043,272,0.12393771766984832,123.93771766984833
204,100,-35.42422824405378,200.90078161449043,280,0.12812115767034904,128.12115767034905
204,100,-35.42422824405378,200.90078161449043,288,0.1174174459380632,117.41744593806321
204,100,-35.42422824405378,200.90078161449043,296,0.10152308963713859,101.52308963713858
204,100,-35.42422824405378,200.90078161449043,304,0.09762447135884089,97.62447135884089
204,100,-35.42422824405378,200.90078161449043,312,0.10171740535046672,101.71740535046672
204,100,-35.42422824405378,200.90078161449043,320,0.10594237428755374,105.94237428755373
204,100,-35.42422824405378,200.90078161449043,328,0.11459944724070908,114.59944724070908
204,100,-35.42422824405378,200.90078161449043,336,0.1290230708730975,129.0230708730975
204,100,-35.42422824405378,200.90078161449043,344,0.12506028492646798,125.06028492646799
204,100,-35.42422824405378,200.90078161449043,352,0.10948169801481936,109.48169801481936
204,100,-35.42422824405378,200.90078161449043,360,0.09861766796627126,98.61766796627127
204,105,-52.799085200914256,197.04886856296994,0,0.08648448876504285,86.48448876504284
204,105,-52.799085200914256,197.04886856296994,8,0.09046592614884653,90.46592614884653
204,105,-52.799085200914256,197.04886856296994,16,0.09493657316804519,94.93657316804519
204,105,-52.799085200914256,197.04886856296994,24,0.10004102693302426,100.04102693302426
204,105,-52.799085200914256,197.04886856296994,32,0.11406044162774127,114.06044162774127
204,105,-52.799085200914256,197.04886856296994,40,0.11248990435598771,112.48990435598772
204,105,-52.799085200914256,197.04886856296994,48,0.0972292756713949,97.2292756713949
204,105,-52.799085200914256,197.04886856296994,56,0.0874975234655624,87.4975234655624
204,105,-52.799085200914256,197.04886856296994,64,0.08853207490202648,88.53207490202648
204,105,-52.799085200914256,197.04886856296994,72,0.09293322736485812,92.93322736485813
204,105,-52.799085200914256,197.04886856296994,80,0.09745442602514405,97.45442602514404
204,105,-52.799085200914256,197.04886856296994,88,0.10605949852626369,106.05949852626368
204,105,-52.799085200914256,197.04886856296994,96,0.1160647791656989,116.06477916569891
204,105,-52.799085200914256,197.04886856296994,104,0.10490817958480786,104.90817958480785
204,105,-52.799085200914256,197.04886856296994,112,0.08884934861141576,88.84934861141576
204,105,-52.799085200914256,197.04886856296994,120,0.08641518390420352,86.41518390420353
204,105,-52.799085200914256,197.04886856296994,128,0.09028929044435172,90.28929044435172
204,105,-52.799085200914256,197.04886856296994,136,0.09473580150771263,94.73580150771264
204,105,-52.799085200914256,197.04886856296994,144,0.09988195100714495,99.88195100714495
204,105,-52.799085200914256,197.04886856296994,152,0.1136564684458739,113.6564684458739
204,105,-52.799085200914256,197.04886856296994,160,0.11219410020221593,112.19410020221594
204,105,-52.799085200914256,197.04886856296994,168,0.09686465918354581,96.86465918354581
204,105,-52.799085200914256,197.04886856296994,176,0.08721475958046734,87.21475958046734
204,105,-52.799085200914256,197.04886856296994,184,0.08827272644451259,88.27272644451259
204,105,-52.799085200914256,197.04886856296994,192,0.09270026279226354,92.70026279226354
204,105,-52.799085200914256,197.04886856296994,200,0.09727372732130397,97.27372732130398
204,105,-52.799085200914256,197.04886856296994,208,0.10611701346642374,106.11701346642374
204,105,-52.799085200914256,197.04886856296994,216,0.11615892438862196,116.15892438862197
204,105,-52.799085200914256,197.04886856296994,224,0.10513498897099596,105.13498897099596
204,105,-52.799085200914256,197.04886856296994,232,0.08917967384379917,89.17967384379916
204,105,-52.799085200914256,197.04886856296994,240,0.08676470778342707,86.76470778342707
204,105,-52.799085200914256,197.04886856296994,248,0.09074370482004135,90.74370482004134
204,105,-52.799085200914256,197.04886856296994,256,0.09513705783263322,95.13705783263322
204,105,-52.799085200914256,197.04886856296994,264,0.10015981219898917,100.15981219898917
204,105,-52.799085200914256,197.04886856296994,272,0.11393142162691308,113.93142162691308
204,105,-52.799085200914256,197.04886856296994,280,0.11233608070020717,112.33608070020718
204,105,-52.799085200914256,197.04886856296994,288,0.09691931822660119,96.91931822660119
204,105,-52.799085200914256,197.04886856296994,296,0.08719280226738625,87.19280226738626
204,105,-52.799085200914256,197.04886856296994,304,0.08816796448435572,88.16796448435572
204,105,-52.799085200914256,197.04886856296994,312,0.09250473917104074,92.50473917104074
204,105,-52.799085200914256,197.04886856296994,320,0.0971337748887331,97.13377488873309
204,105,-52.799085200914256,197.04886856296994,328,0.10576573957413185,105.76573957413186
204,105,-52.799085200914256,197.04886856296994,336,0.11589586507337901,115.89586507337901
204,105,-52.799085200914256,197.04886856296994,344,0.10482037300416139,104.82037300416138
204,105,-52.799085200914256,197.04886856296994,352,0.08886841606269304,88.86841606269304
204,105,-52.799085200914256,197.04886856296994,360,0.0864930294110913,86.4930294110913
204,110,-69.77210923843641,191.6972946403253,0,0.07736741811290294,77.36741811290294
204,110,-69.77210923843641,191.6972946403253,8,0.08141405021162562,81.41405021162562
204,110,-69.77210923843641,191.6972946403253,16,0.08615241043530049,86.1524104353005
204,110,-69.77210923843641,191.6972946403253,24,0.09142294670587671,91.42294670587671
204,110,-69.77210923843641,191.6972946403253,32,0.10089825098482476,100.89825098482476
204,110,-69.77210923843641,191.6972946403253,40,0.09264479650995874,92.64479650995874
204,110,-69.77210923843641,191.6972946403253,48,0.0784990786878253,78.4990786878253
204,110,-69.77210923843641,191.6972946403253,56,0.07627901494054956,76.27901494054956
204,110,-69.77210923843641,191.6972946403253,64,0.07947573861434683,79.47573861434682
204,110,-69.77210923843641,191.6972946403253,72,0.08414509095746284,84.14509095746284
204,110,-69.77210923843641,191.6972946403253,80,0.08872045121242766,88.72045121242766
204,110,-69.77210923843641,191.6972946403253,88,0.09547063832169495,95.47063832169495
204,110,-69.77210923843641,191.6972946403253,96,0.09900193284000565,99.00193284000565
204,110,-69.77210923843641,191.6972946403253,104,0.08482813320786371,84.82813320786371
204,110,-69.77210923843641,191.6972946403253,112,0.07640051556431499,76.40051556431499
204,110,-69.77210923843641,191.6972946403253,120,0.07730158112091431,77.30158112091432
204,110,-69.77210923843641,191.6972946403253,128,0.0812376381781551,81.23763817815511
204,110,-69.77210923843641,191.6972946403253,136,0.08594848856231896,85.94848856231896
204,110,-69.77210923843641,191.6972946403253,144,0.09125745193331565,91.25745193331565
204,110,-69.77210923843641,191.6972946403253,152,0.10049277851843681,100.49277851843681
204,110,-69.77210923843641,191.6972946403253,160,0.09234509981854294,92.34509981854295
204,110,-69.77210923843641,191.6972946403253,168,0.07814931888857331,78.1493188885733
204,110,-69.77210923843641,191.6972946403253,176,0.0760002010449204,76.0002010449204
204,110,-69.77210923843641,191.6972946403253,184,0.079215435755924,79.215435755924
204,110,-69.77210923843641,191.6972946403253,192,0.08391547924531653,83.91547924531653
204,110,-69.77210923843641,191.6972946403253,200,0.0885520719301888,88.5520719301888
204,110,-69.77210923843641,191.6972946403253,208,0.09552972869951007,95.52972869951007
204,110,-69.77210923843641,191.6972946403253,216,0.09911725686706398,99.11725686706397
204,110,-69.77210923843641,191.6972946403253,224,0.08508029699475395,85.08029699475395
204,110,-69.77210923843641,191.6972946403253,232,0.07671577287513998,76.71577287513998
204,110,-69.77210923843641,191.6972946403253,240,0.07764926360474084,77.64926360474084
204,110,-69.77210923843641,191.6972946403253,248,0.08169587112687093,81.69587112687094
204,110,-69.77210923843641,191.6972946403253,256,0.08633851894068503,86.33851894068503
204,110,-69.77210923843641,191.6972946403253,264,0.09153216208029649,91.53216208029649
204,110,-69.77210923843641,191.6972946403253,272,0.10078562485397348,100.78562485397347
204,110,-69.77210923843641,191.6972946403253,280,0.0924601952537067,92.4601952537067
204,110,-69.77210923843641,191.6972946403253,288,0.07818200742371828,78.18200742371828
204,110,-69.77210923843641,191.6972946403253,296,0.07598326021531782,75.98326021531781
204,110,-69.77210923843641,191.6972946403253,304,0.07911309228710854,79.11309228710854
204,110,-69.77210923843641,191.6972946403253,312,0.08372135314330104,83.72135314330103
204,110,-69.77210923843641,191.6972946403253,320,0.08840958486651845,88.40958486651846
204,110,-69.77210923843641,191.6972946403253,328,0.09517352628037312,95.17352628037312
204,110,-69.77210923843641,191.6972946403253,336,0.0988403457216831,98.8403457216831
204,110,-69.77210923843641,191.6972946403253,344,0.08477008028866001,84.77008028866001
204,110,-69.77210923843641,191.6972946403253,352,0.07640937586899585,76.40937586899585
204,110,-69.77210923843641,191.6972946403253,360,0.07737672568636011,77.37672568636012
204,115,-86.21412539510267,184.8867885554766,0,0.06857521008570763,68.57521008570764
204,115,-86.21412539510267,184.8867885554766,8,0.07286045037636775,72.86045037636775
204,115,-86.21412539510267,184.8867885554766,16,0.07757564062221312,77.57564062221311
204,115,-86.21412539510267,184.8867885554766,24,0.08005377121951371,80.0537712195137
204,115,-86.21412539510267,184.8867885554766,32,0.08302342176652337,83.02342176652337
204,115,-86.21412539510267,184.8867885554766,40,0.07305429428823312,73.05429428823312
204,115,-86.21412539510267,184.8867885554766,48,0.0663700943631537,66.37009436315371
204,115,-86.21412539510267,184.8867885554766,56,0.06748328616536542,67.48328616536541
204,115,-86.21412539510267,184.8867885554766,64,0.0706632560637034,70.6632560637034
204,115,-86.21412539510267,184.8867885554766,72,0.0754918782292143,75.4918782292143
204,115,-86.21412539510267,184.8867885554766,80,0.0802388639651255,80.2388639651255
204,115,-86.21412539510267,184.8867885554766,88,0.08249102095046783,82.49102095046783
204,115,-86.21412539510267,184.8867885554766,96,0.07948958801809555,79.48958801809555
204,115,-86.21412539510267,184.8867885554766,104,0.06801399764366678,68.01399764366678
204,115,-86.21412539510267,184.8867885554766,112,0.06618493052603508,66.18493052603507
204,115,-86.21412539510267,184.8867885554766,120,0.06851404722193638,68.51404722193638
204,115,-86.21412539510267,184.8867885554766,128,0.07268367553271345,72.68367553271345
204,115,-86.21412539510267,184.8867885554766,136,0.07736759720303768,77.36759720303768
204,115,-86.21412539510267,184.8867885554766,144,0.07987412956918273,79.87412956918273
204,115,-86.21412539510267,184.8867885554766,152,0.08261425406000342,82.61425406000342
204,115,-86.21412539510267,184.8867885554766,160,0.07274835810181872,72.74835810181872
204,115,-86.21412539510267,184.8867885554766,168,0.06602857098934008,66.02857098934008
204,115,-86.21412539510267,184.8867885554766,176,0.06720549212229338,67.20549212229338
204,115,-86.21412539510267,184.8867885554766,184,0.07040293259090842,70.40293259090842
204,115,-86.21412539510267,184.8867885554766,192,0.07527627916422455,75.27627916422455
204,115,-86.21412539510267,184.8867885554766,200,0.08008575785058927,80.08575785058927
204,115,-86.21412539510267,184.8867885554766,208,0.08254408906847875,82.54408906847875
204,115,-86.21412539510267,184.8867885554766,216,0.07964823278916994,79.64823278916994
204,115,-86.21412539510267,184.8867885554766,224,0.06827304020216868,68.27304020216867
204,115,-86.21412539510267,184.8867885554766,232,0.06648887296386378,66.48887296386378
204,115,-86.21412539510267,184.8867885554766,240,0.0688587842333326,68.8587842333326
204,115,-86.21412539510267,184.8867885554766,248,0.07313563188957405,73.13563188957404
204,115,-86.21412539510267,184.8867885554766,256,0.07774668308948066,77.74668308948065
204,115,-86.21412539510267,184.8867885554766,264,0.0801581497957326,80.1581497957326
204,115,-86.21412539510267,184.8867885554766,272,0.08288260003689356,82.88260003689356
204,115,-86.21412539510267,184.8867885554766,280,0.0728382986647492,72.83829866474919
204,115,-86.21412539510267,184.8867885554766,288,0.06607878188483449,66.07878188483448
204,115,-86.21412539510267,184.8867885554766,296,0.06719142633193878,67.19142633193879
204,115,-86.21412539510267,184.8867885554766,304,0.07030209293889222,70.30209293889223
204,115,-86.21412539510267,184.8867885554766,312,0.07508358909643806,75.08358909643806
204,115,-86.21412539510267,184.8867885554766,320,0.07993603864839127,79.93603864839127
204,115,-86.21412539510267,184.8867885554766,328,0.08218190908665496,82.18190908665495
204,115,-86.21412539510267,184.8867885554766,336,0.07935392009787333,79.35392009787333
204,115,-86.21412539510267,184.8867885554766,344,0.06796343193693706,67.96343193693706
204,115,-86.21412539510267,184.8867885554766,352,0.06618698896330705,66.18698896330704
204,115,-86.21412539510267,184.8867885554766,360,0.06858504845982513,68.58504845982513
204,120,-101.99999999999996,176.6691823720255,0,0.060199841565314334,60.19984156531434
204,120,-101.99999999999996,176.6691823720255,8,0.06442876066242015,64.42876066242015
204,120,-101.99999999999996,176.6691823720255,16,0.06910929570064732,69.10929570064732
204,120,-101.99999999999996,176.6691823720255,24,0.06623062916231728,66.23062916231729
204,120,-101.99999999999996,176.6691823720255,32,0.06422846905424955,64.22846905424954
204,120,-101.99999999999996,176.6691823720255,40,0.05802949154572538,58.02949154572538
204,120,-101.99999999999996,176.6691823720255,48,0.05719493039502358,57.19493039502358
204,120,-101.99999999999996,176.6691823720255,56,0.05905499158729047,59.054991587290466
204,120,-101.99999999999996,176.6691823720255,64,0.06236038988087059,62.360389880870585
204,120,-101.99999999999996,176.6691823720255,72,0.06710271099816527,67.10271099816526
204,120,-101.99999999999996,176.6691823720255,80,0.06788697085230888,67.88697085230888
204,120,-101.99999999999996,176.6691823720255,88,0.0643705119352577,64.3705119352577
204,120,-101.99999999999996,176.6691823720255,96,0.06027518235613883,60.27518235613883
204,120,-101.99999999999996,176.6691823720255,104,0.05614412938381186,56.14412938381186
204,120,-101.99999999999996,176.6691823720255,112,0.05781105365266979,57.811053652669784
204,120,-101.99999999999996,176.6691823720255,120,0.06014197879993236,60.14197879993236
204,120,-101.99999999999996,176.6691823720255,128,0.06425060685578468,64.25060685578468
204,120,-101.99999999999996,176.6691823720255,136,0.06889651812423458,68.89651812423459
204,120,-101.99999999999996,176.6691823720255,144,0.06603206572148851,66.03206572148851
204,120,-101.99999999999996,176.6691823720255,152,0.06381424083218404,63.81424083218404
204,120,-101.99999999999996,176.6691823720255,160,0.05771413751790849,57.71413751790849
204,120,-101.99999999999996,176.6691823720255,168,0.0568568659452669,56.8568659452669
204,120,-101.99999999999996,176.6691823720255,176,0.05877837366678668,58.778373666786685
204,120,-101.99999999999996,176.6691823720255,184,0.06210888580214772,62.10888580214772
204,120,-101.99999999999996,176.6691823720255,192,0.06690185142618604,66.90185142618604
204,120,-101.99999999999996,176.6691823720255,200,0.06774155803440168,67.74155803440168
204,120,-101.99999999999996,176.6691823720255,208,0.0644726885047444,64.4726885047444
204,120,-101.99999999999996,176.6691823720255,216,0.06047835412464067,60.478354124640674
204,120,-101.99999999999996,176.6691823720255,224,0.05638165974367804,56.38165974367804
204,120,-101.99999999999996,176.6691823720255,232,0.05810598804874673,58.10598804874673
204,120,-101.99999999999996,176.6691823720255,240,0.060483738669083034,60.48373866908303
204,120,-101.99999999999996,176.6691823720255,248,0.06468977324286526,64.68977324286526
204,120,-101.99999999999996,176.6691823720255,256,0.06926531661271657,69.26531661271656
204,120,-101.99999999999996,176.6691823720255,264,0.06632179152483894,66.32179152483894
204,120,-101.99999999999996,176.6691823720255,272,0.06404846867415517,64.04846867415517
204,120,-101.99999999999996,176.6691823720255,280,0.057813255258667685,57.81325525866769
204,120,-101.99999999999996,176.6691823720255,288,0.05691618020115997,56.91618020115997
204,120,-101.99999999999996,176.6691823720255,296,0.05876750006490661,58.767500064906606
204,120,-101.99999999999996,176.6691823720255,304,0.062010428591363,62.010428591363
204,120,-101.99999999999996,176.6691823720255,312,0.06670987933370391,66.70987933370391
204,120,-101.99999999999996,176.6691823720255,320,0.0675763195874882,67.5763195874882
204,120,-101.99999999999996,176.6691823720255,328,0.06410050765176938,64.10050765176938
204,120,-101.99999999999996,176.6691823720255,336,0.060163103665596435,60.16310366559644
204,120,-101.99999999999996,176.6691823720255,344,0.056067391318020465,56.06739131802046
204,120,-101.99999999999996,176.6691823720255,352,0.05780775353028254,57.80775353028254
204,120,-101.99999999999996,176.6691823720255,360,0.06021018407037845,60.21018407037845
204,125,-117.00959301561342,167.1070170349543,0,0.05202362160333579,52.02362160333579
204,125,-117.00959301561342,167.1070170349543,8,0.056332462888828934,56.332462888828935
204,125,-117.00959301561342,167.1070170349543,16,0.05598720436891198,55.98720436891198
204,125,-117.00959301561342,167.1070170349543,24,0.04899616095558415,48.99616095558415
204,125,-117.00959301561342,167.1070170349543,32,0.04581081715407835,45.81081715407835
204,125,-117.00959301561342,167.1070170349543,40,0.04693016173010459,46.930161730104594
204,125,-117.00959301561342,167.1070170349543,48,0.04929651922123141,49.296519221231414
204,125,-117.00959301561342,167.1070170349543,56,0.051174390341937964,51.174390341937965
204,125,-117.00959301561342,167.1070170349543,64,0.05415905474198199,54.15905474198199
204,125,-117.00959301561342,167.1070170349543,72,0.057823169601787155,57.82316960178716
204,125,-117.00959301561342,167.1070170349543,80,0.05336199029608597,53.36199029608597
204,125,-117.00959301561342,167.1070170349543,88,0.046611382738483434,46.611382738483435
204,125,-117.00959301561342,167.1070170349543,96,0.04674033464818287,46.74033464818287
204,125,-117.00959301561342,167.1070170349543,104,0.04808560428831948,48.08560428831948
204,125,-117.00959301561342,167.1070170349543,112,0.049845257987153564,49.845257987153566
204,125,-117.00959301561342,167.1070170349543,120,0.05197057498075645,51.970574980756446
204,125,-117.00959301561342,167.1070170349543,128,0.056153175834987995,56.153175834988
204,125,-117.00959301561342,167.1070170349543,136,0.05576338970182412,55.763389701824124
204,125,-117.00959301561342,167.1070170349543,144,0.04877251569620178,48.77251569620178
204,125,-117.00959301561342,167.1070170349543,152,0.04539045502931869,45.39045502931869
204,125,-117.00959301561342,167.1070170349543,160,0.046601708517995596,46.6017085179956
204,125,-117.00959301561342,167.1070170349543,168,0.04895996012706577,48.95996012706577
204,125,-117.00959301561342,167.1070170349543,176,0.05090044208222011,50.90044208222011
204,125,-117.00959301561342,167.1070170349543,184,0.05391945238851861,53.919452388518614
204,125,-117.00959301561342,167.1070170349543,192,0.05763526869854928,57.635268698549275
204,125,-117.00959301561342,167.1070170349543,200,0.05324551362940686,53.24551362940686
204,125,-117.00959301561342,167.1070170349543,208,0.04676323432008243,46.763234320082425
204,125,-117.00959301561342,167.1070170349543,216,0.04694739139514792,46.94739139514792
204,125,-117.00959301561342,167.1070170349543,224,0.0483193537918498,48.31935379184981
204,125,-117.00959301561342,167.1070170349543,232,0.0501309556190942,50.130955619094195
204,125,-117.00959301561342,167.1070170349543,240,0.052302094387196886,52.30209438719689
204,125,-117.00959301561342,167.1070170349543,248,0.05657901268116803,56.57901268116803
204,125,-117.00959301561342,167.1070170349543,256,0.05613627423233412,56.13627423233412
204,125,-117.00959301561342,167.1070170349543,264,0.049027828523767025,49.02782852376703
204,125,-117.00959301561342,167.1070170349543,272,0.045591495353349255,45.59149535334925
204,125,-117.00959301561342,167.1070170349543,280,0.046731356001341026,46.73135600134103
204,125,-117.00959301561342,167.1070170349543,288,0.04902716117445236,49.02716117445236
204,125,-117.00959301561342,167.1070170349543,296,0.0508913225165247,50.8913225165247
204,125,-117.00959301561342,167.1070170349543,304,0.05382330432571718,53.823304325717174
204,125,-117.00959301561342,167.1070170349543,312,0.05744534233143213,57.44534233143213
204,125,-117.00959301561342,167.1070170349543,320,0.05306038456382693,53.06038456382693
204,125,-117.00959301561342,167.1070170349543,328,0.046379854619400335,46.379854619400334
204,125,-117.00959301561342,167.1070170349543,336,0.04660758669417625,46.60758669417625
204,125,-117.00959301561342,167.1070170349543,344,0.04799833710000782,47.99833710000782
204,125,-117.00959301561342,167.1070170349543,352,0.049836695993284615,49.836695993284614
204,125,-117.00959301561342,167.1070170349543,360,0.052034231985634255,52.03423198563426
204,130,-131.12867237605403,156.2730663962715,0,0.04407087874477842,44.07087874477842
204,130,-131.12867237605403,156.2730663962715,8,0.04633482301199997,46.334823011999966
204,130,-131.12867237605403,156.2730663962715,16,0.04126664246802573,41.26664246802573
204,130,-131.12867237605403,156.2730663962715,24,0.03220396180045754,32.203961800457535
204,130,-131.12867237605403,156.2730663962715,32,0.03383825616283041,33.83825616283041
204,130,-131.12867237605403,156.2730663962715,40,0.03942569343993924,39.425693439939245
204,130,-131.12867237605403,156.2730663962715,48,0.04184499440111068,41.84499440111068
204,130,-131.12867237605403,156.2730663962715,56,0.043039240012964365,43.03924001296436
204,130,-131.12867237605403,156.2730663962715,64,0.04637156899729082,46.37156899729082
204,130,-131.12867237605403,156.2730663962715,72,0.04482097083869158,44.820970838691586
204,130,-131.12867237605403,156.2730663962715,80,0.03679887119886491,36.79887119886491
204,130,-131.12867237605403,156.2730663962715,88,0.030393482056619625,30.393482056619625
204,130,-131.12867237605403,156.2730663962715,96,0.036484538183842216,36.48453818384222
204,130,-131.12867237605403,156.2730663962715,104,0.0406829213677353,40.6829213677353
204,130,-131.12867237605403,156.2730663962715,112,0.04228770825416657,42.28770825416657
204,130,-131.12867237605403,156.2730663962715,120,0.04402294860051199,44.02294860051199
204,130,-131.12867237605403,156.2730663962715,128,0.04615593688480017,46.15593688480017
204,130,-131.12867237605403,156.2730663962715,136,0.0410293700882951,41.0293700882951
204,130,-131.12867237605403,156.2730663962715,144,0.031951775486983136,31.951775486983138
204,130,-131.12867237605403,156.2730663962715,152,0.03341203447966587,33.41203447966587
204,130,-131.12867237605403,156.2730663962715,160,0.03907728633159092,39.07728633159092
204,130,-131.12867237605403,156.2730663962715,168,0.041510383891329605,41.5103838913296
204,130,-131.12867237605403,156.2730663962715,176,0.04277280908555388,42.77280908555388
204,130,-131.12867237605403,156.2730663962715,184,0.04614380059100749,46.14380059100749
204,130,-131.12867237605403,156.2730663962715,192,0.04464374368992484,44.64374368992484
204,130,-131.12867237605403,156.2730663962715,200,0.036744547505050476,36.74454750505048
204,130,-131.12867237605403,156.2730663962715,208,0.030584643762352887,30.584643762352886
204,130,-131.12867237605403,156.2730663962715,216,0.0366913534989711,36.6913534989711
204,130,-131.12867237605403,156.2730663962715,224,0.04091389066175287,40.913890661752866
204,130,-131.12867237605403,156.2730663962715,232,0.04256197526555367,42.56197526555367
204,130,-131.12867237605403,156.2730663962715,240,0.04434305835845301,44.34305835845301
204,130,-131.12867237605403,156.2730663962715,248,0.04656519924416206,46.56519924416206
204,130,-131.12867237605403,156.2730663962715,256,0.041377755516700906,41.37775551670091
204,130,-131.12867237605403,156.2730663962715,264,0.03217415696598363,32.17415696598363
204,130,-131.12867237605403,156.2730663962715,272,0.03363390189756613,33.63390189756613
204,130,-131.12867237605403,156.2730663962715,280,0.03922683923884463,39.22683923884463
204,130,-131.12867237605403,156.2730663962715,288,0.04158497946843268,41.584979468432685
204,130,-131.12867237605403,156.2730663962715,296,0.04277391368925362,42.773913689253625
204,130,-131.12867237605403,156.2730663962715,304,0.04605059907044806,46.05059907044806
204,130,-131.12867237605403,156.2730663962715,312,0.04445300382774042,44.453003827740424
204,130,-131.12867237605403,156.2730663962715,320,0.036535747144296735,36.535747144296735
204,130,-131.12867237605403,156.2730663962715,328,0.03018948786822271,30.18948786822271
204,130,-131.12867237605403,156.2730663962715,336,0.03632294505571386,36.32294505571386
204,130,-131.12867237605403,156.2730663962715,344,0.040584340315964126,40.58434031596413
204,130,-131.12867237605403,156.2730663962715,352,0.04227397635335227,42.27397635335227
204,130,-131.12867237605403,156.2730663962715,360,0.04408170929323516,44.081709293235164
204,135,-144.2497833620557,144.2497833620557,0,0.03660838496706845,36.608384967068446
204,135,-144.2497833620557,144.2497833620557,8,0.03370332058372255,33.70332058372255
204,135,-144.2497833620557,144.2497833620557,16,0.025718136640873985,25.718136640873986
204,135,-144.2497833620557,144.2497833620557,24,0.017829710051121113,17.82971005112111
204,135,-144.2497833620557,144.2497833620557,32,0.024834126172672572,24.834126172672573
204,135,-144.2497833620557,144.2497833620557,40,0.03245861135212835,32.45861135212835
204,135,-144.2497833620557,144.2497833620557,48,0.0345065714881579,34.5065714881579
204,135,-144.2497833620557,144.2497833620557,56,0.03529976964825469,35.29976964825469
204,135,-144.2497833620557,144.2497833620557,64,0.03578233240072479,35.78233240072478
204,135,-144.2497833620557,144.2497833620557,72,0.03032344895250247,30.323448952502467
204,135,-144.2497833620557,144.2497833620557,80,0.02071481189312424,20.714811893124242
204,135,-144.2497833620557,144.2497833620557,88,0.019149267257445313,19.149267257445313
204,135,-144.2497833620557,144.2497833620557,96,0.02926155441898471,29.26155441898471
204,135,-144.2497833620557,144.2497833620557,104,0.0337638357383128,33.7638357383128
204,135,-144.2497833620557,144.2497833620557,112,0.03434972762045255,34.34972762045255
204,135,-144.2497833620557,144.2497833620557,120,0.03656711982783149,36.56711982783149
204,135,-144.2497833620557,144.2497833620557,128,0.03352318291903027,33.52318291903027
204,135,-144.2497833620557,144.2497833620557,136,0.025465662177276225,25.465662177276226
204,135,-144.2497833620557,144.2497833620557,144,0.017546986623264614,17.546986623264615
204,135,-144.2497833620557,144.2497833620557,152,0.02440024797006126,24.400247970061262
204,135,-144.2497833620557,144.2497833620557,160,0.03208780914474344,32.08780914474344
204,135,-144.2497833620557,144.2497833620557,168,0.034183379631442176,34.18337963144218
204,135,-144.2497833620557,144.2497833620557,176,0.035041536038955226,35.04153603895523
204,135,-144.2497833620557,144.2497833620557,184,0.03557943124177715,35.57943124177715
204,135,-144.2497833620557,144.2497833620557,192,0.030194324454865064,30.194324454865065
204,135,-144.2497833620557,144.2497833620557,200,0.02072381008089304,20.723810080893042
204,135,-144.2497833620557,144.2497833620557,208,0.01933564745401104,19.335647454011042
204,135,-144.2497833620557,144.2497833620557,216,0.029478992895239177,29.478992895239177
204,135,-144.2497833620557,144.2497833620557,224,0.03399245161262694,33.992451612626944
204,135,-144.2497833620557,144.2497833620557,232,0.03459987017055947,34.59987017055947
204,135,-144.2497833620557,144.2497833620557,240,0.03687458443195055,36.874584431950545
204,135,-144.2497833620557,144.2497833620557,248,0.03391384275181156,33.91384275181156
204,135,-144.2497833620557,144.2497833620557,256,0.025771097742292935,25.771097742292934
204,135,-144.2497833620557,144.2497833620557,264,0.017758690051474374,17.758690051474375
204,135,-144.2497833620557,144.2497833620557,272,0.024635648633102976,24.635648633102974
204,135,-144.2497833620557,144.2497833620557,280,0.0322589368790732,32.2589368790732
204,135,-144.2497833620557,144.2497833620557,288,0.03426449304629205,34.264493046292046
204,135,-144.2497833620557,144.2497833620557,296,0.03505267896970754,35.05267896970754
204,135,-144.2497833620557,144.2497833620557,304,0.03548762764334854,35.48762764334854
204,135,-144.2497833620557,144.2497833620557,312,0.029994882770350104,29.994882770350102
204,135,-144.2497833620557,144.2497833620557,320,0.02048896445918979,20.488964459189788
204,135,-144.2497833620557,144.2497833620557,328,0.018929923511674072,18.929923511674073
204,135,-144.2497833620557,144.2497833620557,336,0.02907703734246557,29.07703734246557
204,135,-144.2497833620557,144.2497833620557,344,0.033654186318746955,33.65418631874695
204,135,-144.2497833620557,144.2497833620557,352,0.03432295604551945,34.322956045519454
204,135,-144.2497833620557,144.2497833620557,360,0.03661918378383382,36.61918378383382
204,140,-156.2730663962715,131.12867237605406,0,0.025772890045425455,25.772890045425456
204,140,-156.2730663962715,131.12867237605406,8,0.02003856181956401,20.03856181956401
204,140,-156.2730663962715,131.12867237605406,16,0.010701415761169378,10.701415761169379
204,140,-156.2730663962715,131.12867237605406,24,0.006963004377734496,6.963004377734496
204,140,-156.2730663962715,131.12867237605406,32,0.01828021636760563,18.28021636760563
204,140,-156.2730663962715,131.12867237605406,40,0.026098896126154014,26.098896126154013
204,140,-156.2730663962715,131.12867237605406,48,0.02678171127453157,26.78171127453157
204,140,-156.2730663962715,131.12867237605406,56,0.02797547846050115,27.97547846050115
204,140,-156.2730663962715,131.12867237605406,64,0.023574500193287953,23.574500193287953
204,140,-156.2730663962715,131.12867237605406,72,0.015858371490219854,15.858371490219854
204,140,-156.2730663962715,131.12867237605406,80,0.007623364777065123,7.623364777065123
204,140,-156.2730663962715,131.12867237605406,88,0.01197462627142624,11.97462627142624
204,140,-156.2730663962715,131.12867237605406,96,0.022574648320978052,22.574648320978053
204,140,-156.2730663962715,131.12867237605406,104,0.026641561502250805,26.641561502250806
204,140,-156.2730663962715,131.12867237605406,112,0.026862898001132153,26.86289800113215
204,140,-156.2730663962715,131.12867237605406,120,0.025729654872489106,25.729654872489107
204,140,-156.2730663962715,131.12867237605406,128,0.019845632460791397,19.845632460791396
204,140,-156.2730663962715,131.12867237605406,136,0.01043319232444051,10.43319232444051
204,140,-156.2730663962715,131.12867237605406,144,0.006648641096978963,6.648641096978963
204,140,-156.2730663962715,131.12867237605406,152,0.01783653834702191,17.83653834702191
204,140,-156.2730663962715,131.12867237605406,160,0.02570437289879729,25.70437289879729
204,140,-156.2730663962715,131.12867237605406,168,0.026482170925043087,26.482170925043086
204,140,-156.2730663962715,131.12867237605406,176,0.027726921107488145,27.726921107488145
204,140,-156.2730663962715,131.12867237605406,184,0.0234109166070024,23.4109166070024
204,140,-156.2730663962715,131.12867237605406,192,0.01578623857204055,15.786238572040551
204,140,-156.2730663962715,131.12867237605406,200,0.007664796946116501,7.664796946116501
204,140,-156.2730663962715,131.12867237605406,208,0.012168007908678316,12.168007908678316
204,140,-156.2730663962715,131.12867237605406,216,0.022803755621088696,22.803755621088698
204,140,-156.2730663962715,131.12867237605406,224,0.02685078910873552,26.85078910873552
204,140,-156.2730663962715,131.12867237605406,232,0.027087985399389104,27.087985399389105
204,140,-156.2730663962715,131.12867237605406,240,0.026001779344040604,26.001779344040603
204,140,-156.2730663962715,131.12867237605406,248,0.02018737988023265,20.187379880232648
204,140,-156.2730663962715,131.12867237605406,256,0.01069630800594601,10.696308005946008
204,140,-156.2730663962715,131.12867237605406,264,0.0068828863616267515,6.882886361626752
204,140,-156.2730663962715,131.12867237605406,272,0.01808018187298633,18.08018187298633
204,140,-156.2730663962715,131.12867237605406,280,0.025896525606725264,25.896525606725262
204,140,-156.2730663962715,131.12867237605406,288,0.026573041855605484,26.573041855605485
204,140,-156.2730663962715,131.12867237605406,296,0.027749166756807393,27.749166756807394
204,140,-156.2730663962715,131.12867237605406,304,0.02331553067953317,23.315530679533172
204,140,-156.2730663962715,131.12867237605406,312,0.015576244949708305,15.576244949708304
204,140,-156.2730663962715,131.12867237605406,320,0.007402956875732618,7.402956875732618
204,140,-156.2730663962715,131.12867237605406,328,0.011750388396931011,11.750388396931012
204,140,-156.2730663962715,131.12867237605406,336,0.02236537070065702,22.36537070065702
204,140,-156.2730663962715,131.12867237605406,344,0.026532431347231968,26.532431347231967
204,140,-156.2730663962715,131.12867237605406,352,0.02682284983943284,26.822849839432838
204,140,-156.2730663962715,131.12867237605406,360,0.025783481104189505,25.783481104189505
204,145,-167.10701703495434,117.00959301561338,0,0.0144965225705833,14.4965225705833
204,145,-167.10701703495434,117.00959301561338,8,0.006919376041542959,6.919376041542959
204,145,-167.10701703495434,117.00959301561338,16,-0.0011685254907782734,-1.1685254907782734
204,145,-167.10701703495434,117.00959301561338,24,0.0013710629852367224,1.3710629852367224
204,145,-167.10701703495434,117.00959301561338,32,0.012285755296613627,12.285755296613626
204,145,-167.10701703495434,117.00959301561338,40,0.01924905908292325,19.24905908292325
204,145,-167.10701703495434,117.00959301561338,48,0.019563149563984007,19.56314956398401
204,145,-167.10701703495434,117.00959301561338,56,0.01738326512631929,17.38326512631929
204,145,-167.10701703495434,117.00959301561338,64,0.01116234287432202,11.16234287432202
204,145,-167.10701703495434,117.00959301561338,72,0.0019833229501627727,1.9833229501627727
204,145,-167.10701703495434,117.00959301561338,80,-0.002351431301975219,-2.351431301975219
204,145,-167.10701703495434,117.00959301561338,88,0.006568427155459697,6.568427155459697
204,145,-167.10701703495434,117.00959301561338,96,0.016571037437591918,16.57103743759192
204,145,-167.10701703495434,117.00959301561338,104,0.01935485233800426,19.35485233800426
204,145,-167.10701703495434,117.00959301561338,112,0.01927400503869353,19.27400503869353
204,145,-167.10701703495434,117.00959301561338,120,0.014443420974504665,14.443420974504665
204,145,-167.10701703495434,117.00959301561338,128,0.0067141724371893585,6.714172437189358
204,145,-167.10701703495434,117.00959301561338,136,-0.001450745746940138,-1.4507457469401381
204,145,-167.10701703495434,117.00959301561338,144,0.0010231280549976272,1.0231280549976272
204,145,-167.10701703495434,117.00959301561338,152,0.011831533327213255,11.831533327213254
204,145,-167.10701703495434,117.00959301561338,160,0.01889706457058205,18.89706457058205
204,145,-167.10701703495434,117.00959301561338,168,0.019288356349484535,19.288356349484534
204,145,-167.10701703495434,117.00959301561338,176,0.01719333005413779,17.193330054137792
204,145,-167.10701703495434,117.00959301561338,184,0.011062862138473451,11.06286213847345
204,145,-167.10701703495434,117.00959301561338,192,0.0019677420469973264,1.9677420469973264
204,145,-167.10701703495434,117.00959301561338,200,-0.00229650570550316,-2.29650570550316
204,145,-167.10701703495434,117.00959301561338,208,0.00677256842642826,6.77256842642826
204,145,-167.10701703495434,117.00959301561338,216,0.01681091126460412,16.810911264604123
204,145,-167.10701703495434,117.00959301561338,224,0.01953112058201502,19.531120582015017
204,145,-167.10701703495434,117.00959301561338,232,0.01946813645850725,19.46813645850725
204,145,-167.10701703495434,117.00959301561338,240,0.014672709100979259,14.672709100979258
204,145,-167.10701703495434,117.00959301561338,248,0.0070066020941251615,7.006602094125162
204,145,-167.10701703495434,117.00959301561338,256,-0.001191219472100019,-1.191219472100019
204,145,-167.10701703495434,117.00959301561338,264,0.0012665817557210948,1.2665817557210948
204,145,-167.10701703495434,117.00959301561338,272,0.012083955954215547,12.083955954215547
204,145,-167.10701703495434,117.00959301561338,280,0.019072898568438263,19.072898568438262
204,145,-167.10701703495434,117.00959301561338,288,0.01938951456200949,19.38951456200949
204,145,-167.10701703495434,117.00959301561338,296,0.017201765376096984,17.201765376096983
204,145,-167.10701703495434,117.00959301561338,304,0.010950640036011278,10.95064003601128
204,145,-167.10701703495434,117.00959301561338,312,0.0017473120887760197,1.7473120887760198
204,145,-167.10701703495434,117.00959301561338,320,-0.0025856446504192764,-2.5856446504192765
204,145,-167.10701703495434,117.00959301561338,328,0.006341686695950782,6.3416866959507825
204,145,-167.10701703495434,117.00959301561338,336,0.0163420954655523,16.342095465552298
204,145,-167.10701703495434,117.00959301561338,344,0.019247844591374023,19.247844591374022
204,145,-167.10701703495434,117.00959301561338,352,0.019227055601333934,19.227055601333934
204,145,-167.10701703495434,117.00959301561338,360,0.0145068070647557,14.506807064755701
204,150,-176.6691823720255,101.99999999999999,0,0.003530835288012832,3.530835288012832
204,150,-176.6691823720255,101.99999999999999,8,-0.005267173406554951,-5.267173406554951
204,150,-176.6691823720255,101.99999999999999,16,-0.00981891838268284,-9.81891838268284
204,150,-176.6691823720255,101.99999999999999,24,-0.0032964559498766437,-3.296455949876644
204,150,-176.6691823720255,101.99999999999999,32,0.007136829765374543,7.136829765374543
204,150,-176.6691823720255,101.99999999999999,40,0.012654002191119427,12.654002191119426
204,150,-176.6691823720255,101.99999999999999,48,0.012117583201566334,12.117583201566335
204,150,-176.6691823720255,101.99999999999999,56,0.007232110732612899,7.232110732612899
204,150,-176.6691823720255,101.99999999999999,64,-0.0006460579107798851,-0.6460579107798852
204,150,-176.6691823720255,101.99999999999999,72,-0.008898257991235368,-8.898257991235369
204,150,-176.6691823720255,101.99999999999999,80,-0.007480129374543365,-7.480129374543365
204,150,-176.6691823720255,101.99999999999999,88,0.0017672556657050882,1.7672556657050882
204,150,-176.6691823720255,101.99999999999999,96,0.010752699058318183,10.752699058318182
204,150,-176.6691823720255,101.99999999999999,104,0.012629224477340485,12.629224477340484
204,150,-176.6691823720255,101.99999999999999,112,0.00997437896512333,9.974378965123329
204,150,-176.6691823720255,101.99999999999999,120,0.00345897164436972,3.45897164436972
204,150,-176.6691823720255,101.99999999999999,128,-0.00548171117625606,-5.48171117625606
204,150,-176.6691823720255,101.99999999999999,136,-0.010112815953196847,-10.112815953196847
204,150,-176.6691823720255,101.99999999999999,144,-0.003681037546201997,-3.6810375462019973
204,150,-176.6691823720255,101.99999999999999,152,0.006694525754060024,6.694525754060025
204,150,-176.6691823720255,101.99999999999999,160,0.0123572863506227,12.357286350622699
204,150,-176.6691823720255,101.99999999999999,168,0.011887981641368658,11.887981641368658
204,150,-176.6691823720255,101.99999999999999,176,0.007107851384318001,7.107851384318002
204,150,-176.6691823720255,101.99999999999999,184,-0.0006815340277047572,-0.6815340277047572
204,150,-176.6691823720255,101.99999999999999,192,-0.008903830329697502,-8.903830329697502
204,150,-176.6691823720255,101.99999999999999,200,-0.007401023235798146,-7.401023235798147
204,150,-176.6691823720255,101.99999999999999,208,0.001982179677224934,1.9821796772249338
204,150,-176.6691823720255,101.99999999999999,216,0.010955373050142464,10.955373050142464
204,150,-176.6691823720255,101.99999999999999,224,0.012770996174927213,12.770996174927213
204,150,-176.6691823720255,101.99999999999999,232,0.010123575620424931,10.123575620424932
204,150,-176.6691823720255,101.99999999999999,240,0.003641289620881713,3.641289620881713
204,150,-176.6691823720255,101.99999999999999,248,-0.0052328779840112695,-5.232877984011269
204,150,-176.6691823720255,101.99999999999999,256,-0.009851651456654101,-9.851651456654102
204,150,-176.6691823720255,101.99999999999999,264,-0.0034273093117825476,-3.4273093117825475
204,150,-176.6691823720255,101.99999999999999,272,0.006941877226489182,6.941877226489183
204,150,-176.6691823720255,101.99999999999999,280,0.012511559529994401,12.5115595299944
204,150,-176.6691823720255,101.99999999999999,288,0.011983911335058373,11.983911335058373
204,150,-176.6691823720255,101.99999999999999,296,0.007096722481541348,7.096722481541348
204,150,-176.6691823720255,101.99999999999999,304,-0.0008105024764518316,-0.8105024764518316
204,150,-176.6691823720255,101.99999999999999,312,-0.009124820235921625,-9.124820235921625
204,150,-176.6691823720255,101.99999999999999,320,-0.007715219655580962,-7.715219655580961
204,150,-176.6691823720255,101.99999999999999,328,0.0015374292000031862,1.5374292000031862
204,150,-176.6691823720255,101.99999999999999,336,0.010561120127597183,10.561120127597183
204,150,-176.6691823720255,101.99999999999999,344,0.012523451116652502,12.523451116652502
204,150,-176.6691823720255,101.99999999999999,352,0.009948909625752636,9.948909625752636
204,150,-176.6691823720255,101.99999999999999,360,0.0035407264011338654,3.5407264011338655
204,155,-184.88678855547658,86.2141253951027,0,-0.006781870330021343,-6.781870330021343
204,155,-184.88678855547658,86.2141253951027,8,-0.015518583265288821,-15.518583265288822
204,155,-184.88678855547658,86.2141253951027,16,-0.014440586177862928,-14.440586177862928
204,155,-184.88678855547658,86.2141253951027,24,-0.007341769206238824,-7.3417692062388245
204,155,-184.88678855547658,86.2141253951027,32,0.002737271795328515,2.7372717953285153
204,155,-184.88678855547658,86.2141253951027,40,0.006675182132877386,6.675182132877386
204,155,-184.88678855547658,86.2141253951027,48,0.004177765256551178,4.177765256551178
204,155,-184.88678855547658,86.2141253951027,56,-0.0023648479900498258,-2.364847990049826
204,155,-184.88678855547658,86.2141253951027,64,-0.01140658083172522,-11.40658083172522
204,155,-184.88678855547658,86.2141253951027,72,-0.01603623753758031,-16.03623753758031
204,155,-184.88678855547658,86.2141253951027,80,-0.011881432316983784,-11.881432316983783
204,155,-184.88678855547658,86.2141253951027,88,-0.0019448767912592136,-1.9448767912592138
204,155,-184.88678855547658,86.2141253951027,96,0.005484273166978804,5.484273166978804
204,155,-184.88678855547658,86.2141253951027,104,0.005935764108038736,5.935764108038736
204,155,-184.88678855547658,86.2141253951027,112,0.001246663616344896,1.246663616344896
204,155,-184.88678855547658,86.2141253951027,120,-0.006872193091916172,-6.872193091916172
204,155,-184.88678855547658,86.2141253951027,128,-0.01573206635115871,-15.732066351158709
204,155,-184.88678855547658,86.2141253951027,136,-0.01474319772028119,-14.74319772028119
204,155,-184.88678855547658,86.2141253951027,144,-0.007764940799915207,-7.764940799915206
204,155,-184.88678855547658,86.2141253951027,152,0.0023715901995211026,2.3715901995211026
204,155,-184.88678855547658,86.2141253951027,160,0.0064348296978941665,6.434829697894166
204,155,-184.88678855547658,86.2141253951027,168,0.004020423494525427,4.020423494525427
204,155,-184.88678855547658,86.2141253951027,176,-0.0024190052148008873,-2.419005214800887
204,155,-184.88678855547658,86.2141253951027,184,-0.011390748101184182,-11.390748101184181
204,155,-184.88678855547658,86.2141253951027,192,-0.01603096472910761,-16.03096472910761
204,155,-184.88678855547658,86.2141253951027,200,-0.011777562014921411,-11.777562014921411
204,155,-184.88678855547658,86.2141253951027,208,-0.0017400525046382211,-1.7400525046382211
204,155,-184.88678855547658,86.2141253951027,216,0.005647648928900129,5.647648928900129
204,155,-184.88678855547658,86.2141253951027,224,0.006037480135373377,6.037480135373377
204,155,-184.88678855547658,86.2141253951027,232,0.0013495457403822548,1.3495457403822548
204,155,-184.88678855547658,86.2141253951027,240,-0.0067371138881242715,-6.737113888124272
204,155,-184.88678855547658,86.2141253951027,248,-0.015502559420831799,-15.5025594208318
204,155,-184.88678855547658,86.2141253951027,256,-0.014488631513087862,-14.488631513087862
204,155,-184.88678855547658,86.2141253951027,264,-0.007499862575778291,-7.499862575778291
204,155,-184.88678855547658,86.2141253951027,272,0.0025793371996565145,2.5793371996565146
204,155,-184.88678855547658,86.2141253951027,280,0.0065678920345518255,6.567892034551825
204,155,-184.88678855547658,86.2141253951027,288,0.004089069689671593,4.089069689671593
204,155,-184.88678855547658,86.2141253951027,296,-0.0024533167772778225,-2.4533167772778226
204,155,-184.88678855547658,86.2141253951027,304,-0.011529685191987037,-11.529685191987037
204,155,-184.88678855547658,86.2141253951027,312,-0.016250178565025544,-16.250178565025543
204,155,-184.88678855547658,86.2141253951027,320,-0.012118884348579415,-12.118884348579416
204,155,-184.88678855547658,86.2141253951027,328,-0.0021576339643336728,-2.1576339643336726
204,155,-184.88678855547658,86.2141253951027,336,0.005331350608659283,5.3313506086592835
204,155,-184.88678855547658,86.2141253951027,344,0.005851301003412253,5.851301003412253
204,155,-184.88678855547658,86.2141253951027,352,0.0012448199826102003,1.2448199826102004
204,155,-184.88678855547658,86.2141253951027,360,-0.006772507038692291,-6.772507038692291
204,160,-191.6972946403253,69.77210923843646,0,-0.016104262396002732,-16.10426239600273
204,160,-191.6972946403253,69.77210923843646,8,-0.020935679589194622,-20.93567958919462
204,160,-191.6972946403253,69.77210923843646,16,-0.01834617668081738,-18.34617668081738
204,160,-191.6972946403253,69.77210923843646,24,-0.009711656325426088,-9.711656325426087
204,160,-191.6972946403253,69.77210923843646,32,-0.0010458558909743018,-1.0458558909743019
204,160,-191.6972946403253,69.77210923843646,40,0.001155819216909495,1.155819216909495
204,160,-191.6972946403253,69.77210923843646,48,-0.0031119698697414907,-3.1119698697414906
204,160,-191.6972946403253,69.77210923843646,56,-0.011266930713049518,-11.266930713049518
204,160,-191.6972946403253,69.77210923843646,64,-0.020849419804545723,-20.84941980454572
204,160,-191.6972946403253,69.77210923843646,72,-0.020042961171309742,-20.04296117130974
204,160,-191.6972946403253,69.77210923843646,80,-0.01558483218857315,-15.58483218857315
204,160,-191.6972946403253,69.77210923843646,88,-0.004812141225090794,-4.812141225090794
204,160,-191.6972946403253,69.77210923843646,96,0.0009079880374477285,0.9079880374477285
204,160,-191.6972946403253,69.77210923843646,104,-0.0004648112240579714,-0.4648112240579714
204,160,-191.6972946403253,69.77210923843646,112,-0.006821593076213522,-6.821593076213523
204,160,-191.6972946403253,69.77210923843646,120,-0.016203545098576667,-16.20354509857667
204,160,-191.6972946403253,69.77210923843646,128,-0.021144727425390045,-21.144727425390045
204,160,-191.6972946403253,69.77210923843646,136,-0.01865795907362952,-18.65795907362952
204,160,-191.6972946403253,69.77210923843646,144,-0.01009790372053997,-10.09790372053997
204,160,-191.6972946403253,69.77210923843646,152,-0.0013317604352415602,-1.3317604352415602
204,160,-191.6972946403253,69.77210923843646,160,0.0009883088905264861,0.9883088905264861
204,160,-191.6972946403253,69.77210923843646,168,-0.0031955548752394397,-3.1955548752394396
204,160,-191.6972946403253,69.77210923843646,176,-0.011251103159451274,-11.251103159451274
204,160,-191.6972946403253,69.77210923843646,184,-0.020801788426924834,-20.801788426924833
204,160,-191.6972946403253,69.77210923843646,192,-0.020025504766811253,-20.025504766811252
204,160,-191.6972946403253,69.77210923843646,200,-0.015456681278567991,-15.456681278567991
204,160,-191.6972946403253,69.77210923843646,208,-0.0046428294389236945,-4.642829438923695
204,160,-191.6972946403253,69.77210923843646,216,0.0010307121886859033,1.0307121886859032
204,160,-191.6972946403253,69.77210923843646,224,-0.0004066239395052786,-0.4066239395052786
204,160,-191.6972946403253,69.77210923843646,232,-0.006765675607013012,-6.765675607013012
204,160,-191.6972946403253,69.77210923843646,240,-0.016112106063752872,-16.112106063752872
204,160,-191.6972946403253,69.77210923843646,248,-0.02093280291544198,-20.93280291544198
204,160,-191.6972946403253,69.77210923843646,256,-0.018409080113626436,-18.409080113626437
204,160,-191.6972946403253,69.77210923843646,264,-0.009857387981702381,-9.85738798170238
204,160,-191.6972946403253,69.77210923843646,272,-0.0011648732685484442,-1.1648732685484442
204,160,-191.6972946403253,69.77210923843646,280,0.0010880794581842924,1.0880794581842925
204,160,-191.6972946403253,69.77210923843646,288,-0.0031548264850830704,-3.1548264850830705
204,160,-191.6972946403253,69.77210923843646,296,-0.011308294300872957,-11.308294300872957
204,160,-191.6972946403253,69.77210923843646,304,-0.020940360630897315,-20.940360630897317
204,160,-191.6972946403253,69.77210923843646,312,-0.020242089504713096,-20.242089504713096
204,160,-191.6972946403253,69.77210923843646,320,-0.01582614294191441,-15.826142941914409
204,160,-191.6972946403253,69.77210923843646,328,-0.004983924950704344,-4.983924950704344
204,160,-191.6972946403253,69.77210923843646,336,0.0007934609625484361,0.7934609625484361
204,160,-191.6972946403253,69.77210923843646,344,-0.0005160589149224177,-0.5160589149224177
204,160,-191.6972946403253,69.77210923843646,352,-0.006799565849377205,-6.799565849377205
204,160,-191.6972946403253,69.77210923843646,360,-0.016095607968312095,-16.095607968312095
204,165,-197.04886856296991,52.799085200914284,0,-0.023699659097164635,-23.699659097164634
204,165,-197.04886856296991,52.799085200914284,8,-0.02422776414945034,-24.22776414945034
204,165,-197.04886856296991,52.799085200914284,16,-0.021286548700387882,-21.286548700387883
204,165,-197.04886856296991,52.799085200914284,24,-0.011106714364365252,-11.106714364365251
204,165,-197.04886856296991,52.799085200914284,32,-0.004076798813685688,-4.076798813685688
204,165,-197.04886856296991,52.799085200914284,40,-0.0037295787316372732,-3.729578731637273
204,165,-197.04886856296991,52.799085200914284,48,-0.009702809939310384,-9.702809939310384
204,165,-197.04886856296991,52.799085200914284,56,-0.01927012755094834,-19.27012755094834
204,165,-197.04886856296991,52.799085200914284,64,-0.02455010640010648,-24.550106400106483
204,165,-197.04886856296991,52.799085200914284,72,-0.02334381986573421,-23.343819865734208
204,165,-197.04886856296991,52.799085200914284,80,-0.01657963347818724,-16.57963347818724
204,165,-197.04886856296991,52.799085200914284,88,-0.006983200358183015,-6.983200358183015
204,165,-197.04886856296991,52.799085200914284,96,-0.003024773516869775,-3.024773516869775
204,165,-197.04886856296991,52.799085200914284,104,-0.006174152708636624,-6.1741527086366235
204,165,-197.04886856296991,52.799085200914284,112,-0.014162317530241261,-14.16231753024126
204,165,-197.04886856296991,52.799085200914284,120,-0.0237994086967033,-23.7994086967033
204,165,-197.04886856296991,52.799085200914284,128,-0.02443197532541318,-24.43197532541318
204,165,-197.04886856296991,52.799085200914284,136,-0.021604064790951328,-21.604064790951327
204,165,-197.04886856296991,52.799085200914284,144,-0.011416068701947796,-11.416068701947797
204,165,-197.04886856296991,52.799085200914284,152,-0.004282646204083931,-4.282646204083932
204,165,-197.04886856296991,52.799085200914284,160,-0.0038203495332965604,-3.8203495332965605
204,165,-197.04886856296991,52.799085200914284,168,-0.009712244254028956,-9.712244254028956
204,165,-197.04886856296991,52.799085200914284,176,-0.01919304352285027,-19.19304352285027
204,165,-197.04886856296991,52.799085200914284,184,-0.024491627481588008,-24.491627481588008
204,165,-197.04886856296991,52.799085200914284,192,-0.023314960103795378,-23.31496010379538
204,165,-197.04886856296991,52.799085200914284,200,-0.01646221953441106,-16.462219534411062
204,165,-197.04886856296991,52.799085200914284,208,-0.006851320132717803,-6.851320132717803
204,165,-197.04886856296991,52.799085200914284,216,-0.0029420951253500737,-2.9420951253500736
204,165,-197.04886856296991,52.799085200914284,224,-0.0061601435145327565,-6.1601435145327565
204,165,-197.04886856296991,52.799085200914284,232,-0.014153538336673092,-14.153538336673092
204,165,-197.04886856296991,52.799085200914284,240,-0.02374464270188665,-23.74464270188665
204,165,-197.04886856296991,52.799085200914284,248,-0.02423676864832088,-24.23676864832088
204,165,-197.04886856296991,52.799085200914284,256,-0.021360887259138223,-21.360887259138224
204,165,-197.04886856296991,52.799085200914284,264,-0.011219200760797618,-11.219200760797618
204,165,-197.04886856296991,52.799085200914284,272,-0.004156256226755244,-4.156256226755244
204,165,-197.04886856296991,52.799085200914284,280,-0.0037561906027775032,-3.756190602777503
204,165,-197.04886856296991,52.799085200914284,288,-0.009699236992666914,-9.699236992666913
204,165,-197.04886856296991,52.799085200914284,296,-0.019265092817125025,-19.265092817125026
204,165,-197.04886856296991,52.799085200914284,304,-0.024625618481456113,-24.62561848145611
204,165,-197.04886856296991,52.799085200914284,312,-0.023528818071238758,-23.528818071238756
204,165,-197.04886856296991,52.799085200914284,320,-0.016790464955829115,-16.790464955829115
204,165,-197.04886856296991,52.799085200914284,328,-0.007113030074810024,-7.113030074810024
204,165,-197.04886856296991,52.799085200914284,336,-0.003102133659848686,-3.102133659848686
204,165,-197.04886856296991,52.799085200914284,344,-0.006192543929557613,-6.192543929557613
204,165,-197.04886856296991,52.799085200914284,352,-0.014116899183589842,-14.116899183589842
204,165,-197.04886856296991,52.799085200914284,360,-0.023691879523089605,-23.691879523089604
204,170,-200.90078161449043,35.42422824405378,0,-0.026588719660811794,-26.588719660811794
204,170,-200.90078161449043,35.42422824405378,8,-0.026826970564745874,-26.826970564745874
204,170,-200.90078161449043,35.42422824405378,16,-0.02126592890850167,-21.26592890850167
204,170,-200.90078161449043,35.42422824405378,24,-0.0117252531362013,-11.7252531362013
204,170,-200.90078161449043,35.42422824405378,32,-0.006411246701593515,-6.411246701593515
204,170,-200.90078161449043,35.42422824405378,40,-0.007904268726172958,-7.904268726172957
204,170,-200.90078161449043,35.42422824405378,48,-0.0155458930638185,-15.5458930638185
204,170,-200.90078161449043,35.42422824405378,56,-0.024996025463276672,-24.996025463276673
204,170,-200.90078161449043,35.42422824405378,64,-0.027181225894024774,-27.181225894024774
204,170,-200.90078161449043,35.42422824405378,72,-0.025160504646820157,-25.160504646820158
204,170,-200.90078161449043,35.42422824405378,80,-0.01661639209766602,-16.61639209766602
204,170,-200.90078161449043,35.42422824405378,88,-0.008355056397120812,-8.355056397120812
204,170,-200.90078161449043,35.42422824405378,96,-0.0062562391620459516,-6.256239162045952
204,170,-200.90078161449043,35.42422824405378,104,-0.011162100891359635,-11.162100891359636
204,170,-200.90078161449043,35.42422824405378,112,-0.0206853964590722,-20.685396459072198
204,170,-200.90078161449043,35.42422824405378,120,-0.02667948115251851,-26.67948115251851
204,170,-200.90078161449043,35.42422824405378,128,-0.027025560553146512,-27.025560553146512
204,170,-200.90078161449043,35.42422824405378,136,-0.021549884191161536,-21.549884191161535
204,170,-200.90078161449043,35.42422824405378,144,-0.01195529872182249,-11.95529872182249
204,170,-200.90078161449043,35.42422824405378,152,-0.0065393768925183825,-6.539376892518383
204,170,-200.90078161449043,35.42422824405378,160,-0.007918079347248311,-7.9180793472483115
204,170,-200.90078161449043,35.42422824405378,168,-0.015481452577394148,-15.481452577394148
204,170,-200.90078161449043,35.42422824405378,176,-0.02487894901004678,-24.87894901004678
204,170,-200.90078161449043,35.42422824405378,184,-0.027112227231342535,-27.112227231342533
204,170,-200.90078161449043,35.42422824405378,192,-0.025122889651749483,-25.12288965174948
204,170,-200.90078161449043,35.42422824405378,200,-0.016515582755213098,-16.5155827552131
204,170,-200.90078161449043,35.42422824405378,208,-0.008260917703316571,-8.26091770331657
204,170,-200.90078161449043,35.42422824405378,216,-0.006214392705012753,-6.214392705012753
204,170,-200.90078161449043,35.42422824405378,224,-0.011192706534311554,-11.192706534311554
204,170,-200.90078161449043,35.42422824405378,232,-0.020722958983533088,-20.722958983533086
204,170,-200.90078161449043,35.42422824405378,240,-0.026639528836903945,-26.639528836903946
204,170,-200.90078161449043,35.42422824405378,248,-0.026846792582865243,-26.846792582865245
204,170,-200.90078161449043,35.42422824405378,256,-0.021343162004173653,-21.343162004173653
204,170,-200.90078161449043,35.42422824405378,264,-0.011802952170340839,-11.80295217034084
204,170,-200.90078161449043,35.42422824405378,272,-0.0064522694169052265,-6.452269416905226
204,170,-200.90078161449043,35.42422824405378,280,-0.00788915072629064,-7.88915072629064
204,170,-200.90078161449043,35.42422824405378,288,-0.015495638341194443,-15.495638341194443
204,170,-200.90078161449043,35.42422824405378,296,-0.02495387529910862,-24.95387529910862
204,170,-200.90078161449043,35.42422824405378,304,-0.02724268556590934,-27.24268556590934
204,170,-200.90078161449043,35.42422824405378,312,-0.025328694682866637,-25.328694682866637
204,170,-200.90078161449043,35.42422824405378,320,-0.016789934323685786,-16.789934323685785
204,170,-200.90078161449043,35.42422824405378,328,-0.008443131535007375,-8.443131535007375
204,170,-200.90078161449043,35.42422824405378,336,-0.006296728084721856,-6.296728084721856
204,170,-200.90078161449043,35.42422824405378,344,-0.011148247713874713,-11.148247713874714
204,170,-200.90078161449043,35.42422824405378,352,-0.020620034144379094,-20.620034144379094
204,170,-200.90078161449043,35.42422824405378,360,-0.02658195453747584,-26.58195453747584
204,175,-203.2237184107161,17.77977152052227,0,-0.02862735472261524,-28.627354722615237
204,175,-203.2237184107161,17.77977152052227,8,-0.027527719759449294,-27.527719759449294
204,175,-203.2237184107161,17.77977152052227,16,-0.020504006331036256,-20.504006331036255
204,175,-203.2237184107161,17.77977152052227,24,-0.011502695385192288,-11.502695385192288
204,175,-203.2237184107161,17.77977152052227,32,-0.008023983836759969,-8.02398383675997
204,175,-203.2237184107161,17.77977152052227,40,-0.011346390484686506,-11.346390484686506
204,175,-203.2237184107161,17.77977152052227,48,-0.02060086244812222,-20.60086244812222
204,175,-203.2237184107161,17.77977152052227,56,-0.027342076351438305,-27.342076351438305
204,175,-203.2237184107161,17.77977152052227,64,-0.02911925214863805,-29.11925214863805
204,175,-203.2237184107161,17.77977152052227,72,-0.024601995756664045,-24.601995756664046
204,175,-203.2237184107161,17.77977152052227,80,-0.01579437391847393,-15.79437391847393
204,175,-203.2237184107161,17.77977152052227,88,-0.008987328770878452,-8.987328770878452
204,175,-203.2237184107161,17.77977152052227,96,-0.00876416786567526,-8.76416786567526
204,175,-203.2237184107161,17.77977152052227,104,-0.015397292896533427,-15.397292896533427
204,175,-203.2237184107161,17.77977152052227,112,-0.024718829728535174,-24.718829728535173
204,175,-203.2237184107161,17.77977152052227,120,-0.028709736686236866,-28.709736686236866
204,175,-203.2237184107161,17.77977152052227,128,-0.02771724517736756,-27.71724517736756
204,175,-203.2237184107161,17.77977152052227,136,-0.020752600262722305,-20.752600262722304
204,175,-203.2237184107161,17.77977152052227,144,-0.011653850856773638,-11.653850856773639
204,175,-203.2237184107161,17.77977152052227,152,-0.008074047438370525,-8.074047438370524
204,175,-203.2237184107161,17.77977152052227,160,-0.011283309334240255,-11.283309334240256
204,175,-203.2237184107161,17.77977152052227,168,-0.020463719426110416,-20.463719426110416
204,175,-203.2237184107161,17.77977152052227,176,-0.027216842317770766,-27.216842317770766
204,175,-203.2237184107161,17.77977152052227,184,-0.02904093217502368,-29.04093217502368
204,175,-203.2237184107161,17.77977152052227,192,-0.024552412734228236,-24.552412734228238
204,175,-203.2237184107161,17.77977152052227,200,-0.01571120639009392,-15.71120639009392
204,175,-203.2237184107161,17.77977152052227,208,-0.008930605635380577,-8.930605635380578
204,175,-203.2237184107161,17.77977152052227,216,-0.00876370039540432,-8.763700395404319
204,175,-203.2237184107161,17.77977152052227,224,-0.015472671944867112,-15.472671944867113
204,175,-203.2237184107161,17.77977152052227,232,-0.024792760861149975,-24.792760861149976
204,175,-203.2237184107161,17.77977152052227,240,-0.02868436736276774,-28.684367362767738
204,175,-203.2237184107161,17.77977152052227,248,-0.02755861914188342,-27.558619141883423
204,175,-203.2237184107161,17.77977152052227,256,-0.020583519030751965,-20.583519030751965
204,175,-203.2237184107161,17.77977152052227,264,-0.01154572205210544,-11.54572205210544
204,175,-203.2237184107161,17.77977152052227,272,-0.008025984057909179,-8.025984057909179
204,175,-203.2237184107161,17.77977152052227,280,-0.011289101403910713,-11.289101403910713
204,175,-203.2237184107161,17.77977152052227,288,-0.020503981624902932,-20.50398162490293
204,175,-203.2237184107161,17.77977152052227,296,-0.027278493468427013,-27.278493468427012
204,175,-203.2237184107161,17.77977152052227,304,-0.029167145465273533,-29.167145465273535
204,175,-203.2237184107161,17.77977152052227,312,-0.024735482962239697,-24.735482962239697
204,175,-203.2237184107161,17.77977152052227,320,-0.015930234552316114,-15.930234552316115
204,175,-203.2237184107161,17.77977152052227,328,-0.0090340999048864,-9.0340999048864
204,175,-203.2237184107161,17.77977152052227,336,-0.008768287746268257,-8.768287746268257
204,175,-203.2237184107161,17.77977152052227,344,-0.015352054315594586,-15.352054315594586
204,175,-203.2237184107161,17.77977152052227,352,-0.024655304338240387,-24.655304338240388
204,175,-203.2237184107161,17.77977152052227,360,-0.028621693079209636,-28.621693079209635
204,180,-204.0,2.4982794702606005e-14,0,-0.029829266202102925,-29.829266202102925
204,180,-204.0,2.4982794702606005e-14,8,-0.026488998197779272,-26.48899819777927
204,180,-204.0,2.4982794702606005e-14,16,-0.018781541882019873,-18.781541882019873
204,180,-204.0,2.4982794702606005e-14,24,-0.010511896775519726,-10.511896775519727
204,180,-204.0,2.4982794702606005e-14,32,-0.008905178999018819,-8.905178999018819
204,180,-204.0,2.4982794702606005e-14,40,-0.01403965901177975,-14.03965901177975
204,180,-204.0,2.4982794702606005e-14,48,-0.023367247388450092,-23.367247388450092
204,180,-204.0,2.4982794702606005e-14,56,-0.02886369949032061,-28.86369949032061
204,180,-204.0,2.4982794702606005e-14,64,-0.028809473844780515,-28.809473844780516
204,180,-204.0,2.4982794702606005e-14,72,-0.023277700482453034,-23.277700482453035
204,180,-204.0,2.4982794702606005e-14,80,-0.013954070248712836,-13.954070248712835
204,180,-204.0,2.4982794702606005e-14,88,-0.008884629841535981,-8.88462984153598
204,180,-204.0,2.4982794702606005e-14,96,-0.010533907475319043,-10.533907475319044
204,180,-204.0,2.4982794702606005e-14,104,-0.01885099646788696,-18.85099646788696
204,180,-204.0,2.4982794702606005e-14,112,-0.02654631271674221,-26.54631271674221
204,180,-204.0,2.4982794702606005e-14,120,-0.029903422950646276,-29.903422950646277
204,180,-204.0,2.4982794702606005e-14,128,-0.026665501519379665,-26.665501519379667
204,180,-204.0,2.4982794702606005e-14,136,-0.018992808514206032,-18.992808514206033
204,180,-204.0,2.4982794702606005e-14,144,-0.010584174237349721,-10.584174237349721
204,180,-204.0,2.4982794702606005e-14,152,-0.008876994460118526,-8.876994460118526
204,180,-204.0,2.4982794702606005e-14,160,-0.013900043043162554,-13.900043043162555
204,180,-204.0,2.4982794702606005e-14,168,-0.023193247792911823,-23.193247792911823
204,180,-204.0,2.4982794702606005e-14,176,-0.028730360054000016,-28.730360054000016
204,180,-204.0,2.4982794702606005e-14,184,-0.028721846715066918,-28.721846715066917
204,180,-204.0,2.4982794702606005e-14,192,-0.023216505963418163,-23.216505963418165
204,180,-204.0,2.4982794702606005e-14,200,-0.01390088914105432,-13.900889141054321
204,180,-204.0,2.4982794702606005e-14,208,-0.008865959117978101,-8.8659591179781
204,180,-204.0,2.4982794702606005e-14,216,-0.010575186168101472,-10.575186168101473
204,180,-204.0,2.4982794702606005e-14,224,-0.01897099928951277,-18.970999289512772
204,180,-204.0,2.4982794702606005e-14,232,-0.026648777635127536,-26.648777635127537
204,180,-204.0,2.4982794702606005e-14,240,-0.029891410601500818,-29.89141060150082
204,180,-204.0,2.4982794702606005e-14,248,-0.026536816506461256,-26.536816506461257
204,180,-204.0,2.4982794702606005e-14,256,-0.018861861026036066,-18.861861026036067
204,180,-204.0,2.4982794702606005e-14,264,-0.010520024832733985,-10.520024832733986
204,180,-204.0,2.4982794702606005e-14,272,-0.008867653561548882,-8.867653561548881
204,180,-204.0,2.4982794702606005e-14,280,-0.013939921771679797,-13.939921771679797
204,180,-204.0,2.4982794702606005e-14,288,-0.023229259109214796,-23.229259109214794
204,180,-204.0,2.4982794702606005e-14,296,-0.028779149851611063,-28.779149851611063
204,180,-204.0,2.4982794702606005e-14,304,-0.028842786047352367,-28.842786047352366
204,180,-204.0,2.4982794702606005e-14,312,-0.02337570465349898,-23.375704653498982
204,180,-204.0,2.4982794702606005e-14,320,-0.014047341478806138,-14.047341478806139
204,180,-204.0,2.4982794702606005e-14,328,-0.008890488623830153,-8.890488623830153
204,180,-204.0,2.4982794702606005e-14,336,-0.010502297502826845,-10.502297502826845
204,180,-204.0,2.4982794702606005e-14,344,-0.01877547114875719,-18.775471148757187
204,180,-204.0,2.4982794702606005e-14,352,-0.026500206708980775,-26.500206708980777
204,180,-204.0,2.4982794702606005e-14,360,-0.029824808029175344,-29.824808029175344
238,90,1.4573296909853505e-14,238.0,0,0.13574424755084646,135.74424755084647
238,90,1.4573296909853505e-14,238.0,8,0.12232518616667012,122.32518616667012
238,90,1.4573296909853505e-14,238.0,16,0.12263964817524442,122.63964817524442
238,90,1.4573296909853505e-14,238.0,24,0.12639743917224902,126.39743917224902
238,90,1.4573296909853505e-14,238.0,32,0.14234223943809649,142.3422394380965
238,90,1.4573296909853505e-14,238.0,40,0.15007494431908086,150.07494431908086
238,90,1.4573296909853505e-14,238.0,48,0.15218614068059044,152.18614068059046
238,90,1.4573296909853505e-14,238.0,56,0.14489783973042814,144.89783973042813
238,90,1.4573296909853505e-14,238.0,64,0.127421366795922,127.421366795922
238,90,1.4573296909853505e-14,238.0,72,0.12144884018139468,121.44884018139467
238,90,1.4573296909853505e-14,238.0,80,0.12440244137494819,124.40244137494818
238,90,1.4573296909853505e-14,238.0,88,0.13254857016949406,132.54857016949407
238,90,1.4573296909853505e-14,238.0,96,0.14804896166720116,148.04896166720116
238,90,1.4573296909853505e-14,238.0,104,0.15105419279901577,151.05419279901577
238,90,1.4573296909853505e-14,238.0,112,0.15004051792642265,150.04051792642264
238,90,1.4573296909853505e-14,238.0,120,0.13570419302361028,135.7041930236103
238,90,1.4573296909853505e-14,238.0,128,0.12217165307301543,122.17165307301543
238,90,1.4573296909853505e-14,238.0,136,0.12246237464761951,122.46237464761951
238,90,1.4573296909853505e-14,238.0,144,0.12625032108278927,126.25032108278927
238,90,1.4573296909853505e-14,238.0,152,0.14196131483491464,141.96131483491465
238,90,1.4573296909853505e-14,238.0,160,0.14980135200374,149.80135200374002
238,90,1.4573296909853505e-14,238.0,168,0.1517974353874273,151.7974353874273
238,90,1.4573296909853505e-14,238.0,176,0.14455907187524028,144.55907187524028
238,90,1.4573296909853505e-14,238.0,184,0.1271400051235505,127.14000512355051
238,90,1.4573296909853505e-14,238.0,192,0.12121068294229877,121.21068294229876
238,90,1.4573296909853505e-14,238.0,200,0.1241992552025922,124.1992552025922
238,90,1.4573296909853505e-14,238.0,208,0.1325778433365472,132.5778433365472
238,90,1.4573296909853505e-14,238.0,216,0.14815906093564096,148.15906093564095
238,90,1.4573296909853505e-14,238.0,224,0.1512874647791371,151.2874647791371
238,90,1.4573296909853505e-14,238.0,232,0.15035063258643563,150.35063258643564
238,90,1.4573296909853505e-14,238.0,240,0.1360614252882232,136.0614252882232
238,90,1.4573296909853505e-14,238.0,248,0.12259444485962234,122.59444485962234
238,90,1.4573296909853505e-14,238.0,256,0.12284700876586849,122.84700876586848
238,90,1.4573296909853505e-14,238.0,264,0.1265379835293133,126.53798352931331
238,90,1.4573296909853505e-14,238.0,272,0.14221633598479735,142.21633598479735
238,90,1.4573296909853505e-14,238.0,280,0.14989334872382037,149.89334872382037
238,90,1.4573296909853505e-14,238.0,288,0.15187390674489712,151.8739067448971
238,90,1.4573296909853505e-14,238.0,296,0.14459065398717813,144.59065398717814
238,90,1.4573296909853505e-14,238.0,304,0.12705482379461022,127.05482379461023
238,90,1.4573296909853505e-14,238.0,312,0.12102916006135463,121.02916006135463
238,90,1.4573296909853505e-14,238.0,320,0.12407753154060543,124.07753154060542
238,90,1.4573296909853505e-14,238.0,328,0.1322551721230799,132.25517212307992
238,90,1.4573296909853505e-14,238.0,336,0.14792744139714578,147.92744139714577
238,90,1.4573296909853505e-14,238.0,344,0.1509865196052218,150.98651960522182
238,90,1.4573296909853505e-14,238.0,352,0.14999284931101234,149.99284931101235
238,90,1.4573296909853505e-14,238.0,360,0.13575314153427784,135.75314153427783
238,95,-20.74306677394266,237.09433814583545,0,0.11166378831448899,111.663788314489
238,95,-20.74306677394266,237.09433814583545,8,0.10818191742639434,108.18191742639434
238,95,-20.74306677394266,237.09433814583545,16,0.11174281102988927,111.74281102988927
238,95,-20.74306677394266,237.09433814583545,24,0.11640461306926342,116.40461306926342
238,95,-20.74306677394266,237.09433814583545,32,0.13223248672368038,132.23248672368038
238,95,-20.74306677394266,237.09433814583545,40,0.13929366625552247,139.29366625552248
238,95,-20.74306677394266,237.09433814583545,48,0.13728796860579678,137.28796860579678
238,95,-20.74306677394266,237.09433814583545,56,0.1208882194480139,120.8882194480139
238,95,-20.74306677394266,237.09433814583545,64,0.10877444288859502,108.77444288859502
238,95,-20.74306677394266,237.09433814583545,72,0.11040709362569509,110.4070936256951
238,95,-20.74306677394266,237.09433814583545,80,0.11366084181352927,113.66084181352927
238,95,-20.74306677394266,237.09433814583545,88,0.12271039132854811,122.71039132854811
238,95,-20.74306677394266,237.09433814583545,96,0.13739237154377287,137.39237154377287
238,95,-20.74306677394266,237.09433814583545,104,0.1392454332898958,139.2454332898958
238,95,-20.74306677394266,237.09433814583545,112,0.12957260392750908,129.57260392750908
238,95,-20.74306677394266,237.09433814583545,120,0.11160274580884613,111.60274580884614
238,95,-20.74306677394266,237.09433814583545,128,0.1080284563177292,108.0284563177292
238,95,-20.74306677394266,237.09433814583545,136,0.11156462346294334,111.56462346294335
238,95,-20.74306677394266,237.09433814583545,144,0.11625844122140086,116.25844122140086
238,95,-20.74306677394266,237.09433814583545,152,0.1318515636061453,131.8515636061453
238,95,-20.74306677394266,237.09433814583545,160,0.13902149521811719,139.0214952181172
238,95,-20.74306677394266,237.09433814583545,168,0.13690123976209384,136.90123976209384
238,95,-20.74306677394266,237.09433814583545,176,0.12056698101540748,120.56698101540748
238,95,-20.74306677394266,237.09433814583545,184,0.10850174255683664,108.50174255683665
238,95,-20.74306677394266,237.09433814583545,192,0.11016145652086025,110.16145652086026
238,95,-20.74306677394266,237.09433814583545,200,0.11345402882094427,113.45402882094427
238,95,-20.74306677394266,237.09433814583545,208,0.12274746118752801,122.747461187528
238,95,-20.74306677394266,237.09433814583545,216,0.13749993818783757,137.49993818783756
238,95,-20.74306677394266,237.09433814583545,224,0.13946725727010129,139.4672572701013
238,95,-20.74306677394266,237.09433814583545,232,0.12988857716396357,129.88857716396356
238,95,-20.74306677394266,237.09433814583545,240,0.11195923789835012,111.95923789835012
238,95,-20.74306677394266,237.09433814583545,248,0.1084680430801604,108.46804308016041
238,95,-20.74306677394266,237.09433814583545,256,0.11195727928148327,111.95727928148328
238,95,-20.74306677394266,237.09433814583545,264,0.11654096720018055,116.54096720018055
238,95,-20.74306677394266,237.09433814583545,272,0.13210340777627125,132.10340777627124
238,95,-20.74306677394266,237.09433814583545,280,0.13911871471358328,139.11871471358327
238,95,-20.74306677394266,237.09433814583545,288,0.1370003539937072,137.0003539937072
238,95,-20.74306677394266,237.09433814583545,296,0.1205747638362891,120.5747638362891
238,95,-20.74306677394266,237.09433814583545,304,0.10840968519638994,108.40968519638994
238,95,-20.74306677394266,237.09433814583545,312,0.10998420527944215,109.98420527944215
238,95,-20.74306677394266,237.09433814583545,320,0.11333055298321429,113.33055298321429
238,95,-20.74306677394266,237.09433814583545,328,0.12242327807730183,122.42327807730183
238,95,-20.74306677394266,237.09433814583545,336,0.13726958352276716,137.26958352276716
238,95,-20.74306677394266,237.09433814583545,344,0.13916616785999902,139.16616785999904
238,95,-20.74306677394266,237.09433814583545,352,0.12953804091261614,129.53804091261614
238,95,-20.74306677394266,237.09433814583545,360,0.11167281338224877,111.67281338224878
238,100,-41.32826628472941,234.3842452169055,0,0.09495738472658391,94.95738472658391
238,100,-41.32826628472941,234.3842452169055,8,0.09728194966987139,97.28194966987138
238,100,-41.32826628472941,234.3842452169055,16,0.10112631315731524,101.12631315731524
238,100,-41.32826628472941,234.3842452169055,24,0.1066118833255973,106.6118833255973
238,100,-41.32826628472941,234.3842452169055,32,0.12170495063050069,121.70495063050069
238,100,-41.32826628472941,234.3842452169055,40,0.12672496560853874,126.72496560853874
238,100,-41.32826628472941,234.3842452169055,48,0.11518955031886183,115.18955031886183
238,100,-41.32826628472941,234.3842452169055,56,0.09685627052612322,96.85627052612323
238,100,-41.32826628472941,234.3842452169055,64,0.0954710556364608,95.4710556364608
238,100,-41.32826628472941,234.3842452169055,72,0.09952218379534464,99.52218379534463
238,100,-41.32826628472941,234.3842452169055,80,0.10380035148209157,103.80035148209157
238,100,-41.32826628472941,234.3842452169055,88,0.11254667710953098,112.54667710953098
238,100,-41.32826628472941,234.3842452169055,96,0.1267955160754669,126.7955160754669
238,100,-41.32826628472941,234.3842452169055,104,0.12424759909714674,124.24759909714673
238,100,-41.32826628472941,234.3842452169055,112,0.10577451748545136,105.77451748545136
238,100,-41.32826628472941,234.3842452169055,120,0.09489724415224672,94.89724415224673
238,100,-41.32826628472941,234.3842452169055,128,0.09713173950419181,97.13173950419181
238,100,-41.32826628472941,234.3842452169055,136,0.10094669952998565,100.94669952998565
238,100,-41.32826628472941,234.3842452169055,144,0.1064663917729616,106.4663917729616
238,100,-41.32826628472941,234.3842452169055,152,0.12132377112971916,121.32377112971916
238,100,-41.32826628472941,234.3842452169055,160,0.12645601717264104,126.45601717264104
238,100,-41.32826628472941,234.3842452169055,168,0.11481108576781696,114.81108576781696
238,100,-41.32826628472941,234.3842452169055,176,0.09655740860821352,96.55740860821352
238,100,-41.32826628472941,234.3842452169055,184,0.09519361141360956,95.19361141360956
238,100,-41.32826628472941,234.3842452169055,192,0.09927056325079525,99.27056325079525
238,100,-41.32826628472941,234.3842452169055,200,0.10360100387755808,103.60100387755809
238,100,-41.32826628472941,234.3842452169055,208,0.1125914613092977,112.5914613092977
238,100,-41.32826628472941,234.3842452169055,216,0.12690042605338106,126.90042605338105
238,100,-41.32826628472941,234.3842452169055,224,0.12444169900590459,124.44169900590458
238,100,-41.32826628472941,234.3842452169055,232,0.10610448474842174,106.10448474842174
238,100,-41.32826628472941,234.3842452169055,240,0.09525087638135457,95.25087638135457
238,100,-41.32826628472941,234.3842452169055,248,0.0975749958469236,97.5749958469236
238,100,-41.32826628472941,234.3842452169055,256,0.10134396056882769,101.3439605688277
238,100,-41.32826628472941,234.3842452169055,264,0.10674237832982816,106.74237832982817
238,100,-41.32826628472941,234.3842452169055,272,0.12157669545446836,121.57669545446836
238,100,-41.32826628472941,234.3842452169055,280,0.12656663137781465,126.56663137781466
238,100,-41.32826628472941,234.3842452169055,288,0.11488922892376571,114.88922892376571
238,100,-41.32826628472941,234.3842452169055,296,0.09653913960448919,96.5391396044892
238,100,-41.32826628472941,234.3842452169055,304,0.09510460985652676,95.10460985652676
238,100,-41.32826628472941,234.3842452169055,312,0.09909646623197224,99.09646623197224
238,100,-41.32826628472941,234.3842452169055,320,0.1034770883791915,103.4770883791915
238,100,-41.32826628472941,234.3842452169055,328,0.11226479938180091,112.26479938180091
238,100,-41.32826628472941,234.3842452169055,336,0.12667056481717667,126.67056481717667
238,100,-41.32826628472941,234.3842452169055,344,0.12414053772917705,124.14053772917704
238,100,-41.32826628472941,234.3842452169055,352,0.105764039148458,105.764039148458
238,100,-41.32826628472941,234.3842452169055,360,0.09496612780414984,94.96612780414983
238,105,-61.59893273439996,229.89034665679827,0,0.0825644478120327,82.56444781203271
238,105,-61.59893273439996,229.89034665679827,8,0.08651071703613561,86.5107170361356
238,105,-61.59893273439996,229.89034665679827,16,0.09132660847181481,91.32660847181481
238,105,-61.59893273439996,229.89034665679827,24,0.09644497969359433,96.44497969359433
238,105,-61.59893273439996,229.89034665679827,32,0.11130391026978906,111.30391026978906
238,105,-61.59893273439996,229.89034665679827,40,0.11005509480192585,110.05509480192585
238,105,-61.59893273439996,229.89034665679827,48,0.0916975816197145,91.6975816197145
238,105,-61.59893273439996,229.89034665679827,56,0.08223046521085776,82.23046521085776
238,105,-61.59893273439996,229.89034665679827,64,0.08470124549305914,84.70124549305915
238,105,-61.59893273439996,229.89034665679827,72,0.0891632916588736,89.1632916588736
238,105,-61.59893273439996,229.89034665679827,80,0.09407156025348373,94.07156025348374
238,105,-61.59893273439996,229.89034665679827,88,0.10221006108438571,102.21006108438571
238,105,-61.59893273439996,229.89034665679827,96,0.11342611520880008,113.42611520880008
238,105,-61.59893273439996,229.89034665679827,104,0.10077440396762757,100.77440396762758
238,105,-61.59893273439996,229.89034665679827,112,0.08377864168889966,83.77864168889965
238,105,-61.59893273439996,229.89034665679827,120,0.08251129213669164,82.51129213669165
238,105,-61.59893273439996,229.89034665679827,128,0.08636226952414239,86.36226952414239
238,105,-61.59893273439996,229.89034665679827,136,0.09114616751865552,91.14616751865552
238,105,-61.59893273439996,229.89034665679827,144,0.09629829061932685,96.29829061932685
238,105,-61.59893273439996,229.89034665679827,152,0.11092134113321031,110.9213411332103
238,105,-61.59893273439996,229.89034665679827,160,0.10979252194702771,109.79252194702771
238,105,-61.59893273439996,229.89034665679827,168,0.09132643841822748,91.32643841822748
238,105,-61.59893273439996,229.89034665679827,176,0.08193593634278605,81.93593634278605
238,105,-61.59893273439996,229.89034665679827,184,0.08442160685901634,84.42160685901634
238,105,-61.59893273439996,229.89034665679827,192,0.08891103058022468,88.91103058022468
238,105,-61.59893273439996,229.89034665679827,200,0.09388007620454067,93.88007620454067
238,105,-61.59893273439996,229.89034665679827,208,0.10226250945414553,102.26250945414553
238,105,-61.59893273439996,229.89034665679827,216,0.11351714181205443,113.51714181205442
238,105,-61.59893273439996,229.89034665679827,224,0.10099587808387958,100.99587808387957
238,105,-61.59893273439996,229.89034665679827,232,0.08411235527392738,84.11235527392738
238,105,-61.59893273439996,229.89034665679827,240,0.082861739980851,82.861739980851
238,105,-61.59893273439996,229.89034665679827,248,0.0868096036752484,86.8096036752484
238,105,-61.59893273439996,229.89034665679827,256,0.09153707351472114,91.53707351472114
238,105,-61.59893273439996,229.89034665679827,264,0.09656826914098901,96.56826914098902
238,105,-61.59893273439996,229.89034665679827,272,0.11117621488913754,111.17621488913754
238,105,-61.59893273439996,229.89034665679827,280,0.10991415002505742,109.91415002505741
238,105,-61.59893273439996,229.89034665679827,288,0.09137778918048095,91.37778918048095
238,105,-61.59893273439996,229.89034665679827,296,0.08192984086411545,81.92984086411545
238,105,-61.59893273439996,229.89034665679827,304,0.08433647252158828,84.33647252158828
238,105,-61.59893273439996,229.89034665679827,312,0.08873944226632008,88.73944226632008
238,105,-61.59893273439996,229.89034665679827,320,0.0937549599755694,93.7549599755694
238,105,-61.59893273439996,229.89034665679827,328,0.10193238270770322,101.93238270770321
238,105,-61.59893273439996,229.89034665679827,336,0.11328863744189317,113.28863744189317
238,105,-61.59893273439996,229.89034665679827,344,0.10070037883039121,100.7003788303912
238,105,-61.59893273439996,229.89034665679827,352,0.08378775882716638,83.78775882716639
238,105,-61.59893273439996,229.89034665679827,360,0.08257338799179677,82.57338799179676
238,110,-81.40079411150916,223.6468437470462,0,0.07202210432151672,72.02210432151672
238,110,-81.40079411150916,223.6468437470462,8,0.07653466272422728,76.53466272422727
238,110,-81.40079411150916,223.6468437470462,16,0.08161065692362998,81.61065692362997
238,110,-81.40079411150916,223.6468437470462,24,0.08631795383223184,86.31795383223184
238,110,-81.40079411150916,223.6468437470462,32,0.09694803005007586,96.94803005007587
238,110,-81.40079411150916,223.6468437470462,40,0.08715556006231734,87.15556006231733
238,110,-81.40079411150916,223.6468437470462,48,0.07189169163670983,71.89169163670984
238,110,-81.40079411150916,223.6468437470462,56,0.07088282954922058,70.88282954922057
238,110,-81.40079411150916,223.6468437470462,64,0.07413551982409947,74.13551982409946
238,110,-81.40079411150916,223.6468437470462,72,0.0795068265378168,79.50682653781679
238,110,-81.40079411150916,223.6468437470462,80,0.08390218731765581,83.9021873176558
238,110,-81.40079411150916,223.6468437470462,88,0.09194160747602612,91.94160747602612
238,110,-81.40079411150916,223.6468437470462,96,0.0953260090215577,95.32600902155771
238,110,-81.40079411150916,223.6468437470462,104,0.07766145640438413,77.66145640438413
238,110,-81.40079411150916,223.6468437470462,112,0.0695246849945747,69.5246849945747
238,110,-81.40079411150916,223.6468437470462,120,0.07197542225986403,71.97542225986403
238,110,-81.40079411150916,223.6468437470462,128,0.07638715792698418,76.38715792698419
238,110,-81.40079411150916,223.6468437470462,136,0.08142800654605886,81.42800654605887
238,110,-81.40079411150916,223.6468437470462,144,0.0861690318578476,86.1690318578476
238,110,-81.40079411150916,223.6468437470462,152,0.0965643678516856,96.56436785168559
238,110,-81.40079411150916,223.6468437470462,160,0.0868973751420112,86.8973751420112
238,110,-81.40079411150916,223.6468437470462,168,0.07153378042432303,71.53378042432303
238,110,-81.40079411150916,223.6468437470462,176,0.07058922156779275,70.58922156779275
238,110,-81.40079411150916,223.6468437470462,184,0.07385476772232956,73.85476772232956
238,110,-81.40079411150916,223.6468437470462,192,0.07926031595604002,79.26031595604002
238,110,-81.40079411150916,223.6468437470462,200,0.08372488833458358,83.72488833458358
238,110,-81.40079411150916,223.6468437470462,208,0.09200152476731856,92.00152476731856
238,110,-81.40079411150916,223.6468437470462,216,0.09542125545771962,95.42125545771962
238,110,-81.40079411150916,223.6468437470462,224,0.07791076357973377,77.91076357973377
238,110,-81.40079411150916,223.6468437470462,232,0.06983825985511691,69.8382598551169
238,110,-81.40079411150916,223.6468437470462,240,0.07232239595959684,72.32239595959685
238,110,-81.40079411150916,223.6468437470462,248,0.07683226809088745,76.83226809088744
238,110,-81.40079411150916,223.6468437470462,256,0.08181187327350295,81.81187327350295
238,110,-81.40079411150916,223.6468437470462,264,0.08643347110710721,86.43347110710721
238,110,-81.40079411150916,223.6468437470462,272,0.09683632898864045,96.83632898864045
238,110,-81.40079411150916,223.6468437470462,280,0.08698168723270064,86.98168723270064
238,110,-81.40079411150916,223.6468437470462,288,0.07157546646632594,71.57546646632593
238,110,-81.40079411150916,223.6468437470462,296,0.07059018568896418,70.59018568896418
238,110,-81.40079411150916,223.6468437470462,304,0.07377245495813324,73.77245495813324
238,110,-81.40079411150916,223.6468437470462,312,0.0790907191818417,79.09071918184169
238,110,-81.40079411150916,223.6468437470462,320,0.08359684557012505,83.59684557012504
238,110,-81.40079411150916,223.6468437470462,328,0.09166683737423975,91.66683737423975
238,110,-81.40079411150916,223.6468437470462,336,0.09519448819621092,95.19448819621091
238,110,-81.40079411150916,223.6468437470462,344,0.07761741023462841,77.61741023462841
238,110,-81.40079411150916,223.6468437470462,352,0.06951653173969857,69.51653173969858
238,110,-81.40079411150916,223.6468437470462,360,0.07203167794217685,72.03167794217686
238,115,-100.58314629428644,215.70125331472272,0,0.061795388129729595,61.795388129729595
238,115,-100.58314629428644,215.70125331472272,8,0.06715629522603249,67.15629522603248
238,115,-100.58314629428644,215.70125331472272,16,0.0716044254750281,71.6044254750281
238,115,-100.58314629428644,215.70125331472272,24,0.07518715994073677,75.18715994073676
238,115,-100.58314629428644,215.70125331472272,32,0.07767105226748203,77.67105226748203
238,115,-100.58314629428644,215.70125331472272,40,0.06460216901918264,64.60216901918264
238,115,-100.58314629428644,215.70125331472272,48,0.058606782295166485,58.60678229516648
238,115,-100.58314629428644,215.70125331472272,56,0.060687794652640493,60.68779465264049
238,115,-100.58314629428644,215.70125331472272,64,0.06464633967528588,64.64633967528587
238,115,-100.58314629428644,215.70125331472272,72,0.06984620888917575,69.84620888917576
238,115,-100.58314629428644,215.70125331472272,80,0.07396923931925883,73.96923931925883
238,115,-100.58314629428644,215.70125331472272,88,0.07671469330510206,76.71469330510206
238,115,-100.58314629428644,215.70125331472272,96,0.07306462426861791,73.06462426861792
238,115,-100.58314629428644,215.70125331472272,104,0.060013307239537884,60.01330723953789
238,115,-100.58314629428644,215.70125331472272,112,0.05933286854339985,59.33286854339985
238,115,-100.58314629428644,215.70125331472272,120,0.06175402399380153,61.75402399380153
238,115,-100.58314629428644,215.70125331472272,128,0.06700858709862352,67.00858709862352
238,115,-100.58314629428644,215.70125331472272,136,0.07141696662689745,71.41696662689745
238,115,-100.58314629428644,215.70125331472272,144,0.07503510262312793,75.03510262312793
238,115,-100.58314629428644,215.70125331472272,152,0.07728457500554622,77.28457500554623
238,115,-100.58314629428644,215.70125331472272,160,0.06434001868486912,64.34001868486912
238,115,-100.58314629428644,215.70125331472272,168,0.05825544494751898,58.25544494751898
238,115,-100.58314629428644,215.70125331472272,176,0.06039474614437168,60.39474614437168
238,115,-100.58314629428644,215.70125331472272,184,0.06437000612463792,64.37000612463792
238,115,-100.58314629428644,215.70125331472272,192,0.0696099005341087,69.6099005341087
238,115,-100.58314629428644,215.70125331472272,200,0.0738067881848858,73.8067881848858
238,115,-100.58314629428644,215.70125331472272,208,0.07676502579567217,76.76502579567217
238,115,-100.58314629428644,215.70125331472272,216,0.07320153368944507,73.20153368944507
238,115,-100.58314629428644,215.70125331472272,224,0.06025927131432025,60.259271314320245
238,115,-100.58314629428644,215.70125331472272,232,0.05963513500388727,59.63513500388727
238,115,-100.58314629428644,215.70125331472272,240,0.06209753610186643,62.097536101866424
238,115,-100.58314629428644,215.70125331472272,248,0.06744831285220111,67.44831285220111
238,115,-100.58314629428644,215.70125331472272,256,0.0717880647804312,71.7880647804312
238,115,-100.58314629428644,215.70125331472272,264,0.07529850045971,75.29850045971
238,115,-100.58314629428644,215.70125331472272,272,0.07753960788081898,77.53960788081898
238,115,-100.58314629428644,215.70125331472272,280,0.06439307031862236,64.39307031862236
238,115,-100.58314629428644,215.70125331472272,288,0.05831892777806583,58.31892777806583
238,115,-100.58314629428644,215.70125331472272,296,0.06040048981937887,60.40048981937887
238,115,-100.58314629428644,215.70125331472272,304,0.06428970494270388,64.28970494270388
238,115,-100.58314629428644,215.70125331472272,312,0.06944135131213315,69.44135131213315
238,115,-100.58314629428644,215.70125331472272,320,0.07367501884194028,73.67501884194027
238,115,-100.58314629428644,215.70125331472272,328,0.07642524579609902,76.42524579609902
238,115,-100.58314629428644,215.70125331472272,336,0.07297266786750017,72.97266786750018
238,115,-100.58314629428644,215.70125331472272,344,0.059961779490407936,59.961779490407935
238,115,-100.58314629428644,215.70125331472272,352,0.05931623790253693,59.316237902536926
238,115,-100.58314629428644,215.70125331472272,360,0.061805577961755044,61.80557796175504
238,120,-118.99999999999994,206.1140461006964,0,0.052875257529227726,52.875257529227724
238,120,-118.99999999999994,206.1140461006964,8,0.057651100558634934,57.65110055863494
238,120,-118.99999999999994,206.1140461006964,16,0.06191630589594474,61.91630589594474
238,120,-118.99999999999994,206.1140461006964,24,0.059944086818786504,59.9440868187865
238,120,-118.99999999999994,206.1140461006964,32,0.05624192739044247,56.24192739044247
238,120,-118.99999999999994,206.1140461006964,40,0.04893349257329323,48.93349257329323
238,120,-118.99999999999994,206.1140461006964,48,0.04896799257497265,48.96799257497265
238,120,-118.99999999999994,206.1140461006964,56,0.05107860091609338,51.07860091609338
238,120,-118.99999999999994,206.1140461006964,64,0.05563926681800727,55.63926681800727
238,120,-118.99999999999994,206.1140461006964,72,0.060051562707934804,60.051562707934806
238,120,-118.99999999999994,206.1140461006964,80,0.06188085769698065,61.88085769698065
238,120,-118.99999999999994,206.1140461006964,88,0.05670839011588919,56.708390115889195
238,120,-118.99999999999994,206.1140461006964,96,0.05100897998826988,51.00897998826988
238,120,-118.99999999999994,206.1140461006964,104,0.04786388874493712,47.86388874493712
238,120,-118.99999999999994,206.1140461006964,112,0.04960211543105174,49.602115431051736
238,120,-118.99999999999994,206.1140461006964,120,0.05283401395382807,52.83401395382807
238,120,-118.99999999999994,206.1140461006964,128,0.0575017213980169,57.501721398016905
238,120,-118.99999999999994,206.1140461006964,136,0.06172294195014982,61.722941950149824
238,120,-118.99999999999994,206.1140461006964,144,0.05978734888414659,59.787348884146596
238,120,-118.99999999999994,206.1140461006964,152,0.05584793624876104,55.84793624876104
238,120,-118.99999999999994,206.1140461006964,160,0.04865667827816248,48.65667827816248
238,120,-118.99999999999994,206.1140461006964,168,0.04861761711897998,48.61761711897998
238,120,-118.99999999999994,206.1140461006964,176,0.050787419849326054,50.78741984932606
238,120,-118.99999999999994,206.1140461006964,184,0.05536911093620315,55.36911093620315
238,120,-118.99999999999994,206.1140461006964,192,0.059832705712631745,59.83270571263174
238,120,-118.99999999999994,206.1140461006964,200,0.06172769003760192,61.727690037601924
238,120,-118.99999999999994,206.1140461006964,208,0.05680107929376974,56.80107929376974
238,120,-118.99999999999994,206.1140461006964,216,0.05119481592366465,51.19481592366465
238,120,-118.99999999999994,206.1140461006964,224,0.04809247204514145,48.09247204514145
238,120,-118.99999999999994,206.1140461006964,232,0.04989341185664948,49.89341185664948
238,120,-118.99999999999994,206.1140461006964,240,0.053173357500701665,53.17335750070166
238,120,-118.99999999999994,206.1140461006964,248,0.057930958906436854,57.93095890643686
238,120,-118.99999999999994,206.1140461006964,256,0.06208169707006728,62.08169707006728
238,120,-118.99999999999994,206.1140461006964,264,0.06006387264869543,60.06387264869543
238,120,-118.99999999999994,206.1140461006964,272,0.056064327270575795,56.064327270575795
238,120,-118.99999999999994,206.1140461006964,280,0.048736019522676734,48.736019522676735
238,120,-118.99999999999994,206.1140461006964,288,0.048691362147137096,48.6913621471371
238,120,-118.99999999999994,206.1140461006964,296,0.05079568378633724,50.79568378633724
238,120,-118.99999999999994,206.1140461006964,304,0.05528977961416327,55.28977961416327
238,120,-118.99999999999994,206.1140461006964,312,0.059664545779030534,59.66454577903053
238,120,-118.99999999999994,206.1140461006964,320,0.06158885462256347,61.588854622563474
238,120,-118.99999999999994,206.1140461006964,328,0.056452261566659015,56.45226156665902
238,120,-118.99999999999994,206.1140461006964,336,0.05094647076298895,50.94647076298895
238,120,-118.99999999999994,206.1140461006964,344,0.047786516487482195,47.786516487482196
238,120,-118.99999999999994,206.1140461006964,352,0.04957825035829867,49.578250358298675
238,120,-118.99999999999994,206.1140461006964,360,0.052885951225753694,52.88595122575369
238,125,-136.51119185154897,194.95818654078002,0,0.04434533847926151,44.345338479261514
238,125,-136.51119185154897,194.95818654078002,8,0.048175203826666096,48.1752038266661
238,125,-136.51119185154897,194.95818654078002,16,0.04881380427919827,48.81380427919827
238,125,-136.51119185154897,194.95818654078002,24,0.039719511422928136,39.719511422928136
238,125,-136.51119185154897,194.95818654078002,32,0.03642487858366984,36.424878583669845
238,125,-136.51119185154897,194.95818654078002,40,0.03792697643444193,37.926976434441926
238,125,-136.51119185154897,194.95818654078002,48,0.03976686182272905,39.766861822729055
238,125,-136.51119185154897,194.95818654078002,56,0.04262511118585136,42.62511118585136
238,125,-136.51119185154897,194.95818654078002,64,0.04628656596123441,46.286565961234416
238,125,-136.51119185154897,194.95818654078002,72,0.050632228366684365,50.632228366684366
238,125,-136.51119185154897,194.95818654078002,80,0.045803662752146014,45.80366275214602
238,125,-136.51119185154897,194.95818654078002,88,0.03616553909314258,36.16553909314258
238,125,-136.51119185154897,194.95818654078002,96,0.0369861320515125,36.9861320515125
238,125,-136.51119185154897,194.95818654078002,104,0.03872895719926931,38.72895719926931
238,125,-136.51119185154897,194.95818654078002,112,0.04070663411513724,40.70663411513724
238,125,-136.51119185154897,194.95818654078002,120,0.04430333008989536,44.303330089895354
238,125,-136.51119185154897,194.95818654078002,128,0.04802268292888776,48.02268292888776
238,125,-136.51119185154897,194.95818654078002,136,0.048609190847447616,48.609190847447614
238,125,-136.51119185154897,194.95818654078002,144,0.03955286142730728,39.552861427307285
238,125,-136.51119185154897,194.95818654078002,152,0.03602162405469077,36.02162405469077
238,125,-136.51119185154897,194.95818654078002,160,0.037629704010716816,37.629704010716814
238,125,-136.51119185154897,194.95818654078002,168,0.03941811016583385,39.41811016583385
238,125,-136.51119185154897,194.95818654078002,176,0.04233819056549275,42.338190565492745
238,125,-136.51119185154897,194.95818654078002,184,0.046028721224054506,46.02872122405451
238,125,-136.51119185154897,194.95818654078002,192,0.050431793187174875,50.431793187174875
238,125,-136.51119185154897,194.95818654078002,200,0.045664777136153835,45.66477713615384
238,125,-136.51119185154897,194.95818654078002,208,0.036313611308379456,36.31361130837946
238,125,-136.51119185154897,194.95818654078002,216,0.03716480454267321,37.16480454267321
238,125,-136.51119185154897,194.95818654078002,224,0.03895382368584982,38.95382368584982
238,125,-136.51119185154897,194.95818654078002,232,0.04099024778367137,40.99024778367137
238,125,-136.51119185154897,194.95818654078002,240,0.04463863380327837,44.638633803278374
238,125,-136.51119185154897,194.95818654078002,248,0.04843752775923055,48.43752775923055
238,125,-136.51119185154897,194.95818654078002,256,0.04896679844451492,48.966798444514914
238,125,-136.51119185154897,194.95818654078002,264,0.03978254912501043,39.78254912501043
238,125,-136.51119185154897,194.95818654078002,272,0.03621329270197393,36.213292701973934
238,125,-136.51119185154897,194.95818654078002,280,0.037739713086521964,37.73971308652197
238,125,-136.51119185154897,194.95818654078002,288,0.03950133584520422,39.50133584520422
238,125,-136.51119185154897,194.95818654078002,296,0.042344024268138034,42.344024268138035
238,125,-136.51119185154897,194.95818654078002,304,0.045951440755913044,45.95144075591304
238,125,-136.51119185154897,194.95818654078002,312,0.05026273349433556,50.26273349433556
238,125,-136.51119185154897,194.95818654078002,320,0.04551409793596278,45.51409793596278
238,125,-136.51119185154897,194.95818654078002,328,0.035952737199377444,35.952737199377445
238,125,-136.51119185154897,194.95818654078002,336,0.036884663942785806,36.88466394278581
238,125,-136.51119185154897,194.95818654078002,344,0.038638199479057084,38.638199479057086
238,125,-136.51119185154897,194.95818654078002,352,0.04067982478114233,40.67982478114233
238,125,-136.51119185154897,194.95818654078002,360,0.044356517330834434,44.356517330834436
238,130,-152.98345110539637,182.31857746231677,0,0.03510372232674842,35.10372232674842
238,130,-152.98345110539637,182.31857746231677,8,0.03897254040512492,38.97254040512492
238,130,-152.98345110539637,182.31857746231677,16,0.03232252424415703,32.32252424415703
238,130,-152.98345110539637,182.31857746231677,24,0.02028325133024239,20.28325133024239
238,130,-152.98345110539637,182.31857746231677,32,0.02273414437113951,22.73414437113951
238,130,-152.98345110539637,182.31857746231677,40,0.029256983859045287,29.256983859045288
238,130,-152.98345110539637,182.31857746231677,48,0.03164395437696442,31.64395437696442
238,130,-152.98345110539637,182.31857746231677,56,0.034374137703001344,34.374137703001345
238,130,-152.98345110539637,182.31857746231677,64,0.037137742384652374,37.13774238465238
238,130,-152.98345110539637,182.31857746231677,72,0.03645891357082673,36.45891357082673
238,130,-152.98345110539637,182.31857746231677,80,0.02664935594758189,26.649355947581892
238,130,-152.98345110539637,182.31857746231677,88,0.018833749202310353,18.833749202310354
238,130,-152.98345110539637,182.31857746231677,96,0.027078108846971545,27.078108846971546
238,130,-152.98345110539637,182.31857746231677,104,0.0300924937919211,30.0924937919211
238,130,-152.98345110539637,182.31857746231677,112,0.032814619651903826,32.814619651903826
238,130,-152.98345110539637,182.31857746231677,120,0.03506745170776318,35.06745170776318
238,130,-152.98345110539637,182.31857746231677,128,0.03881525623142497,38.81525623142497
238,130,-152.98345110539637,182.31857746231677,136,0.0321017056286202,32.1017056286202
238,130,-152.98345110539637,182.31857746231677,144,0.02009889201915184,20.09889201915184
238,130,-152.98345110539637,182.31857746231677,152,0.022321902812306716,22.321902812306718
238,130,-152.98345110539637,182.31857746231677,160,0.028934991019523473,28.934991019523473
238,130,-152.98345110539637,182.31857746231677,168,0.03129621225140114,31.29621225140114
238,130,-152.98345110539637,182.31857746231677,176,0.03409281558298366,34.09281558298366
238,130,-152.98345110539637,182.31857746231677,184,0.03689475484249447,36.89475484249447
238,130,-152.98345110539637,182.31857746231677,192,0.03627484758729316,36.27484758729316
238,130,-152.98345110539637,182.31857746231677,200,0.02657519716582716,26.57519716582716
238,130,-152.98345110539637,182.31857746231677,208,0.019014966004194618,19.01496600419462
238,130,-152.98345110539637,182.31857746231677,216,0.027264320438800022,27.264320438800024
238,130,-152.98345110539637,182.31857746231677,224,0.03031411670073672,30.314116700736722
238,130,-152.98345110539637,182.31857746231677,232,0.033094677516899006,33.094677516899004
238,130,-152.98345110539637,182.31857746231677,240,0.035389730865183724,35.38973086518372
238,130,-152.98345110539637,182.31857746231677,248,0.03921628273413591,39.21628273413591
238,130,-152.98345110539637,182.31857746231677,256,0.03244256413798816,32.442564137988164
238,130,-152.98345110539637,182.31857746231677,264,0.02028505836647761,20.28505836647761
238,130,-152.98345110539637,182.31857746231677,272,0.022540033163441626,22.540033163441628
238,130,-152.98345110539637,182.31857746231677,280,0.029069361917091342,29.069361917091342
238,130,-152.98345110539637,182.31857746231677,288,0.03138308745792494,31.383087457924937
238,130,-152.98345110539637,182.31857746231677,296,0.034097989998291875,34.09798999829187
238,130,-152.98345110539637,182.31857746231677,304,0.03681916322381802,36.81916322381802
238,130,-152.98345110539637,182.31857746231677,312,0.03609981642464995,36.099816424649944
238,130,-152.98345110539637,182.31857746231677,320,0.02640847819507375,26.40847819507375
238,130,-152.98345110539637,182.31857746231677,328,0.01863968086055609,18.63968086055609
238,130,-152.98345110539637,182.31857746231677,336,0.02694735477996634,26.947354779966343
238,130,-152.98345110539637,182.31857746231677,344,0.029988536564339405,29.988536564339405
238,130,-152.98345110539637,182.31857746231677,352,0.03278998537668807,32.78998537668807
238,130,-152.98345110539637,182.31857746231677,360,0.03511516429800891,35.11516429800891
238,135,-168.2914139223983,168.29141392239833,0,0.026303240649106226,26.303240649106225
238,135,-168.2914139223983,168.29141392239833,8,0.024096193939371492,24.096193939371492
238,135,-168.2914139223983,168.29141392239833,16,0.014502784662388857,14.502784662388857
238,135,-168.2914139223983,168.29141392239833,24,0.0049623575589192725,4.9623575589192725
238,135,-168.2914139223983,168.29141392239833,32,0.014453221939666638,14.453221939666639
238,135,-168.2914139223983,168.29141392239833,40,0.021154963893076938,21.15496389307694
238,135,-168.2914139223983,168.29141392239833,48,0.024394191385937992,24.394191385937994
238,135,-168.2914139223983,168.29141392239833,56,0.025344755610840035,25.344755610840036
238,135,-168.2914139223983,168.29141392239833,64,0.02711103996085841,27.11103996085841
238,135,-168.2914139223983,168.29141392239833,72,0.01997753669668053,19.97753669668053
238,135,-168.2914139223983,168.29141392239833,80,0.008247970840430838,8.247970840430838
238,135,-168.2914139223983,168.29141392239833,88,0.00689021411498931,6.89021411498931
238,135,-168.2914139223983,168.29141392239833,96,0.01871485092632751,18.71485092632751
238,135,-168.2914139223983,168.29141392239833,104,0.02273991706877926,22.73991706877926
238,135,-168.2914139223983,168.29141392239833,112,0.024741094151257664,24.741094151257663
238,135,-168.2914139223983,168.29141392239833,120,0.02627231810262611,26.27231810262611
238,135,-168.2914139223983,168.29141392239833,128,0.023928329351048945,23.928329351048944
238,135,-168.2914139223983,168.29141392239833,136,0.01426081447504135,14.26081447504135
238,135,-168.2914139223983,168.29141392239833,144,0.004741235740259761,4.741235740259762
238,135,-168.2914139223983,168.29141392239833,152,0.014029696457339688,14.029696457339687
238,135,-168.2914139223983,168.29141392239833,160,0.020806758826415313,20.80675882641531
238,135,-168.2914139223983,168.29141392239833,168,0.024047428057374837,24.047428057374837
238,135,-168.2914139223983,168.29141392239833,176,0.025072997028618545,25.072997028618545
238,135,-168.2914139223983,168.29141392239833,184,0.02688940466696571,26.88940466696571
238,135,-168.2914139223983,168.29141392239833,192,0.019842776746209524,19.842776746209523
238,135,-168.2914139223983,168.29141392239833,200,0.008243176455306634,8.243176455306633
238,135,-168.2914139223983,168.29141392239833,208,0.007069109784916658,7.069109784916658
238,135,-168.2914139223983,168.29141392239833,216,0.018913685011436327,18.91368501143633
238,135,-168.2914139223983,168.29141392239833,224,0.022968176232386117,22.968176232386117
238,135,-168.2914139223983,168.29141392239833,232,0.025008395298340202,25.008395298340204
238,135,-168.2914139223983,168.29141392239833,240,0.026581170430384306,26.581170430384304
238,135,-168.2914139223983,168.29141392239833,248,0.024313804376734062,24.313804376734062
238,135,-168.2914139223983,168.29141392239833,256,0.014553593419838032,14.553593419838032
238,135,-168.2914139223983,168.29141392239833,264,0.004928337157117009,4.928337157117009
238,135,-168.2914139223983,168.29141392239833,272,0.014257839148578911,14.257839148578912
238,135,-168.2914139223983,168.29141392239833,280,0.02096598577101083,20.965985771010832
238,135,-168.2914139223983,168.29141392239833,288,0.024134422342458217,24.134422342458215
238,135,-168.2914139223983,168.29141392239833,296,0.025089882825488175,25.089882825488175
238,135,-168.2914139223983,168.29141392239833,304,0.02681330104494426,26.81330104494426
238,135,-168.2914139223983,168.29141392239833,312,0.019652683516844717,19.652683516844718
238,135,-168.2914139223983,168.29141392239833,320,0.008052020445777592,8.052020445777591
238,135,-168.2914139223983,168.29141392239833,328,0.006680328434003559,6.680328434003559
238,135,-168.2914139223983,168.29141392239833,336,0.018556609366028216,18.556609366028216
238,135,-168.2914139223983,168.29141392239833,344,0.0226332642344209,22.6332642344209
238,135,-168.2914139223983,168.29141392239833,352,0.024712635013497762,24.712635013497763
238,135,-168.2914139223983,168.29141392239833,360,0.026314906907807606,26.314906907807607
238,140,-182.31857746231674,152.9834511053964,0,0.01572385848822443,15.72385848822443
238,140,-182.31857746231674,152.9834511053964,8,0.008400854328168042,8.400854328168043
238,140,-182.31857746231674,152.9834511053964,16,-0.0025958341483030647,-2.595834148303065
238,140,-182.31857746231674,152.9834511053964,24,-0.005346964944910854,-5.346964944910853
238,140,-182.31857746231674,152.9834511053964,32,0.006850790181649949,6.850790181649949
238,140,-182.31857746231674,152.9834511053964,40,0.014459078998272427,14.459078998272426
238,140,-182.31857746231674,152.9834511053964,48,0.016383205832100182,16.38320583210018
238,140,-182.31857746231674,152.9834511053964,56,0.016845719193464573,16.84571919346457
238,140,-182.31857746231674,152.9834511053964,64,0.012881250579767353,12.881250579767352
238,140,-182.31857746231674,152.9834511053964,72,0.003480971336700056,3.480971336700056
238,140,-182.31857746231674,152.9834511053964,80,-0.005712909835459884,-5.712909835459884
238,140,-182.31857746231674,152.9834511053964,88,-3.711085212329546e-05,-0.03711085212329546
238,140,-182.31857746231674,152.9834511053964,96,0.011093000108484111,11.09300010848411
238,140,-182.31857746231674,152.9834511053964,104,0.016121432030598848,16.121432030598847
238,140,-182.31857746231674,152.9834511053964,112,0.01599200926312257,15.99200926312257
238,140,-182.31857746231674,152.9834511053964,120,0.015691815310241015,15.691815310241015
238,140,-182.31857746231674,152.9834511053964,128,0.00820878783920049,8.208787839200491
238,140,-182.31857746231674,152.9834511053964,136,-0.002859044658544492,-2.859044658544492
238,140,-182.31857746231674,152.9834511053964,144,-0.005606072724877552,-5.606072724877552
238,140,-182.31857746231674,152.9834511053964,152,0.006415405232680882,6.415405232680882
238,140,-182.31857746231674,152.9834511053964,160,0.014080865770319292,14.080865770319292
238,140,-182.31857746231674,152.9834511053964,168,0.01605300168261266,16.053001682612663
238,140,-182.31857746231674,152.9834511053964,176,0.0165842446815131,16.584244681513102
238,140,-182.31857746231674,152.9834511053964,184,0.012701514127628525,12.701514127628524
238,140,-182.31857746231674,152.9834511053964,192,0.003420795265625868,3.420795265625868
238,140,-182.31857746231674,152.9834511053964,200,-0.0056918517843968135,-5.691851784396814
238,140,-182.31857746231674,152.9834511053964,208,0.00015424600852377104,0.15424600852377104
238,140,-182.31857746231674,152.9834511053964,216,0.01130738369748362,11.30738369748362
238,140,-182.31857746231674,152.9834511053964,224,0.01635826015656628,16.35826015656628
238,140,-182.31857746231674,152.9834511053964,232,0.016230251094392887,16.230251094392887
238,140,-182.31857746231674,152.9834511053964,240,0.015974282011853486,15.974282011853486
238,140,-182.31857746231674,152.9834511053964,248,0.00855132011419716,8.55132011419716
238,140,-182.31857746231674,152.9834511053964,256,-0.0026137984813800934,-2.6137984813800936
238,140,-182.31857746231674,152.9834511053964,264,-0.005398524177372641,-5.398524177372641
238,140,-182.31857746231674,152.9834511053964,272,0.00665349429891752,6.65349429891752
238,140,-182.31857746231674,152.9834511053964,280,0.014255945422159706,14.255945422159705
238,140,-182.31857746231674,152.9834511053964,288,0.016146341879708932,16.14634187970893
238,140,-182.31857746231674,152.9834511053964,296,0.01661253591319256,16.61253591319256
238,140,-182.31857746231674,152.9834511053964,304,0.012619647491021086,12.619647491021086
238,140,-182.31857746231674,152.9834511053964,312,0.0032055575306083094,3.2055575306083095
238,140,-182.31857746231674,152.9834511053964,320,-0.005916013800577204,-5.916013800577204
238,140,-182.31857746231674,152.9834511053964,328,-0.0002493469599727585,-0.24934695997275852
238,140,-182.31857746231674,152.9834511053964,336,0.010907687675861439,10.907687675861439
238,140,-182.31857746231674,152.9834511053964,344,0.01601400809234445,16.01400809234445
238,140,-182.31857746231674,152.9834511053964,352,0.015948427075828737,15.948427075828738
238,140,-182.31857746231674,152.9834511053964,360,0.015735735898403776,15.735735898403776
238,145,-194.95818654078008,136.51119185154894,0,0.0024540787723776603,2.4540787723776605
238,145,-194.95818654078008,136.51119185154894,8,-0.006583140066084245,-6.583140066084245
238,145,-194.95818654078008,136.51119185154894,16,-0.015324067445665408,-15.324067445665408
238,145,-194.95818654078008,136.51119185154894,24,-0.01147686725076143,-11.476867250761432
238,145,-194.95818654078008,136.51119185154894,32,0.00017566700224024473,0.17566700224024473
238,145,-194.95818654078008,136.51119185154894,40,0.008383296360066345,8.383296360066344
238,145,-194.95818654078008,136.51119185154894,48,0.007924841252645809,7.924841252645809
238,145,-194.95818654078008,136.51119185154894,56,0.006032093797849782,6.032093797849782
238,145,-194.95818654078008,136.51119185154894,64,-0.0016353067006822212,-1.6353067006822213
238,145,-194.95818654078008,136.51119185154894,72,-0.011745909439840435,-11.745909439840435
238,145,-194.95818654078008,136.51119185154894,80,-0.014679235441300259,-14.679235441300259
238,145,-194.95818654078008,136.51119185154894,88,-0.006325385488175406,-6.325385488175406
238,145,-194.95818654078008,136.51119185154894,96,0.004669027524635189,4.669027524635188
238,145,-194.95818654078008,136.51119185154894,104,0.008193099040435515,8.193099040435515
238,145,-194.95818654078008,136.51119185154894,112,0.007821402711692663,7.821402711692663
238,145,-194.95818654078008,136.51119185154894,120,0.0024085417397811206,2.408541739781121
238,145,-194.95818654078008,136.51119185154894,128,-0.006806193720953771,-6.806193720953771
238,145,-194.95818654078008,136.51119185154894,136,-0.015604850394042111,-15.604850394042112
238,145,-194.95818654078008,136.51119185154894,144,-0.011776136867553725,-11.776136867553724
238,145,-194.95818654078008,136.51119185154894,152,-0.0002726210762558773,-0.2726210762558773
238,145,-194.95818654078008,136.51119185154894,160,0.007974206068215684,7.974206068215684
238,145,-194.95818654078008,136.51119185154894,168,0.007623864118489915,7.623864118489915
238,145,-194.95818654078008,136.51119185154894,176,0.005818694506060854,5.818694506060854
238,145,-194.95818654078008,136.51119185154894,184,-0.0017345761655115828,-1.7345761655115828
238,145,-194.95818654078008,136.51119185154894,192,-0.011746907780227373,-11.746907780227373
238,145,-194.95818654078008,136.51119185154894,200,-0.01463624190922222,-14.63624190922222
238,145,-194.95818654078008,136.51119185154894,208,-0.006121460273799756,-6.121460273799756
238,145,-194.95818654078008,136.51119185154894,216,0.004906065705541825,4.906065705541825
238,145,-194.95818654078008,136.51119185154894,224,0.008402154725408534,8.402154725408534
238,145,-194.95818654078008,136.51119185154894,232,0.008029892275105168,8.029892275105167
238,145,-194.95818654078008,136.51119185154894,240,0.002645494516539041,2.645494516539041
238,145,-194.95818654078008,136.51119185154894,248,-0.0065124166130720446,-6.512416613072045
238,145,-194.95818654078008,136.51119185154894,256,-0.015351186319743401,-15.351186319743402
238,145,-194.95818654078008,136.51119185154894,264,-0.011557947290734838,-11.557947290734838
238,145,-194.95818654078008,136.51119185154894,272,-2.6608172670157988e-05,-0.026608172670157988
238,145,-194.95818654078008,136.51119185154894,280,0.0081660479811618,8.1660479811618
238,145,-194.95818654078008,136.51119185154894,288,0.007728456535652313,7.728456535652313
238,145,-194.95818654078008,136.51119185154894,296,0.005838523228871295,5.838523228871296
238,145,-194.95818654078008,136.51119185154894,304,-0.0018448338243867157,-1.8448338243867157
238,145,-194.95818654078008,136.51119185154894,312,-0.011977383690268942,-11.977383690268942
238,145,-194.95818654078008,136.51119185154894,320,-0.014891329387869504,-14.891329387869504
238,145,-194.95818654078008,136.51119185154894,328,-0.006540608345218291,-6.540608345218291
238,145,-194.95818654078008,136.51119185154894,336,0.004461298187569983,4.461298187569983
238,145,-194.95818654078008,136.51119185154894,344,0.008087368567505304,8.087368567505305
238,145,-194.95818654078008,136.51119185154894,352,0.0077629024740080155,7.7629024740080155
238,145,-194.95818654078008,136.51119185154894,360,0.0024661813271274016,2.466181327127402
238,150,-206.1140461006964,118.99999999999999,0,-0.010281160761994645,-10.281160761994645
238,150,-206.1140461006964,118.99999999999999,8,-0.019996903885347906,-19.996903885347905
238,150,-206.1140461006964,118.99999999999999,16,-0.02264399070374733,-22.64399070374733
238,150,-206.1140461006964,118.99999999999999,24,-0.016922306008393662,-16.92230600839366
238,150,-206.1140461006964,118.99999999999999,32,-0.005440935385923833,-5.440935385923833
238,150,-206.1140461006964,118.99999999999999,40,0.0007585213599107521,0.7585213599107521
238,150,-206.1140461006964,118.99999999999999,48,2.7071127044857313e-05,0.027071127044857313
238,150,-206.1140461006964,118.99999999999999,56,-0.005999780128488318,-5.999780128488318
238,150,-206.1140461006964,118.99999999999999,64,-0.015110693861843308,-15.110693861843309
238,150,-206.1140461006964,118.99999999999999,72,-0.024047789984616576,-24.047789984616575
238,150,-206.1140461006964,118.99999999999999,80,-0.020508146407199307,-20.508146407199305
238,150,-206.1140461006964,118.99999999999999,88,-0.011492200015186874,-11.492200015186874
238,150,-206.1140461006964,118.99999999999999,96,-0.0012899829064932828,-1.2899829064932828
238,150,-206.1140461006964,118.99999999999999,104,0.00028657212453246184,0.28657212453246184
238,150,-206.1140461006964,118.99999999999999,112,-0.002607790269708347,-2.607790269708347
238,150,-206.1140461006964,118.99999999999999,120,-0.01035806496246346,-10.35806496246346
238,150,-206.1140461006964,118.99999999999999,128,-0.020231178972897737,-20.231178972897737
238,150,-206.1140461006964,118.99999999999999,136,-0.02293706399162524,-22.93706399162524
238,150,-206.1140461006964,118.99999999999999,144,-0.01726433006895329,-17.26433006895329
238,150,-206.1140461006964,118.99999999999999,152,-0.005903224045205839,-5.90322404520584
238,150,-206.1140461006964,118.99999999999999,160,0.00041100435410619063,0.41100435410619063
238,150,-206.1140461006964,118.99999999999999,168,-0.0002418972899873445,-0.2418972899873445
238,150,-206.1140461006964,118.99999999999999,176,-0.006136803118092338,-6.136803118092338
238,150,-206.1140461006964,118.99999999999999,184,-0.015127694893810467,-15.127694893810467
238,150,-206.1140461006964,118.99999999999999,192,-0.024035235983812343,-24.035235983812342
238,150,-206.1140461006964,118.99999999999999,200,-0.02043666769658689,-20.43666769658689
238,150,-206.1140461006964,118.99999999999999,208,-0.011275170280601177,-11.275170280601177
238,150,-206.1140461006964,118.99999999999999,216,-0.0010413556025603288,-1.0413556025603288
238,150,-206.1140461006964,118.99999999999999,224,0.00045542849438922245,0.45542849438922245
238,150,-206.1140461006964,118.99999999999999,232,-0.0024460345259604555,-2.4460345259604557
238,150,-206.1140461006964,118.99999999999999,240,-0.010172013796645785,-10.172013796645786
238,150,-206.1140461006964,118.99999999999999,248,-0.01998070537508924,-19.98070537508924
238,150,-206.1140461006964,118.99999999999999,256,-0.022687447766627337,-22.687447766627336
238,150,-206.1140461006964,118.99999999999999,264,-0.017034153536155783,-17.034153536155785
238,150,-206.1140461006964,118.99999999999999,272,-0.005651955633468292,-5.651955633468292
238,150,-206.1140461006964,118.99999999999999,280,0.0005789900204071403,0.5789900204071403
238,150,-206.1140461006964,118.99999999999999,288,-0.00012744035150140848,-0.12744035150140848
238,150,-206.1140461006964,118.99999999999999,296,-0.006142452824383304,-6.142452824383304
238,150,-206.1140461006964,118.99999999999999,304,-0.015268390771553331,-15.268390771553332
238,150,-206.1140461006964,118.99999999999999,312,-0.024269324543379718,-24.269324543379717
238,150,-206.1140461006964,118.99999999999999,320,-0.020721856728602918,-20.72185672860292
238,150,-206.1140461006964,118.99999999999999,328,-0.011710717597123377,-11.710717597123377
238,150,-206.1140461006964,118.99999999999999,336,-0.001509884843596538,-1.5098848435965382
238,150,-206.1140461006964,118.99999999999999,344,0.00018324974895357615,0.18324974895357615
238,150,-206.1140461006964,118.99999999999999,352,-0.0026441754762618758,-2.644175476261876
238,150,-206.1140461006964,118.99999999999999,360,-0.010268704941744672,-10.268704941744671
238,155,-215.7012533147227,100.58314629428648,0,-0.021977472845895317,-21.977472845895317
238,155,-215.7012533147227,100.58314629428648,8,-0.030499136165512978,-30.49913616551298
238,155,-215.7012533147227,100.58314629428648,16,-0.027918540554306846,-27.918540554306844
238,155,-215.7012533147227,100.58314629428648,24,-0.021103135323580012,-21.103135323580013
238,155,-215.7012533147227,100.58314629428648,32,-0.010455690704280072,-10.455690704280071
238,155,-215.7012533147227,100.58314629428648,40,-0.006301989137834599,-6.301989137834599
238,155,-215.7012533147227,100.58314629428648,48,-0.00942234745904695,-9.42234745904695
238,155,-215.7012533147227,100.58314629428648,56,-0.01704548660599444,-17.04548660599444
238,155,-215.7012533147227,100.58314629428648,64,-0.027019530457970953,-27.01953045797095
238,155,-215.7012533147227,100.58314629428648,72,-0.029523490888255136,-29.523490888255136
238,155,-215.7012533147227,100.58314629428648,80,-0.025622735494371905,-25.622735494371906
238,155,-215.7012533147227,100.58314629428648,88,-0.01570151638649649,-15.70151638649649
238,155,-215.7012533147227,100.58314629428648,96,-0.0074364797797225645,-7.436479779722564
238,155,-215.7012533147227,100.58314629428648,104,-0.0072152641191204625,-7.215264119120462
238,155,-215.7012533147227,100.58314629428648,112,-0.013014838489995304,-13.014838489995304
238,155,-215.7012533147227,100.58314629428648,120,-0.02208448566051395,-22.08448566051395
238,155,-215.7012533147227,100.58314629428648,128,-0.03073398130654366,-30.733981306543658
238,155,-215.7012533147227,100.58314629428648,136,-0.02822237850351781,-28.22237850351781
238,155,-215.7012533147227,100.58314629428648,144,-0.021488847673540284,-21.488847673540285
238,155,-215.7012533147227,100.58314629428648,152,-0.010893439350913798,-10.893439350913798
238,155,-215.7012533147227,100.58314629428648,160,-0.0065823079670225965,-6.582307967022596
238,155,-215.7012533147227,100.58314629428648,168,-0.009605214985960744,-9.605214985960744
238,155,-215.7012533147227,100.58314629428648,176,-0.01709489248033163,-17.09489248033163
238,155,-215.7012533147227,100.58314629428648,184,-0.026980604897283614,-26.980604897283612
238,155,-215.7012533147227,100.58314629428648,192,-0.029495105662532196,-29.495105662532197
238,155,-215.7012533147227,100.58314629428648,200,-0.02552255285255342,-25.52255285255342
238,155,-215.7012533147227,100.58314629428648,208,-0.015471191133933141,-15.471191133933141
238,155,-215.7012533147227,100.58314629428648,216,-0.007233700410676414,-7.233700410676414
238,155,-215.7012533147227,100.58314629428648,224,-0.007089814913614214,-7.089814913614213
238,155,-215.7012533147227,100.58314629428648,232,-0.012904202726660922,-12.904202726660923
238,155,-215.7012533147227,100.58314629428648,240,-0.02195087052275015,-21.95087052275015
238,155,-215.7012533147227,100.58314629428648,248,-0.030505219373508783,-30.505219373508783
238,155,-215.7012533147227,100.58314629428648,256,-0.02798004931811506,-27.980049318115057
238,155,-215.7012533147227,100.58314629428648,264,-0.021245602851109963,-21.24560285110996
238,155,-215.7012533147227,100.58314629428648,272,-0.010655894180291895,-10.655894180291895
238,155,-215.7012533147227,100.58314629428648,280,-0.006440207111091075,-6.440207111091075
238,155,-215.7012533147227,100.58314629428648,288,-0.009526386014051272,-9.526386014051273
238,155,-215.7012533147227,100.58314629428648,296,-0.01713713024619888,-17.137130246198883
238,155,-215.7012533147227,100.58314629428648,304,-0.027133123621015436,-27.133123621015436
238,155,-215.7012533147227,100.58314629428648,312,-0.029727577862184832,-29.72757786218483
238,155,-215.7012533147227,100.58314629428648,320,-0.025839358249961725,-25.839358249961723
238,155,-215.7012533147227,100.58314629428648,328,-0.015923754561897492,-15.923754561897493
238,155,-215.7012533147227,100.58314629428648,336,-0.007611282615690745,-7.611282615690746
238,155,-215.7012533147227,100.58314629428648,344,-0.007307418577643152,-7.307418577643151
238,155,-215.7012533147227,100.58314629428648,352,-0.013018423813083324,-13.018423813083324
238,155,-215.7012533147227,100.58314629428648,360,-0.021965036157296586,-21.965036157296584
238,160,-223.64684374704618,81.4007941115092,0,-0.03233365426408482,-32.33365426408482
238,160,-223.64684374704618,81.4007941115092,8,-0.03506327976427474,-35.063279764274746
238,160,-223.64684374704618,81.4007941115092,16,-0.032325184350475655,-32.32518435047565
238,160,-223.64684374704618,81.4007941115092,24,-0.02444095494160978,-24.44095494160978
238,160,-223.64684374704618,81.4007941115092,32,-0.014885663460746344,-14.885663460746343
238,160,-223.64684374704618,81.4007941115092,40,-0.012787609739909717,-12.787609739909717
238,160,-223.64684374704618,81.4007941115092,48,-0.018063853491838734,-18.063853491838735
238,160,-223.64684374704618,81.4007941115092,56,-0.027059204215641,-27.059204215641003
238,160,-223.64684374704618,81.4007941115092,64,-0.0354349359808889,-35.4349359808889
238,160,-223.64684374704618,81.4007941115092,72,-0.0341246856825763,-34.124685682576306
238,160,-223.64684374704618,81.4007941115092,80,-0.029384466015417193,-29.384466015417193
238,160,-223.64684374704618,81.4007941115092,88,-0.01910379004235123,-19.10379004235123
238,160,-223.64684374704618,81.4007941115092,96,-0.012894633531133477,-12.894633531133477
238,160,-223.64684374704618,81.4007941115092,104,-0.014876462488669093,-14.876462488669093
238,160,-223.64684374704618,81.4007941115092,112,-0.022177023819390535,-22.177023819390534
238,160,-223.64684374704618,81.4007941115092,120,-0.032451032680018796,-32.4510326800188
238,160,-223.64684374704618,81.4007941115092,128,-0.035293835101111226,-35.29383510111123
238,160,-223.64684374704618,81.4007941115092,136,-0.03263930884878481,-32.639308848784815
238,160,-223.64684374704618,81.4007941115092,144,-0.024872079214127728,-24.872079214127726
238,160,-223.64684374704618,81.4007941115092,152,-0.015230179972884027,-15.230179972884027
238,160,-223.64684374704618,81.4007941115092,160,-0.012989253217193903,-12.989253217193903
238,160,-223.64684374704618,81.4007941115092,168,-0.01815772902024896,-18.15772902024896
238,160,-223.64684374704618,81.4007941115092,176,-0.027022240265939336,-27.022240265939335
238,160,-223.64684374704618,81.4007941115092,184,-0.035365543342089786,-35.36554334208979
238,160,-223.64684374704618,81.4007941115092,192,-0.03408163291329932,-34.081632913299316
238,160,-223.64684374704618,81.4007941115092,200,-0.029261129914504996,-29.261129914504995
238,160,-223.64684374704618,81.4007941115092,208,-0.018891674265323635,-18.891674265323637
238,160,-223.64684374704618,81.4007941115092,216,-0.01273980129367354,-12.73980129367354
238,160,-223.64684374704618,81.4007941115092,224,-0.014801686058292527,-14.801686058292526
238,160,-223.64684374704618,81.4007941115092,232,-0.0221180155718192,-22.1180155718192
238,160,-223.64684374704618,81.4007941115092,240,-0.032366662611992926,-32.36666261199293
238,160,-223.64684374704618,81.4007941115092,248,-0.035084693597621716,-35.084693597621715
238,160,-223.64684374704618,81.4007941115092,256,-0.032401908943797866,-32.401908943797864
238,160,-223.64684374704618,81.4007941115092,264,-0.02461463830713712,-24.61463830713712
238,160,-223.64684374704618,81.4007941115092,272,-0.015040427494428382,-15.040427494428382
238,160,-223.64684374704618,81.4007941115092,280,-0.012880958447241981,-12.880958447241982
238,160,-223.64684374704618,81.4007941115092,288,-0.01811680827524329,-18.11680827524329
238,160,-223.64684374704618,81.4007941115092,296,-0.027097708304249533,-27.097708304249533
238,160,-223.64684374704618,81.4007941115092,304,-0.03551898266713461,-35.51898266713461
238,160,-223.64684374704618,81.4007941115092,312,-0.03431163888669281,-34.311638886692805
238,160,-223.64684374704618,81.4007941115092,320,-0.029609922380517212,-29.60992238051721
238,160,-223.64684374704618,81.4007941115092,328,-0.019300424936523224,-19.300424936523225
238,160,-223.64684374704618,81.4007941115092,336,-0.013023171611094545,-13.023171611094545
238,160,-223.64684374704618,81.4007941115092,344,-0.014926801174174687,-14.926801174174686
238,160,-223.64684374704618,81.4007941115092,352,-0.02214143136226046,-22.141431362260462
238,160,-223.64684374704618,81.4007941115092,360,-0.032321954895138005,-32.321954895138006
238,165,-229.89034665679824,61.5989327344,0,-0.038634767148434876,-38.634767148434875
238,165,-229.89034665679824,61.5989327344,8,-0.03887606410142527,-38.87606410142527
238,165,-229.89034665679824,61.5989327344,16,-0.0354977496413318,-35.4977496413318
238,165,-229.89034665679824,61.5989327344,24,-0.026285533994798965,-26.285533994798964
238,165,-229.89034665679824,61.5989327344,32,-0.018579076574391184,-18.579076574391184
238,165,-229.89034665679824,61.5989327344,40,-0.018687870841510575,-18.687870841510577
238,165,-229.89034665679824,61.5989327344,48,-0.02549120477834333,-25.49120477834333
238,165,-229.89034665679824,61.5989327344,56,-0.035958640759229006,-35.958640759229006
238,165,-229.89034665679824,61.5989327344,64,-0.039289822360243566,-39.28982236024357
238,165,-229.89034665679824,61.5989327344,72,-0.03767741454433603,-37.677414544336024
238,165,-229.89034665679824,61.5989327344,80,-0.032411031715379485,-32.41103171537949
238,165,-229.89034665679824,61.5989327344,88,-0.021687555342591536,-21.687555342591537
238,165,-229.89034665679824,61.5989327344,96,-0.017644369235922344,-17.644369235922344
238,165,-229.89034665679824,61.5989327344,104,-0.02157329389989878,-21.57329389989878
238,165,-229.89034665679824,61.5989327344,112,-0.03031817974948798,-30.318179749487978
238,165,-229.89034665679824,61.5989327344,120,-0.038749885424833104,-38.7498854248331
238,165,-229.89034665679824,61.5989327344,128,-0.039101174791562214,-39.101174791562215
238,165,-229.89034665679824,61.5989327344,136,-0.035820688187615954,-35.82068818761596
238,165,-229.89034665679824,61.5989327344,144,-0.02665807016222162,-26.65807016222162
238,165,-229.89034665679824,61.5989327344,152,-0.018827231188466992,-18.827231188466993
238,165,-229.89034665679824,61.5989327344,160,-0.0187965411159082,-18.796541115908198
238,165,-229.89034665679824,61.5989327344,168,-0.025491317382236478,-25.491317382236478
238,165,-229.89034665679824,61.5989327344,176,-0.035849613567296136,-35.84961356729614
238,165,-229.89034665679824,61.5989327344,184,-0.039206851919689235,-39.206851919689235
238,165,-229.89034665679824,61.5989327344,192,-0.037625273948368836,-37.625273948368836
238,165,-229.89034665679824,61.5989327344,200,-0.032264285650142284,-32.264285650142284
238,165,-229.89034665679824,61.5989327344,208,-0.02151915116560684,-21.51915116560684
238,165,-229.89034665679824,61.5989327344,216,-0.01753775363069955,-17.53775363069955
238,165,-229.89034665679824,61.5989327344,224,-0.02155018893876908,-21.550188938769082
238,165,-229.89034665679824,61.5989327344,232,-0.030313542686810496,-30.313542686810496
238,165,-229.89034665679824,61.5989327344,240,-0.038695651006392856,-38.69565100639286
238,165,-229.89034665679824,61.5989327344,248,-0.03891150685127237,-38.91150685127237
238,165,-229.89034665679824,61.5989327344,256,-0.03558203640197437,-35.58203640197437
238,165,-229.89034665679824,61.5989327344,264,-0.02643649508890671,-26.43649508890671
238,165,-229.89034665679824,61.5989327344,272,-0.018686495145422432,-18.68649514542243
238,165,-229.89034665679824,61.5989327344,280,-0.0187324772894312,-18.7324772894312
238,165,-229.89034665679824,61.5989327344,288,-0.025492524577532292,-25.492524577532294
238,165,-229.89034665679824,61.5989327344,296,-0.03594357678842784,-35.94357678842784
238,165,-229.89034665679824,61.5989327344,304,-0.039357032277402726,-39.35703227740272
238,165,-229.89034665679824,61.5989327344,312,-0.03785252937778402,-37.85252937778402
238,165,-229.89034665679824,61.5989327344,320,-0.03264616632026328,-32.646166320263276
238,165,-229.89034665679824,61.5989327344,328,-0.021835063954604474,-21.835063954604475
238,165,-229.89034665679824,61.5989327344,336,-0.01772688340697221,-17.726883406972213
238,165,-229.89034665679824,61.5989327344,344,-0.021581433036553955,-21.581433036553953
238,165,-229.89034665679824,61.5989327344,352,-0.030250874929286953,-30.250874929286955
238,165,-229.89034665679824,61.5989327344,360,-0.0386240223874406,-38.624022387440604
238,170,-234.3842452169055,41.32826628472941,0,-0.0418248687831547,-41.8248687831547
238,170,-234.3842452169055,41.32826628472941,8,-0.04142483548584324,-41.42483548584324
238,170,-234.3842452169055,41.32826628472941,16,-0.03749991864729148,-37.49991864729148
238,170,-234.3842452169055,41.32826628472941,24,-0.027104461828628332,-27.10446182862833
238,170,-234.3842452169055,41.32826628472941,32,-0.021513246632047553,-21.513246632047554
238,170,-234.3842452169055,41.32826628472941,40,-0.02352220992589204,-23.52220992589204
238,170,-234.3842452169055,41.32826628472941,48,-0.03187037230801238,-31.87037230801238
238,170,-234.3842452169055,41.32826628472941,56,-0.04043237672746503,-40.432376727465034
238,170,-234.3842452169055,41.32826628472941,64,-0.042359461769814866,-42.359461769814864
238,170,-234.3842452169055,41.32826628472941,72,-0.04007931505006747,-40.07931505006747
238,170,-234.3842452169055,41.32826628472941,80,-0.03252157174252849,-32.52157174252849
238,170,-234.3842452169055,41.32826628472941,88,-0.02348996940643628,-23.48996940643628
238,170,-234.3842452169055,41.32826628472941,96,-0.021636063891812874,-21.636063891812874
238,170,-234.3842452169055,41.32826628472941,104,-0.027113303051373716,-27.113303051373716
238,170,-234.3842452169055,41.32826628472941,112,-0.03755002342335635,-37.55002342335635
238,170,-234.3842452169055,41.32826628472941,120,-0.04193103142797634,-41.93103142797634
238,170,-234.3842452169055,41.32826628472941,128,-0.041643478856525064,-41.643478856525064
238,170,-234.3842452169055,41.32826628472941,136,-0.03782330450851533,-37.82330450851533
238,170,-234.3842452169055,41.32826628472941,144,-0.02738392346580388,-27.38392346580388
238,170,-234.3842452169055,41.32826628472941,152,-0.021667624988321896,-21.667624988321897
238,170,-234.3842452169055,41.32826628472941,160,-0.023535241630599602,-23.535241630599604
238,170,-234.3842452169055,41.32826628472941,168,-0.03178043604514924,-31.78043604514924
238,170,-234.3842452169055,41.32826628472941,176,-0.0402986005622995,-40.298600562299505
238,170,-234.3842452169055,41.32826628472941,184,-0.042264218294402855,-42.26421829440285
238,170,-234.3842452169055,41.32826628472941,192,-0.040024800213581735,-40.024800213581734
238,170,-234.3842452169055,41.32826628472941,200,-0.032392894751588956,-32.392894751588955
238,170,-234.3842452169055,41.32826628472941,208,-0.023367138806166088,-23.36713880616609
238,170,-234.3842452169055,41.32826628472941,216,-0.021577955271160968,-21.577955271160967
238,170,-234.3842452169055,41.32826628472941,224,-0.0271428575926094,-27.1428575926094
238,170,-234.3842452169055,41.32826628472941,232,-0.037599533112557315,-37.59953311255732
238,170,-234.3842452169055,41.32826628472941,240,-0.04189396420125213,-41.89396420125213
238,170,-234.3842452169055,41.32826628472941,248,-0.04146652679015799,-41.46652679015799
238,170,-234.3842452169055,41.32826628472941,256,-0.03759061832399377,-37.590618323993766
238,170,-234.3842452169055,41.32826628472941,264,-0.027214587076484695,-27.214587076484694
238,170,-234.3842452169055,41.32826628472941,272,-0.021574736319601724,-21.574736319601723
238,170,-234.3842452169055,41.32826628472941,280,-0.02351614775355407,-23.516147753554073
238,170,-234.3842452169055,41.32826628472941,288,-0.031816995369176634,-31.816995369176635
238,170,-234.3842452169055,41.32826628472941,296,-0.040385858713684754,-40.385858713684755
238,170,-234.3842452169055,41.32826628472941,304,-0.0424102772092648,-42.410277209264805
238,170,-234.3842452169055,41.32826628472941,312,-0.040249150477948865,-40.24915047794887
238,170,-234.3842452169055,41.32826628472941,320,-0.03271484240988824,-32.71484240988824
238,170,-234.3842452169055,41.32826628472941,328,-0.023587440599379374,-23.587440599379374
238,170,-234.3842452169055,41.32826628472941,336,-0.021672917832955944,-21.672917832955942
238,170,-234.3842452169055,41.32826628472941,344,-0.027080202827405815,-27.080202827405817
238,170,-234.3842452169055,41.32826628472941,352,-0.03745638075381479,-37.45638075381479
238,170,-234.3842452169055,41.32826628472941,360,-0.041815259917224824,-41.81525991722482
238,175,-237.09433814583545,20.74306677394265,0,-0.044166692506121576,-44.16669250612158
238,175,-237.09433814583545,20.74306677394265,8,-0.04291644231708736,-42.91644231708736
238,175,-237.09433814583545,20.74306677394265,16,-0.036611008973581834,-36.61100897358183
238,175,-237.09433814583545,20.74306677394265,24,-0.027099666405062978,-27.099666405062976
238,175,-237.09433814583545,20.74306677394265,32,-0.023658824521059996,-23.658824521059994
238,175,-237.09433814583545,20.74306677394265,40,-0.02726059108083207,-27.26059108083207
238,175,-237.09433814583545,20.74306677394265,48,-0.037018940133427526,-37.01894013342753
238,175,-237.09433814583545,20.74306677394265,56,-0.04304411784104204,-43.044117841042045
238,175,-237.09433814583545,20.74306677394265,64,-0.043855139928372894,-43.85513992837289
238,175,-237.09433814583545,20.74306677394265,72,-0.04085921986533465,-40.85921986533465
238,175,-237.09433814583545,20.74306677394265,80,-0.03171712065223486,-31.717120652234858
238,175,-237.09433814583545,20.74306677394265,88,-0.024485628211881813,-24.485628211881814
238,175,-237.09433814583545,20.74306677394265,96,-0.02449400184127227,-24.49400184127227
238,175,-237.09433814583545,20.74306677394265,104,-0.0316548172357468,-31.654817235746798
238,175,-237.09433814583545,20.74306677394265,112,-0.0405356005011477,-40.5356005011477
238,175,-237.09433814583545,20.74306677394265,120,-0.04426331048916139,-44.26331048916139
238,175,-237.09433814583545,20.74306677394265,128,-0.04312760247079683,-43.12760247079683
238,175,-237.09433814583545,20.74306677394265,136,-0.03689313992533623,-36.89313992533623
238,175,-237.09433814583545,20.74306677394265,144,-0.027284230152798326,-27.284230152798326
238,175,-237.09433814583545,20.74306677394265,152,-0.023719398590113704,-23.719398590113702
238,175,-237.09433814583545,20.74306677394265,160,-0.02717847257260621,-27.17847257260621
238,175,-237.09433814583545,20.74306677394265,168,-0.03685035123687859,-36.85035123687859
238,175,-237.09433814583545,20.74306677394265,176,-0.04289987256346302,-42.89987256346302
238,175,-237.09433814583545,20.74306677394265,184,-0.04375461178884013,-43.75461178884013
238,175,-237.09433814583545,20.74306677394265,192,-0.04079865733775396,-40.79865733775396
238,175,-237.09433814583545,20.74306677394265,200,-0.03160930032359608,-31.60930032359608
238,175,-237.09433814583545,20.74306677394265,208,-0.024406662613003314,-24.406662613003313
238,175,-237.09433814583545,20.74306677394265,216,-0.024486228657028975,-24.486228657028974
238,175,-237.09433814583545,20.74306677394265,224,-0.031737285605621696,-31.737285605621697
238,175,-237.09433814583545,20.74306677394265,232,-0.04061945199251589,-40.61945199251589
238,175,-237.09433814583545,20.74306677394265,240,-0.04424297005265335,-44.242970052653355
238,175,-237.09433814583545,20.74306677394265,248,-0.0429595350409781,-42.9595350409781
238,175,-237.09433814583545,20.74306677394265,256,-0.03670436818833515,-36.704368188335145
238,175,-237.09433814583545,20.74306677394265,264,-0.027167752543411812,-27.16775254341181
238,175,-237.09433814583545,20.74306677394265,272,-0.023674125012849982,-23.67412501284998
238,175,-237.09433814583545,20.74306677394265,280,-0.027203001100610986,-27.203001100610987
238,175,-237.09433814583545,20.74306677394265,288,-0.03691236095583751,-36.912360955837514
238,175,-237.09433814583545,20.74306677394265,296,-0.04297272240453429,-42.972722404534295
238,175,-237.09433814583545,20.74306677394265,304,-0.04389800207045752,-43.89800207045752
238,175,-237.09433814583545,20.74306677394265,312,-0.041010826363651616,-41.01082636365162
238,175,-237.09433814583545,20.74306677394265,320,-0.03186583617524556,-31.865836175245562
238,175,-237.09433814583545,20.74306677394265,328,-0.024533995260856038,-24.533995260856038
238,175,-237.09433814583545,20.74306677394265,336,-0.024484639605577653,-24.48463960557765
238,175,-237.09433814583545,20.74306677394265,344,-0.031584822504038365,-31.584822504038364
238,175,-237.09433814583545,20.74306677394265,352,-0.04045986725438938,-40.45986725438938
238,175,-237.09433814583545,20.74306677394265,360,-0.04415836477427419,-44.15836477427419
238,180,-238.0,2.914659381970701e-14,0,-0.0445599183265151,-44.559918326515096
238,180,-238.0,2.914659381970701e-14,8,-0.042524210817157515,-42.52421081715752
238,180,-238.0,2.914659381970701e-14,16,-0.03486401118938504,-34.864011189385046
238,180,-238.0,2.914659381970701e-14,24,-0.026249275464165712,-26.249275464165713
238,180,-238.0,2.914659381970701e-14,32,-0.024640688366756165,-24.640688366756166
238,180,-238.0,2.914659381970701e-14,40,-0.03005135455286146,-30.05135455286146
238,180,-238.0,2.914659381970701e-14,48,-0.039445515205686274,-39.44551520568628
238,180,-238.0,2.914659381970701e-14,56,-0.04447015056468249,-44.47015056468249
238,180,-238.0,2.914659381970701e-14,64,-0.0444096599436337,-44.409659943633706
238,180,-238.0,2.914659381970701e-14,72,-0.039341535117221486,-39.34153511722149
238,180,-238.0,2.914659381970701e-14,80,-0.02995872672653349,-29.95872672653349
238,180,-238.0,2.914659381970701e-14,88,-0.02462616295384202,-24.62616295384202
238,180,-238.0,2.914659381970701e-14,96,-0.02628994633643757,-26.28994633643757
238,180,-238.0,2.914659381970701e-14,104,-0.034949902474025435,-34.949902474025436
238,180,-238.0,2.914659381970701e-14,112,-0.04259313663016956,-42.59313663016956
238,180,-238.0,2.914659381970701e-14,120,-0.04465332387253324,-44.65332387253324
238,180,-238.0,2.914659381970701e-14,128,-0.042723031480590486,-42.723031480590485
238,180,-238.0,2.914659381970701e-14,136,-0.035103100572859494,-35.103100572859496
238,180,-238.0,2.914659381970701e-14,144,-0.026339917176525025,-26.339917176525024
238,180,-238.0,2.914659381970701e-14,152,-0.024604273036281852,-24.604273036281853
238,180,-238.0,2.914659381970701e-14,160,-0.029877436301841864,-29.877436301841865
238,180,-238.0,2.914659381970701e-14,168,-0.03924422807281056,-39.244228072810564
238,180,-238.0,2.914659381970701e-14,176,-0.04431734214144754,-44.31734214144754
238,180,-238.0,2.914659381970701e-14,184,-0.04430617054075103,-44.30617054075103
238,180,-238.0,2.914659381970701e-14,192,-0.039267594815694445,-39.267594815694444
238,180,-238.0,2.914659381970701e-14,200,-0.029879871015455313,-29.87987101545531
238,180,-238.0,2.914659381970701e-14,208,-0.024592300950943922,-24.592300950943923
238,180,-238.0,2.914659381970701e-14,216,-0.02633252623800794,-26.33252623800794
238,180,-238.0,2.914659381970701e-14,224,-0.03508202336871968,-35.082023368719675
238,180,-238.0,2.914659381970701e-14,232,-0.04271029470549911,-42.710294705499116
238,180,-238.0,2.914659381970701e-14,240,-0.04464065919973143,-44.64065919973143
238,180,-238.0,2.914659381970701e-14,248,-0.04257878063158442,-42.57878063158442
238,180,-238.0,2.914659381970701e-14,256,-0.03495929227980804,-34.95929227980804
238,180,-238.0,2.914659381970701e-14,264,-0.026275772071834576,-26.275772071834577
238,180,-238.0,2.914659381970701e-14,272,-0.024607396792295747,-24.607396792295745
238,180,-238.0,2.914659381970701e-14,280,-0.02994269401052058,-29.94269401052058
238,180,-238.0,2.914659381970701e-14,288,-0.03929270190648688,-39.292701906486876
238,180,-238.0,2.914659381970701e-14,296,-0.04437873170994905,-44.37873170994905
238,180,-238.0,2.914659381970701e-14,304,-0.04444644296746106,-44.44644296746106
238,180,-238.0,2.914659381970701e-14,312,-0.03945168968867974,-39.45168968867974
238,180,-238.0,2.914659381970701e-14,320,-0.03005937227377381,-30.05937227377381
238,180,-238.0,2.914659381970701e-14,328,-0.024625403188770326,-24.625403188770328
238,180,-238.0,2.914659381970701e-14,336,-0.026236840215713264,-26.236840215713265
238,180,-238.0,2.914659381970701e-14,344,-0.03485896294704089,-34.858962947040894
238,180,-238.0,2.914659381970701e-14,352,-0.04253711577817338,-42.53711577817338
238,180,-238.0,2.914659381970701e-14,360,-0.04455282201195188,-44.55282201195188
272,90,1.6655196468404002e-14,272.0,0,0.13574369170781359,135.74369170781358
272,90,1.6655196468404002e-14,272.0,8,0.12175227352132248,121.75227352132248
272,90,1.6655196468404002e-14,272.0,16,0.12278796102874752,122.78796102874752
272,90,1.6655196468404002e-14,272.0,24,0.12642720661054985,126.42720661054985
272,90,1.6655196468404002e-14,272.0,32,0.14235091270685873,142.35091270685874
272,90,1.6655196468404002e-14,272.0,40,0.150238199940385,150.23819994038502
272,90,1.6655196468404002e-14,272.0,48,0.15184500952658786,151.84500952658786
272,90,1.6655196468404002e-14,272.0,56,0.14630699187362928,146.30699187362927
272,90,1.6655196468404002e-14,272.0,64,0.12600121948060264,126.00121948060264
272,90,1.6655196468404002e-14,272.0,72,0.12179011364976701,121.79011364976701
272,90,1.6655196468404002e-14,272.0,80,0.12424025064466405,124.24025064466406
272,90,1.6655196468404002e-14,272.0,88,0.13252678027736967,132.52678027736965
272,90,1.6655196468404002e-14,272.0,96,0.14800943994540333,148.00943994540333
272,90,1.6655196468404002e-14,272.0,104,0.15088510787295087,150.88510787295087
272,90,1.6655196468404002e-14,272.0,112,0.15059756045988282,150.59756045988283
272,90,1.6655196468404002e-14,272.0,120,0.13570904566637026,135.70904566637026
272,90,1.6655196468404002e-14,272.0,128,0.1216200767556668,121.6200767556668
272,90,1.6655196468404002e-14,272.0,136,0.1226297318023003,122.6297318023003
272,90,1.6655196468404002e-14,272.0,144,0.12629079660939152,126.29079660939152
272,90,1.6655196468404002e-14,272.0,152,0.14199236467959822,141.9923646795982
272,90,1.6655196468404002e-14,272.0,160,0.14998065309135866,149.98065309135868
272,90,1.6655196468404002e-14,272.0,168,0.1514792177991047,151.4792177991047
272,90,1.6655196468404002e-14,272.0,176,0.14597615229649613,145.97615229649614
272,90,1.6655196468404002e-14,272.0,184,0.12572021070028955,125.72021070028954
272,90,1.6655196468404002e-14,272.0,192,0.1215317756792541,121.53177567925411
272,90,1.6655196468404002e-14,272.0,200,0.12402087192093819,124.02087192093819
272,90,1.6655196468404002e-14,272.0,208,0.1325473846667461,132.5473846667461
272,90,1.6655196468404002e-14,272.0,216,0.14811747837391775,148.11747837391775
272,90,1.6655196468404002e-14,272.0,224,0.15112111975108874,151.12111975108874
272,90,1.6655196468404002e-14,272.0,232,0.15090294981310637,150.90294981310637
272,90,1.6655196468404002e-14,272.0,240,0.13605562194066184,136.05562194066184
272,90,1.6655196468404002e-14,272.0,248,0.12203512749952679,122.0351274995268
272,90,1.6655196468404002e-14,272.0,256,0.12301384318588246,123.01384318588246
272,90,1.6655196468404002e-14,272.0,264,0.12657522801599924,126.57522801599924
272,90,1.6655196468404002e-14,272.0,272,0.1422354828601059,142.2354828601059
272,90,1.6655196468404002e-14,272.0,280,0.15005554106440847,150.05554106440846
272,90,1.6655196468404002e-14,272.0,288,0.15153227935715488,151.5322793571549
272,90,1.6655196468404002e-14,272.0,296,0.146009516580697,146.009516580697
272,90,1.6655196468404002e-14,272.0,304,0.12564250774425903,125.64250774425904
272,90,1.6655196468404002e-14,272.0,312,0.121371605814972,121.371605814972
272,90,1.6655196468404002e-14,272.0,320,0.12391215201933489,123.9121520193349
272,90,1.6655196468404002e-14,272.0,328,0.13224687882152303,132.24687882152304
272,90,1.6655196468404002e-14,272.0,336,0.14790045191912793,147.90045191912793
272,90,1.6655196468404002e-14,272.0,344,0.15083958951663762,150.83958951663763
272,90,1.6655196468404002e-14,272.0,352,0.15056444373588818,150.56444373588818
272,90,1.6655196468404002e-14,272.0,360,0.1357528552180686,135.7528552180686
272,95,-23.70636202736304,270.9649578809548,0,0.10838126155851252,108.38126155851252
272,95,-23.70636202736304,270.9649578809548,8,0.10732259408372036,107.32259408372036
272,95,-23.70636202736304,270.9649578809548,16,0.11033443286262737,110.33443286262737
272,95,-23.70636202736304,270.9649578809548,24,0.115159720395456,115.15972039545599
272,95,-23.70636202736304,270.9649578809548,32,0.13111362772515764,131.11362772515764
272,95,-23.70636202736304,270.9649578809548,40,0.1379167392963183,137.91673929631833
272,95,-23.70636202736304,270.9649578809548,48,0.13647918828939146,136.47918828939146
272,95,-23.70636202736304,270.9649578809548,56,0.11895266491955687,118.95266491955688
272,95,-23.70636202736304,270.9649578809548,64,0.10671275733339738,106.71275733339739
272,95,-23.70636202736304,270.9649578809548,72,0.1093408111302477,109.3408111302477
272,95,-23.70636202736304,270.9649578809548,80,0.11259738541118203,112.59738541118203
272,95,-23.70636202736304,270.9649578809548,88,0.12128314731628859,121.28314731628859
272,95,-23.70636202736304,270.9649578809548,96,0.13627110411662982,136.27110411662983
272,95,-23.70636202736304,270.9649578809548,104,0.13858278834588822,138.58278834588822
272,95,-23.70636202736304,270.9649578809548,112,0.12918992297647627,129.18992297647628
272,95,-23.70636202736304,270.9649578809548,120,0.10832443902956752,108.32443902956753
272,95,-23.70636202736304,270.9649578809548,128,0.10719660493946084,107.19660493946084
272,95,-23.70636202736304,270.9649578809548,136,0.11017515901981326,110.17515901981325
272,95,-23.70636202736304,270.9649578809548,144,0.11502477116150296,115.02477116150297
272,95,-23.70636202736304,270.9649578809548,152,0.13075448274675366,130.75448274675367
272,95,-23.70636202736304,270.9649578809548,160,0.13766081676493253,137.66081676493252
272,95,-23.70636202736304,270.9649578809548,168,0.13610947461755718,136.10947461755717
272,95,-23.70636202736304,270.9649578809548,176,0.11864105278764928,118.64105278764927
272,95,-23.70636202736304,270.9649578809548,184,0.10642670797860357,106.42670797860357
272,95,-23.70636202736304,270.9649578809548,192,0.10907328283139534,109.07328283139533
272,95,-23.70636202736304,270.9649578809548,200,0.11238203201026487,112.38203201026487
272,95,-23.70636202736304,270.9649578809548,208,0.12131266221072423,121.31266221072423
272,95,-23.70636202736304,270.9649578809548,216,0.13638099912439194,136.38099912439193
272,95,-23.70636202736304,270.9649578809548,224,0.13881104201113248,138.81104201113249
272,95,-23.70636202736304,270.9649578809548,232,0.1294926673772101,129.4926673772101
272,95,-23.70636202736304,270.9649578809548,240,0.10867250338553526,108.67250338553526
272,95,-23.70636202736304,270.9649578809548,248,0.10762800470749778,107.62800470749778
272,95,-23.70636202736304,270.9649578809548,256,0.11056843806087081,110.56843806087082
272,95,-23.70636202736304,270.9649578809548,264,0.11530136794501825,115.30136794501824
272,95,-23.70636202736304,270.9649578809548,272,0.13099166399949172,130.99166399949172
272,95,-23.70636202736304,270.9649578809548,280,0.13774167362413753,137.74167362413752
272,95,-23.70636202736304,270.9649578809548,288,0.13619210287579325,136.19210287579324
272,95,-23.70636202736304,270.9649578809548,296,0.11864904079592693,118.64904079592694
272,95,-23.70636202736304,270.9649578809548,304,0.10634916020327513,106.34916020327513
272,95,-23.70636202736304,270.9649578809548,312,0.10891865745344338,108.91865745344339
272,95,-23.70636202736304,270.9649578809548,320,0.1122729048754267,112.27290487542669
272,95,-23.70636202736304,270.9649578809548,328,0.12101042848349099,121.01042848349098
272,95,-23.70636202736304,270.9649578809548,336,0.13616512509294568,136.1651250929457
272,95,-23.70636202736304,270.9649578809548,344,0.1385269755552761,138.5269755552761
272,95,-23.70636202736304,270.9649578809548,352,0.1291540306709444,129.1540306709444
272,95,-23.70636202736304,270.9649578809548,360,0.10839050234448229,108.39050234448229
272,100,-47.23230432540504,267.86770881932057,0,0.09130320325115654,91.30320325115655
272,100,-47.23230432540504,267.86770881932057,8,0.09486548807626556,94.86548807626556
272,100,-47.23230432540504,267.86770881932057,16,0.09887829163610358,98.87829163610358
272,100,-47.23230432540504,267.86770881932057,24,0.10396802925983761,103.9680292598376
272,100,-47.23230432540504,267.86770881932057,32,0.11933052419079851,119.33052419079851
272,100,-47.23230432540504,267.86770881932057,40,0.12529224854281934,125.29224854281934
272,100,-47.23230432540504,267.86770881932057,48,0.11307905959964944,113.07905959964944
272,100,-47.23230432540504,267.86770881932057,56,0.09327439317447597,93.27439317447597
272,100,-47.23230432540504,267.86770881932057,64,0.09317877053369364,93.17877053369364
272,100,-47.23230432540504,267.86770881932057,72,0.09699177412892968,96.99177412892968
272,100,-47.23230432540504,267.86770881932057,80,0.10132825360382466,101.32825360382466
272,100,-47.23230432540504,267.86770881932057,88,0.11012641186502198,110.12641186502198
272,100,-47.23230432540504,267.86770881932057,96,0.12416041215285156,124.16041215285156
272,100,-47.23230432540504,267.86770881932057,104,0.12225481107045438,122.25481107045438
272,100,-47.23230432540504,267.86770881932057,112,0.10200436456048262,102.00436456048261
272,100,-47.23230432540504,267.86770881932057,120,0.09125728911213918,91.25728911213918
272,100,-47.23230432540504,267.86770881932057,128,0.09474321429541813,94.74321429541813
272,100,-47.23230432540504,267.86770881932057,136,0.09871902221022788,98.71902221022788
272,100,-47.23230432540504,267.86770881932057,144,0.10383385750614378,103.83385750614379
272,100,-47.23230432540504,267.86770881932057,152,0.11897061675008515,118.97061675008514
272,100,-47.23230432540504,267.86770881932057,160,0.12503431190999154,125.03431190999153
272,100,-47.23230432540504,267.86770881932057,168,0.11271429342537644,112.71429342537644
272,100,-47.23230432540504,267.86770881932057,176,0.0929777475643511,92.97774756435109
272,100,-47.23230432540504,267.86770881932057,184,0.0928813496216266,92.8813496216266
272,100,-47.23230432540504,267.86770881932057,192,0.09671837909878805,96.71837909878805
272,100,-47.23230432540504,267.86770881932057,200,0.10112143207496634,101.12143207496634
272,100,-47.23230432540504,267.86770881932057,208,0.11016529724725266,110.16529724725265
272,100,-47.23230432540504,267.86770881932057,216,0.12426727097072743,124.26727097072742
272,100,-47.23230432540504,267.86770881932057,224,0.1224526846162492,122.4526846162492
272,100,-47.23230432540504,267.86770881932057,232,0.10232295652803483,102.32295652803484
272,100,-47.23230432540504,267.86770881932057,240,0.0916080237990774,91.6080237990774
272,100,-47.23230432540504,267.86770881932057,248,0.09517880786951288,95.17880786951288
272,100,-47.23230432540504,267.86770881932057,256,0.0991064081199656,99.1064081199656
272,100,-47.23230432540504,267.86770881932057,264,0.10410298066461561,104.10298066461561
272,100,-47.23230432540504,267.86770881932057,272,0.11920722405611023,119.20722405611023
272,100,-47.23230432540504,267.86770881932057,280,0.125127230419955,125.127230419955
272,100,-47.23230432540504,267.86770881932057,288,0.11278871357574163,112.78871357574164
272,100,-47.23230432540504,267.86770881932057,296,0.09296722007815297,92.96722007815298
272,100,-47.23230432540504,267.86770881932057,304,0.09281142322732197,92.81142322732197
272,100,-47.23230432540504,267.86770881932057,312,0.0965674958491575,96.5674958491575
272,100,-47.23230432540504,267.86770881932057,320,0.10101180247082919,101.0118024708292
272,100,-47.23230432540504,267.86770881932057,328,0.10985999925354545,109.85999925354545
272,100,-47.23230432540504,267.86770881932057,336,0.12405196085798517,124.05196085798516
272,100,-47.23230432540504,267.86770881932057,344,0.12216269066354138,122.16269066354138
272,100,-47.23230432540504,267.86770881932057,352,0.10199568695754176,101.99568695754175
272,100,-47.23230432540504,267.86770881932057,360,0.09131183190357928,91.31183190357928
272,105,-70.39878026788567,262.7318247506266,0,0.0787251830907202,78.7251830907202
272,105,-70.39878026788567,262.7318247506266,8,0.08286825053900443,82.86825053900444
272,105,-70.39878026788567,262.7318247506266,16,0.08767862913838886,87.67862913838886
272,105,-70.39878026788567,262.7318247506266,24,0.0928489324541644,92.8489324541644
272,105,-70.39878026788567,262.7318247506266,32,0.10744362092141382,107.44362092141382
272,105,-70.39878026788567,262.7318247506266,40,0.10802445104729896,108.02445104729897
272,105,-70.39878026788567,262.7318247506266,48,0.0862374668153177,86.2374668153177
272,105,-70.39878026788567,262.7318247506266,56,0.07737859110314255,77.37859110314254
272,105,-70.39878026788567,262.7318247506266,64,0.08087041608409176,80.87041608409176
272,105,-70.39878026788567,262.7318247506266,72,0.08574786640265944,85.74786640265944
272,105,-70.39878026788567,262.7318247506266,80,0.09020963505684426,90.20963505684426
272,105,-70.39878026788567,262.7318247506266,88,0.09838323937443527,98.38323937443528
272,105,-70.39878026788567,262.7318247506266,96,0.1108117042470237,110.8117042470237
272,105,-70.39878026788567,262.7318247506266,104,0.09709188350299364,97.09188350299364
272,105,-70.39878026788567,262.7318247506266,112,0.07872516136846149,78.72516136846149
272,105,-70.39878026788567,262.7318247506266,120,0.07869025754375962,78.69025754375961
272,105,-70.39878026788567,262.7318247506266,128,0.08274835602507825,82.74835602507825
272,105,-70.39878026788567,262.7318247506266,136,0.08751841419727908,87.51841419727909
272,105,-70.39878026788567,262.7318247506266,144,0.09271463023150875,92.71463023150875
272,105,-70.39878026788567,262.7318247506266,152,0.1070821253255036,107.0821253255036
272,105,-70.39878026788567,262.7318247506266,160,0.10776745442100022,107.76745442100022
272,105,-70.39878026788567,262.7318247506266,168,0.08588065893397312,85.88065893397312
272,105,-70.39878026788567,262.7318247506266,176,0.07707424015575487,77.07424015575486
272,105,-70.39878026788567,262.7318247506266,184,0.08057048727352002,80.57048727352002
272,105,-70.39878026788567,262.7318247506266,192,0.08548009928647562,85.48009928647562
272,105,-70.39878026788567,262.7318247506266,200,0.09001180044866071,90.01180044866071
272,105,-70.39878026788567,262.7318247506266,208,0.09843096844684242,98.43096844684241
272,105,-70.39878026788567,262.7318247506266,216,0.11091000252240686,110.91000252240686
272,105,-70.39878026788567,262.7318247506266,224,0.09731164568573203,97.31164568573203
272,105,-70.39878026788567,262.7318247506266,232,0.07904908707759796,79.04908707759796
272,105,-70.39878026788567,262.7318247506266,240,0.07904049291017187,79.04049291017188
272,105,-70.39878026788567,262.7318247506266,248,0.08318503609317454,83.18503609317455
272,105,-70.39878026788567,262.7318247506266,256,0.08789853720098664,87.89853720098664
272,105,-70.39878026788567,262.7318247506266,264,0.09297672608298882,92.97672608298882
272,105,-70.39878026788567,262.7318247506266,272,0.10732096055287504,107.32096055287505
272,105,-70.39878026788567,262.7318247506266,280,0.10788884231745323,107.88884231745322
272,105,-70.39878026788567,262.7318247506266,288,0.08592467769041379,85.92467769041379
272,105,-70.39878026788567,262.7318247506266,296,0.07708498587209507,77.08498587209507
272,105,-70.39878026788567,262.7318247506266,304,0.08050498055882091,80.5049805588209
272,105,-70.39878026788567,262.7318247506266,312,0.08533298199636004,85.33298199636003
272,105,-70.39878026788567,262.7318247506266,320,0.08990079858097545,89.90079858097545
272,105,-70.39878026788567,262.7318247506266,328,0.09812167532392392,98.12167532392392
272,105,-70.39878026788567,262.7318247506266,336,0.11069072316709384,110.69072316709385
272,105,-70.39878026788567,262.7318247506266,344,0.09702347766611685,97.02347766611685
272,105,-70.39878026788567,262.7318247506266,352,0.07872464065838339,78.7246406583834
272,105,-70.39878026788567,262.7318247506266,360,0.07873429882613063,78.73429882613063
272,110,-93.02947898458189,255.5963928537671,0,0.06667679053013045,66.67679053013045
272,110,-93.02947898458189,255.5963928537671,8,0.07186585679773147,71.86585679773147
272,110,-93.02947898458189,255.5963928537671,16,0.07670107324417427,76.70107324417427
272,110,-93.02947898458189,255.5963928537671,24,0.08127518861260725,81.27518861260725
272,110,-93.02947898458189,255.5963928537671,32,0.09323592560069616,93.23592560069616
272,110,-93.02947898458189,255.5963928537671,40,0.08199617639119983,81.99617639119982
272,110,-93.02947898458189,255.5963928537671,48,0.06536065304181639,65.36065304181639
272,110,-93.02947898458189,255.5963928537671,56,0.06554377159314992,65.54377159314991
272,110,-93.02947898458189,255.5963928537671,64,0.06934268684668773,69.34268684668774
272,110,-93.02947898458189,255.5963928537671,72,0.07471190626430887,74.71190626430888
272,110,-93.02947898458189,255.5963928537671,80,0.07908392342288395,79.08392342288396
272,110,-93.02947898458189,255.5963928537671,88,0.08687873940549953,86.87873940549953
272,110,-93.02947898458189,255.5963928537671,96,0.09184193586805003,91.84193586805003
272,110,-93.02947898458189,255.5963928537671,104,0.07070215509113256,70.70215509113257
272,110,-93.02947898458189,255.5963928537671,112,0.06400348297607425,64.00348297607425
272,110,-93.02947898458189,255.5963928537671,120,0.06664926339881379,66.64926339881379
272,110,-93.02947898458189,255.5963928537671,128,0.0717475048742514,71.74750487425139
272,110,-93.02947898458189,255.5963928537671,136,0.07653868133051456,76.53868133051456
272,110,-93.02947898458189,255.5963928537671,144,0.08113833450410388,81.13833450410388
272,110,-93.02947898458189,255.5963928537671,152,0.09286831477003334,92.86831477003334
272,110,-93.02947898458189,255.5963928537671,160,0.08174178315297656,81.74178315297657
272,110,-93.02947898458189,255.5963928537671,168,0.0650048432432504,65.0048432432504
272,110,-93.02947898458189,255.5963928537671,176,0.06523482922178833,65.23482922178833
272,110,-93.02947898458189,255.5963928537671,184,0.0690445557855632,69.0445557855632
272,110,-93.02947898458189,255.5963928537671,192,0.07445071114455032,74.45071114455033
272,110,-93.02947898458189,255.5963928537671,200,0.07889770473897839,78.89770473897839
272,110,-93.02947898458189,255.5963928537671,208,0.08693557661264635,86.93557661264636
272,110,-93.02947898458189,255.5963928537671,216,0.09193575463502413,91.93575463502413
272,110,-93.02947898458189,255.5963928537671,224,0.07095314091198893,70.95314091198892
272,110,-93.02947898458189,255.5963928537671,232,0.06431521908550444,64.31521908550444
272,110,-93.02947898458189,255.5963928537671,240,0.06699552831445285,66.99552831445286
272,110,-93.02947898458189,255.5963928537671,248,0.07217708583781597,72.17708583781597
272,110,-93.02947898458189,255.5963928537671,256,0.07691219794885425,76.91219794885424
272,110,-93.02947898458189,255.5963928537671,264,0.08139409975855247,81.39409975855247
272,110,-93.02947898458189,255.5963928537671,272,0.0931239316240442,93.1239316240442
272,110,-93.02947898458189,255.5963928537671,280,0.08182243011158516,81.82243011158516
272,110,-93.02947898458189,255.5963928537671,288,0.06505428857782078,65.05428857782078
272,110,-93.02947898458189,255.5963928537671,296,0.06525492001491646,65.25492001491646
272,110,-93.02947898458189,255.5963928537671,304,0.06898245142819823,68.98245142819823
272,110,-93.02947898458189,255.5963928537671,312,0.07430586989981335,74.30586989981335
272,110,-93.02947898458189,255.5963928537671,320,0.07878410627373161,78.78410627373161
272,110,-93.02947898458189,255.5963928537671,328,0.0866207254074899,86.6207254074899
272,110,-93.02947898458189,255.5963928537671,336,0.0917126915422262,91.7126915422262
272,110,-93.02947898458189,255.5963928537671,344,0.07066773118614687,70.66773118614687
272,110,-93.02947898458189,255.5963928537671,352,0.06397789494398104,63.97789494398104
272,110,-93.02947898458189,255.5963928537671,360,0.06668663019799358,66.68663019799358
272,115,-114.95216719347022,246.5157180739688,0,0.05574510846514326,55.74510846514326
272,115,-114.95216719347022,246.5157180739688,8,0.06114772251408031,61.14772251408031
272,115,-114.95216719347022,246.5157180739688,16,0.06563321032784306,65.63321032784306
272,115,-114.95216719347022,246.5157180739688,24,0.07022230895774359,70.22230895774359
272,115,-114.95216719347022,246.5157180739688,32,0.07284184965922991,72.84184965922991
272,115,-114.95216719347022,246.5157180739688,40,0.05628202993556654,56.28202993556654
272,115,-114.95216719347022,246.5157180739688,48,0.0517685421070123,51.7685421070123
272,115,-114.95216719347022,246.5157180739688,56,0.05389230313991558,53.89230313991558
272,115,-114.95216719347022,246.5157180739688,64,0.058685994701894575,58.68599470189458
272,115,-114.95216719347022,246.5157180739688,72,0.0639678840342256,63.9678840342256
272,115,-114.95216719347022,246.5157180739688,80,0.06773198285328741,67.7319828532874
272,115,-114.95216719347022,246.5157180739688,88,0.07173196984641748,71.73196984641748
272,115,-114.95216719347022,246.5157180739688,96,0.06648163766098591,66.48163766098591
272,115,-114.95216719347022,246.5157180739688,104,0.052158049623892845,52.15804962389284
272,115,-114.95216719347022,246.5157180739688,112,0.05251403790926005,52.51403790926005
272,115,-114.95216719347022,246.5157180739688,120,0.05572034629626492,55.72034629626492
272,115,-114.95216719347022,246.5157180739688,128,0.061029138213267754,61.02913821326776
272,115,-114.95216719347022,246.5157180739688,136,0.06546633605075713,65.46633605075714
272,115,-114.95216719347022,246.5157180739688,144,0.07008096462704583,70.08096462704583
272,115,-114.95216719347022,246.5157180739688,152,0.07246718951939145,72.46718951939145
272,115,-114.95216719347022,246.5157180739688,160,0.05603000922949776,56.03000922949776
272,115,-114.95216719347022,246.5157180739688,168,0.051404642812242066,51.404642812242066
272,115,-114.95216719347022,246.5157180739688,176,0.05358400016644999,53.58400016644999
272,115,-114.95216719347022,246.5157180739688,184,0.058393968382147235,58.393968382147236
272,115,-114.95216719347022,246.5157180739688,192,0.06371415497649877,63.71415497649877
272,115,-114.95216719347022,246.5157180739688,200,0.06756273313932377,67.56273313932377
272,115,-114.95216719347022,246.5157180739688,208,0.07178394988867537,71.78394988867537
272,115,-114.95216719347022,246.5157180739688,216,0.06662336389386225,66.62336389386225
272,115,-114.95216719347022,246.5157180739688,224,0.05239291886180806,52.392918861808056
272,115,-114.95216719347022,246.5157180739688,232,0.052814233547109735,52.81423354710974
272,115,-114.95216719347022,246.5157180739688,240,0.05606203759079432,56.06203759079432
272,115,-114.95216719347022,246.5157180739688,248,0.0614525655650316,61.4525655650316
272,115,-114.95216719347022,246.5157180739688,256,0.06582944647138175,65.82944647138176
272,115,-114.95216719347022,246.5157180739688,264,0.0703315802590343,70.3315802590343
272,115,-114.95216719347022,246.5157180739688,272,0.07271746474760214,72.71746474760214
272,115,-114.95216719347022,246.5157180739688,280,0.05607013840120756,56.07013840120756
272,115,-114.95216719347022,246.5157180739688,288,0.05148132986779791,51.48132986779791
272,115,-114.95216719347022,246.5157180739688,296,0.05360955330681894,53.609553306818945
272,115,-114.95216719347022,246.5157180739688,304,0.05833422403552402,58.33422403552402
272,115,-114.95216719347022,246.5157180739688,312,0.06357008254092446,63.57008254092446
272,115,-114.95216719347022,246.5157180739688,320,0.0674448757272347,67.4448757272347
272,115,-114.95216719347022,246.5157180739688,328,0.07146076891884681,71.46076891884681
272,115,-114.95216719347022,246.5157180739688,336,0.06639665971868652,66.39665971868652
272,115,-114.95216719347022,246.5157180739688,344,0.05210274919542558,52.10274919542558
272,115,-114.95216719347022,246.5157180739688,352,0.05247787580830138,52.47787580830138
272,115,-114.95216719347022,246.5157180739688,360,0.055755577507987604,55.7555775079876
272,120,-135.99999999999994,235.55890982936734,0,0.04555067349314113,45.55067349314113
272,120,-135.99999999999994,235.55890982936734,8,0.05079541916173595,50.79541916173595
272,120,-135.99999999999994,235.55890982936734,16,0.05456107366603352,54.56107366603352
272,120,-135.99999999999994,235.55890982936734,24,0.05396413444820021,53.96413444820021
272,120,-135.99999999999994,235.55890982936734,32,0.04836526468136263,48.36526468136263
272,120,-135.99999999999994,235.55890982936734,40,0.03995422633616259,39.95422633616259
272,120,-135.99999999999994,235.55890982936734,48,0.04075278242679081,40.752782426790816
272,120,-135.99999999999994,235.55890982936734,56,0.043648394760751885,43.648394760751884
272,120,-135.99999999999994,235.55890982936734,64,0.048392197150719074,48.39219715071907
272,120,-135.99999999999994,235.55890982936734,72,0.053006658199147544,53.006658199147545
272,120,-135.99999999999994,235.55890982936734,80,0.05634130812309464,56.34130812309464
272,120,-135.99999999999994,235.55890982936734,88,0.050370320250777596,50.370320250777596
272,120,-135.99999999999994,235.55890982936734,96,0.04281237308972066,42.812373089720666
272,120,-135.99999999999994,235.55890982936734,104,0.03981223187669667,39.81223187669667
272,120,-135.99999999999994,235.55890982936734,112,0.04148675924721772,41.48675924721772
272,120,-135.99999999999994,235.55890982936734,120,0.045526049107723815,45.526049107723814
272,120,-135.99999999999994,235.55890982936734,128,0.050674829284344206,50.674829284344206
272,120,-135.99999999999994,235.55890982936734,136,0.05438745070590276,54.38745070590276
272,120,-135.99999999999994,235.55890982936734,144,0.053814206936558556,53.814206936558556
272,120,-135.99999999999994,235.55890982936734,152,0.0479818824880921,47.9818824880921
272,120,-135.99999999999994,235.55890982936734,160,0.03970245482581271,39.70245482581271
272,120,-135.99999999999994,235.55890982936734,168,0.040389982436768945,40.389982436768946
272,120,-135.99999999999994,235.55890982936734,176,0.04334385923540901,43.34385923540901
272,120,-135.99999999999994,235.55890982936734,184,0.04810723102393608,48.10723102393608
272,120,-135.99999999999994,235.55890982936734,192,0.05276958496516205,52.769584965162046
272,120,-135.99999999999994,235.55890982936734,200,0.0561882167280619,56.1882167280619
272,120,-135.99999999999994,235.55890982936734,208,0.05045992203882683,50.459922038826825
272,120,-135.99999999999994,235.55890982936734,216,0.04299148377436787,42.99148377436787
272,120,-135.99999999999994,235.55890982936734,224,0.040032463133325966,40.03246313332597
272,120,-135.99999999999994,235.55890982936734,232,0.04177514516867157,41.77514516867157
272,120,-135.99999999999994,235.55890982936734,240,0.04586297633232029,45.86297633232029
272,120,-135.99999999999994,235.55890982936734,248,0.05109309534973963,51.093095349739635
272,120,-135.99999999999994,235.55890982936734,256,0.05473645480239438,54.73645480239438
272,120,-135.99999999999994,235.55890982936734,264,0.05408039289319176,54.080392893191764
272,120,-135.99999999999994,235.55890982936734,272,0.04818809981242692,48.18809981242692
272,120,-135.99999999999994,235.55890982936734,280,0.03977172113853543,39.771721138535426
272,120,-135.99999999999994,235.55890982936734,288,0.04047839771816508,40.478397718165084
272,120,-135.99999999999994,235.55890982936734,296,0.04336832266676918,43.36832266676918
272,120,-135.99999999999994,235.55890982936734,304,0.04804859508862042,48.048595088620424
272,120,-135.99999999999994,235.55890982936734,312,0.052625621489996666,52.62562148999667
272,120,-135.99999999999994,235.55890982936734,320,0.05606231581156713,56.062315811567125
272,120,-135.99999999999994,235.55890982936734,328,0.05012522407523945,50.12522407523945
272,120,-135.99999999999994,235.55890982936734,336,0.04276094785697754,42.76094785697754
272,120,-135.99999999999994,235.55890982936734,344,0.03973328129630647,39.733281296306465
272,120,-135.99999999999994,235.55890982936734,352,0.04144308047027321,41.44308047027321
272,120,-135.99999999999994,235.55890982936734,360,0.04556171838112897,45.56171838112897
272,125,-156.01279068748457,222.80935604660573,0,0.035802194578894005,35.802194578894
272,125,-156.01279068748457,222.80935604660573,8,0.04004384418974248,40.04384418974248
272,125,-156.01279068748457,222.80935604660573,16,0.042272169688480556,42.27216968848055
272,125,-156.01279068748457,222.80935604660573,24,0.03211264477163461,32.11264477163461
272,125,-156.01279068748457,222.80935604660573,32,0.027141938530039357,27.141938530039358
272,125,-156.01279068748457,222.80935604660573,40,0.028996837221461715,28.996837221461714
272,125,-156.01279068748457,222.80935604660573,48,0.030542493541111233,30.542493541111234
272,125,-156.01279068748457,222.80935604660573,56,0.03398726364047534,33.98726364047534
272,125,-156.01279068748457,222.80935604660573,64,0.03841407718048682,38.41407718048682
272,125,-156.01279068748457,222.80935604660573,72,0.04224170466628989,42.24170466628989
272,125,-156.01279068748457,222.80935604660573,80,0.03943510548496519,39.43510548496519
272,125,-156.01279068748457,222.80935604660573,88,0.026884436264697692,26.88443626469769
272,125,-156.01279068748457,222.80935604660573,96,0.027700463548439292,27.70046354843929
272,125,-156.01279068748457,222.80935604660573,104,0.029372310110219197,29.372310110219196
272,125,-156.01279068748457,222.80935604660573,112,0.03193314153762318,31.93314153762318
272,125,-156.01279068748457,222.80935604660573,120,0.035776696120372126,35.77669612037212
272,125,-156.01279068748457,222.80935604660573,128,0.03991964911838717,39.91964911838717
272,125,-156.01279068748457,222.80935604660573,136,0.04208525688030896,42.08525688030896
272,125,-156.01279068748457,222.80935604660573,144,0.03195006623263934,31.950066232639337
272,125,-156.01279068748457,222.80935604660573,152,0.026749797154221613,26.749797154221614
272,125,-156.01279068748457,222.80935604660573,160,0.028729510554534116,28.729510554534116
272,125,-156.01279068748457,222.80935604660573,168,0.030180873065932468,30.180873065932467
272,125,-156.01279068748457,222.80935604660573,176,0.033687597196742344,33.687597196742345
272,125,-156.01279068748457,222.80935604660573,184,0.0381379900595904,38.1379900595904
272,125,-156.01279068748457,222.80935604660573,192,0.04202568493606841,42.02568493606841
272,125,-156.01279068748457,222.80935604660573,200,0.03928867047555477,39.28867047555477
272,125,-156.01279068748457,222.80935604660573,208,0.027037204889367023,27.037204889367022
272,125,-156.01279068748457,222.80935604660573,216,0.027858230834774657,27.858230834774655
272,125,-156.01279068748457,222.80935604660573,224,0.029588293579849823,29.58829357984982
272,125,-156.01279068748457,222.80935604660573,232,0.032217509615701134,32.21750961570113
272,125,-156.01279068748457,222.80935604660573,240,0.036109006392407925,36.10900639240793
272,125,-156.01279068748457,222.80935604660573,248,0.04032250897320125,40.32250897320125
272,125,-156.01279068748457,222.80935604660573,256,0.04242892416046684,42.42892416046684
272,125,-156.01279068748457,222.80935604660573,264,0.032173965958063155,32.17396595806316
272,125,-156.01279068748457,222.80935604660573,272,0.026937297207982713,26.937297207982713
272,125,-156.01279068748457,222.80935604660573,280,0.028820857360401582,28.820857360401583
272,125,-156.01279068748457,222.80935604660573,288,0.03027746000874722,30.27746000874722
272,125,-156.01279068748457,222.80935604660573,296,0.03370928321739864,33.70928321739864
272,125,-156.01279068748457,222.80935604660573,304,0.038079577186108896,38.07957718610889
272,125,-156.01279068748457,222.80935604660573,312,0.04188069316463093,41.880693164630934
272,125,-156.01279068748457,222.80935604660573,320,0.039146012986951535,39.14601298695153
272,125,-156.01279068748457,222.80935604660573,328,0.026688843820644837,26.688843820644838
272,125,-156.01279068748457,222.80935604660573,336,0.027623171677233445,27.623171677233444
272,125,-156.01279068748457,222.80935604660573,344,0.029278061858106358,29.27806185810636
272,125,-156.01279068748457,222.80935604660573,352,0.031891016018824374,31.891016018824374
272,125,-156.01279068748457,222.80935604660573,360,0.03581379392979263,35.81379392979263
272,130,-174.8382298347387,208.36408852836203,0,0.026136565908718396,26.136565908718396
272,130,-174.8382298347387,208.36408852836203,8,0.029821173675907503,29.821173675907502
272,130,-174.8382298347387,208.36408852836203,16,0.024755926024848995,24.755926024848996
272,130,-174.8382298347387,208.36408852836203,24,0.009806927043026992,9.806927043026992
272,130,-174.8382298347387,208.36408852836203,32,0.013388751040425934,13.388751040425934
272,130,-174.8382298347387,208.36408852836203,40,0.019088274278151286,19.088274278151285
272,130,-174.8382298347387,208.36408852836203,48,0.021648477188061822,21.648477188061822
272,130,-174.8382298347387,208.36408852836203,56,0.02485204640416096,24.852046404160962
272,130,-174.8382298347387,208.36408852836203,64,0.027958278807250204,27.958278807250203
272,130,-174.8382298347387,208.36408852836203,72,0.028978353928440212,28.97835392844021
272,130,-174.8382298347387,208.36408852836203,80,0.017803152750324902,17.8031527503249
272,130,-174.8382298347387,208.36408852836203,88,0.007923184022063379,7.923184022063379
272,130,-174.8382298347387,208.36408852836203,96,0.017726156485834872,17.72615648583487
272,130,-174.8382298347387,208.36408852836203,104,0.019999444238203018,19.99944423820302
272,130,-174.8382298347387,208.36408852836203,112,0.02291369643678498,22.91369643678498
272,130,-174.8382298347387,208.36408852836203,120,0.026111954815014354,26.111954815014354
272,130,-174.8382298347387,208.36408852836203,128,0.029690871468831776,29.690871468831777
272,130,-174.8382298347387,208.36408852836203,136,0.02454753724521313,24.547537245213128
272,130,-174.8382298347387,208.36408852836203,144,0.00963083103564863,9.63083103564863
272,130,-174.8382298347387,208.36408852836203,152,0.01298786461588595,12.98786461588595
272,130,-174.8382298347387,208.36408852836203,160,0.01879269570745605,18.79269570745605
272,130,-174.8382298347387,208.36408852836203,168,0.02128714809799483,21.28714809799483
272,130,-174.8382298347387,208.36408852836203,176,0.02455802506933391,24.55802506933391
272,130,-174.8382298347387,208.36408852836203,184,0.0276991713378075,27.6991713378075
272,130,-174.8382298347387,208.36408852836203,192,0.02878679747403027,28.78679747403027
272,130,-174.8382298347387,208.36408852836203,200,0.017731150736976342,17.731150736976343
272,130,-174.8382298347387,208.36408852836203,208,0.008098823115030166,8.098823115030166
272,130,-174.8382298347387,208.36408852836203,216,0.01789196047319197,17.891960473191972
272,130,-174.8382298347387,208.36408852836203,224,0.020218204605416623,20.218204605416624
272,130,-174.8382298347387,208.36408852836203,232,0.023194000739389868,23.194000739389868
272,130,-174.8382298347387,208.36408852836203,240,0.026436403371914392,26.43640337191439
272,130,-174.8382298347387,208.36408852836203,248,0.0300781344708785,30.0781344708785
272,130,-174.8382298347387,208.36408852836203,256,0.024884165880218998,24.884165880218998
272,130,-174.8382298347387,208.36408852836203,264,0.009802609357427817,9.802609357427817
272,130,-174.8382298347387,208.36408852836203,272,0.013198333769063467,13.198333769063467
272,130,-174.8382298347387,208.36408852836203,280,0.01891188459533808,18.91188459533808
272,130,-174.8382298347387,208.36408852836203,288,0.021384509586066903,21.3845095860669
272,130,-174.8382298347387,208.36408852836203,296,0.024575968513590812,24.575968513590812
272,130,-174.8382298347387,208.36408852836203,304,0.027642688578000313,27.642688578000314
272,130,-174.8382298347387,208.36408852836203,312,0.028630571811284755,28.630571811284756
272,130,-174.8382298347387,208.36408852836203,320,0.01756870970494526,17.56870970494526
272,130,-174.8382298347387,208.36408852836203,328,0.007738072732483692,7.738072732483692
272,130,-174.8382298347387,208.36408852836203,336,0.017625604719805857,17.625604719805857
272,130,-174.8382298347387,208.36408852836203,344,0.019897172146708227,19.897172146708225
272,130,-174.8382298347387,208.36408852836203,352,0.022874056699448114,22.874056699448115
272,130,-174.8382298347387,208.36408852836203,360,0.02614861930278269,26.148619302782688
272,135,-192.33304448274092,192.33304448274095,0,0.016078872562841618,16.078872562841617
272,135,-192.33304448274092,192.33304448274095,8,0.015637310753416546,15.637310753416546
272,135,-192.33304448274092,192.33304448274095,16,0.004540650676872472,4.540650676872472
272,135,-192.33304448274092,192.33304448274095,24,-0.007174387725018235,-7.174387725018235
272,135,-192.33304448274092,192.33304448274095,32,0.00410985743342764,4.10985743342764
272,135,-192.33304448274092,192.33304448274095,40,0.010471701750167445,10.471701750167446
272,135,-192.33304448274092,192.33304448274095,48,0.013363033769745911,13.363033769745911
272,135,-192.33304448274092,192.33304448274095,56,0.015389741573425382,15.389741573425383
272,135,-192.33304448274092,192.33304448274095,64,0.018336659595868828,18.336659595868827
272,135,-192.33304448274092,192.33304448274095,72,0.011318625793464071,11.31862579346407
272,135,-192.33304448274092,192.33304448274095,80,-0.003290200401798199,-3.2902004017981987
272,135,-192.33304448274092,192.33304448274095,88,-0.0041156557281936765,-4.115655728193676
272,135,-192.33304448274092,192.33304448274095,96,0.00816814743367027,8.16814743367027
272,135,-192.33304448274092,192.33304448274095,104,0.011767401592118374,11.767401592118373
272,135,-192.33304448274092,192.33304448274095,112,0.014497067368010336,14.497067368010336
272,135,-192.33304448274092,192.33304448274095,120,0.016060373552000552,16.060373552000552
272,135,-192.33304448274092,192.33304448274095,128,0.015490744540797935,15.490744540797936
272,135,-192.33304448274092,192.33304448274095,136,0.0043073234099186885,4.307323409918689
272,135,-192.33304448274092,192.33304448274095,144,-0.007360982900078157,-7.360982900078158
272,135,-192.33304448274092,192.33304448274095,152,0.003696319232235603,3.696319232235603
272,135,-192.33304448274092,192.33304448274095,160,0.010144093563093912,10.14409356309391
272,135,-192.33304448274092,192.33304448274095,168,0.013002823304821979,13.002823304821979
272,135,-192.33304448274092,192.33304448274095,176,0.01510445801828188,15.10445801828188
272,135,-192.33304448274092,192.33304448274095,184,0.01809766027796957,18.09766027796957
272,135,-192.33304448274092,192.33304448274095,192,0.011178410459523317,11.178410459523317
272,135,-192.33304448274092,192.33304448274095,200,-0.003287900733563766,-3.287900733563766
272,135,-192.33304448274092,192.33304448274095,208,-0.003940551764066186,-3.9405517640661856
272,135,-192.33304448274092,192.33304448274095,216,0.008348377127633514,8.348377127633514
272,135,-192.33304448274092,192.33304448274095,224,0.011995974139490027,11.995974139490027
272,135,-192.33304448274092,192.33304448274095,232,0.014773292890830056,14.773292890830056
272,135,-192.33304448274092,192.33304448274095,240,0.0163694771607151,16.3694771607151
272,135,-192.33304448274092,192.33304448274095,248,0.015861911120846457,15.861911120846457
272,135,-192.33304448274092,192.33304448274095,256,0.004589529566721437,4.5895295667214375
272,135,-192.33304448274092,192.33304448274095,264,-0.007188476933059518,-7.188476933059517
272,135,-192.33304448274092,192.33304448274095,272,0.003917486553033173,3.9174865530331724
272,135,-192.33304448274092,192.33304448274095,280,0.010283982779138279,10.28398277913828
272,135,-192.33304448274092,192.33304448274095,288,0.013100320882676403,13.100320882676403
272,135,-192.33304448274092,192.33304448274095,296,0.015127086681268748,15.127086681268748
272,135,-192.33304448274092,192.33304448274095,304,0.01803929886997291,18.03929886997291
272,135,-192.33304448274092,192.33304448274095,312,0.011001177958973632,11.001177958973633
272,135,-192.33304448274092,192.33304448274095,320,-0.00347038577059681,-3.47038577059681
272,135,-192.33304448274092,192.33304448274095,328,-0.004313261352990927,-4.313261352990927
272,135,-192.33304448274092,192.33304448274095,336,0.008036181389590832,8.036181389590832
272,135,-192.33304448274092,192.33304448274095,344,0.011664475117829462,11.664475117829461
272,135,-192.33304448274092,192.33304448274095,352,0.014460827017153713,14.460827017153713
272,135,-192.33304448274092,192.33304448274095,360,0.01609118228540975,16.09118228540975
272,140,-208.364088528362,174.83822983473874,0,0.006340498113162396,6.340498113162396
272,140,-208.364088528362,174.83822983473874,8,-0.001403637162688829,-1.403637162688829
272,140,-208.364088528362,174.83822983473874,16,-0.014451797138655399,-14.4517971386554
272,140,-208.364088528362,174.83822983473874,24,-0.017319194851501785,-17.319194851501784
272,140,-208.364088528362,174.83822983473874,32,-0.0045037569302545,-4.5037569302545
272,140,-208.364088528362,174.83822983473874,40,0.0028192618703908553,2.8192618703908554
272,140,-208.364088528362,174.83822983473874,48,0.005749220513464455,5.749220513464455
272,140,-208.364088528362,174.83822983473874,56,0.005676557096424881,5.67655709642488
272,140,-208.364088528362,174.83822983473874,64,0.00341736845140782,3.41736845140782
272,140,-208.364088528362,174.83822983473874,72,-0.007511417496328119,-7.511417496328119
272,140,-208.364088528362,174.83822983473874,80,-0.018584703360413984,-18.584703360413986
272,140,-208.364088528362,174.83822983473874,88,-0.012032598547750989,-12.03259854775099
272,140,-208.364088528362,174.83822983473874,96,4.948634985493805e-05,0.04948634985493805
272,140,-208.364088528362,174.83822983473874,104,0.004203418691340749,4.203418691340749
272,140,-208.364088528362,174.83822983473874,112,0.005133506524194123,5.133506524194123
272,140,-208.364088528362,174.83822983473874,120,0.006321783401469031,6.321783401469031
272,140,-208.364088528362,174.83822983473874,128,-0.0015796164528236918,-1.5796164528236918
272,140,-208.364088528362,174.83822983473874,136,-0.01471005206880153,-14.71005206880153
272,140,-208.364088528362,174.83822983473874,144,-0.017523899912760876,-17.523899912760875
272,140,-208.364088528362,174.83822983473874,152,-0.004930990341300285,-4.9309903413002845
272,140,-208.364088528362,174.83822983473874,160,0.0024573586418412674,2.4573586418412674
272,140,-208.364088528362,174.83822983473874,168,0.005390947400302011,5.390947400302012
272,140,-208.364088528362,174.83822983473874,176,0.005403026764447075,5.403026764447075
272,140,-208.364088528362,174.83822983473874,184,0.0032296798898509838,3.229679889850984
272,140,-208.364088528362,174.83822983473874,192,-0.007566250813521672,-7.566250813521672
272,140,-208.364088528362,174.83822983473874,200,-0.018576140250611557,-18.57614025061156
272,140,-208.364088528362,174.83822983473874,208,-0.011843253222800932,-11.843253222800932
272,140,-208.364088528362,174.83822983473874,216,0.0002538703880885599,0.2538703880885599
272,140,-208.364088528362,174.83822983473874,224,0.004441784338553055,4.441784338553055
272,140,-208.364088528362,174.83822983473874,232,0.005384755621609676,5.384755621609676
272,140,-208.364088528362,174.83822983473874,240,0.006611675493550526,6.611675493550526
272,140,-208.364088528362,174.83822983473874,248,-0.0012508213445483981,-1.2508213445483982
272,140,-208.364088528362,174.83822983473874,256,-0.014472314401757034,-14.472314401757034
272,140,-208.364088528362,174.83822983473874,264,-0.01734313563620542,-17.34313563620542
272,140,-208.364088528362,174.83822983473874,272,-0.0046990009456726045,-4.699000945672605
272,140,-208.364088528362,174.83822983473874,280,0.0026153652375941285,2.6153652375941285
272,140,-208.364088528362,174.83822983473874,288,0.0054879415767383755,5.4879415767383755
272,140,-208.364088528362,174.83822983473874,296,0.005438690210073741,5.438690210073741
272,140,-208.364088528362,174.83822983473874,304,0.0031579553736226966,3.1579553736226966
272,140,-208.364088528362,174.83822983473874,312,-0.007772409877512321,-7.77240987751232
272,140,-208.364088528362,174.83822983473874,320,-0.018776161262205625,-18.776161262205626
272,140,-208.364088528362,174.83822983473874,328,-0.012232890374678163,-12.232890374678163
272,140,-208.364088528362,174.83822983473874,336,-0.0001074282245121146,-0.1074282245121146
272,140,-208.364088528362,174.83822983473874,344,0.004099610955456379,4.099610955456379
272,140,-208.364088528362,174.83822983473874,352,0.005086076338425727,5.086076338425727
272,140,-208.364088528362,174.83822983473874,360,0.00635314744551523,6.35314744551523
272,145,-222.80935604660579,156.01279068748448,0,-0.007979112449671633,-7.979112449671633
272,145,-222.80935604660579,156.01279068748448,8,-0.01853775306605936,-18.53775306605936
272,145,-222.80935604660579,156.01279068748448,16,-0.028523838952108978,-28.523838952108978
272,145,-222.80935604660579,156.01279068748448,24,-0.02432479748675956,-24.324797486759557
272,145,-222.80935604660579,156.01279068748448,32,-0.011642263802439008,-11.642263802439007
272,145,-222.80935604660579,156.01279068748448,40,-0.004124489716130386,-4.124489716130386
272,145,-222.80935604660579,156.01279068748448,48,-0.0036820019868505152,-3.682001986850515
272,145,-222.80935604660579,156.01279068748448,56,-0.004460527447090383,-4.460527447090382
272,145,-222.80935604660579,156.01279068748448,64,-0.012553046283008285,-12.553046283008285
272,145,-222.80935604660579,156.01279068748448,72,-0.024596970750977738,-24.59697075097774
272,145,-222.80935604660579,156.01279068748448,80,-0.026874550907399188,-26.874550907399186
272,145,-222.80935604660579,156.01279068748448,88,-0.018986673708502162,-18.986673708502163
272,145,-222.80935604660579,156.01279068748448,96,-0.007292196603115243,-7.292196603115244
272,145,-222.80935604660579,156.01279068748448,104,-0.0029686542571332186,-2.9686542571332186
272,145,-222.80935604660579,156.01279068748448,112,-0.00420432953458294,-4.20432953458294
272,145,-222.80935604660579,156.01279068748448,120,-0.00801656741354384,-8.01656741354384
272,145,-222.80935604660579,156.01279068748448,128,-0.018749721416729388,-18.749721416729386
272,145,-222.80935604660579,156.01279068748448,136,-0.0288035795846341,-28.8035795846341
272,145,-222.80935604660579,156.01279068748448,144,-0.024575401790105037,-24.575401790105037
272,145,-222.80935604660579,156.01279068748448,152,-0.01208517021544896,-12.08517021544896
272,145,-222.80935604660579,156.01279068748448,160,-0.004521681017705688,-4.5216810177056885
272,145,-222.80935604660579,156.01279068748448,168,-0.004009467633100916,-4.0094676331009165
272,145,-222.80935604660579,156.01279068748448,176,-0.0046953863751133616,-4.695386375113362
272,145,-222.80935604660579,156.01279068748448,184,-0.01265132133731231,-12.65132133731231
272,145,-222.80935604660579,156.01279068748448,192,-0.024588119171348545,-24.588119171348545
272,145,-222.80935604660579,156.01279068748448,200,-0.026843254114673133,-26.843254114673133
272,145,-222.80935604660579,156.01279068748448,208,-0.018782683812559466,-18.782683812559466
272,145,-222.80935604660579,156.01279068748448,216,-0.007061921602702016,-7.061921602702016
272,145,-222.80935604660579,156.01279068748448,224,-0.002726811131197946,-2.7268111311979464
272,145,-222.80935604660579,156.01279068748448,232,-0.00398708302900484,-3.98708302900484
272,145,-222.80935604660579,156.01279068748448,240,-0.007777005153512946,-7.777005153512946
272,145,-222.80935604660579,156.01279068748448,248,-0.018476280327601742,-18.476280327601742
272,145,-222.80935604660579,156.01279068748448,256,-0.028556487153651756,-28.556487153651755
272,145,-222.80935604660579,156.01279068748448,264,-0.024382476337190775,-24.382476337190777
272,145,-222.80935604660579,156.01279068748448,272,-0.01184769429772825,-11.84769429772825
272,145,-222.80935604660579,156.01279068748448,280,-0.00434451755211776,-4.34451755211776
272,145,-222.80935604660579,156.01279068748448,288,-0.0039007984893952297,-3.9007984893952297
272,145,-222.80935604660579,156.01279068748448,296,-0.004663613087938926,-4.663613087938926
272,145,-222.80935604660579,156.01279068748448,304,-0.012756503021770355,-12.756503021770355
272,145,-222.80935604660579,156.01279068748448,312,-0.024819227389637342,-24.81922738963734
272,145,-222.80935604660579,156.01279068748448,320,-0.02706503398364383,-27.06503398364383
272,145,-222.80935604660579,156.01279068748448,328,-0.019190215431276827,-19.190215431276826
272,145,-222.80935604660579,156.01279068748448,336,-0.007474730496845163,-7.474730496845162
272,145,-222.80935604660579,156.01279068748448,344,-0.0030731074563633783,-3.0731074563633785
272,145,-222.80935604660579,156.01279068748448,352,-0.004268808920797913,-4.268808920797913
272,145,-222.80935604660579,156.01279068748448,360,-0.00796602331342991,-7.966023313429909
272,150,-235.55890982936734,135.99999999999997,0,-0.022231644725454514,-22.231644725454515
272,150,-235.55890982936734,135.99999999999997,8,-0.03385579526923632,-33.855795269236324
272,150,-235.55890982936734,135.99999999999997,16,-0.03536843795868272,-35.36843795868272
272,150,-235.55890982936734,135.99999999999997,24,-0.030175858272554413,-30.175858272554414
272,150,-235.55890982936734,135.99999999999997,32,-0.018061237960340815,-18.061237960340815
272,150,-235.55890982936734,135.99999999999997,40,-0.011136959471297964,-11.136959471297965
272,150,-235.55890982936734,135.99999999999997,48,-0.012533059739326214,-12.533059739326214
272,150,-235.55890982936734,135.99999999999997,56,-0.017440195356356727,-17.44019535635673
272,150,-235.55890982936734,135.99999999999997,64,-0.028034603111536494,-28.034603111536494
272,150,-235.55890982936734,135.99999999999997,72,-0.03684293231752571,-36.84293231752571
272,150,-235.55890982936734,135.99999999999997,80,-0.03353616343985527,-33.53616343985527
272,150,-235.55890982936734,135.99999999999997,88,-0.024595088111205705,-24.595088111205705
272,150,-235.55890982936734,135.99999999999997,96,-0.013905622452111178,-13.905622452111178
272,150,-235.55890982936734,135.99999999999997,104,-0.01200468501816527,-12.00468501816527
272,150,-235.55890982936734,135.99999999999997,112,-0.014150739783743121,-14.150739783743122
272,150,-235.55890982936734,135.99999999999997,120,-0.02230750926743215,-22.30750926743215
272,150,-235.55890982936734,135.99999999999997,128,-0.03409562913508649,-34.09562913508649
272,150,-235.55890982936734,135.99999999999997,136,-0.035661199844591526,-35.66119984459153
272,150,-235.55890982936734,135.99999999999997,144,-0.030474403301769072,-30.474403301769073
272,150,-235.55890982936734,135.99999999999997,152,-0.01852014503710605,-18.520145037106047
272,150,-235.55890982936734,135.99999999999997,160,-0.011535277642410274,-11.535277642410275
272,150,-235.55890982936734,135.99999999999997,168,-0.012824520485107127,-12.824520485107127
272,150,-235.55890982936734,135.99999999999997,176,-0.01758424747115528,-17.58424747115528
272,150,-235.55890982936734,135.99999999999997,184,-0.028037513040882873,-28.037513040882875
272,150,-235.55890982936734,135.99999999999997,192,-0.03681026030920612,-36.81026030920612
272,150,-235.55890982936734,135.99999999999997,200,-0.03347231215737566,-33.47231215737566
272,150,-235.55890982936734,135.99999999999997,208,-0.024375763621816943,-24.375763621816944
272,150,-235.55890982936734,135.99999999999997,216,-0.013649044714420156,-13.649044714420155
272,150,-235.55890982936734,135.99999999999997,224,-0.011808783966648615,-11.808783966648615
272,150,-235.55890982936734,135.99999999999997,232,-0.013980085362530176,-13.980085362530176
272,150,-235.55890982936734,135.99999999999997,240,-0.022125927090359033,-22.12592709035903
272,150,-235.55890982936734,135.99999999999997,248,-0.033854483534729474,-33.854483534729475
272,150,-235.55890982936734,135.99999999999997,256,-0.035422779635727715,-35.422779635727714
272,150,-235.55890982936734,135.99999999999997,264,-0.030267898283260226,-30.267898283260227
272,150,-235.55890982936734,135.99999999999997,272,-0.018276662824354716,-18.276662824354716
272,150,-235.55890982936734,135.99999999999997,280,-0.011353579489180143,-11.353579489180143
272,150,-235.55890982936734,135.99999999999997,288,-0.0127041760805436,-12.7041760805436
272,150,-235.55890982936734,135.99999999999997,296,-0.017585997405799973,-17.585997405799972
272,150,-235.55890982936734,135.99999999999997,304,-0.02817971783488412,-28.17971783488412
272,150,-235.55890982936734,135.99999999999997,312,-0.037056693804188794,-37.0566938041888
272,150,-235.55890982936734,135.99999999999997,320,-0.03372849380162485,-33.72849380162485
272,150,-235.55890982936734,135.99999999999997,328,-0.024802186697161777,-24.802186697161776
272,150,-235.55890982936734,135.99999999999997,336,-0.014115309685501658,-14.115309685501659
272,150,-235.55890982936734,135.99999999999997,344,-0.012106386106136808,-12.106386106136808
272,150,-235.55890982936734,135.99999999999997,352,-0.014199378854653708,-14.199378854653707
272,150,-235.55890982936734,135.99999999999997,360,-0.022218072143830647,-22.218072143830646
272,155,-246.51571807396877,114.95216719347026,0,-0.035756573810345874,-35.75657381034588
272,155,-246.51571807396877,114.95216719347026,8,-0.0439507321266433,-43.9507321266433
272,155,-246.51571807396877,114.95216719347026,16,-0.04139649493075072,-41.39649493075072
272,155,-246.51571807396877,114.95216719347026,24,-0.034826025081936315,-34.826025081936315
272,155,-246.51571807396877,114.95216719347026,32,-0.023711827134735818,-23.711827134735817
272,155,-246.51571807396877,114.95216719347026,40,-0.019206114325864033,-19.206114325864032
272,155,-246.51571807396877,114.95216719347026,48,-0.021830352315436778,-21.830352315436777
272,155,-246.51571807396877,114.95216719347026,56,-0.02990358644875408,-29.90358644875408
272,155,-246.51571807396877,114.95216719347026,64,-0.0418342157116397,-41.8342157116397
272,155,-246.51571807396877,114.95216719347026,72,-0.04294790185747577,-42.94790185747577
272,155,-246.51571807396877,114.95216719347026,80,-0.03888497924678089,-38.88497924678089
272,155,-246.51571807396877,114.95216719347026,88,-0.029405735392702415,-29.405735392702415
272,155,-246.51571807396877,114.95216719347026,96,-0.0203572327264239,-20.3572327264239
272,155,-246.51571807396877,114.95216719347026,104,-0.02003497211896508,-20.03497211896508
272,155,-246.51571807396877,114.95216719347026,112,-0.025320973025820565,-25.320973025820564
272,155,-246.51571807396877,114.95216719347026,120,-0.03587091122985997,-35.87091122985997
272,155,-246.51571807396877,114.95216719347026,128,-0.04420786741769006,-44.20786741769006
272,155,-246.51571807396877,114.95216719347026,136,-0.04170155928675445,-41.70155928675445
272,155,-246.51571807396877,114.95216719347026,144,-0.035174182953142126,-35.17418295314213
272,155,-246.51571807396877,114.95216719347026,152,-0.02418694076233479,-24.18694076233479
272,155,-246.51571807396877,114.95216719347026,160,-0.01952763458084318,-19.52763458084318
272,155,-246.51571807396877,114.95216719347026,168,-0.022033784008210287,-22.033784008210286
272,155,-246.51571807396877,114.95216719347026,176,-0.029946287257662938,-29.946287257662938
272,155,-246.51571807396877,114.95216719347026,184,-0.04177329347505269,-41.77329347505269
272,155,-246.51571807396877,114.95216719347026,192,-0.04289601563033927,-42.89601563033927
272,155,-246.51571807396877,114.95216719347026,200,-0.03879291905106873,-38.79291905106873
272,155,-246.51571807396877,114.95216719347026,208,-0.029171216025624936,-29.171216025624936
272,155,-246.51571807396877,114.95216719347026,216,-0.020115049750252932,-20.115049750252933
272,155,-246.51571807396877,114.95216719347026,224,-0.019887068752724814,-19.887068752724815
272,155,-246.51571807396877,114.95216719347026,232,-0.02520878108913634,-25.20878108913634
272,155,-246.51571807396877,114.95216719347026,240,-0.035747037042122266,-35.747037042122265
272,155,-246.51571807396877,114.95216719347026,248,-0.04397905936535121,-43.97905936535121
272,155,-246.51571807396877,114.95216719347026,256,-0.04147146712314221,-41.47146712314221
272,155,-246.51571807396877,114.95216719347026,264,-0.0349527839148586,-34.9527839148586
272,155,-246.51571807396877,114.95216719347026,272,-0.023936978193147017,-23.936978193147016
272,155,-246.51571807396877,114.95216719347026,280,-0.019375519068035214,-19.375519068035214
272,155,-246.51571807396877,114.95216719347026,288,-0.021945941114080103,-21.945941114080103
272,155,-246.51571807396877,114.95216719347026,296,-0.0299912325336337,-29.9912325336337
272,155,-246.51571807396877,114.95216719347026,304,-0.04193589268390506,-41.93589268390506
272,155,-246.51571807396877,114.95216719347026,312,-0.043142261383520515,-43.14226138352051
272,155,-246.51571807396877,114.95216719347026,320,-0.03908448566991371,-39.08448566991371
272,155,-246.51571807396877,114.95216719347026,328,-0.029617086085475038,-29.617086085475037
272,155,-246.51571807396877,114.95216719347026,336,-0.020553915840040828,-20.553915840040826
272,155,-246.51571807396877,114.95216719347026,344,-0.020133841764425457,-20.133841764425455
272,155,-246.51571807396877,114.95216719347026,352,-0.02532683189865244,-25.326831898652443
272,155,-246.51571807396877,114.95216719347026,360,-0.03574258577716685,-35.74258577716685
272,160,-255.59639285376707,93.02947898458194,0,-0.047898912300126884,-47.89891230012688
272,160,-255.59639285376707,93.02947898458194,8,-0.049166896239513896,-49.166896239513896
272,160,-255.59639285376707,93.02947898458194,16,-0.045938440369161795,-45.938440369161796
272,160,-255.59639285376707,93.02947898458194,24,-0.03864067607397035,-38.64067607397035
272,160,-255.59639285376707,93.02947898458194,32,-0.028711479211278708,-28.711479211278707
272,160,-255.59639285376707,93.02947898458194,40,-0.02615146993358234,-26.15146993358234
272,160,-255.59639285376707,93.02947898458194,48,-0.031128942518215512,-31.128942518215514
272,160,-255.59639285376707,93.02947898458194,56,-0.04155053392889234,-41.550533928892335
272,160,-255.59639285376707,93.02947898458194,64,-0.04962395388683245,-49.62395388683245
272,160,-255.59639285376707,93.02947898458194,72,-0.048136267704776484,-48.136267704776486
272,160,-255.59639285376707,93.02947898458194,80,-0.04318409984226127,-43.18409984226127
272,160,-255.59639285376707,93.02947898458194,88,-0.033382003622431905,-33.3820036224319
272,160,-255.59639285376707,93.02947898458194,96,-0.026595122728036397,-26.595122728036397
272,160,-255.59639285376707,93.02947898458194,104,-0.02796720843345004,-27.96720843345004
272,160,-255.59639285376707,93.02947898458194,112,-0.03576848485035397,-35.76848485035397
272,160,-255.59639285376707,93.02947898458194,120,-0.04803217938836607,-48.03217938836607
272,160,-255.59639285376707,93.02947898458194,128,-0.04941912889719585,-49.419128897195854
272,160,-255.59639285376707,93.02947898458194,136,-0.046253899665858036,-46.253899665858036
272,160,-255.59639285376707,93.02947898458194,144,-0.03904073328524209,-39.04073328524209
272,160,-255.59639285376707,93.02947898458194,152,-0.029114743897886118,-29.114743897886118
272,160,-255.59639285376707,93.02947898458194,160,-0.026388204736764,-26.388204736764
272,160,-255.59639285376707,93.02947898458194,168,-0.03122552238338381,-31.225522383383808
272,160,-255.59639285376707,93.02947898458194,176,-0.04149428252558103,-41.49428252558103
272,160,-255.59639285376707,93.02947898458194,184,-0.04953200941196252,-49.53200941196252
272,160,-255.59639285376707,93.02947898458194,192,-0.04806861003532088,-48.06861003532088
272,160,-255.59639285376707,93.02947898458194,200,-0.04306557855044196,-43.06557855044196
272,160,-255.59639285376707,93.02947898458194,208,-0.03313254473561707,-33.13254473561707
272,160,-255.59639285376707,93.02947898458194,216,-0.026407736473678223,-26.407736473678224
272,160,-255.59639285376707,93.02947898458194,224,-0.027877630185266615,-27.877630185266614
272,160,-255.59639285376707,93.02947898458194,232,-0.03571530121516417,-35.71530121516417
272,160,-255.59639285376707,93.02947898458194,240,-0.047957820822608646,-47.957820822608646
272,160,-255.59639285376707,93.02947898458194,248,-0.049212744192908886,-49.212744192908886
272,160,-255.59639285376707,93.02947898458194,256,-0.04602381601433905,-46.023816014339054
272,160,-255.59639285376707,93.02947898458194,264,-0.03880311015031823,-38.80311015031823
272,160,-255.59639285376707,93.02947898458194,272,-0.028902020776396274,-28.902020776396274
272,160,-255.59639285376707,93.02947898458194,280,-0.02626959271529246,-26.269592715292458
272,160,-255.59639285376707,93.02947898458194,288,-0.03118584918743033,-31.18584918743033
272,160,-255.59639285376707,93.02947898458194,296,-0.04158039906897909,-41.58039906897909
272,160,-255.59639285376707,93.02947898458194,304,-0.049702103661614344,-49.702103661614345
272,160,-255.59639285376707,93.02947898458194,312,-0.048312138525747436,-48.312138525747436
272,160,-255.59639285376707,93.02947898458194,320,-0.04339370181911998,-43.39370181911998
272,160,-255.59639285376707,93.02947898458194,328,-0.03359826930455582,-33.59826930455582
272,160,-255.59639285376707,93.02947898458194,336,-0.026738931834788017,-26.738931834788016
272,160,-255.59639285376707,93.02947898458194,344,-0.028021454587631313,-28.021454587631315
272,160,-255.59639285376707,93.02947898458194,352,-0.03572937623522854,-35.729376235228536
272,160,-255.59639285376707,93.02947898458194,360,-0.04788468792706585,-47.88468792706585
272,165,-262.7318247506266,70.39878026788571,0,-0.05341518746581781,-53.41518746581781
272,165,-262.7318247506266,70.39878026788571,8,-0.0532655753453706,-53.2655753453706
272,165,-262.7318247506266,70.39878026788571,16,-0.04956422927299742,-49.564229272997416
272,165,-262.7318247506266,70.39878026788571,24,-0.04146435362523269,-41.46435362523269
272,165,-262.7318247506266,70.39878026788571,32,-0.03293252276972993,-32.93252276972993
272,165,-262.7318247506266,70.39878026788571,40,-0.032251995989823236,-32.251995989823236
272,165,-262.7318247506266,70.39878026788571,48,-0.039628947302696615,-39.628947302696616
272,165,-262.7318247506266,70.39878026788571,56,-0.05169669076516614,-51.69669076516614
272,165,-262.7318247506266,70.39878026788571,64,-0.05402953832038067,-54.02953832038067
272,165,-262.7318247506266,70.39878026788571,72,-0.0517373325811501,-51.7373325811501
272,165,-262.7318247506266,70.39878026788571,80,-0.0466430320707896,-46.643032070789594
272,165,-262.7318247506266,70.39878026788571,88,-0.0363483134884577,-36.3483134884577
272,165,-262.7318247506266,70.39878026788571,96,-0.03155096179260631,-31.55096179260631
272,165,-262.7318247506266,70.39878026788571,104,-0.03520880511403998,-35.20880511403998
272,165,-262.7318247506266,70.39878026788571,112,-0.04537245829706888,-45.37245829706888
272,165,-262.7318247506266,70.39878026788571,120,-0.05354698627127047,-53.54698627127047
272,165,-262.7318247506266,70.39878026788571,128,-0.053511634099817545,-53.51163409981755
272,165,-262.7318247506266,70.39878026788571,136,-0.049889761767379345,-49.88976176737935
272,165,-262.7318247506266,70.39878026788571,144,-0.0419000716224955,-41.900071622495496
272,165,-262.7318247506266,70.39878026788571,152,-0.03322565957283806,-33.22565957283806
272,165,-262.7318247506266,70.39878026788571,160,-0.03237802799757612,-32.378027997576126
272,165,-262.7318247506266,70.39878026788571,168,-0.039618257215876224,-39.61825721587623
272,165,-262.7318247506266,70.39878026788571,176,-0.051559815422948164,-51.55981542294816
272,165,-262.7318247506266,70.39878026788571,184,-0.05392207635779049,-53.92207635779049
272,165,-262.7318247506266,70.39878026788571,192,-0.05166577957250279,-51.66577957250279
272,165,-262.7318247506266,70.39878026788571,200,-0.04649775653402747,-46.49775653402747
272,165,-262.7318247506266,70.39878026788571,208,-0.0361433498349044,-36.1433498349044
272,165,-262.7318247506266,70.39878026788571,216,-0.03142105750803489,-31.421057508034888
272,165,-262.7318247506266,70.39878026788571,224,-0.035178970198304474,-35.17897019830448
272,165,-262.7318247506266,70.39878026788571,232,-0.045377642229758354,-45.37764222975835
272,165,-262.7318247506266,70.39878026788571,240,-0.05349318448576114,-53.49318448576114
272,165,-262.7318247506266,70.39878026788571,248,-0.05332404681618294,-53.32404681618294
272,165,-262.7318247506266,70.39878026788571,256,-0.049658247395112154,-49.658247395112156
272,165,-262.7318247506266,70.39878026788571,264,-0.041653789417015835,-41.65378941701584
272,165,-262.7318247506266,70.39878026788571,272,-0.033068955234675186,-33.06895523467519
272,165,-262.7318247506266,70.39878026788571,280,-0.0323116597891581,-32.3116597891581
272,165,-262.7318247506266,70.39878026788571,288,-0.03962696717898097,-39.62696717898097
272,165,-262.7318247506266,70.39878026788571,296,-0.05167285758631107,-51.672857586311075
272,165,-262.7318247506266,70.39878026788571,304,-0.05408844607334935,-54.08844607334935
272,165,-262.7318247506266,70.39878026788571,312,-0.051906827636523545,-51.906827636523545
272,165,-262.7318247506266,70.39878026788571,320,-0.04686369489311547,-46.863694893115465
272,165,-262.7318247506266,70.39878026788571,328,-0.036513655228720715,-36.513655228720715
272,165,-262.7318247506266,70.39878026788571,336,-0.031640573939514076,-31.640573939514077
272,165,-262.7318247506266,70.39878026788571,344,-0.03521453676720224,-35.21453676720224
272,165,-262.7318247506266,70.39878026788571,352,-0.04528990150381189,-45.28990150381189
272,165,-262.7318247506266,70.39878026788571,360,-0.053401436691506154,-53.401436691506156
272,170,-267.86770881932057,47.23230432540503,0,-0.0570610179054976,-57.0610179054976
272,170,-267.86770881932057,47.23230432540503,8,-0.05584844807493977,-55.848448074939775
272,170,-267.86770881932057,47.23230432540503,16,-0.0523335829482762,-52.333582948276195
272,170,-267.86770881932057,47.23230432540503,24,-0.04240027114960908,-42.400271149609075
272,170,-267.86770881932057,47.23230432540503,32,-0.035776521120922285,-35.77652112092228
272,170,-267.86770881932057,47.23230432540503,40,-0.03751926192345701,-37.51926192345701
272,170,-267.86770881932057,47.23230432540503,48,-0.047273717832427786,-47.273717832427785
272,170,-267.86770881932057,47.23230432540503,56,-0.05576131234370061,-55.76131234370061
272,170,-267.86770881932057,47.23230432540503,64,-0.05700876215826689,-57.00876215826689
272,170,-267.86770881932057,47.23230432540503,72,-0.05448236173055749,-54.48236173055749
272,170,-267.86770881932057,47.23230432540503,80,-0.04842675138739094,-48.426751387390944
272,170,-267.86770881932057,47.23230432540503,88,-0.03834338552983405,-38.34338552983405
272,170,-267.86770881932057,47.23230432540503,96,-0.03554431707468737,-35.54431707468737
272,170,-267.86770881932057,47.23230432540503,104,-0.041616930250703996,-41.616930250703994
272,170,-267.86770881932057,47.23230432540503,112,-0.05292014598598617,-52.92014598598617
272,170,-267.86770881932057,47.23230432540503,120,-0.05718258170343419,-57.18258170343419
272,170,-267.86770881932057,47.23230432540503,128,-0.05608717751856562,-56.087177518565625
272,170,-267.86770881932057,47.23230432540503,136,-0.052669030708253475,-52.66903070825347
272,170,-267.86770881932057,47.23230432540503,144,-0.04272961825516092,-42.729618255160915
272,170,-267.86770881932057,47.23230432540503,152,-0.03595661757171176,-35.95661757171176
272,170,-267.86770881932057,47.23230432540503,160,-0.037534259104066395,-37.53425910406639
272,170,-267.86770881932057,47.23230432540503,168,-0.04715680940816025,-47.15680940816025
272,170,-267.86770881932057,47.23230432540503,176,-0.05561002052211127,-55.61002052211127
272,170,-267.86770881932057,47.23230432540503,184,-0.05689113725927889,-56.89113725927889
272,170,-267.86770881932057,47.23230432540503,192,-0.05440809530417469,-54.40809530417469
272,170,-267.86770881932057,47.23230432540503,200,-0.04827020674796479,-48.27020674796479
272,170,-267.86770881932057,47.23230432540503,208,-0.038191034550931424,-38.19103455093143
272,170,-267.86770881932057,47.23230432540503,216,-0.03547185065207372,-35.47185065207372
272,170,-267.86770881932057,47.23230432540503,224,-0.041647217953931066,-41.64721795393107
272,170,-267.86770881932057,47.23230432540503,232,-0.052975949308972904,-52.97594930897291
272,170,-267.86770881932057,47.23230432540503,240,-0.05714839956560032,-57.14839956560032
272,170,-267.86770881932057,47.23230432540503,248,-0.0559097128985286,-55.909712898528596
272,170,-267.86770881932057,47.23230432540503,256,-0.0524356510550344,-52.4356510550344
272,170,-267.86770881932057,47.23230432540503,264,-0.042543037402819235,-42.54303740281924
272,170,-267.86770881932057,47.23230432540503,272,-0.035856679708852104,-35.856679708852106
272,170,-267.86770881932057,47.23230432540503,280,-0.03751994179841899,-37.51994179841899
272,170,-267.86770881932057,47.23230432540503,288,-0.047213001760588576,-47.213001760588575
272,170,-267.86770881932057,47.23230432540503,296,-0.05571053569395638,-55.71053569395638
272,170,-267.86770881932057,47.23230432540503,304,-0.0570543751716586,-57.0543751716586
272,170,-267.86770881932057,47.23230432540503,312,-0.05464582317956909,-54.64582317956909
272,170,-267.86770881932057,47.23230432540503,320,-0.04863975049609072,-48.63975049609072
272,170,-267.86770881932057,47.23230432540503,328,-0.03845127297917416,-38.45127297917416
272,170,-267.86770881932057,47.23230432540503,336,-0.03558042362141066,-35.58042362141066
272,170,-267.86770881932057,47.23230432540503,344,-0.04157429322545314,-41.57429322545314
272,170,-267.86770881932057,47.23230432540503,352,-0.0528113927358911,-52.8113927358911
272,170,-267.86770881932057,47.23230432540503,360,-0.057048565296973816,-57.04856529697381
272,175,-270.9649578809548,23.706362027363028,0,-0.058841169513334665,-58.84116951333466
272,175,-270.9649578809548,23.706362027363028,8,-0.057553141596361615,-57.55314159636161
272,175,-270.9649578809548,23.706362027363028,16,-0.052718011616127436,-52.718011616127434
272,175,-270.9649578809548,23.706362027363028,24,-0.042266548959623285,-42.266548959623286
272,175,-270.9649578809548,23.706362027363028,32,-0.03774216281146847,-37.742162811468475
272,175,-270.9649578809548,23.706362027363028,40,-0.04193431971827045,-41.934319718270444
272,175,-270.9649578809548,23.706362027363028,48,-0.05272718937251358,-52.727189372513585
272,175,-270.9649578809548,23.706362027363028,56,-0.05874615933064577,-58.74615933064577
272,175,-270.9649578809548,23.706362027363028,64,-0.058536363103591685,-58.53636310359168
272,175,-270.9649578809548,23.706362027363028,72,-0.056350463823677734,-56.350463823677735
272,175,-270.9649578809548,23.706362027363028,80,-0.047507378712769645,-47.50737871276964
272,175,-270.9649578809548,23.706362027363028,88,-0.039024476607535136,-39.024476607535135
272,175,-270.9649578809548,23.706362027363028,96,-0.038686233552614066,-38.68623355261406
272,175,-270.9649578809548,23.706362027363028,104,-0.04716284233911722,-47.16284233911722
272,175,-270.9649578809548,23.706362027363028,112,-0.056288490681857636,-56.28849068185764
272,175,-270.9649578809548,23.706362027363028,120,-0.05895749521342381,-58.95749521342381
272,175,-270.9649578809548,23.706362027363028,128,-0.05778331879201907,-57.78331879201907
272,175,-270.9649578809548,23.706362027363028,136,-0.05303367958795017,-53.03367958795017
272,175,-270.9649578809548,23.706362027363028,144,-0.04248501805121855,-42.48501805121855
272,175,-270.9649578809548,23.706362027363028,152,-0.03781130037423201,-37.81130037423201
272,175,-270.9649578809548,23.706362027363028,160,-0.041838162404069165,-41.838162404069166
272,175,-270.9649578809548,23.706362027363028,168,-0.0525357718632804,-52.5357718632804
272,175,-270.9649578809548,23.706362027363028,176,-0.05858290280915526,-58.582902809155264
272,175,-270.9649578809548,23.706362027363028,184,-0.058414026072995874,-58.414026072995874
272,175,-270.9649578809548,23.706362027363028,192,-0.05627468655176307,-56.27468655176307
272,175,-270.9649578809548,23.706362027363028,200,-0.04737467025883005,-47.37467025883005
272,175,-270.9649578809548,23.706362027363028,208,-0.03892638700563994,-38.92638700563994
272,175,-270.9649578809548,23.706362027363028,216,-0.03867171390426153,-38.67171390426153
272,175,-270.9649578809548,23.706362027363028,224,-0.04725336064743899,-47.253360647438996
272,175,-270.9649578809548,23.706362027363028,232,-0.05638227724674699,-56.382277246746995
272,175,-270.9649578809548,23.706362027363028,240,-0.05893540591558706,-58.93540591558706
272,175,-270.9649578809548,23.706362027363028,248,-0.057616008042322975,-57.616008042322974
272,175,-270.9649578809548,23.706362027363028,256,-0.052825217345918316,-52.82521734591832
272,175,-270.9649578809548,23.706362027363028,264,-0.04235953610214033,-42.359536102140325
272,175,-270.9649578809548,23.706362027363028,272,-0.0377670318694504,-37.7670318694504
272,175,-270.9649578809548,23.706362027363028,280,-0.041875605180452254,-41.875605180452254
272,175,-270.9649578809548,23.706362027363028,288,-0.05261237854746577,-52.61237854746577
272,175,-270.9649578809548,23.706362027363028,296,-0.05866695134064154,-58.66695134064154
272,175,-270.9649578809548,23.706362027363028,304,-0.05857475647278036,-58.574756472780365
272,175,-270.9649578809548,23.706362027363028,312,-0.0565082797449508,-56.5082797449508
272,175,-270.9649578809548,23.706362027363028,320,-0.04766945765649906,-47.66945765649906
272,175,-270.9649578809548,23.706362027363028,328,-0.039074167242981635,-39.07416724298164
272,175,-270.9649578809548,23.706362027363028,336,-0.03866924938694977,-38.669249386949765
272,175,-270.9649578809548,23.706362027363028,344,-0.04707235519892786,-47.07235519892786
272,175,-270.9649578809548,23.706362027363028,352,-0.05620002653446998,-56.200026534469984
272,175,-270.9649578809548,23.706362027363028,360,-0.058830027723096756,-58.830027723096755
272,180,-272.0,3.3310392936808004e-14,0,-0.05929057045092726,-59.29057045092726
272,180,-272.0,3.3310392936808004e-14,8,-0.05836668216261595,-58.36668216261595
272,180,-272.0,3.3310392936808004e-14,16,-0.05072144271990249,-50.72144271990249
272,180,-272.0,3.3310392936808004e-14,24,-0.040911251574562935,-40.91125157456293
272,180,-272.0,3.3310392936808004e-14,32,-0.03884827306269405,-38.84827306269405
272,180,-272.0,3.3310392936808004e-14,40,-0.04548470717656409,-45.484707176564086
272,180,-272.0,3.3310392936808004e-14,48,-0.0555004180265236,-55.5004180265236
272,180,-272.0,3.3310392936808004e-14,56,-0.05922445528184328,-59.22445528184328
272,180,-272.0,3.3310392936808004e-14,64,-0.05917010026388978,-59.17010026388978
272,180,-272.0,3.3310392936808004e-14,72,-0.055381947119018796,-55.3819471190188
272,180,-272.0,3.3310392936808004e-14,80,-0.045383829611741436,-45.38382961174143
272,180,-272.0,3.3310392936808004e-14,88,-0.038838103293636905,-38.838103293636905
272,180,-272.0,3.3310392936808004e-14,96,-0.040966259992857114,-40.96625999285711
272,180,-272.0,3.3310392936808004e-14,104,-0.050823271293239,-50.823271293238996
272,180,-272.0,3.3310392936808004e-14,112,-0.05844839805860415,-58.44839805860415
272,180,-272.0,3.3310392936808004e-14,120,-0.05940322479442023,-59.403224794420225
272,180,-272.0,3.3310392936808004e-14,128,-0.058587149260928784,-58.58714926092878
272,180,-272.0,3.3310392936808004e-14,136,-0.050987920327976756,-50.98792032797676
272,180,-272.0,3.3310392936808004e-14,144,-0.041017918826464196,-41.0179188264642
272,180,-272.0,3.3310392936808004e-14,152,-0.03880644683561951,-38.80644683561951
272,180,-272.0,3.3310392936808004e-14,160,-0.045277488974675636,-45.277488974675634
272,180,-272.0,3.3310392936808004e-14,168,-0.0552716311043455,-55.2716311043455
272,180,-272.0,3.3310392936808004e-14,176,-0.05905435746317041,-59.054357463170405
272,180,-272.0,3.3310392936808004e-14,184,-0.059044378932322616,-59.044378932322616
272,180,-272.0,3.3310392936808004e-14,192,-0.05529511620178313,-55.29511620178313
272,180,-272.0,3.3310392936808004e-14,200,-0.04528111697758841,-45.28111697758841
272,180,-272.0,3.3310392936808004e-14,208,-0.038793919875639196,-38.7939198756392
272,180,-272.0,3.3310392936808004e-14,216,-0.04101016491757556,-41.01016491757556
272,180,-272.0,3.3310392936808004e-14,224,-0.05096756292774024,-50.96756292774024
272,180,-272.0,3.3310392936808004e-14,232,-0.05857776678461364,-58.577766784613644
272,180,-272.0,3.3310392936808004e-14,240,-0.05938990779796198,-59.38990779796198
272,180,-272.0,3.3310392936808004e-14,248,-0.058429946311232585,-58.429946311232584
272,180,-272.0,3.3310392936808004e-14,256,-0.050830844879030224,-50.830844879030224
272,180,-272.0,3.3310392936808004e-14,264,-0.04095334423618897,-40.95334423618897
272,180,-272.0,3.3310392936808004e-14,272,-0.03881752839649684,-38.81752839649684
272,180,-272.0,3.3310392936808004e-14,280,-0.04536630531521338,-45.36630531521338
272,180,-272.0,3.3310392936808004e-14,288,-0.05533276820535075,-55.332768205350746
272,180,-272.0,3.3310392936808004e-14,296,-0.05913699686278848,-59.13699686278848
272,180,-272.0,3.3310392936808004e-14,304,-0.05920154606935586,-59.201546069355864
272,180,-272.0,3.3310392936808004e-14,312,-0.05550429927938139,-55.50429927938139
272,180,-272.0,3.3310392936808004e-14,320,-0.04549242604074134,-45.49242604074134
272,180,-272.0,3.3310392936808004e-14,328,-0.03883038602786981,-38.830386027869814
272,180,-272.0,3.3310392936808004e-14,336,-0.040896579781820014,-40.896579781820016
272,180,-272.0,3.3310392936808004e-14,344,-0.05071803542357243,-50.71803542357243
272,180,-272.0,3.3310392936808004e-14,352,-0.058380625209286274,-58.38062520928627
272,180,-272.0,3.3310392936808004e-14,360,-0.05928083599472839,-59.280835994728385
306,90,1.8737096026954503e-14,306.0,0,0.13574313586478076,135.74313586478075
306,90,1.8737096026954503e-14,306.0,8,0.12084867496084518,120.84867496084519
306,90,1.8737096026954503e-14,306.0,16,0.122626092160054,122.626092160054
306,90,1.8737096026954503e-14,306.0,24,0.12659074971362919,126.59074971362918
306,90,1.8737096026954503e-14,306.0,32,0.142359585975621,142.359585975621
306,90,1.8737096026954503e-14,306.0,40,0.15019183110620152,150.1918311062015
306,90,1.8737096026954503e-14,306.0,48,0.15199579577551206,151.99579577551205
306,90,1.8737096026954503e-14,306.0,56,0.1477907282144313,147.79072821443128
306,90,1.8737096026954503e-14,306.0,64,0.12450527024262226,124.50527024262226
306,90,1.8737096026954503e-14,306.0,72,0.1216300565723735,121.63005657237349
306,90,1.8737096026954503e-14,306.0,80,0.12428454420030141,124.28454420030141
306,90,1.8737096026954503e-14,306.0,88,0.13250499038524532,132.50499038524532
306,90,1.8737096026954503e-14,306.0,96,0.147837442127352,147.837442127352
306,90,1.8737096026954503e-14,306.0,104,0.1510295702384038,151.0295702384038
306,90,1.8737096026954503e-14,306.0,112,0.15149147099552412,151.4914709955241
306,90,1.8737096026954503e-14,306.0,120,0.1357138983091302,135.7138983091302
306,90,1.8737096026954503e-14,306.0,128,0.12073420112107398,120.73420112107398
306,90,1.8737096026954503e-14,306.0,136,0.12248285158244998,122.48285158244998
306,90,1.8737096026954503e-14,306.0,144,0.1264653797304797,126.4653797304797
306,90,1.8737096026954503e-14,306.0,152,0.1420234145242818,142.0234145242818
306,90,1.8737096026954503e-14,306.0,160,0.1499510055996595,149.95100559965948
306,90,1.8737096026954503e-14,306.0,168,0.15164737487170835,151.64737487170834
306,90,1.8737096026954503e-14,306.0,176,0.14746711150734376,147.46711150734376
306,90,1.8737096026954503e-14,306.0,184,0.12422621611981645,124.22621611981644
306,90,1.8737096026954503e-14,306.0,192,0.12136290924949103,121.36290924949103
306,90,1.8737096026954503e-14,306.0,200,0.12405163701396404,124.05163701396404
306,90,1.8737096026954503e-14,306.0,208,0.132516925996945,132.51692599694502
306,90,1.8737096026954503e-14,306.0,216,0.14794199129981195,147.94199129981195
306,90,1.8737096026954503e-14,306.0,224,0.1512680780434286,151.2680780434286
306,90,1.8737096026954503e-14,306.0,232,0.15178813247353365,151.78813247353364
306,90,1.8737096026954503e-14,306.0,240,0.1360498185931005,136.0498185931005
306,90,1.8737096026954503e-14,306.0,248,0.12113899693855043,121.13899693855043
306,90,1.8737096026954503e-14,306.0,256,0.12286603695370481,122.8660369537048
306,90,1.8737096026954503e-14,306.0,264,0.12674486126970963,126.74486126970963
306,90,1.8737096026954503e-14,306.0,272,0.14225462973541442,142.25462973541443
306,90,1.8737096026954503e-14,306.0,280,0.1500112977224373,150.0112977224373
306,90,1.8737096026954503e-14,306.0,288,0.15168945647351254,151.68945647351254
306,90,1.8737096026954503e-14,306.0,296,0.1475038530134311,147.5038530134311
306,90,1.8737096026954503e-14,306.0,304,0.12415525768560501,124.15525768560501
306,90,1.8737096026954503e-14,306.0,312,0.12121809156351845,121.21809156351846
306,90,1.8737096026954503e-14,306.0,320,0.12395644103934225,123.95644103934225
306,90,1.8737096026954503e-14,306.0,328,0.13223858551996615,132.23858551996614
306,90,1.8737096026954503e-14,306.0,336,0.14773964606475257,147.73964606475258
306,90,1.8737096026954503e-14,306.0,344,0.151001144975415,151.001144975415
306,90,1.8737096026954503e-14,306.0,352,0.15146436689080972,151.4643668908097
306,90,1.8737096026954503e-14,306.0,360,0.13575256890185936,135.75256890185935
306,95,-26.66965728078342,304.83557761607415,0,0.10571712164777848,105.71712164777848
306,95,-26.66965728078342,304.83557761607415,8,0.10583144393589639,105.83144393589639
306,95,-26.66965728078342,304.83557761607415,16,0.10938386963534137,109.38386963534137
306,95,-26.66965728078342,304.83557761607415,24,0.1139148277216486,113.91482772164859
306,95,-26.66965728078342,304.83557761607415,32,0.1297176403712072,129.7176403712072
306,95,-26.66965728078342,304.83557761607415,40,0.13694511650353916,136.94511650353917
306,95,-26.66965728078342,304.83557761607415,48,0.135924605126882,135.924605126882
306,95,-26.66965728078342,304.83557761607415,56,0.11701711039109991,117.0171103910999
306,95,-26.66965728078342,304.83557761607415,64,0.1042271296296885,104.22712962968849
306,95,-26.66965728078342,304.83557761607415,72,0.10804857144673707,108.04857144673707
306,95,-26.66965728078342,304.83557761607415,80,0.1115339290088348,111.5339290088348
306,95,-26.66965728078342,304.83557761607415,88,0.11985590330402915,119.85590330402916
306,95,-26.66965728078342,304.83557761607415,96,0.13516978116022177,135.16978116022176
306,95,-26.66965728078342,304.83557761607415,104,0.13749974113342023,137.49974113342023
306,95,-26.66965728078342,304.83557761607415,112,0.12881796485350686,128.81796485350685
306,95,-26.66965728078342,304.83557761607415,120,0.10566543228969333,105.66543228969333
306,95,-26.66965728078342,304.83557761607415,128,0.10572602279004552,105.72602279004552
306,95,-26.66965728078342,304.83557761607415,136,0.10924461463064268,109.24461463064269
306,95,-26.66965728078342,304.83557761607415,144,0.11379110110160504,113.79110110160504
306,95,-26.66965728078342,304.83557761607415,152,0.1293807973498316,129.3807973498316
306,95,-26.66965728078342,304.83557761607415,160,0.13669858977055005,136.69858977055006
306,95,-26.66965728078342,304.83557761607415,168,0.13556944591329573,135.56944591329574
306,95,-26.66965728078342,304.83557761607415,176,0.11671512455989104,116.71512455989104
306,95,-26.66965728078342,304.83557761607415,184,0.10393668954555331,103.9366895455533
306,95,-26.66965728078342,304.83557761607415,192,0.10776330059737163,107.76330059737163
306,95,-26.66965728078342,304.83557761607415,200,0.1113100351995854,111.3100351995854
306,95,-26.66965728078342,304.83557761607415,208,0.11987786323392038,119.87786323392038
306,95,-26.66965728078342,304.83557761607415,216,0.1352820763324044,135.28207633240442
306,95,-26.66965728078342,304.83557761607415,224,0.1377292795198069,137.7292795198069
306,95,-26.66965728078342,304.83557761607415,232,0.1291073530129701,129.1073530129701
306,95,-26.66965728078342,304.83557761607415,240,0.10600306757927765,106.00306757927764
306,95,-26.66965728078342,304.83557761607415,248,0.10614443239852756,106.14443239852756
306,95,-26.66965728078342,304.83557761607415,256,0.10963097258181732,109.63097258181732
306,95,-26.66965728078342,304.83557761607415,264,0.11406176868985603,114.06176868985602
306,95,-26.66965728078342,304.83557761607415,272,0.12960533351722348,129.60533351722347
306,95,-26.66965728078342,304.83557761607415,280,0.13676850019957643,136.76850019957644
306,95,-26.66965728078342,304.83557761607415,288,0.13564077894555238,135.64077894555237
306,95,-26.66965728078342,304.83557761607415,296,0.1167233177555648,116.72331775556479
306,95,-26.66965728078342,304.83557761607415,304,0.10386954710050252,103.86954710050252
306,95,-26.66965728078342,304.83557761607415,312,0.10762901326349822,107.62901326349822
306,95,-26.66965728078342,304.83557761607415,320,0.11121525676763913,111.21525676763913
306,95,-26.66965728078342,304.83557761607415,328,0.11959757888968009,119.5975788896801
306,95,-26.66965728078342,304.83557761607415,336,0.13508037801071046,135.08037801071046
306,95,-26.66965728078342,304.83557761607415,344,0.13745472562728184,137.45472562728185
306,95,-26.66965728078342,304.83557761607415,352,0.12878047144420354,128.78047144420356
306,95,-26.66965728078342,304.83557761607415,360,0.10572659112162665,105.72659112162665
306,100,-53.136342366080676,301.35117242173567,0,0.08775923169036326,87.75923169036326
306,100,-53.136342366080676,301.35117242173567,8,0.09232279073044841,92.32279073044842
306,100,-53.136342366080676,301.35117242173567,16,0.09663027011489198,96.63027011489197
306,100,-53.136342366080676,301.35117242173567,24,0.10132417519407783,101.32417519407782
306,100,-53.136342366080676,301.35117242173567,32,0.11710136562425795,117.10136562425795
306,100,-53.136342366080676,301.35117242173567,40,0.12362418496983925,123.62418496983925
306,100,-53.136342366080676,301.35117242173567,48,0.11096856888043702,110.96856888043702
306,100,-53.136342366080676,301.35117242173567,56,0.08954798536922828,89.54798536922829
306,100,-53.136342366080676,301.35117242173567,64,0.09031937916806812,90.31937916806812
306,100,-53.136342366080676,301.35117242173567,72,0.09498183733849927,94.98183733849928
306,100,-53.136342366080676,301.35117242173567,80,0.09885615572555775,98.85615572555776
306,100,-53.136342366080676,301.35117242173567,88,0.10730457592135415,107.30457592135414
306,100,-53.136342366080676,301.35117242173567,96,0.12205741564046879,122.05741564046879
306,100,-53.136342366080676,301.35117242173567,104,0.12039634284731822,120.39634284731822
306,100,-53.136342366080676,301.35117242173567,112,0.09823421163551393,98.23421163551393
306,100,-53.136342366080676,301.35117242173567,120,0.08772215687642201,87.72215687642202
306,100,-53.136342366080676,301.35117242173567,128,0.09222707395746821,92.2270739574682
306,100,-53.136342366080676,301.35117242173567,136,0.09649134489047007,96.49134489047006
306,100,-53.136342366080676,301.35117242173567,144,0.10120132323932599,101.20132323932599
306,100,-53.136342366080676,301.35117242173567,152,0.1167613160999155,116.76131609991549
306,100,-53.136342366080676,301.35117242173567,160,0.12337082513319522,123.37082513319523
306,100,-53.136342366080676,301.35117242173567,168,0.11061750108293583,110.61750108293583
306,100,-53.136342366080676,301.35117242173567,176,0.08925949051719617,89.25949051719617
306,100,-53.136342366080676,301.35117242173567,184,0.09001396505197597,90.01396505197597
306,100,-53.136342366080676,301.35117242173567,192,0.09469223278157801,94.69223278157801
306,100,-53.136342366080676,301.35117242173567,200,0.09864186027237454,98.64186027237454
306,100,-53.136342366080676,301.35117242173567,208,0.10733707765001488,107.33707765001488
306,100,-53.136342366080676,301.35117242173567,216,0.12216813890174824,122.16813890174824
306,100,-53.136342366080676,301.35117242173567,224,0.1205981740693961,120.59817406939611
306,100,-53.136342366080676,301.35117242173567,232,0.09854142830764792,98.54142830764792
306,100,-53.136342366080676,301.35117242173567,240,0.08806272305792462,88.06272305792461
306,100,-53.136342366080676,301.35117242173567,248,0.09265404511518363,92.65404511518364
306,100,-53.136342366080676,301.35117242173567,256,0.09686885567110351,96.8688556711035
306,100,-53.136342366080676,301.35117242173567,264,0.10146358299940297,101.46358299940297
306,100,-53.136342366080676,301.35117242173567,272,0.11698269997265721,116.98269997265722
306,100,-53.136342366080676,301.35117242173567,280,0.12345453668725542,123.45453668725543
306,100,-53.136342366080676,301.35117242173567,288,0.11068819822771761,110.6881982277176
306,100,-53.136342366080676,301.35117242173567,296,0.08925311269672673,89.25311269672673
306,100,-53.136342366080676,301.35117242173567,304,0.08995762356987487,89.95762356987487
306,100,-53.136342366080676,301.35117242173567,312,0.09456534981079719,94.56534981079719
306,100,-53.136342366080676,301.35117242173567,320,0.09854651656246696,98.54651656246696
306,100,-53.136342366080676,301.35117242173567,328,0.1070533460059914,107.0533460059914
306,100,-53.136342366080676,301.35117242173567,336,0.12195924471279881,121.95924471279882
306,100,-53.136342366080676,301.35117242173567,344,0.12031653859521366,120.31653859521366
306,100,-53.136342366080676,301.35117242173567,352,0.09822733476662555,98.22733476662556
306,100,-53.136342366080676,301.35117242173567,360,0.08776812969249834,87.76812969249833
306,105,-79.19862780137139,295.57330284445493,0,0.07443664439715493,74.43664439715494
306,105,-79.19862780137139,295.57330284445493,8,0.07957474383016774,79.57474383016775
306,105,-79.19862780137139,295.57330284445493,16,0.08403064980496289,84.03064980496289
306,105,-79.19862780137139,295.57330284445493,24,0.08891461459909555,88.91461459909556
306,105,-79.19862780137139,295.57330284445493,32,0.10431041668627195,104.31041668627195
306,105,-79.19862780137139,295.57330284445493,40,0.10545197098905709,105.45197098905709
306,105,-79.19862780137139,295.57330284445493,48,0.08077177699806389,80.77177699806388
306,105,-79.19862780137139,295.57330284445493,56,0.07284800684173148,72.84800684173149
306,105,-79.19862780137139,295.57330284445493,64,0.07701833037602815,77.01833037602815
306,105,-79.19862780137139,295.57330284445493,72,0.08233244114644533,82.33244114644533
306,105,-79.19862780137139,295.57330284445493,80,0.0863477098602048,86.3477098602048
306,105,-79.19862780137139,295.57330284445493,88,0.0948648586497517,94.8648586497517
306,105,-79.19862780137139,295.57330284445493,96,0.10859507192658298,108.59507192658297
306,105,-79.19862780137139,295.57330284445493,104,0.09340936303835967,93.40936303835967
306,105,-79.19862780137139,295.57330284445493,112,0.07345519407130514,73.45519407130514
306,105,-79.19862780137139,295.57330284445493,120,0.07441480595869768,74.41480595869768
306,105,-79.19862780137139,295.57330284445493,128,0.07948380936619884,79.48380936619884
306,105,-79.19862780137139,295.57330284445493,136,0.08389066087590272,83.89066087590271
306,105,-79.19862780137139,295.57330284445493,144,0.08879186195509009,88.79186195509008
306,105,-79.19862780137139,295.57330284445493,152,0.10396291665289321,103.96291665289321
306,105,-79.19862780137139,295.57330284445493,160,0.10519858139152904,105.19858139152905
306,105,-79.19862780137139,295.57330284445493,168,0.08042966228010716,80.42966228010715
306,105,-79.19862780137139,295.57330284445493,176,0.07254923810141452,72.54923810141452
306,105,-79.19862780137139,295.57330284445493,184,0.07669856055438751,76.69856055438751
306,105,-79.19862780137139,295.57330284445493,192,0.08204916799272649,82.0491679927265
306,105,-79.19862780137139,295.57330284445493,200,0.0861435246927807,86.1435246927807
306,105,-79.19862780137139,295.57330284445493,208,0.09490811975911262,94.90811975911262
306,105,-79.19862780137139,295.57330284445493,216,0.10870207388973657,108.70207388973657
306,105,-79.19862780137139,295.57330284445493,224,0.09362741328758453,93.62741328758453
306,105,-79.19862780137139,295.57330284445493,232,0.07376411345572621,73.76411345572622
306,105,-79.19862780137139,295.57330284445493,240,0.07475819609025998,74.75819609025999
306,105,-79.19862780137139,295.57330284445493,248,0.07990584762202291,79.9058476220229
306,105,-79.19862780137139,295.57330284445493,256,0.08426000088725218,84.26000088725218
306,105,-79.19862780137139,295.57330284445493,264,0.08904618399844728,89.04618399844729
306,105,-79.19862780137139,295.57330284445493,272,0.10419118689294493,104.19118689294493
306,105,-79.19862780137139,295.57330284445493,280,0.10531620556997681,105.31620556997682
306,105,-79.19862780137139,295.57330284445493,288,0.08046615785672376,80.46615785672375
306,105,-79.19862780137139,295.57330284445493,296,0.07256507451582879,72.56507451582878
306,105,-79.19862780137139,295.57330284445493,304,0.07665247567663078,76.65247567663077
306,105,-79.19862780137139,295.57330284445493,312,0.0819265217264,81.9265217264
306,105,-79.19862780137139,295.57330284445493,320,0.08604663718638145,86.04663718638145
306,105,-79.19862780137139,295.57330284445493,328,0.09461831775141485,94.61831775141485
306,105,-79.19862780137139,295.57330284445493,336,0.1084859380540526,108.4859380540526
306,105,-79.19862780137139,295.57330284445493,344,0.09334657650184247,93.34657650184248
306,105,-79.19862780137139,295.57330284445493,352,0.07345022693152795,73.45022693152795
306,105,-79.19862780137139,295.57330284445493,360,0.07444614181824039,74.44614181824039
306,110,-104.65816385765463,287.545941960488,0,0.06157798467761553,61.577984677615525
306,110,-104.65816385765463,287.545941960488,8,0.06719705087123562,67.19705087123562
306,110,-104.65816385765463,287.545941960488,16,0.07168089942397152,71.68089942397151
306,110,-104.65816385765463,287.545941960488,24,0.07674121880358954,76.74121880358955
306,110,-104.65816385765463,287.545941960488,32,0.08990436342031627,89.90436342031627
306,110,-104.65816385765463,287.545941960488,40,0.07683679272008223,76.83679272008223
306,110,-104.65816385765463,287.545941960488,48,0.05865447003238967,58.65447003238967
306,110,-104.65816385765463,287.545941960488,56,0.05986751759962301,59.867517599623014
306,110,-104.65816385765463,287.545941960488,64,0.06471442839139557,64.71442839139557
306,110,-104.65816385765463,287.545941960488,72,0.06991698599080096,69.91698599080095
306,110,-104.65816385765463,287.545941960488,80,0.07410378823861744,74.10378823861744
306,110,-104.65816385765463,287.545941960488,88,0.08250104685186702,82.50104685186702
306,110,-104.65816385765463,287.545941960488,96,0.08842898653630107,88.42898653630107
306,110,-104.65816385765463,287.545941960488,104,0.06372091857501601,63.72091857501601
306,110,-104.65816385765463,287.545941960488,112,0.05807551191665681,58.07551191665681
306,110,-104.65816385765463,287.545941960488,120,0.06156853231044908,61.56853231044908
306,110,-104.65816385765463,287.545941960488,128,0.06710785182151861,67.10785182151861
306,110,-104.65816385765463,287.545941960488,136,0.07153846140079256,71.53846140079256
306,110,-104.65816385765463,287.545941960488,144,0.07661356878489188,76.61356878489188
306,110,-104.65816385765463,287.545941960488,152,0.08954909948068185,89.54909948068185
306,110,-104.65816385765463,287.545941960488,160,0.07658619116394189,76.58619116394189
306,110,-104.65816385765463,287.545941960488,168,0.05831200363888761,58.31200363888761
306,110,-104.65816385765463,287.545941960488,176,0.05955346543918314,59.55346543918314
306,110,-104.65816385765463,287.545941960488,184,0.06439984146849953,64.39984146849953
306,110,-104.65816385765463,287.545941960488,192,0.06964110633306056,69.64110633306056
306,110,-104.65816385765463,287.545941960488,200,0.07391014834126598,73.91014834126598
306,110,-104.65816385765463,287.545941960488,208,0.08255502620998569,82.55502620998568
306,110,-104.65816385765463,287.545941960488,216,0.0885216336820866,88.5216336820866
306,110,-104.65816385765463,287.545941960488,224,0.06397409541712347,63.97409541712347
306,110,-104.65816385765463,287.545941960488,232,0.05837347472207894,58.37347472207894
306,110,-104.65816385765463,287.545941960488,240,0.061913887087531594,61.91388708753159
306,110,-104.65816385765463,287.545941960488,248,0.0675219035847445,67.52190358474449
306,110,-104.65816385765463,287.545941960488,256,0.07190036922860323,71.90036922860322
306,110,-104.65816385765463,287.545941960488,264,0.07686221343903686,76.86221343903686
306,110,-104.65816385765463,287.545941960488,272,0.08979123679724216,89.79123679724216
306,110,-104.65816385765463,287.545941960488,280,0.07666317299046964,76.66317299046963
306,110,-104.65816385765463,287.545941960488,288,0.058363202349779854,58.363202349779854
306,110,-104.65816385765463,287.545941960488,296,0.059586215290775194,59.58621529077519
306,110,-104.65816385765463,287.545941960488,304,0.06435799894510262,64.35799894510262
306,110,-104.65816385765463,287.545941960488,312,0.06952102061778495,69.52102061778496
306,110,-104.65816385765463,287.545941960488,320,0.07381075026906819,73.8107502690682
306,110,-104.65816385765463,287.545941960488,328,0.0822564523120004,82.2564523120004
306,110,-104.65816385765463,287.545941960488,336,0.088301187371355,88.301187371355
306,110,-104.65816385765463,287.545941960488,344,0.06369636171187623,63.69636171187623
306,110,-104.65816385765463,287.545941960488,352,0.05804479113557681,58.044791135576816
306,110,-104.65816385765463,287.545941960488,360,0.06158806598082609,61.588065980826094
306,115,-129.32118809265398,277.3301828332149,0,0.04969482880055692,49.69482880055692
306,115,-129.32118809265398,277.3301828332149,8,0.055139149802128064,55.13914980212807
306,115,-129.32118809265398,277.3301828332149,16,0.0596988348484182,59.6988348484182
306,115,-129.32118809265398,277.3301828332149,24,0.06481022333436927,64.81022333436927
306,115,-129.32118809265398,277.3301828332149,32,0.06802476007238345,68.02476007238344
306,115,-129.32118809265398,277.3301828332149,40,0.048575008676631566,48.57500867663157
306,115,-129.32118809265398,277.3301828332149,48,0.044595661310318765,44.59566131031877
306,115,-129.32118809265398,277.3301828332149,56,0.0475958963136311,47.5958963136311
306,115,-129.32118809265398,277.3301828332149,64,0.0527256497285033,52.7256497285033
306,115,-129.32118809265398,277.3301828332149,72,0.05782996098195724,57.829960981957235
306,115,-129.32118809265398,277.3301828332149,80,0.06222985425852668,62.22985425852668
306,115,-129.32118809265398,277.3301828332149,88,0.06710145255246064,67.10145255246064
306,115,-129.32118809265398,277.3301828332149,96,0.05989865105335397,59.89865105335397
306,115,-129.32118809265398,277.3301828332149,104,0.04418011362880606,44.18011362880606
306,115,-129.32118809265398,277.3301828332149,112,0.045505620995595644,45.50562099559564
306,115,-129.32118809265398,277.3301828332149,120,0.04968666859872826,49.68666859872826
306,115,-129.32118809265398,277.3301828332149,128,0.055049689327912044,55.04968932791204
306,115,-129.32118809265398,277.3301828332149,136,0.05955235737252906,59.552357372529066
306,115,-129.32118809265398,277.3301828332149,144,0.06467468787803521,64.67468787803521
306,115,-129.32118809265398,277.3301828332149,152,0.0676617991376349,67.6617991376349
306,115,-129.32118809265398,277.3301828332149,160,0.04832693544896767,48.32693544896767
306,115,-129.32118809265398,277.3301828332149,168,0.04424067963887518,44.24067963887518
306,115,-129.32118809265398,277.3301828332149,176,0.04727344333234216,47.27344333234216
306,115,-129.32118809265398,277.3301828332149,184,0.05241793063965661,52.4179306396566
306,115,-129.32118809265398,277.3301828332149,192,0.05756248064400256,57.56248064400256
306,115,-129.32118809265398,277.3301828332149,200,0.062055111691665665,62.055111691665665
306,115,-129.32118809265398,277.3301828332149,208,0.06715536714293509,67.15536714293509
306,115,-129.32118809265398,277.3301828332149,216,0.06004519409827953,60.04519409827953
306,115,-129.32118809265398,277.3301828332149,224,0.04440675362569023,44.40675362569023
306,115,-129.32118809265398,277.3301828332149,232,0.04579917580704809,45.799175807048094
306,115,-129.32118809265398,277.3301828332149,240,0.050026539079722196,50.0265390797222
306,115,-129.32118809265398,277.3301828332149,248,0.05545681827786206,55.456818277862055
306,115,-129.32118809265398,277.3301828332149,256,0.05990760902385961,59.90760902385961
306,115,-129.32118809265398,277.3301828332149,264,0.0649190764162095,64.9190764162095
306,115,-129.32118809265398,277.3301828332149,272,0.06790740790635014,67.90740790635013
306,115,-129.32118809265398,277.3301828332149,280,0.04836352596838922,48.36352596838922
306,115,-129.32118809265398,277.3301828332149,288,0.04431909568357471,44.31909568357471
306,115,-129.32118809265398,277.3301828332149,296,0.047316121253691404,47.316121253691406
306,115,-129.32118809265398,277.3301828332149,304,0.052378743128344125,52.37874312834413
306,115,-129.32118809265398,277.3301828332149,312,0.05744325983903499,57.443259839034994
306,115,-129.32118809265398,277.3301828332149,320,0.06194703884090193,61.947038840901925
306,115,-129.32118809265398,277.3301828332149,328,0.06684725220392065,66.84725220392066
306,115,-129.32118809265398,277.3301828332149,336,0.05982065156987291,59.82065156987291
306,115,-129.32118809265398,277.3301828332149,344,0.04412240950104624,44.12240950104624
306,115,-129.32118809265398,277.3301828332149,352,0.045454473766895154,45.454473766895156
306,115,-129.32118809265398,277.3301828332149,360,0.049705577054220185,49.705577054220186
306,120,-152.99999999999994,265.00377355803823,0,0.03822608945705454,38.226089457054535
306,120,-152.99999999999994,265.00377355803823,8,0.043492808530740674,43.492808530740675
306,120,-152.99999999999994,265.00377355803823,16,0.048188703326324356,48.18870332632436
306,120,-152.99999999999994,265.00377355803823,24,0.04825333122365189,48.25333122365189
306,120,-152.99999999999994,265.00377355803823,32,0.04048860197228277,40.488601972282765
306,120,-152.99999999999994,265.00377355803823,40,0.03146028782898045,31.46028782898045
306,120,-152.99999999999994,265.00377355803823,48,0.03247071280288698,32.47071280288698
306,120,-152.99999999999994,265.00377355803823,56,0.036218188605410435,36.21818860541043
306,120,-152.99999999999994,265.00377355803823,64,0.04114512748343087,41.14512748343087
306,120,-152.99999999999994,265.00377355803823,72,0.04620493551091379,46.20493551091379
306,120,-152.99999999999994,265.00377355803823,80,0.050695808146592816,50.69580814659282
306,120,-152.99999999999994,265.00377355803823,88,0.04403225038566597,44.032250385665975
306,120,-152.99999999999994,265.00377355803823,96,0.034445632446744014,34.445632446744014
306,120,-152.99999999999994,265.00377355803823,104,0.0315964684728285,31.5964684728285
306,120,-152.99999999999994,265.00377355803823,112,0.033907468883403014,33.90746888340301
306,120,-152.99999999999994,265.00377355803823,120,0.03821808426161957,38.21808426161957
306,120,-152.99999999999994,265.00377355803823,128,0.043401091782873,43.401091782872996
306,120,-152.99999999999994,265.00377355803823,136,0.04802981175652403,48.029811756524026
306,120,-152.99999999999994,265.00377355803823,144,0.04810849328439465,48.10849328439465
306,120,-152.99999999999994,265.00377355803823,152,0.04011582872742315,40.11582872742315
306,120,-152.99999999999994,265.00377355803823,160,0.031211407678271064,31.211407678271065
306,120,-152.99999999999994,265.00377355803823,168,0.032099779786747204,32.099779786747206
306,120,-152.99999999999994,265.00377355803823,176,0.035900298621491945,35.90029862149195
306,120,-152.99999999999994,265.00377355803823,184,0.04084535111166904,40.84535111166904
306,120,-152.99999999999994,265.00377355803823,192,0.045951149746445416,45.95114974644542
306,120,-152.99999999999994,265.00377355803823,200,0.050542059458592165,50.54205945859216
306,120,-152.99999999999994,265.00377355803823,208,0.04411876478388388,44.118764783883876
306,120,-152.99999999999994,265.00377355803823,216,0.034624917629503905,34.624917629503905
306,120,-152.99999999999994,265.00377355803823,224,0.031812180985664865,31.812180985664863
306,120,-152.99999999999994,265.00377355803823,232,0.03419711144482266,34.19711144482266
306,120,-152.99999999999994,265.00377355803823,240,0.03855259516393889,38.55259516393889
306,120,-152.99999999999994,265.00377355803823,248,0.04380241428565859,43.80241428565859
306,120,-152.99999999999994,265.00377355803823,256,0.04837250550726755,48.37250550726755
306,120,-152.99999999999994,265.00377355803823,264,0.0483649000790207,48.3649000790207
306,120,-152.99999999999994,265.00377355803823,272,0.04031187235427803,40.31187235427803
306,120,-152.99999999999994,265.00377355803823,280,0.03128266204591899,31.282662045918986
306,120,-152.99999999999994,265.00377355803823,288,0.032200572628164115,32.20057262816412
306,120,-152.99999999999994,265.00377355803823,296,0.03594096154720109,35.94096154720109
306,120,-152.99999999999994,265.00377355803823,304,0.04080741056307759,40.80741056307759
306,120,-152.99999999999994,265.00377355803823,312,0.045829389094383895,45.82938909438389
306,120,-152.99999999999994,265.00377355803823,320,0.05042369654001111,50.42369654001111
306,120,-152.99999999999994,265.00377355803823,328,0.04379818658381977,43.79818658381977
306,120,-152.99999999999994,265.00377355803823,336,0.034396010620728786,34.39601062072879
306,120,-152.99999999999994,265.00377355803823,344,0.03151777085039792,31.51777085039792
306,120,-152.99999999999994,265.00377355803823,352,0.033848279764386376,33.848279764386376
306,120,-152.99999999999994,265.00377355803823,360,0.03823748553650419,38.23748553650419
306,125,-175.51438952342014,250.66052555243147,0,0.027259050678526527,27.259050678526528
306,125,-175.51438952342014,250.66052555243147,8,0.032367734795772304,32.36773479577231
306,125,-175.51438952342014,250.66052555243147,16,0.036465276730348495,36.46527673034849
306,125,-175.51438952342014,250.66052555243147,24,0.024505778120341066,24.505778120341066
306,125,-175.51438952342014,250.66052555243147,32,0.01767609213826083,17.67609213826083
306,125,-175.51438952342014,250.66052555243147,40,0.01989290017474333,19.89290017474333
306,125,-175.51438952342014,250.66052555243147,48,0.02165876839633978,21.658768396339777
306,125,-175.51438952342014,250.66052555243147,56,0.025349416095099317,25.34941609509932
306,125,-175.51438952342014,250.66052555243147,64,0.03006099642297367,30.06099642297367
306,125,-175.51438952342014,250.66052555243147,72,0.035068338467311506,35.068338467311506
306,125,-175.51438952342014,250.66052555243147,80,0.032909905023475024,32.90990502347503
306,125,-175.51438952342014,250.66052555243147,88,0.017610630901326103,17.610630901326104
306,125,-175.51438952342014,250.66052555243147,96,0.018870560621654448,18.870560621654448
306,125,-175.51438952342014,250.66052555243147,104,0.020009511973590483,20.009511973590485
306,125,-175.51438952342014,250.66052555243147,112,0.023159648960109098,23.1596489601091
306,125,-175.51438952342014,250.66052555243147,120,0.027250062150848908,27.25006215084891
306,125,-175.51438952342014,250.66052555243147,128,0.03226864208282461,32.268642082824606
306,125,-175.51438952342014,250.66052555243147,136,0.036292319606318554,36.29231960631856
306,125,-175.51438952342014,250.66052555243147,144,0.024347271037971442,24.347271037971442
306,125,-175.51438952342014,250.66052555243147,152,0.01729369829074409,17.293698290744093
306,125,-175.51438952342014,250.66052555243147,160,0.01963589822364066,19.63589822364066
306,125,-175.51438952342014,250.66052555243147,168,0.021283524533518394,21.283524533518396
306,125,-175.51438952342014,250.66052555243147,176,0.025037003827991934,25.037003827991935
306,125,-175.51438952342014,250.66052555243147,184,0.0297701772024594,29.770177202459397
306,125,-175.51438952342014,250.66052555243147,192,0.03484426044681545,34.84426044681545
306,125,-175.51438952342014,250.66052555243147,200,0.03276138003447639,32.76138003447639
306,125,-175.51438952342014,250.66052555243147,208,0.017768207990741643,17.768207990741644
306,125,-175.51438952342014,250.66052555243147,216,0.019031278934846747,19.031278934846746
306,125,-175.51438952342014,250.66052555243147,224,0.020216756106163376,20.216756106163377
306,125,-175.51438952342014,250.66052555243147,232,0.02344477144773093,23.44477144773093
306,125,-175.51438952342014,250.66052555243147,240,0.027579378981537513,27.579378981537513
306,125,-175.51438952342014,250.66052555243147,248,0.03266001441912318,32.66001441912318
306,125,-175.51438952342014,250.66052555243147,256,0.036624618659460186,36.62461865946018
306,125,-175.51438952342014,250.66052555243147,264,0.024565382791115864,24.565382791115866
306,125,-175.51438952342014,250.66052555243147,272,0.017478165769383602,17.4781657693836
306,125,-175.51438952342014,250.66052555243147,280,0.019722199401919233,19.722199401919234
306,125,-175.51438952342014,250.66052555243147,288,0.021390500939724257,21.390500939724255
306,125,-175.51438952342014,250.66052555243147,296,0.02507454216665931,25.07454216665931
306,125,-175.51438952342014,250.66052555243147,304,0.029732066077086346,29.732066077086344
306,125,-175.51438952342014,250.66052555243147,312,0.03471335818558958,34.71335818558958
306,125,-175.51438952342014,250.66052555243147,320,0.03262527696873105,32.62527696873105
306,125,-175.51438952342014,250.66052555243147,328,0.01743225879740093,17.43225879740093
306,125,-175.51438952342014,250.66052555243147,336,0.018796481197386895,18.796481197386896
306,125,-175.51438952342014,250.66052555243147,344,0.019911841829719085,19.911841829719084
306,125,-175.51438952342014,250.66052555243147,352,0.023102207256506448,23.102207256506446
306,125,-175.51438952342014,250.66052555243147,360,0.027271070528750847,27.271070528750847
306,130,-196.69300856408105,234.40959959440727,0,0.016877178252156684,16.877178252156686
306,130,-196.69300856408105,234.40959959440727,8,0.02172145021937194,21.721450219371942
306,130,-196.69300856408105,234.40959959440727,16,0.017320701457829674,17.320701457829674
306,130,-196.69300856408105,234.40959959440727,24,-0.0005881543243424492,-0.5881543243424492
306,130,-196.69300856408105,234.40959959440727,32,0.0037445153103332907,3.7445153103332904
306,130,-196.69300856408105,234.40959959440727,40,0.0091291891527449,9.1291891527449
306,130,-196.69300856408105,234.40959959440727,48,0.0116529999991592,11.652999999159201
306,130,-196.69300856408105,234.40959959440727,56,0.015072296704245595,15.072296704245595
306,130,-196.69300856408105,234.40959959440727,64,0.019433829517783212,19.433829517783213
306,130,-196.69300856408105,234.40959959440727,72,0.02213483095327308,22.13483095327308
306,130,-196.69300856408105,234.40959959440727,80,0.008956949553067878,8.95694955306788
306,130,-196.69300856408105,234.40959959440727,88,-0.002758124243337286,-2.758124243337286
306,130,-196.69300856408105,234.40959959440727,96,0.00800993695455976,8.009936954559759
306,130,-196.69300856408105,234.40959959440727,104,0.010055934092302727,10.055934092302728
306,130,-196.69300856408105,234.40959959440727,112,0.013012773221666107,13.012773221666107
306,130,-196.69300856408105,234.40959959440727,120,0.016866075537352115,16.866075537352117
306,130,-196.69300856408105,234.40959959440727,128,0.021609438546935995,21.609438546935994
306,130,-196.69300856408105,234.40959959440727,136,0.017124072909502287,17.124072909502285
306,130,-196.69300856408105,234.40959959440727,144,-0.0007618685586431144,-0.7618685586431144
306,130,-196.69300856408105,234.40959959440727,152,0.0033517576907696315,3.3517576907696314
306,130,-196.69300856408105,234.40959959440727,160,0.008859348974706392,8.859348974706391
306,130,-196.69300856408105,234.40959959440727,168,0.011278083944588568,11.278083944588568
306,130,-196.69300856408105,234.40959959440727,176,0.014766235184657518,14.766235184657518
306,130,-196.69300856408105,234.40959959440727,184,0.0191637107238966,19.1637107238966
306,130,-196.69300856408105,234.40959959440727,192,0.021939723126961276,21.939723126961276
306,130,-196.69300856408105,234.40959959440727,200,0.008887104308125485,8.887104308125485
306,130,-196.69300856408105,234.40959959440727,208,-0.0025845425333589815,-2.5845425333589818
306,130,-196.69300856408105,234.40959959440727,216,0.008167578740901765,8.167578740901765
306,130,-196.69300856408105,234.40959959440727,224,0.010273781320761316,10.273781320761316
306,130,-196.69300856408105,234.40959959440727,232,0.01329332396188071,13.29332396188071
306,130,-196.69300856408105,234.40959959440727,240,0.017190403333475296,17.190403333475295
306,130,-196.69300856408105,234.40959959440727,248,0.02198419783931252,21.984197839312518
306,130,-196.69300856408105,234.40959959440727,256,0.01745693156628956,17.45693156628956
306,130,-196.69300856408105,234.40959959440727,264,-0.0006023933845989241,-0.6023933845989241
306,130,-196.69300856408105,234.40959959440727,272,0.0035567757823405837,3.556775782340584
306,130,-196.69300856408105,234.40959959440727,280,0.008960842956144058,8.960842956144058
306,130,-196.69300856408105,234.40959959440727,288,0.01138593171420893,11.38593171420893
306,130,-196.69300856408105,234.40959959440727,296,0.014799563124875459,14.799563124875458
306,130,-196.69300856408105,234.40959959440727,304,0.01912004262533908,19.120042625339078
306,130,-196.69300856408105,234.40959959440727,312,0.021797080456918312,21.797080456918312
306,130,-196.69300856408105,234.40959959440727,320,0.008728941214816766,8.728941214816766
306,130,-196.69300856408105,234.40959959440727,328,-0.002933936347822898,-2.933936347822898
306,130,-196.69300856408105,234.40959959440727,336,0.00792456053423714,7.9245605342371395
306,130,-196.69300856408105,234.40959959440727,344,0.009957470158726648,9.957470158726649
306,130,-196.69300856408105,234.40959959440727,352,0.012958128022208137,12.958128022208138
306,130,-196.69300856408105,234.40959959440727,360,0.016889793070871684,16.889793070871683
306,135,-216.37467504308353,216.37467504308356,0,0.006712806260012666,6.712806260012666
306,135,-216.37467504308353,216.37467504308356,8,0.007698273987752431,7.698273987752431
306,135,-216.37467504308353,216.37467504308356,16,-0.005421483308643874,-5.421483308643874
306,135,-216.37467504308353,216.37467504308356,24,-0.018856760655567913,-18.856760655567914
306,135,-216.37467504308353,216.37467504308356,32,-0.006393685447864986,-6.3936854478649865
306,135,-216.37467504308353,216.37467504308356,40,-0.00021156039274205135,-0.21156039274205135
306,135,-216.37467504308353,216.37467504308356,48,0.002331876153553805,2.331876153553805
306,135,-216.37467504308353,216.37467504308356,56,0.005474053291859166,5.474053291859166
306,135,-216.37467504308353,216.37467504308356,64,0.009257697433333394,9.257697433333394
306,135,-216.37467504308353,216.37467504308356,72,0.002679992371659848,2.6799923716598477
306,135,-216.37467504308353,216.37467504308356,80,-0.014390081387007323,-14.390081387007323
306,135,-216.37467504308353,216.37467504308356,88,-0.014683494625882346,-14.683494625882346
306,135,-216.37467504308353,216.37467504308356,96,-0.001978203815050964,-1.9782038150509642
306,135,-216.37467504308353,216.37467504308356,104,0.0007948861154575178,0.7948861154575178
306,135,-216.37467504308353,216.37467504308356,112,0.003544065519294666,3.544065519294666
306,135,-216.37467504308353,216.37467504308356,120,0.006699451829652434,6.699451829652434
306,135,-216.37467504308353,216.37467504308356,128,0.0075693252998448955,7.569325299844896
306,135,-216.37467504308353,216.37467504308356,136,-0.005646167655203921,-5.6461676552039215
306,135,-216.37467504308353,216.37467504308356,144,-0.019041723190849884,-19.041723190849883
306,135,-216.37467504308353,216.37467504308356,152,-0.006798432300076658,-6.798432300076658
306,135,-216.37467504308353,216.37467504308356,160,-0.0005185717002275381,-0.5185717002275381
306,135,-216.37467504308353,216.37467504308356,168,0.0019582185522690936,1.9582185522690936
306,135,-216.37467504308353,216.37467504308356,176,0.005175543487809556,5.1755434878095565
306,135,-216.37467504308353,216.37467504308356,184,0.00901525568494855,9.015255684948551
306,135,-216.37467504308353,216.37467504308356,192,0.0025344470395064302,2.5344470395064302
306,135,-216.37467504308353,216.37467504308356,200,-0.01438139461668227,-14.38139461668227
306,135,-216.37467504308353,216.37467504308356,208,-0.014505456238067167,-14.505456238067167
306,135,-216.37467504308353,216.37467504308356,216,-0.0018122617364622802,-1.8122617364622802
306,135,-216.37467504308353,216.37467504308356,224,0.0010237720465939384,1.0237720465939384
306,135,-216.37467504308353,216.37467504308356,232,0.00382002763225094,3.82002763225094
306,135,-216.37467504308353,216.37467504308356,240,0.00700935571783535,7.0093557178353505
306,135,-216.37467504308353,216.37467504308356,248,0.007926751476232938,7.926751476232938
306,135,-216.37467504308353,216.37467504308356,256,-0.005374534286395227,-5.374534286395227
306,135,-216.37467504308353,216.37467504308356,264,-0.018872152447282305,-18.872152447282303
306,135,-216.37467504308353,216.37467504308356,272,-0.006583245493100215,-6.583245493100215
306,135,-216.37467504308353,216.37467504308356,280,-0.0003980202127342458,-0.3980202127342458
306,135,-216.37467504308353,216.37467504308356,288,0.002066219422894579,2.066219422894579
306,135,-216.37467504308353,216.37467504308356,296,0.00520357630887916,5.20357630887916
306,135,-216.37467504308353,216.37467504308356,304,0.00896324549039563,8.96324549039563
306,135,-216.37467504308353,216.37467504308356,312,0.0023699090304137673,2.3699090304137673
306,135,-216.37467504308353,216.37467504308356,320,-0.014561910756825275,-14.561910756825275
306,135,-216.37467504308353,216.37467504308356,328,-0.014868166496406116,-14.868166496406117
306,135,-216.37467504308353,216.37467504308356,336,-0.002079843920514956,-2.079843920514956
306,135,-216.37467504308353,216.37467504308356,344,0.0006956860012380013,0.6956860012380013
306,135,-216.37467504308353,216.37467504308356,352,0.0034932446296269863,3.4932446296269863
306,135,-216.37467504308353,216.37467504308356,360,0.006725985976176,6.725985976176
306,140,-234.40959959440724,196.69300856408108,0,-0.002956450108309361,-2.956450108309361
306,140,-234.40959959440724,196.69300856408108,8,-0.01120812865354571,-11.20812865354571
306,140,-234.40959959440724,196.69300856408108,16,-0.02622678825204603,-26.22678825204603
306,140,-234.40959959440724,196.69300856408108,24,-0.028683612092659728,-28.68361209265973
306,140,-234.40959959440724,196.69300856408108,32,-0.015429374375910696,-15.429374375910696
306,140,-234.40959959440724,196.69300856408108,40,-0.008820555257490759,-8.820555257490758
306,140,-234.40959959440724,196.69300856408108,48,-0.0062336637597628685,-6.233663759762869
306,140,-234.40959959440724,196.69300856408108,56,-0.004443415659971408,-4.443415659971408
306,140,-234.40959959440724,196.69300856408108,64,-0.005664216469764845,-5.6642164697648445
306,140,-234.40959959440724,196.69300856408108,72,-0.01850380632935636,-18.503806329356358
306,140,-234.40959959440724,196.69300856408108,80,-0.030362822370672345,-30.362822370672344
306,140,-234.40959959440724,196.69300856408108,88,-0.023940569909083248,-23.940569909083248
306,140,-234.40959959440724,196.69300856408108,96,-0.010994027408774188,-10.994027408774189
306,140,-234.40959959440724,196.69300856408108,104,-0.007714594647917331,-7.714594647917331
306,140,-234.40959959440724,196.69300856408108,112,-0.005477796820353727,-5.477796820353727
306,140,-234.40959959440724,196.69300856408108,120,-0.002971796378766563,-2.971796378766563
306,140,-234.40959959440724,196.69300856408108,128,-0.011368020744847818,-11.368020744847819
306,140,-234.40959959440724,196.69300856408108,136,-0.026479027176097653,-26.479027176097652
306,140,-234.40959959440724,196.69300856408108,144,-0.028877916654955735,-28.877916654955737
306,140,-234.40959959440724,196.69300856408108,152,-0.015849266996224777,-15.849266996224777
306,140,-234.40959959440724,196.69300856408108,160,-0.009166148486636747,-9.166148486636747
306,140,-234.40959959440724,196.69300856408108,168,-0.006605141840315862,-6.605141840315862
306,140,-234.40959959440724,196.69300856408108,176,-0.00472103202101957,-4.72103202101957
306,140,-234.40959959440724,196.69300856408108,184,-0.005856612536655101,-5.856612536655101
306,140,-234.40959959440724,196.69300856408108,192,-0.018553296892669213,-18.553296892669213
306,140,-234.40959959440724,196.69300856408108,200,-0.030349353963406368,-30.34935396340637
306,140,-234.40959959440724,196.69300856408108,208,-0.02375189227368691,-23.75189227368691
306,140,-234.40959959440724,196.69300856408108,216,-0.010799642921306446,-10.799642921306447
306,140,-234.40959959440724,196.69300856408108,224,-0.007474691479460158,-7.474691479460158
306,140,-234.40959959440724,196.69300856408108,232,-0.005213597398683656,-5.213597398683656
306,140,-234.40959959440724,196.69300856408108,240,-0.002678568106708412,-2.678568106708412
306,140,-234.40959959440724,196.69300856408108,248,-0.011052962803293912,-11.052962803293912
306,140,-234.40959959440724,196.69300856408108,256,-0.026248942778825196,-26.248942778825196
306,140,-234.40959959440724,196.69300856408108,264,-0.028708338796119337,-28.708338796119335
306,140,-234.40959959440724,196.69300856408108,272,-0.015626500401723743,-15.626500401723742
306,140,-234.40959959440724,196.69300856408108,280,-0.00902521494697143,-9.025214946971431
306,140,-234.40959959440724,196.69300856408108,288,-0.006497707296285728,-6.497707296285728
306,140,-234.40959959440724,196.69300856408108,296,-0.004687032903827279,-4.687032903827279
306,140,-234.40959959440724,196.69300856408108,304,-0.005922044710698857,-5.922044710698857
306,140,-234.40959959440724,196.69300856408108,312,-0.01875037728563299,-18.750377285632993
306,140,-234.40959959440724,196.69300856408108,320,-0.030548487078472797,-30.548487078472796
306,140,-234.40959959440724,196.69300856408108,328,-0.024128786849566503,-24.128786849566502
306,140,-234.40959959440724,196.69300856408108,336,-0.01112254412488565,-11.12254412488565
306,140,-234.40959959440724,196.69300856408108,344,-0.007814786181431683,-7.814786181431683
306,140,-234.40959959440724,196.69300856408108,352,-0.005527050975119592,-5.527050975119592
306,140,-234.40959959440724,196.69300856408108,360,-0.0029427765990452195,-2.9427765990452195
306,145,-250.66052555243152,175.51438952342005,0,-0.018189489452413006,-18.189489452413007
306,145,-250.66052555243152,175.51438952342005,8,-0.030484009044837546,-30.484009044837546
306,145,-250.66052555243152,175.51438952342005,16,-0.040194755576224386,-40.19475557622439
306,145,-250.66052555243152,175.51438952342005,24,-0.037149945664690154,-37.14994566469015
306,145,-250.66052555243152,175.51438952342005,32,-0.023460194607118262,-23.46019460711826
306,145,-250.66052555243152,175.51438952342005,40,-0.016632275792327122,-16.63227579232712
306,145,-250.66052555243152,175.51438952342005,48,-0.014845338996794348,-14.845338996794348
306,145,-250.66052555243152,175.51438952342005,56,-0.014168823756125971,-14.168823756125972
306,145,-250.66052555243152,175.51438952342005,64,-0.02347078586533437,-23.47078586533437
306,145,-250.66052555243152,175.51438952342005,72,-0.037312698170602204,-37.312698170602204
306,145,-250.66052555243152,175.51438952342005,80,-0.03889026799273123,-38.89026799273123
306,145,-250.66052555243152,175.51438952342005,88,-0.03138851000418308,-31.38851000418308
306,145,-250.66052555243152,175.51438952342005,96,-0.019253420730865656,-19.253420730865656
306,145,-250.66052555243152,175.51438952342005,104,-0.015407745911047497,-15.407745911047497
306,145,-250.66052555243152,175.51438952342005,112,-0.014992795785682467,-14.992795785682468
306,145,-250.66052555243152,175.51438952342005,120,-0.018222554029634748,-18.222554029634747
306,145,-250.66052555243152,175.51438952342005,128,-0.030684388829241783,-30.684388829241783
306,145,-250.66052555243152,175.51438952342005,136,-0.040469064714338684,-40.469064714338685
306,145,-250.66052555243152,175.51438952342005,144,-0.03735353394750804,-37.35353394750804
306,145,-250.66052555243152,175.51438952342005,152,-0.023897719354642022,-23.89771935464202
306,145,-250.66052555243152,175.51438952342005,160,-0.017017568103627066,-17.017568103627067
306,145,-250.66052555243152,175.51438952342005,168,-0.015195264262214079,-15.195264262214078
306,145,-250.66052555243152,175.51438952342005,176,-0.014419184476990421,-14.41918447699042
306,145,-250.66052555243152,175.51438952342005,184,-0.023568066509113045,-23.568066509113045
306,145,-250.66052555243152,175.51438952342005,192,-0.03729873949135905,-37.29873949135905
306,145,-250.66052555243152,175.51438952342005,200,-0.038856538737579,-38.856538737579
306,145,-250.66052555243152,175.51438952342005,208,-0.031184142177618075,-31.184142177618074
306,145,-250.66052555243152,175.51438952342005,216,-0.019029908910945876,-19.029908910945878
306,145,-250.66052555243152,175.51438952342005,224,-0.015156930818455122,-15.156930818455121
306,145,-250.66052555243152,175.51438952342005,232,-0.014767077339709396,-14.767077339709395
306,145,-250.66052555243152,175.51438952342005,240,-0.017980775080945977,-17.980775080945975
306,145,-250.66052555243152,175.51438952342005,248,-0.030431604159228926,-30.431604159228925
306,145,-250.66052555243152,175.51438952342005,256,-0.040233681934602056,-40.23368193460205
306,145,-250.66052555243152,175.51438952342005,264,-0.037185287979154366,-37.18528797915437
306,145,-250.66052555243152,175.51438952342005,272,-0.02366878042278638,-23.66878042278638
306,145,-250.66052555243152,175.51438952342005,280,-0.016855083085397328,-16.85508308539733
306,145,-250.66052555243152,175.51438952342005,288,-0.015086328957752812,-15.086328957752812
306,145,-250.66052555243152,175.51438952342005,296,-0.01438222192237475,-14.38222192237475
306,145,-250.66052555243152,175.51438952342005,304,-0.02366817221915399,-23.66817221915399
306,145,-250.66052555243152,175.51438952342005,312,-0.037522150329428246,-37.52215032942824
306,145,-250.66052555243152,175.51438952342005,320,-0.039067415883521375,-39.06741588352138
306,145,-250.66052555243152,175.51438952342005,328,-0.03158018812307958,-31.580188123079584
306,145,-250.66052555243152,175.51438952342005,336,-0.019410759181260347,-19.410759181260346
306,145,-250.66052555243152,175.51438952342005,344,-0.015509176557208848,-15.509176557208848
306,145,-250.66052555243152,175.51438952342005,352,-0.015053123782481007,-15.053123782481007
306,145,-250.66052555243152,175.51438952342005,360,-0.018175335877919363,-18.175335877919363
306,150,-265.00377355803823,152.99999999999997,0,-0.034182128688914376,-34.182128688914375
306,150,-265.00377355803823,152.99999999999997,8,-0.04745214275909121,-47.45214275909121
306,150,-265.00377355803823,152.99999999999997,16,-0.04799338899799769,-47.99338899799769
306,150,-265.00377355803823,152.99999999999997,24,-0.04331747717973801,-43.317477179738006
306,150,-265.00377355803823,152.99999999999997,32,-0.030681540534757832,-30.681540534757833
306,150,-265.00377355803823,152.99999999999997,40,-0.023587270087135292,-23.58727008713529
306,150,-265.00377355803823,152.99999999999997,48,-0.023970595378899666,-23.970595378899667
306,150,-265.00377355803823,152.99999999999997,56,-0.028740371312566685,-28.740371312566683
306,150,-265.00377355803823,152.99999999999997,64,-0.04088753729742854,-40.887537297428544
306,150,-265.00377355803823,152.99999999999997,72,-0.04916332204517318,-49.16332204517318
306,150,-265.00377355803823,152.99999999999997,80,-0.04640230918301652,-46.40230918301652
306,150,-265.00377355803823,152.99999999999997,88,-0.03769797620722453,-37.69797620722453
306,150,-265.00377355803823,152.99999999999997,96,-0.026693524810986087,-26.693524810986087
306,150,-265.00377355803823,152.99999999999997,104,-0.02368351031029981,-23.683510310299813
306,150,-265.00377355803823,152.99999999999997,112,-0.02504612823430513,-25.046128234305133
306,150,-265.00377355803823,152.99999999999997,120,-0.03425695357240084,-34.25695357240084
306,150,-265.00377355803823,152.99999999999997,128,-0.047681724939261955,-47.681724939261954
306,150,-265.00377355803823,152.99999999999997,136,-0.048284084119269134,-48.28408411926913
306,150,-265.00377355803823,152.99999999999997,144,-0.043572266124949285,-43.57226612494929
306,150,-265.00377355803823,152.99999999999997,152,-0.031137066029006254,-31.137066029006252
306,150,-265.00377355803823,152.99999999999997,160,-0.024013076507096352,-24.01307650709635
306,150,-265.00377355803823,152.99999999999997,168,-0.0242724554210719,-24.2724554210719
306,150,-265.00377355803823,152.99999999999997,176,-0.028890387275173103,-28.890387275173104
306,150,-265.00377355803823,152.99999999999997,184,-0.04087753217562985,-40.87753217562985
306,150,-265.00377355803823,152.99999999999997,192,-0.04912149776628489,-49.12149776628489
306,150,-265.00377355803823,152.99999999999997,200,-0.04634758381605719,-46.347583816057195
306,150,-265.00377355803823,152.99999999999997,208,-0.03747635696303274,-37.47635696303274
306,150,-265.00377355803823,152.99999999999997,216,-0.026440422411628806,-26.440422411628806
306,150,-265.00377355803823,152.99999999999997,224,-0.023461537739026112,-23.461537739026113
306,150,-265.00377355803823,152.99999999999997,232,-0.02486672430003502,-24.86672430003502
306,150,-265.00377355803823,152.99999999999997,240,-0.03407984038407225,-34.079840384072256
306,150,-265.00377355803823,152.99999999999997,248,-0.04745997302320534,-47.45997302320534
306,150,-265.00377355803823,152.99999999999997,256,-0.04805766294138507,-48.05766294138507
306,150,-265.00377355803823,152.99999999999997,264,-0.04338946864305909,-43.38946864305909
306,150,-265.00377355803823,152.99999999999997,272,-0.03090137001524112,-30.901370015241117
306,150,-265.00377355803823,152.99999999999997,280,-0.02382803460367481,-23.82803460367481
306,150,-265.00377355803823,152.99999999999997,288,-0.024157535494985338,-24.15753549498534
306,150,-265.00377355803823,152.99999999999997,296,-0.028889445302255557,-28.889445302255556
306,150,-265.00377355803823,152.99999999999997,304,-0.04101928888390695,-41.019288883906945
306,150,-265.00377355803823,152.99999999999997,312,-0.04936074616802333,-49.360746168023326
306,150,-265.00377355803823,152.99999999999997,320,-0.04657451416637674,-46.574514166376744
306,150,-265.00377355803823,152.99999999999997,328,-0.03789365579720016,-37.89365579720016
306,150,-265.00377355803823,152.99999999999997,336,-0.02688141076849887,-26.88141076849887
306,150,-265.00377355803823,152.99999999999997,344,-0.023783166480499725,-23.783166480499723
306,150,-265.00377355803823,152.99999999999997,352,-0.025101719042178977,-25.101719042178978
306,150,-265.00377355803823,152.99999999999997,360,-0.03416743934591661,-34.167439345916605
306,155,-277.3301828332149,129.32118809265404,0,-0.04935621433566284,-49.35621433566284
306,155,-277.3301828332149,129.32118809265404,8,-0.05690069719819133,-56.90069719819133
306,155,-277.3301828332149,129.32118809265404,16,-0.05454023798713453,-54.54023798713453
306,155,-277.3301828332149,129.32118809265404,24,-0.048548914840292584,-48.54891484029258
306,155,-277.3301828332149,129.32118809265404,32,-0.0370384533559522,-37.0384533559522
306,155,-277.3301828332149,129.32118809265404,40,-0.03137792671423796,-31.37792671423796
306,155,-277.3301828332149,129.32118809265404,48,-0.033731921141581286,-33.73192114158129
306,155,-277.3301828332149,129.32118809265404,56,-0.04276168629151374,-42.76168629151374
306,155,-277.3301828332149,129.32118809265404,64,-0.056251954291896146,-56.25195429189615
306,155,-277.3301828332149,129.32118809265404,72,-0.05625379554046296,-56.25379554046296
306,155,-277.3301828332149,129.32118809265404,80,-0.052147222999189946,-52.14722299918995
306,155,-277.3301828332149,129.32118809265404,88,-0.04310995439890837,-43.10995439890837
306,155,-277.3301828332149,129.32118809265404,96,-0.033247487013861696,-33.247487013861694
306,155,-277.3301828332149,129.32118809265404,104,-0.032111532530529244,-32.111532530529246
306,155,-277.3301828332149,129.32118809265404,112,-0.03760649507871733,-37.60649507871733
306,155,-277.3301828332149,129.32118809265404,120,-0.04947287073727391,-49.47287073727391
306,155,-277.3301828332149,129.32118809265404,128,-0.057149914292036266,-57.149914292036264
306,155,-277.3301828332149,129.32118809265404,136,-0.05484560830722615,-54.84560830722615
306,155,-277.3301828332149,129.32118809265404,144,-0.048859518232743995,-48.859518232743994
306,155,-277.3301828332149,129.32118809265404,152,-0.037512211219888576,-37.51221121988858
306,155,-277.3301828332149,129.32118809265404,160,-0.03173572183212329,-31.73572183212329
306,155,-277.3301828332149,129.32118809265404,168,-0.03395131644129707,-33.951316441297074
306,155,-277.3301828332149,129.32118809265404,176,-0.04279768203499423,-42.79768203499423
306,155,-277.3301828332149,129.32118809265404,184,-0.056175612755970196,-56.1756127559702
306,155,-277.3301828332149,129.32118809265404,192,-0.056182561788893956,-56.182561788893956
306,155,-277.3301828332149,129.32118809265404,200,-0.05206328524958409,-52.06328524958409
306,155,-277.3301828332149,129.32118809265404,208,-0.042871240917316734,-42.87124091731673
306,155,-277.3301828332149,129.32118809265404,216,-0.03296600362225247,-32.96600362225247
306,155,-277.3301828332149,129.32118809265404,224,-0.031944520377474375,-31.944520377474376
306,155,-277.3301828332149,129.32118809265404,232,-0.03749275171672786,-37.49275171672786
306,155,-277.3301828332149,129.32118809265404,240,-0.0493601172039804,-49.360117203980394
306,155,-277.3301828332149,129.32118809265404,248,-0.05694029217858648,-56.94029217858648
306,155,-277.3301828332149,129.32118809265404,256,-0.05462394934005772,-54.62394934005772
306,155,-277.3301828332149,129.32118809265404,264,-0.048659964978607265,-48.65996497860726
306,155,-277.3301828332149,129.32118809265404,272,-0.03726922480513249,-37.269224805132495
306,155,-277.3301828332149,129.32118809265404,280,-0.031575457803000834,-31.575457803000834
306,155,-277.3301828332149,129.32118809265404,288,-0.03385881087794316,-33.85881087794316
306,155,-277.3301828332149,129.32118809265404,296,-0.04284533482106852,-42.84533482106852
306,155,-277.3301828332149,129.32118809265404,304,-0.05633734740269356,-56.33734740269356
306,155,-277.3301828332149,129.32118809265404,312,-0.056435286455205715,-56.43528645520571
306,155,-277.3301828332149,129.32118809265404,320,-0.05232961308986572,-52.329613089865724
306,155,-277.3301828332149,129.32118809265404,328,-0.043310417609052604,-43.31041760905261
306,155,-277.3301828332149,129.32118809265404,336,-0.03346598361030331,-33.46598361030331
306,155,-277.3301828332149,129.32118809265404,344,-0.03220758411164981,-32.20758411164981
306,155,-277.3301828332149,129.32118809265404,352,-0.037614458729548536,-37.61445872954854
306,155,-277.3301828332149,129.32118809265404,360,-0.049341065717216304,-49.3410657172163
306,160,-287.54594196048794,104.65816385765467,0,-0.06213982259758184,-62.13982259758184
306,160,-287.54594196048794,104.65816385765467,8,-0.06317028943811662,-63.17028943811662
306,160,-287.54594196048794,104.65816385765467,16,-0.05955169638784792,-59.55169638784792
306,160,-287.54594196048794,104.65816385765467,24,-0.052840397206330894,-52.84039720633089
306,160,-287.54594196048794,104.65816385765467,32,-0.04236918873031875,-42.369188730318754
306,160,-287.54594196048794,104.65816385765467,40,-0.03876528932320592,-38.76528932320592
306,160,-287.54594196048794,104.65816385765467,48,-0.044194031544592345,-44.19403154459234
306,160,-287.54594196048794,104.65816385765467,56,-0.05583392336518536,-55.83392336518536
306,160,-287.54594196048794,104.65816385765467,64,-0.06328197730377917,-63.28197730377917
306,160,-287.54594196048794,104.65816385765467,72,-0.06174605263204386,-61.746052632043856
306,160,-287.54594196048794,104.65816385765467,80,-0.05698373366910532,-56.98373366910532
306,160,-287.54594196048794,104.65816385765467,88,-0.047583256157354016,-47.583256157354015
306,160,-287.54594196048794,104.65816385765467,96,-0.03948192462223067,-39.48192462223067
306,160,-287.54594196048794,104.65816385765467,104,-0.04069453710733544,-40.69453710733544
306,160,-287.54594196048794,104.65816385765467,112,-0.0493599458813174,-49.3599458813174
306,160,-287.54594196048794,104.65816385765467,120,-0.06227441039957197,-62.27441039957197
306,160,-287.54594196048794,104.65816385765467,128,-0.06343816394394325,-63.43816394394325
306,160,-287.54594196048794,104.65816385765467,136,-0.05986849048293122,-59.86849048293122
306,160,-287.54594196048794,104.65816385765467,144,-0.05320938735635642,-53.20938735635642
306,160,-287.54594196048794,104.65816385765467,152,-0.04282995535066894,-42.82995535066894
306,160,-287.54594196048794,104.65816385765467,160,-0.03902843860241013,-39.02843860241013
306,160,-287.54594196048794,104.65816385765467,168,-0.04429331574651864,-44.29331574651864
306,160,-287.54594196048794,104.65816385765467,176,-0.05576041077653763,-55.76041077653763
306,160,-287.54594196048794,104.65816385765467,184,-0.06317627953163404,-63.176279531634044
306,160,-287.54594196048794,104.65816385765467,192,-0.06165946946730714,-61.65946946730714
306,160,-287.54594196048794,104.65816385765467,200,-0.05687002718637894,-56.870027186378934
306,160,-287.54594196048794,104.65816385765467,208,-0.047327735716057875,-47.32773571605787
306,160,-287.54594196048794,104.65816385765467,216,-0.03926473744790197,-39.26473744790197
306,160,-287.54594196048794,104.65816385765467,224,-0.04059073324549187,-40.59073324549187
306,160,-287.54594196048794,104.65816385765467,232,-0.049312586858509186,-49.312586858509185
306,160,-287.54594196048794,104.65816385765467,240,-0.06221219020331871,-62.21219020331871
306,160,-287.54594196048794,104.65816385765467,248,-0.06323837850535878,-63.23837850535878
306,160,-287.54594196048794,104.65816385765467,256,-0.05964572308488018,-59.645723084880174
306,160,-287.54594196048794,104.65816385765467,264,-0.05299158199349933,-52.99158199349933
306,160,-287.54594196048794,104.65816385765467,272,-0.04259466902833673,-42.59466902833673
306,160,-287.54594196048794,104.65816385765467,280,-0.03890419635300547,-38.90419635300547
306,160,-287.54594196048794,104.65816385765467,288,-0.04425489009961737,-44.25489009961737
306,160,-287.54594196048794,104.65816385765467,296,-0.05585268819561923,-55.85268819561923
306,160,-287.54594196048794,104.65816385765467,304,-0.06334838754585649,-63.34838754585649
306,160,-287.54594196048794,104.65816385765467,312,-0.06191710064563991,-61.91710064563991
306,160,-287.54594196048794,104.65816385765467,320,-0.05717748125772276,-57.17748125772276
306,160,-287.54594196048794,104.65816385765467,328,-0.04778924873051844,-47.78924873051844
306,160,-287.54594196048794,104.65816385765467,336,-0.039639222706940536,-39.63922270694054
306,160,-287.54594196048794,104.65816385765467,344,-0.04075243940166199,-40.75243940166199
306,160,-287.54594196048794,104.65816385765467,352,-0.04931732110819667,-49.31732110819667
306,160,-287.54594196048794,104.65816385765467,360,-0.062124422810913696,-62.12442281091369
306,165,-295.5733028444549,79.19862780137143,0,-0.06774741204082997,-67.74741204082997
306,165,-295.5733028444549,79.19862780137143,8,-0.06736632884327096,-67.36632884327095
306,165,-295.5733028444549,79.19862780137143,16,-0.06363070890466296,-63.63070890466297
306,165,-295.5733028444549,79.19862780137143,24,-0.05615926350577942,-56.15926350577942
306,165,-295.5733028444549,79.19862780137143,32,-0.04644457481714291,-46.444574817142914
306,165,-295.5733028444549,79.19862780137143,40,-0.045589052191753944,-45.58905219175394
306,165,-295.5733028444549,79.19862780137143,48,-0.05375653692713359,-53.756536927133595
306,165,-295.5733028444549,79.19862780137143,56,-0.0658241441067476,-65.8241441067476
306,165,-295.5733028444549,79.19862780137143,64,-0.06874935152433995,-68.74935152433994
306,165,-295.5733028444549,79.19862780137143,72,-0.06579725061796417,-65.79725061796417
306,165,-295.5733028444549,79.19862780137143,80,-0.06087503242619968,-60.87503242619968
306,165,-295.5733028444549,79.19862780137143,88,-0.05074375569386866,-50.74375569386866
306,165,-295.5733028444549,79.19862780137143,96,-0.04484927973495616,-44.849279734956156
306,165,-295.5733028444549,79.19862780137143,104,-0.0488443163281812,-48.8443163281812
306,165,-295.5733028444549,79.19862780137143,112,-0.060158270455946766,-60.15827045594676
306,165,-295.5733028444549,79.19862780137143,120,-0.06788434503651516,-67.88434503651517
306,165,-295.5733028444549,79.19862780137143,128,-0.06763338983451461,-67.63338983451462
306,165,-295.5733028444549,79.19862780137143,136,-0.06395883534714267,-63.95883534714267
306,165,-295.5733028444549,79.19862780137143,144,-0.05658876836523309,-56.58876836523309
306,165,-295.5733028444549,79.19862780137143,152,-0.046776456207945044,-46.776456207945046
306,165,-295.5733028444549,79.19862780137143,160,-0.045730976543241264,-45.73097654324126
306,165,-295.5733028444549,79.19862780137143,168,-0.05373514243307259,-53.73514243307259
306,165,-295.5733028444549,79.19862780137143,176,-0.06567811330176293,-65.67811330176293
306,165,-295.5733028444549,79.19862780137143,184,-0.06861772782688874,-68.61772782688874
306,165,-295.5733028444549,79.19862780137143,192,-0.06570628519663675,-65.70628519663676
306,165,-295.5733028444549,79.19862780137143,200,-0.06073122741791263,-60.73122741791263
306,165,-295.5733028444549,79.19862780137143,208,-0.050503985370732654,-50.50398537073266
306,165,-295.5733028444549,79.19862780137143,216,-0.04469814485768237,-44.69814485768237
306,165,-295.5733028444549,79.19862780137143,224,-0.04880775145783989,-48.807751457839885
306,165,-295.5733028444549,79.19862780137143,232,-0.060176465224188555,-60.176465224188554
306,165,-295.5733028444549,79.19862780137143,240,-0.06783728156026265,-67.83728156026265
306,165,-295.5733028444549,79.19862780137143,248,-0.06744402466426032,-67.44402466426033
306,165,-295.5733028444549,79.19862780137143,256,-0.06373445838824995,-63.734458388249955
306,165,-295.5733028444549,79.19862780137143,264,-0.05635135346675011,-56.35135346675011
306,165,-295.5733028444549,79.19862780137143,272,-0.046605822877268804,-46.60582287726881
306,165,-295.5733028444549,79.19862780137143,280,-0.04566285614627595,-45.66285614627595
306,165,-295.5733028444549,79.19862780137143,288,-0.05375114784011181,-53.75114784011181
306,165,-295.5733028444549,79.19862780137143,296,-0.06579114928385568,-65.79114928385569
306,165,-295.5733028444549,79.19862780137143,304,-0.0687997381197606,-68.7997381197606
306,165,-295.5733028444549,79.19862780137143,312,-0.06596112589526303,-65.96112589526302
306,165,-295.5733028444549,79.19862780137143,320,-0.061081223465967706,-61.0812234659677
306,165,-295.5733028444549,79.19862780137143,328,-0.05092601801511497,-50.92601801511497
306,165,-295.5733028444549,79.19862780137143,336,-0.044944657681267076,-44.944657681267074
306,165,-295.5733028444549,79.19862780137143,344,-0.048847640497850495,-48.84764049785049
306,165,-295.5733028444549,79.19862780137143,352,-0.06006726704822386,-60.06726704822386
306,165,-295.5733028444549,79.19862780137143,360,-0.06773189801997673,-67.73189801997673
306,170,-301.35117242173567,53.13634236608066,0,-0.07200493578930879,-72.00493578930879
306,170,-301.35117242173567,53.13634236608066,8,-0.07027206066403634,-70.27206066403633
306,170,-301.35117242173567,53.13634236608066,16,-0.06674623178935164,-66.74623178935164
306,170,-301.35117242173567,53.13634236608066,24,-0.057366878223201474,-57.366878223201475
306,170,-301.35117242173567,53.13634236608066,32,-0.049599426205517834,-49.59942620551784
306,170,-301.35117242173567,53.13634236608066,40,-0.051516313921021996,-51.516313921022
306,170,-301.35117242173567,53.13634236608066,48,-0.06235810019796614,-62.358100197966145
306,170,-301.35117242173567,53.13634236608066,56,-0.07074173002298847,-70.74173002298848
306,170,-301.35117242173567,53.13634236608066,64,-0.0714990352153201,-71.49903521532009
306,170,-301.35117242173567,53.13634236608066,72,-0.06888540841104746,-68.88540841104745
306,170,-301.35117242173567,53.13634236608066,80,-0.0637915041373011,-63.7915041373011
306,170,-301.35117242173567,53.13634236608066,88,-0.0524903797891414,-52.4903797891414
306,170,-301.35117242173567,53.13634236608066,96,-0.049343809226288365,-49.343809226288364
306,170,-301.35117242173567,53.13634236608066,104,-0.056053457106928245,-56.05345710692824
306,170,-301.35117242173567,53.13634236608066,112,-0.06757573819586944,-67.57573819586945
306,170,-301.35117242173567,53.13634236608066,120,-0.07214374959397868,-72.14374959397868
306,170,-301.35117242173567,53.13634236608066,128,-0.07053087618060622,-70.53087618060621
306,170,-301.35117242173567,53.13634236608066,136,-0.06708551290562616,-67.08551290562616
306,170,-301.35117242173567,53.13634236608066,144,-0.05774261347223804,-57.74261347223804
306,170,-301.35117242173567,53.13634236608066,152,-0.04980197611106678,-49.80197611106678
306,170,-301.35117242173567,53.13634236608066,160,-0.051533276577533246,-51.53327657753324
306,170,-301.35117242173567,53.13634236608066,168,-0.06221730728254358,-62.21730728254358
306,170,-301.35117242173567,53.13634236608066,176,-0.0705762187840174,-70.5762187840174
306,170,-301.35117242173567,53.13634236608066,184,-0.07136019044172003,-71.36019044172002
306,170,-301.35117242173567,53.13634236608066,192,-0.06879139039476766,-68.79139039476766
306,170,-301.35117242173567,53.13634236608066,200,-0.06361749987896673,-63.617499878966726
306,170,-301.35117242173567,53.13634236608066,208,-0.052313087646567294,-52.3130876465673
306,170,-301.35117242173567,53.13634236608066,216,-0.049257352992782784,-49.257352992782785
306,170,-301.35117242173567,53.13634236608066,224,-0.05608453018291982,-56.08453018291982
306,170,-301.35117242173567,53.13634236608066,232,-0.06764476375258822,-67.64476375258822
306,170,-301.35117242173567,53.13634236608066,240,-0.07211016238477871,-72.11016238477872
306,170,-301.35117242173567,53.13634236608066,248,-0.07035289900689923,-70.35289900689922
306,170,-301.35117242173567,53.13634236608066,256,-0.06685903750566254,-66.85903750566254
306,170,-301.35117242173567,53.13634236608066,264,-0.05753961528243336,-57.53961528243336
306,170,-301.35117242173567,53.13634236608066,272,-0.04969605638556204,-49.696056385562045
306,170,-301.35117242173567,53.13634236608066,280,-0.05152373584328394,-51.52373584328394
306,170,-301.35117242173567,53.13634236608066,288,-0.06228661938357564,-62.28661938357564
306,170,-301.35117242173567,53.13634236608066,296,-0.07068253760922885,-70.68253760922885
306,170,-301.35117242173567,53.13634236608066,304,-0.07154108191134124,-71.54108191134125
306,170,-301.35117242173567,53.13634236608066,312,-0.06904249588118928,-69.04249588118928
306,170,-301.35117242173567,53.13634236608066,320,-0.06401112987925177,-64.01112987925177
306,170,-301.35117242173567,53.13634236608066,328,-0.05260629375306983,-52.60629375306983
306,170,-301.35117242173567,53.13634236608066,336,-0.049378930182090414,-49.378930182090414
306,170,-301.35117242173567,53.13634236608066,344,-0.056002366513382786,-56.00236651338279
306,170,-301.35117242173567,53.13634236608066,352,-0.06746886030269199,-67.468860302692
306,170,-301.35117242173567,53.13634236608066,360,-0.07198958944003817,-71.98958944003816
306,175,-304.83557761607415,26.669657280783408,0,-0.07351564652054779,-73.51564652054779
306,175,-304.83557761607415,26.669657280783408,8,-0.0721898408756359,-72.18984087563591
306,175,-304.83557761607415,26.669657280783408,16,-0.0688064000181536,-68.8064000181536
306,175,-304.83557761607415,26.669657280783408,24,-0.05689066855358084,-56.89066855358084
306,175,-304.83557761607415,26.669657280783408,32,-0.05181148372600318,-51.81148372600318
306,175,-304.83557761607415,26.669657280783408,40,-0.0564848414941171,-56.484841494117106
306,175,-304.83557761607415,26.669657280783408,48,-0.06782600995312521,-67.82600995312521
306,175,-304.83557761607415,26.669657280783408,56,-0.07366953869208782,-73.66953869208783
306,175,-304.83557761607415,26.669657280783408,64,-0.07321758627881049,-73.21758627881049
306,175,-304.83557761607415,26.669657280783408,72,-0.07098702326580776,-70.98702326580776
306,175,-304.83557761607415,26.669657280783408,80,-0.06289275683674542,-62.89275683674542
306,175,-304.83557761607415,26.669657280783408,88,-0.05326036296411961,-53.26036296411961
306,175,-304.83557761607415,26.669657280783408,96,-0.052878465263955884,-52.87846526395588
306,175,-304.83557761607415,26.669657280783408,104,-0.06229559116157514,-62.29559116157514
306,175,-304.83557761607415,26.669657280783408,112,-0.07180627413890585,-71.80627413890585
306,175,-304.83557761607415,26.669657280783408,120,-0.07365167993768625,-73.65167993768624
306,175,-304.83557761607415,26.669657280783408,128,-0.07243903511324133,-72.43903511324133
306,175,-304.83557761607415,26.669657280783408,136,-0.06915536162727062,-69.15536162727062
306,175,-304.83557761607415,26.669657280783408,144,-0.05713820515153773,-57.13820515153773
306,175,-304.83557761607415,26.669657280783408,152,-0.051889080865896255,-51.889080865896254
306,175,-304.83557761607415,26.669657280783408,160,-0.05637670782952672,-56.37670782952672
306,175,-304.83557761607415,26.669657280783408,168,-0.06761766330481618,-67.61766330481618
306,175,-304.83557761607415,26.669657280783408,176,-0.07348926256265687,-73.48926256265686
306,175,-304.83557761607415,26.669657280783408,184,-0.07307344035715163,-73.07344035715163
306,175,-304.83557761607415,26.669657280783408,192,-0.07089130554830456,-70.89130554830456
306,175,-304.83557761607415,26.669657280783408,200,-0.06274001493938154,-62.74001493938154
306,175,-304.83557761607415,26.669657280783408,208,-0.053145150874750455,-53.145150874750456
306,175,-304.83557761607415,26.669657280783408,216,-0.05285719915149406,-52.85719915149406
306,175,-304.83557761607415,26.669657280783408,224,-0.06239445141079664,-62.39445141079664
306,175,-304.83557761607415,26.669657280783408,232,-0.07191278924758507,-71.91278924758507
306,175,-304.83557761607415,26.669657280783408,240,-0.07362784177852079,-73.62784177852079
306,175,-304.83557761607415,26.669657280783408,248,-0.07227248104366787,-72.27248104366788
306,175,-304.83557761607415,26.669657280783408,256,-0.06892718467920962,-68.92718467920962
306,175,-304.83557761607415,26.669657280783408,264,-0.05700476173543341,-57.00476173543341
306,175,-304.83557761607415,26.669657280783408,272,-0.051845851407770684,-51.84585140777068
306,175,-304.83557761607415,26.669657280783408,280,-0.056425419584660824,-56.42541958466082
306,175,-304.83557761607415,26.669657280783408,288,-0.06769642232149037,-67.69642232149037
306,175,-304.83557761607415,26.669657280783408,296,-0.07359241391305378,-73.59241391305378
306,175,-304.83557761607415,26.669657280783408,304,-0.07325151087510319,-73.2515108751032
306,175,-304.83557761607415,26.669657280783408,312,-0.0711377595172437,-71.1377595172437
306,175,-304.83557761607415,26.669657280783408,320,-0.06306652702724473,-63.06652702724473
306,175,-304.83557761607415,26.669657280783408,328,-0.05331033515599602,-53.31033515599602
306,175,-304.83557761607415,26.669657280783408,336,-0.05285385916832189,-52.85385916832189
306,175,-304.83557761607415,26.669657280783408,344,-0.0621906698777131,-62.1906698777131
306,175,-304.83557761607415,26.669657280783408,352,-0.07171103881482,-71.71103881482
306,175,-304.83557761607415,26.669657280783408,360,-0.07350169067191932,-73.50169067191932
306,180,-306.0,3.7474192053909006e-14,0,-0.07402122257533944,-74.02122257533944
306,180,-306.0,3.7474192053909006e-14,8,-0.073105074012672,-73.10507401267199
306,180,-306.0,3.7474192053909006e-14,16,-0.06608225664407547,-66.08225664407547
306,180,-306.0,3.7474192053909006e-14,24,-0.055378017473236354,-55.378017473236355
306,180,-306.0,3.7474192053909006e-14,32,-0.05305585775863192,-53.055857758631916
306,180,-306.0,3.7474192053909006e-14,40,-0.06043969843997447,-60.439698439974464
306,180,-306.0,3.7474192053909006e-14,48,-0.07143356012987542,-71.43356012987542
306,180,-306.0,3.7474192053909006e-14,56,-0.07397875999900408,-73.97875999900408
306,180,-306.0,3.7474192053909006e-14,64,-0.07393054058414583,-73.93054058414583
306,180,-306.0,3.7474192053909006e-14,72,-0.07129876792114684,-71.29876792114683
306,180,-306.0,3.7474192053909006e-14,80,-0.060330970755807324,-60.33097075580732
306,180,-306.0,3.7474192053909006e-14,88,-0.0530500436334318,-53.0500436334318
306,180,-306.0,3.7474192053909006e-14,96,-0.05544549980822028,-55.445499808220276
306,180,-306.0,3.7474192053909006e-14,104,-0.06619463404875962,-66.19463404875962
306,180,-306.0,3.7474192053909006e-14,112,-0.07320633244614314,-73.20633244614314
306,180,-306.0,3.7474192053909006e-14,120,-0.0741531257163072,-74.1531257163072
306,180,-306.0,3.7474192053909006e-14,128,-0.0733433443907647,-73.3433443907647
306,180,-306.0,3.7474192053909006e-14,136,-0.06636962915941202,-66.36962915941203
306,180,-306.0,3.7474192053909006e-14,144,-0.05549864041026127,-55.498640410261274
306,180,-306.0,3.7474192053909006e-14,152,-0.05300862063495721,-53.00862063495721
306,180,-306.0,3.7474192053909006e-14,160,-0.06020993699387649,-60.20993699387649
306,180,-306.0,3.7474192053909006e-14,168,-0.07117845210293716,-71.17845210293716
306,180,-306.0,3.7474192053909006e-14,176,-0.0737913727848933,-73.7913727848933
306,180,-306.0,3.7474192053909006e-14,184,-0.07378258732389421,-73.78258732389422
306,180,-306.0,3.7474192053909006e-14,192,-0.07120131556065999,-71.20131556065999
306,180,-306.0,3.7474192053909006e-14,200,-0.060212096194427314,-60.21209619442732
306,180,-306.0,3.7474192053909006e-14,208,-0.052995538800334474,-52.99553880033447
306,180,-306.0,3.7474192053909006e-14,216,-0.05549002238952906,-55.49002238952906
306,180,-306.0,3.7474192053909006e-14,224,-0.06635148703395752,-66.35148703395751
306,180,-306.0,3.7474192053909006e-14,232,-0.07333369128662962,-73.33369128662962
306,180,-306.0,3.7474192053909006e-14,240,-0.07413915639619259,-74.13915639619259
306,180,-306.0,3.7474192053909006e-14,248,-0.07318816159619118,-73.18816159619118
306,180,-306.0,3.7474192053909006e-14,256,-0.06619864088536379,-66.19864088536379
306,180,-306.0,3.7474192053909006e-14,264,-0.05543412457411513,-55.43412457411513
306,180,-306.0,3.7474192053909006e-14,272,-0.053027660000697904,-53.02766000069791
306,180,-306.0,3.7474192053909006e-14,280,-0.06031379157143871,-60.313791571438706
306,180,-306.0,3.7474192053909006e-14,288,-0.07124976609753439,-71.24976609753439
306,180,-306.0,3.7474192053909006e-14,296,-0.0738952620156279,-73.8952620156279
306,180,-306.0,3.7474192053909006e-14,304,-0.07395664917125064,-73.95664917125063
306,180,-306.0,3.7474192053909006e-14,312,-0.07143433548041109,-71.4343354804111
306,180,-306.0,3.7474192053909006e-14,320,-0.060444698709577555,-60.44469870957755
306,180,-306.0,3.7474192053909006e-14,328,-0.05303536886696931,-53.03536886696931
306,180,-306.0,3.7474192053909006e-14,336,-0.055361547471240585,-55.361547471240584
306,180,-306.0,3.7474192053909006e-14,344,-0.06608320596082248,-66.08320596082248
306,180,-306.0,3.7474192053909006e-14,352,-0.07311628383875417,-73.11628383875417
306,180,-306.0,3.7474192053909006e-14,360,-0.07400884997750493,-74.00884997750492
340,90,2.0818995585505004e-14,340.0,0,0.13574258002174788,135.74258002174787
340,90,2.0818995585505004e-14,340.0,8,0.11994507640036789,119.9450764003679
340,90,2.0818995585505004e-14,340.0,16,0.12219137897104156,122.19137897104156
340,90,2.0818995585505004e-14,340.0,24,0.12675429281670855,126.75429281670856
340,90,2.0818995585505004e-14,340.0,32,0.14236825924438334,142.36825924438335
340,90,2.0818995585505004e-14,340.0,40,0.15029087103217095,150.29087103217094
340,90,2.0818995585505004e-14,340.0,48,0.1521465820244363,152.1465820244363
340,90,2.0818995585505004e-14,340.0,56,0.14927446455523333,149.27446455523332
340,90,2.0818995585505004e-14,340.0,64,0.1230093210046419,123.0093210046419
340,90,2.0818995585505004e-14,340.0,72,0.12146999949497994,121.46999949497994
340,90,2.0818995585505004e-14,340.0,80,0.12417921054613501,124.17921054613501
340,90,2.0818995585505004e-14,340.0,88,0.13248320049312096,132.48320049312096
340,90,2.0818995585505004e-14,340.0,96,0.14766544430930065,147.66544430930065
340,90,2.0818995585505004e-14,340.0,104,0.15144983737093404,151.44983737093403
340,90,2.0818995585505004e-14,340.0,112,0.15238538153116543,152.38538153116542
340,90,2.0818995585505004e-14,340.0,120,0.13571875095189023,135.71875095189023
340,90,2.0818995585505004e-14,340.0,128,0.11984832548648114,119.84832548648114
340,90,2.0818995585505004e-14,340.0,136,0.12205955957964366,122.05955957964366
340,90,2.0818995585505004e-14,340.0,144,0.12663996285156787,126.63996285156787
340,90,2.0818995585505004e-14,340.0,152,0.14205446436896538,142.05446436896537
340,90,2.0818995585505004e-14,340.0,160,0.15006001611304737,150.06001611304737
340,90,2.0818995585505004e-14,340.0,168,0.151815531944312,151.815531944312
340,90,2.0818995585505004e-14,340.0,176,0.1489580707181914,148.95807071819138
340,90,2.0818995585505004e-14,340.0,184,0.1227322215393433,122.7322215393433
340,90,2.0818995585505004e-14,340.0,192,0.12119404281972797,121.19404281972797
340,90,2.0818995585505004e-14,340.0,200,0.12394226042046555,123.94226042046554
340,90,2.0818995585505004e-14,340.0,208,0.13248646732714398,132.48646732714397
340,90,2.0818995585505004e-14,340.0,216,0.14776650422570617,147.76650422570617
340,90,2.0818995585505004e-14,340.0,224,0.1516906264991721,151.69062649917208
340,90,2.0818995585505004e-14,340.0,232,0.15267331513396087,152.67331513396087
340,90,2.0818995585505004e-14,340.0,240,0.13604401524553916,136.04401524553916
340,90,2.0818995585505004e-14,340.0,248,0.12024286637757411,120.24286637757412
340,90,2.0818995585505004e-14,340.0,256,0.12244146420451903,122.44146420451902
340,90,2.0818995585505004e-14,340.0,264,0.12691449452342002,126.91449452342002
340,90,2.0818995585505004e-14,340.0,272,0.14227377661072296,142.27377661072296
340,90,2.0818995585505004e-14,340.0,280,0.1501156077087582,150.1156077087582
340,90,2.0818995585505004e-14,340.0,288,0.1518466335898702,151.84663358987018
340,90,2.0818995585505004e-14,340.0,296,0.14899818944616525,148.99818944616524
340,90,2.0818995585505004e-14,340.0,304,0.12266800762695107,122.66800762695107
340,90,2.0818995585505004e-14,340.0,312,0.12106457731206499,121.064577312065
340,90,2.0818995585505004e-14,340.0,320,0.12385397370863396,123.85397370863396
340,90,2.0818995585505004e-14,340.0,328,0.13223029221840926,132.23029221840926
340,90,2.0818995585505004e-14,340.0,336,0.14757884021037718,147.57884021037717
340,90,2.0818995585505004e-14,340.0,344,0.15143405275276883,151.43405275276882
340,90,2.0818995585505004e-14,340.0,352,0.1523642900457312,152.36429004573122
340,90,2.0818995585505004e-14,340.0,360,0.13575228258565009,135.75228258565008
340,95,-29.6329525342038,338.7061973511935,0,0.10363928250132283,103.63928250132282
340,95,-29.6329525342038,338.7061973511935,8,0.10431183362898806,104.31183362898807
340,95,-29.6329525342038,338.7061973511935,16,0.1082080879394198,108.2080879394198
340,95,-29.6329525342038,338.7061973511935,24,0.1126699350478412,112.66993504784121
340,95,-29.6329525342038,338.7061973511935,32,0.12846273890318013,128.46273890318014
340,95,-29.6329525342038,338.7061973511935,40,0.1361632653554959,136.1632653554959
340,95,-29.6329525342038,338.7061973511935,48,0.13537002196437256,135.37002196437257
340,95,-29.6329525342038,338.7061973511935,56,0.11508155586264288,115.08155586264287
340,95,-29.6329525342038,338.7061973511935,64,0.10234352940146804,102.34352940146805
340,95,-29.6329525342038,338.7061973511935,72,0.10637946046649505,106.37946046649505
340,95,-29.6329525342038,338.7061973511935,80,0.1104704726064876,110.47047260648759
340,95,-29.6329525342038,338.7061973511935,88,0.11842865929176963,118.42865929176963
340,95,-29.6329525342038,338.7061973511935,96,0.13419534885275491,134.1953488527549
340,95,-29.6329525342038,338.7061973511935,104,0.13641669392095226,136.41669392095227
340,95,-29.6329525342038,338.7061973511935,112,0.12844600673053735,128.44600673053736
340,95,-29.6329525342038,338.7061973511935,120,0.103594660774227,103.594660774227
340,95,-29.6329525342038,338.7061973511935,128,0.10422666949763537,104.22666949763537
340,95,-29.6329525342038,338.7061973511935,136,0.10808463185441153,108.08463185441153
340,95,-29.6329525342038,338.7061973511935,144,0.11255743104170714,112.55743104170713
340,95,-29.6329525342038,338.7061973511935,152,0.12814682440565722,128.1468244056572
340,95,-29.6329525342038,338.7061973511935,160,0.13592292584397708,135.92292584397708
340,95,-29.6329525342038,338.7061973511935,168,0.13502941720903422,135.02941720903422
340,95,-29.6329525342038,338.7061973511935,176,0.11478919633213283,114.78919633213283
340,95,-29.6329525342038,338.7061973511935,184,0.10204906938186216,102.04906938186215
340,95,-29.6329525342038,338.7061973511935,192,0.10608336653959534,106.08336653959535
340,95,-29.6329525342038,338.7061973511935,200,0.11023803838890597,110.23803838890598
340,95,-29.6329525342038,338.7061973511935,208,0.11844306425711659,118.44306425711659
340,95,-29.6329525342038,338.7061973511935,216,0.13430731815508368,134.30731815508366
340,95,-29.6329525342038,338.7061973511935,224,0.13664751702848135,136.64751702848136
340,95,-29.6329525342038,338.7061973511935,232,0.12872203864873008,128.7220386487301
340,95,-29.6329525342038,338.7061973511935,240,0.10392189869707871,103.92189869707872
340,95,-29.6329525342038,338.7061973511935,248,0.10463187259163206,104.63187259163206
340,95,-29.6329525342038,338.7061973511935,256,0.10846164937455811,108.46164937455812
340,95,-29.6329525342038,338.7061973511935,264,0.11282216943469381,112.8221694346938
340,95,-29.6329525342038,338.7061973511935,272,0.1283597775908877,128.35977759088772
340,95,-29.6329525342038,338.7061973511935,280,0.13598442582054654,135.98442582054653
340,95,-29.6329525342038,338.7061973511935,288,0.1350894550153115,135.0894550153115
340,95,-29.6329525342038,338.7061973511935,296,0.11479759471520264,114.79759471520264
340,95,-29.6329525342038,338.7061973511935,304,0.10199278854053703,101.99278854053703
340,95,-29.6329525342038,338.7061973511935,312,0.1059656014231536,105.9656014231536
340,95,-29.6329525342038,338.7061973511935,320,0.1101576086598516,110.15760865985159
340,95,-29.6329525342038,338.7061973511935,328,0.11818472929586922,118.18472929586922
340,95,-29.6329525342038,338.7061973511935,336,0.13411137530712766,134.11137530712767
340,95,-29.6329525342038,338.7061973511935,344,0.13638247569928755,136.38247569928754
340,95,-29.6329525342038,338.7061973511935,352,0.12840691221746264,128.40691221746263
340,95,-29.6329525342038,338.7061973511935,360,0.10364894153725937,103.64894153725938
340,100,-59.040380406756306,334.8346360241507,0,0.08474062127272186,84.74062127272187
340,100,-59.040380406756306,334.8346360241507,8,0.08955453911241625,89.55453911241625
340,100,-59.040380406756306,334.8346360241507,16,0.09438224859368033,94.38224859368033
340,100,-59.040380406756306,334.8346360241507,24,0.09868032112831812,98.68032112831813
340,100,-59.040380406756306,334.8346360241507,32,0.11522174748065674,115.22174748065673
340,100,-59.040380406756306,334.8346360241507,40,0.12136223031805152,121.36223031805152
340,100,-59.040380406756306,334.8346360241507,48,0.10885807816122464,108.85807816122464
340,100,-59.040380406756306,334.8346360241507,56,0.08582157756398057,85.82157756398057
340,100,-59.040380406756306,334.8346360241507,64,0.08733765942244334,87.33765942244334
340,100,-59.040380406756306,334.8346360241507,72,0.09272947645690527,92.72947645690527
340,100,-59.040380406756306,334.8346360241507,80,0.09638405784729089,96.38405784729089
340,100,-59.040380406756306,334.8346360241507,88,0.10481365897243877,104.81365897243877
340,100,-59.040380406756306,334.8346360241507,96,0.12006919803592482,120.06919803592483
340,100,-59.040380406756306,334.8346360241507,104,0.11853787462418215,118.53787462418215
340,100,-59.040380406756306,334.8346360241507,112,0.09446405871054527,94.46405871054526
340,100,-59.040380406756306,334.8346360241507,120,0.0847125325702843,84.7125325702843
340,100,-59.040380406756306,334.8346360241507,128,0.08948045194203302,89.48045194203303
340,100,-59.040380406756306,334.8346360241507,136,0.09426366757071225,94.26366757071224
340,100,-59.040380406756306,334.8346360241507,144,0.0985687889725082,98.5687889725082
340,100,-59.040380406756306,334.8346360241507,152,0.11489658128473558,114.89658128473557
340,100,-59.040380406756306,334.8346360241507,160,0.12111429846913843,121.11429846913843
340,100,-59.040380406756306,334.8346360241507,168,0.10852070874049527,108.52070874049527
340,100,-59.040380406756306,334.8346360241507,176,0.08554123347004124,85.54123347004123
340,100,-59.040380406756306,334.8346360241507,184,0.08702683701528871,87.0268370152887
340,100,-59.040380406756306,334.8346360241507,192,0.0924281133541168,92.4281133541168
340,100,-59.040380406756306,334.8346360241507,200,0.09616228846978281,96.16228846978281
340,100,-59.040380406756306,334.8346360241507,208,0.10484004669812721,104.84004669812721
340,100,-59.040380406756306,334.8346360241507,216,0.12018419894829238,120.18419894829238
340,100,-59.040380406756306,334.8346360241507,224,0.11874366352254298,118.74366352254297
340,100,-59.040380406756306,334.8346360241507,232,0.09475990008726096,94.75990008726096
340,100,-59.040380406756306,334.8346360241507,240,0.08504283415308374,85.04283415308373
340,100,-59.040380406756306,334.8346360241507,248,0.08989228448623057,89.89228448623058
340,100,-59.040380406756306,334.8346360241507,256,0.0946313032222414,94.6313032222414
340,100,-59.040380406756306,334.8346360241507,264,0.09882418533419042,98.82418533419042
340,100,-59.040380406756306,334.8346360241507,272,0.11510834059085132,115.10834059085131
340,100,-59.040380406756306,334.8346360241507,280,0.1211911330290788,121.1911330290788
340,100,-59.040380406756306,334.8346360241507,288,0.10858768287969353,108.58768287969353
340,100,-59.040380406756306,334.8346360241507,296,0.08553900531530052,85.53900531530053
340,100,-59.040380406756306,334.8346360241507,304,0.08698289616388602,86.98289616388602
340,100,-59.040380406756306,334.8346360241507,312,0.09232277611519586,92.32277611519586
340,100,-59.040380406756306,334.8346360241507,320,0.09608123065410469,96.08123065410469
340,100,-59.040380406756306,334.8346360241507,328,0.10457644105856967,104.57644105856967
340,100,-59.040380406756306,334.8346360241507,336,0.11997996586951139,119.97996586951139
340,100,-59.040380406756306,334.8346360241507,344,0.11847038652688593,118.47038652688593
340,100,-59.040380406756306,334.8346360241507,352,0.09445898257570935,94.45898257570936
340,100,-59.040380406756306,334.8346360241507,360,0.0847499308726934,84.74993087269341
340,105,-87.99847533485709,328.41478093828323,0,0.06993774650249042,69.93774650249041
340,105,-87.99847533485709,328.41478093828323,8,0.07615863545760256,76.15863545760256
340,105,-87.99847533485709,328.41478093828323,16,0.08038267047153692,80.38267047153693
340,105,-87.99847533485709,328.41478093828323,24,0.08545754466324204,85.45754466324205
340,105,-87.99847533485709,328.41478093828323,32,0.10120996344843158,101.20996344843158
340,105,-87.99847533485709,328.41478093828323,40,0.10236299043581726,102.36299043581725
340,105,-87.99847533485709,328.41478093828323,48,0.07530608718080997,75.30608718080997
340,105,-87.99847533485709,328.41478093828323,56,0.06831742258032042,68.31742258032043
340,105,-87.99847533485709,328.41478093828323,64,0.07310923258575089,73.10923258575089
340,105,-87.99847533485709,328.41478093828323,72,0.0789170158902312,78.9170158902312
340,105,-87.99847533485709,328.41478093828323,80,0.08248578466356535,82.48578466356535
340,105,-87.99847533485709,328.41478093828323,88,0.09186092296255075,91.86092296255075
340,105,-87.99847533485709,328.41478093828323,96,0.10565121837886896,105.65121837886896
340,105,-87.99847533485709,328.41478093828323,104,0.08972684257372572,89.72684257372572
340,105,-87.99847533485709,328.41478093828323,112,0.06818522677414886,68.18522677414886
340,105,-87.99847533485709,328.41478093828323,120,0.06992658710614616,69.92658710614616
340,105,-87.99847533485709,328.41478093828323,128,0.07609532137627914,76.09532137627914
340,105,-87.99847533485709,328.41478093828323,136,0.08026290755452631,80.26290755452631
340,105,-87.99847533485709,328.41478093828323,144,0.0853429392134546,85.3429392134546
340,105,-87.99847533485709,328.41478093828323,152,0.10087614015542903,100.87614015542903
340,105,-87.99847533485709,328.41478093828323,160,0.1021133169347559,102.11331693475589
340,105,-87.99847533485709,328.41478093828323,168,0.07497866562624117,74.97866562624117
340,105,-87.99847533485709,328.41478093828323,176,0.06802423604707418,68.02423604707418
340,105,-87.99847533485709,328.41478093828323,184,0.07278554723733806,72.78554723733806
340,105,-87.99847533485709,328.41478093828323,192,0.07861823669897744,78.61823669897744
340,105,-87.99847533485709,328.41478093828323,200,0.08227524893690077,82.27524893690078
340,105,-87.99847533485709,328.41478093828323,208,0.09190013530635495,91.90013530635495
340,105,-87.99847533485709,328.41478093828323,216,0.10576414716848934,105.76414716848933
340,105,-87.99847533485709,328.41478093828323,224,0.08994318088943698,89.94318088943697
340,105,-87.99847533485709,328.41478093828323,232,0.06847913983385452,68.47913983385452
340,105,-87.99847533485709,328.41478093828323,240,0.07026002641123419,70.2600264112342
340,105,-87.99847533485709,328.41478093828323,248,0.0765017857985317,76.5017857985317
340,105,-87.99847533485709,328.41478093828323,256,0.08062146457351768,80.62146457351768
340,105,-87.99847533485709,328.41478093828323,264,0.0855912427873862,85.5912427873862
340,105,-87.99847533485709,328.41478093828323,272,0.10109409195967335,101.09409195967335
340,105,-87.99847533485709,328.41478093828323,280,0.10222315528982252,102.22315528982253
340,105,-87.99847533485709,328.41478093828323,288,0.07500763802303376,75.00763802303376
340,105,-87.99847533485709,328.41478093828323,296,0.0680451631595625,68.04516315956249
340,105,-87.99847533485709,328.41478093828323,304,0.07275318133146065,72.75318133146065
340,105,-87.99847533485709,328.41478093828323,312,0.07852006145643994,78.52006145643995
340,105,-87.99847533485709,328.41478093828323,320,0.08219247579178744,82.19247579178744
340,105,-87.99847533485709,328.41478093828323,328,0.0916275852603048,91.6275852603048
340,105,-87.99847533485709,328.41478093828323,336,0.10555156394301834,105.55156394301835
340,105,-87.99847533485709,328.41478093828323,344,0.08966967533756809,89.6696753375681
340,105,-87.99847533485709,328.41478093828323,352,0.0681758132046725,68.17581320467251
340,105,-87.99847533485709,328.41478093828323,360,0.06994772212351792,69.94772212351792
340,110,-116.28684873072736,319.4954910672089,0,0.05633915774580892,56.339157745808926
340,110,-116.28684873072736,319.4954910672089,8,0.0625282449447398,62.5282449447398
340,110,-116.28684873072736,319.4954910672089,16,0.0666607256037687,66.66072560376871
340,110,-116.28684873072736,319.4954910672089,24,0.07265479934346185,72.65479934346185
340,110,-116.28684873072736,319.4954910672089,32,0.08657280123993641,86.57280123993641
340,110,-116.28684873072736,319.4954910672089,40,0.07167740904896476,71.67740904896476
340,110,-116.28684873072736,319.4954910672089,48,0.05194828702296304,51.94828702296304
340,110,-116.28684873072736,319.4954910672089,56,0.053894656755755485,53.894656755755484
340,110,-116.28684873072736,319.4954910672089,64,0.060086169936103453,60.08616993610345
340,110,-116.28684873072736,319.4954910672089,72,0.06512206571729298,65.12206571729298
340,110,-116.28684873072736,319.4954910672089,80,0.06971411530480526,69.71411530480526
340,110,-116.28684873072736,319.4954910672089,88,0.0781233542982345,78.1233542982345
340,110,-116.28684873072736,319.4954910672089,96,0.08501603720455216,85.01603720455216
340,110,-116.28684873072736,319.4954910672089,104,0.0567396820588994,56.7396820588994
340,110,-116.28684873072736,319.4954910672089,112,0.05214754085723936,52.14754085723936
340,110,-116.28684873072736,319.4954910672089,120,0.05634033821257285,56.34033821257285
340,110,-116.28684873072736,319.4954910672089,128,0.062468198768785774,62.468198768785776
340,110,-116.28684873072736,319.4954910672089,136,0.06653824147107061,66.5382414710706
340,110,-116.28684873072736,319.4954910672089,144,0.07253383435886529,72.53383435886529
340,110,-116.28684873072736,319.4954910672089,152,0.08622988419133037,86.22988419133037
340,110,-116.28684873072736,319.4954910672089,160,0.07143059917490727,71.43059917490727
340,110,-116.28684873072736,319.4954910672089,168,0.051619164034524836,51.619164034524836
340,110,-116.28684873072736,319.4954910672089,176,0.05358448864459486,53.58448864459486
340,110,-116.28684873072736,319.4954910672089,184,0.05975512715143588,59.755127151435886
340,110,-116.28684873072736,319.4954910672089,192,0.06483150152157076,64.83150152157076
340,110,-116.28684873072736,319.4954910672089,200,0.06951677555689323,69.51677555689322
340,110,-116.28684873072736,319.4954910672089,208,0.078174475807325,78.17447580732501
340,110,-116.28684873072736,319.4954910672089,216,0.08510751272914902,85.10751272914902
340,110,-116.28684873072736,319.4954910672089,224,0.05699504992225807,56.99504992225807
340,110,-116.28684873072736,319.4954910672089,232,0.052431730358653506,52.4317303586535
340,110,-116.28684873072736,319.4954910672089,240,0.05667696854025631,56.67696854025631
340,110,-116.28684873072736,319.4954910672089,248,0.06286672133167304,62.866721331673034
340,110,-116.28684873072736,319.4954910672089,256,0.06688854050835219,66.8885405083522
340,110,-116.28684873072736,319.4954910672089,264,0.07277672482097071,72.77672482097071
340,110,-116.28684873072736,319.4954910672089,272,0.08645854197044003,86.45854197044004
340,110,-116.28684873072736,319.4954910672089,280,0.07150391586935415,71.50391586935415
340,110,-116.28684873072736,319.4954910672089,288,0.05167211612173898,51.67211612173898
340,110,-116.28684873072736,319.4954910672089,296,0.05362420846505848,53.62420846505848
340,110,-116.28684873072736,319.4954910672089,304,0.059733546462006994,59.73354646200699
340,110,-116.28684873072736,319.4954910672089,312,0.06473617133575661,64.73617133575661
340,110,-116.28684873072736,319.4954910672089,320,0.06942653777414302,69.42653777414303
340,110,-116.28684873072736,319.4954910672089,328,0.07789217921651095,77.89217921651095
340,110,-116.28684873072736,319.4954910672089,336,0.08488968320048385,84.88968320048384
340,110,-116.28684873072736,319.4954910672089,344,0.056724992237605604,56.724992237605605
340,110,-116.28684873072736,319.4954910672089,352,0.052111687327172626,52.111687327172625
340,110,-116.28684873072736,319.4954910672089,360,0.05634967764014388,56.34967764014388
340,115,-143.69020899183778,308.144647592461,0,0.04364454913597058,43.64454913597058
340,115,-143.69020899183778,308.144647592461,8,0.049130577090175834,49.130577090175834
340,115,-143.69020899183778,308.144647592461,16,0.054447443732104306,54.447443732104304
340,115,-143.69020899183778,308.144647592461,24,0.05939813771099492,59.39813771099492
340,115,-143.69020899183778,308.144647592461,32,0.063207670485537,63.207670485536994
340,115,-143.69020899183778,308.144647592461,40,0.04138448791269459,41.38448791269459
340,115,-143.69020899183778,308.144647592461,48,0.03740770688129827,37.40770688129827
340,115,-143.69020899183778,308.144647592461,56,0.04105502149571047,41.05502149571047
340,115,-143.69020899183778,308.144647592461,64,0.04676530475511204,46.76530475511204
340,115,-143.69020899183778,308.144647592461,72,0.05192821900570034,51.92821900570034
340,115,-143.69020899183778,308.144647592461,80,0.057071927467663666,57.07192746766366
340,115,-143.69020899183778,308.144647592461,88,0.06247093525850381,62.47093525850381
340,115,-143.69020899183778,308.144647592461,96,0.05331566444572196,53.31566444572196
340,115,-143.69020899183778,308.144647592461,104,0.03684766563590253,36.84766563590253
340,115,-143.69020899183778,308.144647592461,112,0.03818099538939364,38.18099538939364
340,115,-143.69020899183778,308.144647592461,120,0.04365299090119164,43.652990901191636
340,115,-143.69020899183778,308.144647592461,128,0.049070240442556264,49.07024044255626
340,115,-143.69020899183778,308.144647592461,136,0.0543149775642206,54.3149775642206
340,115,-143.69020899183778,308.144647592461,144,0.05926841112902449,59.26841112902449
340,115,-143.69020899183778,308.144647592461,152,0.06285640875587838,62.85640875587838
340,115,-143.69020899183778,308.144647592461,160,0.041140253095739654,41.14025309573965
340,115,-143.69020899183778,308.144647592461,168,0.03706261036413611,37.06261036413611
340,115,-143.69020899183778,308.144647592461,176,0.040730073671319436,40.73007367131944
340,115,-143.69020899183778,308.144647592461,184,0.046441892897165916,46.441892897165914
340,115,-143.69020899183778,308.144647592461,192,0.051648447806803256,51.648447806803254
340,115,-143.69020899183778,308.144647592461,200,0.056892303415669844,56.89230341566984
340,115,-143.69020899183778,308.144647592461,208,0.0625267843971948,62.52678439719481
340,115,-143.69020899183778,308.144647592461,216,0.05346702430269672,53.467024302696714
340,115,-143.69020899183778,308.144647592461,224,0.037069376557299895,37.0693765572999
340,115,-143.69020899183778,308.144647592461,232,0.038460287119730326,38.460287119730324
340,115,-143.69020899183778,308.144647592461,240,0.04399104056865006,43.99104056865006
340,115,-143.69020899183778,308.144647592461,248,0.049461070990692524,49.46107099069253
340,115,-143.69020899183778,308.144647592461,256,0.05466184596767948,54.661845967679476
340,115,-143.69020899183778,308.144647592461,264,0.05950657257338474,59.506572573384744
340,115,-143.69020899183778,308.144647592461,272,0.06309735106509815,63.097351065098145
340,115,-143.69020899183778,308.144647592461,280,0.04117732706824884,41.177327068248836
340,115,-143.69020899183778,308.144647592461,288,0.03714223850468584,37.14223850468584
340,115,-143.69020899183778,308.144647592461,296,0.04078198497605171,40.78198497605171
340,115,-143.69020899183778,308.144647592461,304,0.046423262221164274,46.42326222116427
340,115,-143.69020899183778,308.144647592461,312,0.05155214239009979,51.55214239009979
340,115,-143.69020899183778,308.144647592461,320,0.056792082607966594,56.79208260796659
340,115,-143.69020899183778,308.144647592461,328,0.062233735488994475,62.233735488994476
340,115,-143.69020899183778,308.144647592461,336,0.053244643421059286,53.24464342105929
340,115,-143.69020899183778,308.144647592461,344,0.036790647254649506,36.79064725464951
340,115,-143.69020899183778,308.144647592461,352,0.038122445806415224,38.12244580641522
340,115,-143.69020899183778,308.144647592461,360,0.04365557660045277,43.655576600452775
340,120,-169.99999999999991,294.4486372867092,0,0.030901505420967958,30.901505420967958
340,120,-169.99999999999991,294.4486372867092,8,0.03667862505422553,36.678625054225535
340,120,-169.99999999999991,294.4486372867092,16,0.04202834246467235,42.02834246467235
340,120,-169.99999999999991,294.4486372867092,24,0.04254252799910359,42.54252799910359
340,120,-169.99999999999991,294.4486372867092,32,0.03261193926320294,32.61193926320294
340,120,-169.99999999999991,294.4486372867092,40,0.02356024040060587,23.56024040060587
340,120,-169.99999999999991,294.4486372867092,48,0.02418184856041002,24.18184856041002
340,120,-169.99999999999991,294.4486372867092,56,0.02878798245006899,28.787982450068988
340,120,-169.99999999999991,294.4486372867092,64,0.03389805781614268,33.898057816142675
340,120,-169.99999999999991,294.4486372867092,72,0.040136088886248394,40.136088886248395
340,120,-169.99999999999991,294.4486372867092,80,0.044256320676626104,44.2563206766261
340,120,-169.99999999999991,294.4486372867092,88,0.03769418052055438,37.694180520554376
340,120,-169.99999999999991,294.4486372867092,96,0.026078891803767396,26.078891803767398
340,120,-169.99999999999991,294.4486372867092,104,0.023345306259309674,23.345306259309673
340,120,-169.99999999999991,294.4486372867092,112,0.02612477591086922,26.12477591086922
340,120,-169.99999999999991,294.4486372867092,120,0.030910119415515337,30.910119415515336
340,120,-169.99999999999991,294.4486372867092,128,0.03661232305373993,36.61232305373993
340,120,-169.99999999999991,294.4486372867092,136,0.04188310168404919,41.883101684049194
340,120,-169.99999999999991,294.4486372867092,144,0.04240277963223083,42.40277963223083
340,120,-169.99999999999991,294.4486372867092,152,0.0322497749667542,32.2497749667542
340,120,-169.99999999999991,294.4486372867092,160,0.023313400417989932,23.313400417989932
340,120,-169.99999999999991,294.4486372867092,168,0.02381848272520512,23.81848272520512
340,120,-169.99999999999991,294.4486372867092,176,0.028456738007574884,28.456738007574884
340,120,-169.99999999999991,294.4486372867092,184,0.033583471199401985,33.583471199401984
340,120,-169.99999999999991,294.4486372867092,192,0.03987393621192098,39.87393621192098
340,120,-169.99999999999991,294.4486372867092,200,0.04410002315669929,44.10002315669929
340,120,-169.99999999999991,294.4486372867092,208,0.03777760752894095,37.777607528940955
340,120,-169.99999999999991,294.4486372867092,216,0.026258351484639876,26.258351484639878
340,120,-169.99999999999991,294.4486372867092,224,0.023557326895173487,23.55732689517349
340,120,-169.99999999999991,294.4486372867092,232,0.026410772063949386,26.410772063949388
340,120,-169.99999999999991,294.4486372867092,240,0.031242213995557523,31.242213995557524
340,120,-169.99999999999991,294.4486372867092,248,0.03699723570371001,36.99723570371001
340,120,-169.99999999999991,294.4486372867092,256,0.04222022726481307,42.220227264813076
340,120,-169.99999999999991,294.4486372867092,264,0.04264940726484963,42.64940726484963
340,120,-169.99999999999991,294.4486372867092,272,0.03243564489612917,32.43564489612917
340,120,-169.99999999999991,294.4486372867092,280,0.023384312878779658,23.384312878779657
340,120,-169.99999999999991,294.4486372867092,288,0.02392082517247235,23.920825172472348
340,120,-169.99999999999991,294.4486372867092,296,0.028513600427633047,28.513600427633047
340,120,-169.99999999999991,294.4486372867092,304,0.03356622603753481,33.56622603753481
340,120,-169.99999999999991,294.4486372867092,312,0.03976710237069962,39.767102370699625
340,120,-169.99999999999991,294.4486372867092,320,0.04398836894031022,43.98836894031022
340,120,-169.99999999999991,294.4486372867092,328,0.03747114909240025,37.471149092400246
340,120,-169.99999999999991,294.4486372867092,336,0.02603107338448015,26.031073384480152
340,120,-169.99999999999991,294.4486372867092,344,0.023267256613620658,23.267256613620656
340,120,-169.99999999999991,294.4486372867092,352,0.026054954101598072,26.05495410159807
340,120,-169.99999999999991,294.4486372867092,360,0.030913252691879445,30.913252691879446
340,125,-195.0159883593557,278.51169505825715,0,0.01871590677815905,18.71590677815905
340,125,-195.0159883593557,278.51169505825715,8,0.025450931847725657,25.450931847725656
340,125,-195.0159883593557,278.51169505825715,16,0.02970814809897117,29.708148098971172
340,125,-195.0159883593557,278.51169505825715,24,0.016898911469047574,16.898911469047576
340,125,-195.0159883593557,278.51169505825715,32,0.00821024574648226,8.21024574648226
340,125,-195.0159883593557,278.51169505825715,40,0.010707587451453532,10.707587451453533
340,125,-195.0159883593557,278.51169505825715,48,0.012710108533662084,12.710108533662085
340,125,-195.0159883593557,278.51169505825715,56,0.01671156854972329,16.711568549723292
340,125,-195.0159883593557,278.51169505825715,64,0.02231053130741616,22.31053130741616
340,125,-195.0159883593557,278.51169505825715,72,0.027949798204552668,27.949798204552668
340,125,-195.0159883593557,278.51169505825715,80,0.02608796572396251,26.08796572396251
340,125,-195.0159883593557,278.51169505825715,88,0.00833682553795446,8.336825537954459
340,125,-195.0159883593557,278.51169505825715,96,0.010040657694869577,10.040657694869576
340,125,-195.0159883593557,278.51169505825715,104,0.010971132633593339,10.971132633593339
340,125,-195.0159883593557,278.51169505825715,112,0.014386156382595031,14.386156382595031
340,125,-195.0159883593557,278.51169505825715,120,0.01872342818132568,18.72342818132568
340,125,-195.0159883593557,278.51169505825715,128,0.025371565109360845,25.371565109360844
340,125,-195.0159883593557,278.51169505825715,136,0.029548074973186806,29.548074973186807
340,125,-195.0159883593557,278.51169505825715,144,0.016744475843303533,16.744475843303533
340,125,-195.0159883593557,278.51169505825715,152,0.007837599427266539,7.837599427266539
340,125,-195.0159883593557,278.51169505825715,160,0.010451723246178383,10.451723246178382
340,125,-195.0159883593557,278.51169505825715,168,0.012325409246715583,12.325409246715584
340,125,-195.0159883593557,278.51169505825715,176,0.01638641045924155,16.386410459241553
340,125,-195.0159883593557,278.51169505825715,184,0.022011576277960538,22.01157627796054
340,125,-195.0159883593557,278.51169505825715,192,0.027718000908473428,27.718000908473428
340,125,-195.0159883593557,278.51169505825715,200,0.025941269172870686,25.941269172870687
340,125,-195.0159883593557,278.51169505825715,208,0.008499211092116227,8.499211092116228
340,125,-195.0159883593557,278.51169505825715,216,0.010204327034918793,10.204327034918792
340,125,-195.0159883593557,278.51169505825715,224,0.011180264882201427,11.180264882201428
340,125,-195.0159883593557,278.51169505825715,232,0.014672033279760688,14.672033279760688
340,125,-195.0159883593557,278.51169505825715,240,0.0190497515706671,19.0497515706671
340,125,-195.0159883593557,278.51169505825715,248,0.025752279629758387,25.752279629758387
340,125,-195.0159883593557,278.51169505825715,256,0.02987167110243319,29.87167110243319
340,125,-195.0159883593557,278.51169505825715,264,0.016956799624168562,16.95679962416856
340,125,-195.0159883593557,278.51169505825715,272,0.008019034330784564,8.019034330784564
340,125,-195.0159883593557,278.51169505825715,280,0.010539354385446637,10.539354385446638
340,125,-195.0159883593557,278.51169505825715,288,0.012440548425394566,12.440548425394566
340,125,-195.0159883593557,278.51169505825715,296,0.016439801115919916,16.439801115919916
340,125,-195.0159883593557,278.51169505825715,304,0.021987144372143514,21.987144372143515
340,125,-195.0159883593557,278.51169505825715,312,0.027600738687497562,27.60073868749756
340,125,-195.0159883593557,278.51169505825715,320,0.025811568315179848,25.811568315179848
340,125,-195.0159883593557,278.51169505825715,328,0.008175673774156993,8.175673774156992
340,125,-195.0159883593557,278.51169505825715,336,0.009969790717540398,9.969790717540398
340,125,-195.0159883593557,278.51169505825715,344,0.010879104103463072,10.879104103463073
340,125,-195.0159883593557,278.51169505825715,352,0.01431339849418851,14.31339849418851
340,125,-195.0159883593557,278.51169505825715,360,0.018728347127709044,18.728347127709043
340,130,-218.5477872934234,260.45511066045253,0,0.008152701510844443,8.152701510844443
340,130,-218.5477872934234,260.45511066045253,8,0.013621726762836387,13.621726762836387
340,130,-218.5477872934234,260.45511066045253,16,0.009885476890810447,9.885476890810446
340,130,-218.5477872934234,260.45511066045253,24,-0.010983235691711907,-10.983235691711908
340,130,-218.5477872934234,260.45511066045253,32,-0.005899720419759465,-5.899720419759465
340,130,-218.5477872934234,260.45511066045253,40,-0.000713074782940017,-0.713074782940017
340,130,-218.5477872934234,260.45511066045253,48,0.0016575228102565739,1.657522810256574
340,130,-218.5477872934234,260.45511066045253,56,0.005292547004330278,5.292547004330278
340,130,-218.5477872934234,260.45511066045253,64,0.011485548697964452,11.485548697964452
340,130,-218.5477872934234,260.45511066045253,72,0.015291307978105965,15.291307978105964
340,130,-218.5477872934234,260.45511066045253,80,0.00011074635581087566,0.11074635581087566
340,130,-218.5477872934234,260.45511066045253,88,-0.013439432508737978,-13.439432508737978
340,130,-218.5477872934234,260.45511066045253,96,-0.002026701935235649,-2.026701935235649
340,130,-218.5477872934234,260.45511066045253,104,0.00011242394640242903,0.11242394640242903
340,130,-218.5477872934234,260.45511066045253,112,0.00311185000654729,3.11185000654729
340,130,-218.5477872934234,260.45511066045253,120,0.008149628858959191,8.149628858959192
340,130,-218.5477872934234,260.45511066045253,128,0.013528005625040185,13.528005625040185
340,130,-218.5477872934234,260.45511066045253,136,0.009700608573791448,9.700608573791447
340,130,-218.5477872934234,260.45511066045253,144,-0.011154568152934828,-11.154568152934829
340,130,-218.5477872934234,260.45511066045253,152,-0.006284349234346688,-6.284349234346688
340,130,-218.5477872934234,260.45511066045253,160,-0.0009804129401160266,-0.9804129401160266
340,130,-218.5477872934234,260.45511066045253,168,0.0012690197911822871,1.2690197911822871
340,130,-218.5477872934234,260.45511066045253,176,0.004974445299981052,4.974445299981053
340,130,-218.5477872934234,260.45511066045253,184,0.011208912246314224,11.208912246314224
340,130,-218.5477872934234,260.45511066045253,192,0.015092648779892304,15.092648779892304
340,130,-218.5477872934234,260.45511066045253,200,4.305787927466609e-05,0.04305787927466609
340,130,-218.5477872934234,260.45511066045253,208,-0.013267908181748065,-13.267908181748064
340,130,-218.5477872934234,260.45511066045253,216,-0.001866450958353305,-1.866450958353305
340,130,-218.5477872934234,260.45511066045253,224,0.00032935803610604586,0.32935803610604586
340,130,-218.5477872934234,260.45511066045253,232,0.003392647184371586,3.392647184371586
340,130,-218.5477872934234,260.45511066045253,240,0.008471030733642313,8.471030733642312
340,130,-218.5477872934234,260.45511066045253,248,0.013890261207746566,13.890261207746565
340,130,-218.5477872934234,260.45511066045253,256,0.010029697252360137,10.029697252360137
340,130,-218.5477872934234,260.45511066045253,264,-0.01100739612662563,-11.007396126625629
340,130,-218.5477872934234,260.45511066045253,272,-0.006084782204382373,-6.084782204382374
340,130,-218.5477872934234,260.45511066045253,280,-0.0008849504567277622,-0.8849504567277622
340,130,-218.5477872934234,260.45511066045253,288,0.0013873538423508727,1.3873538423508727
340,130,-218.5477872934234,260.45511066045253,296,0.005023157736160059,5.023157736160059
340,130,-218.5477872934234,260.45511066045253,304,0.011172522260755519,11.17252226075552
340,130,-218.5477872934234,260.45511066045253,312,0.01496358910255192,14.96358910255192
340,130,-218.5477872934234,260.45511066045253,320,-0.00011082727531168864,-0.11082727531168864
340,130,-218.5477872934234,260.45511066045253,328,-0.013605945428129502,-13.605945428129502
340,130,-218.5477872934234,260.45511066045253,336,-0.0021101211304038144,-2.1101211304038143
340,130,-218.5477872934234,260.45511066045253,344,1.7768170745049067e-05,0.017768170745049067
340,130,-218.5477872934234,260.45511066045253,352,0.003042199344968216,3.042199344968216
340,130,-218.5477872934234,260.45511066045253,360,0.008166059529386888,8.166059529386889
340,135,-240.41630560342614,240.41630560342617,0,-0.0022513857108572566,-2.2513857108572566
340,135,-240.41630560342614,240.41630560342617,8,-0.00024076277791166648,-0.24076277791166648
340,135,-240.41630560342614,240.41630560342617,16,-0.015383617294160193,-15.383617294160194
340,135,-240.41630560342614,240.41630560342617,24,-0.029654960439831048,-29.654960439831047
340,135,-240.41630560342614,240.41630560342617,32,-0.017164387928868548,-17.164387928868546
340,135,-240.41630560342614,240.41630560342617,40,-0.010894822535651558,-10.894822535651558
340,135,-240.41630560342614,240.41630560342617,48,-0.008699281462638306,-8.699281462638305
340,135,-240.41630560342614,240.41630560342617,56,-0.004179551780259648,-4.179551780259648
340,135,-240.41630560342614,240.41630560342617,64,0.0001787352707979343,0.1787352707979343
340,135,-240.41630560342614,240.41630560342617,72,-0.005958641050144338,-5.9586410501443385
340,135,-240.41630560342614,240.41630560342617,80,-0.025193223534194176,-25.193223534194175
340,135,-240.41630560342614,240.41630560342617,88,-0.025231602751956135,-25.231602751956135
340,135,-240.41630560342614,240.41630560342617,96,-0.012424912587900414,-12.424912587900414
340,135,-240.41630560342614,240.41630560342617,104,-0.010177629361203366,-10.177629361203365
340,135,-240.41630560342614,240.41630560342617,112,-0.007168853337932102,-7.168853337932102
340,135,-240.41630560342614,240.41630560342617,120,-0.002263003715418377,-2.263003715418377
340,135,-240.41630560342614,240.41630560342617,128,-0.00035209394110812436,-0.35209394110812436
340,135,-240.41630560342614,240.41630560342617,136,-0.015599658720326592,-15.599658720326593
340,135,-240.41630560342614,240.41630560342617,144,-0.029838109989219513,-29.838109989219515
340,135,-240.41630560342614,240.41630560342617,152,-0.017562338113064783,-17.562338113064783
340,135,-240.41630560342614,240.41630560342617,160,-0.011181236963548988,-11.181236963548988
340,135,-240.41630560342614,240.41630560342617,168,-0.009086386200283781,-9.086386200283782
340,135,-240.41630560342614,240.41630560342617,176,-0.004480545459587851,-4.4805454595878516
340,135,-240.41630560342614,240.41630560342617,184,-6.714890807244892e-05,-0.06714890807244892
340,135,-240.41630560342614,240.41630560342617,192,-0.006109516380510512,-6.109516380510512
340,135,-240.41630560342614,240.41630560342617,200,-0.025182068079273413,-25.182068079273414
340,135,-240.41630560342614,240.41630560342617,208,-0.02505032696705342,-25.050326967053422
340,135,-240.41630560342614,240.41630560342617,216,-0.01225851720084234,-12.25851720084234
340,135,-240.41630560342614,240.41630560342617,224,-0.009948430046302173,-9.948430046302173
340,135,-240.41630560342614,240.41630560342617,232,-0.006893209937480745,-6.893209937480745
340,135,-240.41630560342614,240.41630560342617,240,-0.0019520424955104623,-1.9520424955104623
340,135,-240.41630560342614,240.41630560342617,248,-8.408168380537779e-06,-0.008408168380537779
340,135,-240.41630560342614,240.41630560342617,256,-0.015338598139511864,-15.338598139511864
340,135,-240.41630560342614,240.41630560342617,264,-0.029674278823960343,-29.674278823960343
340,135,-240.41630560342614,240.41630560342617,272,-0.017351472510427696,-17.351472510427698
340,135,-240.41630560342614,240.41630560342617,280,-0.011080023204606788,-11.080023204606787
340,135,-240.41630560342614,240.41630560342617,288,-0.008967882036887262,-8.967882036887262
340,135,-240.41630560342614,240.41630560342617,296,-0.0044480401602266795,-4.44804016022668
340,135,-240.41630560342614,240.41630560342617,304,-0.00011280788918159126,-0.11280788918159126
340,135,-240.41630560342614,240.41630560342617,312,-0.006261359898146181,-6.261359898146181
340,135,-240.41630560342614,240.41630560342617,320,-0.025360463107723028,-25.360463107723028
340,135,-240.41630560342614,240.41630560342617,328,-0.025403311422872034,-25.403311422872033
340,135,-240.41630560342614,240.41630560342617,336,-0.012511873903056608,-12.511873903056609
340,135,-240.41630560342614,240.41630560342617,344,-0.010273103115353427,-10.273103115353427
340,135,-240.41630560342614,240.41630560342617,352,-0.007232289004913295,-7.232289004913294
340,135,-240.41630560342614,240.41630560342617,360,-0.0022372299352777696,-2.2372299352777696
340,140,-260.4551106604525,218.54778729342343,0,-0.012995003897881755,-12.995003897881755
340,140,-260.4551106604525,218.54778729342343,8,-0.021012620144402534,-21.012620144402533
340,140,-260.4551106604525,218.54778729342343,16,-0.038001779365436625,-38.001779365436626
340,140,-260.4551106604525,218.54778729342343,24,-0.039916920327313817,-39.91692032731382
340,140,-260.4551106604525,218.54778729342343,32,-0.0265268433892434,-26.5268433892434
340,140,-260.4551106604525,218.54778729342343,40,-0.02046037238537231,-20.460372385372313
340,140,-260.4551106604525,218.54778729342343,48,-0.017740720751077674,-17.740720751077674
340,140,-260.4551106604525,218.54778729342343,56,-0.014337071690986048,-14.337071690986047
340,140,-260.4551106604525,218.54778729342343,64,-0.014745801390937483,-14.745801390937483
340,140,-260.4551106604525,218.54778729342343,72,-0.029496195162384588,-29.496195162384588
340,140,-260.4551106604525,218.54778729342343,80,-0.0413469538874658,-41.3469538874658
340,140,-260.4551106604525,218.54778729342343,88,-0.035329641686554565,-35.32964168655457
340,140,-260.4551106604525,218.54778729342343,96,-0.022037541167403352,-22.03754116740335
340,140,-260.4551106604525,218.54778729342343,104,-0.019632607987175383,-19.632607987175383
340,140,-260.4551106604525,218.54778729342343,112,-0.015665943391135223,-15.665943391135222
340,140,-260.4551106604525,218.54778729342343,120,-0.013008835058106192,-13.008835058106191
340,140,-260.4551106604525,218.54778729342343,128,-0.021156425036871998,-21.156425036871997
340,140,-260.4551106604525,218.54778729342343,136,-0.038248002283393825,-38.248002283393824
340,140,-260.4551106604525,218.54778729342343,144,-0.040110315945598995,-40.110315945599
340,140,-260.4551106604525,218.54778729342343,152,-0.026940678305981198,-26.940678305981198
340,140,-260.4551106604525,218.54778729342343,160,-0.020789655615114772,-20.78965561511477
340,140,-260.4551106604525,218.54778729342343,168,-0.01812108129565615,-18.12108129565615
340,140,-260.4551106604525,218.54778729342343,176,-0.014617054947177816,-14.617054947177817
340,140,-260.4551106604525,218.54778729342343,184,-0.014942904963161214,-14.942904963161213
340,140,-260.4551106604525,218.54778729342343,192,-0.029540342971816763,-29.540342971816763
340,140,-260.4551106604525,218.54778729342343,200,-0.04132668864377798,-41.326688643777985
340,140,-260.4551106604525,218.54778729342343,208,-0.03513631801642922,-35.13631801642922
340,140,-260.4551106604525,218.54778729342343,216,-0.021853156230701505,-21.853156230701504
340,140,-260.4551106604525,218.54778729342343,224,-0.019391167297473394,-19.391167297473395
340,140,-260.4551106604525,218.54778729342343,232,-0.015395652557055954,-15.395652557055955
340,140,-260.4551106604525,218.54778729342343,240,-0.012716402300559149,-12.71640230055915
340,140,-260.4551106604525,218.54778729342343,248,-0.020855104262039445,-20.855104262039443
340,140,-260.4551106604525,218.54778729342343,256,-0.03802557115589335,-38.025571155893346
340,140,-260.4551106604525,218.54778729342343,264,-0.039948559949649326,-39.94855994964933
340,140,-260.4551106604525,218.54778729342343,272,-0.02672606715460803,-26.72606715460803
340,140,-260.4551106604525,218.54778729342343,280,-0.02066579513153697,-20.66579513153697
340,140,-260.4551106604525,218.54778729342343,288,-0.018007294649405942,-18.007294649405942
340,140,-260.4551106604525,218.54778729342343,296,-0.014586669397324021,-14.586669397324021
340,140,-260.4551106604525,218.54778729342343,304,-0.015002044795020356,-15.002044795020357
340,140,-260.4551106604525,218.54778729342343,312,-0.029728344693753617,-29.728344693753616
340,140,-260.4551106604525,218.54778729342343,320,-0.04152410456659501,-41.524104566595014
340,140,-260.4551106604525,218.54778729342343,328,-0.03550515738694064,-35.50515738694064
340,140,-260.4551106604525,218.54778729342343,336,-0.022137660025259166,-22.137660025259166
340,140,-260.4551106604525,218.54778729342343,344,-0.019729183318319778,-19.729183318319777
340,140,-260.4551106604525,218.54778729342343,352,-0.01571427575281394,-15.71427575281394
340,140,-260.4551106604525,218.54778729342343,360,-0.01298029946330136,-12.98029946330136
340,145,-278.51169505825726,195.01598835935562,0,-0.028431989022794625,-28.431989022794625
340,145,-278.51169505825726,195.01598835935562,8,-0.04243026502361574,-42.430265023615746
340,145,-278.51169505825726,195.01598835935562,16,-0.05186567220033973,-51.86567220033973
340,145,-278.51169505825726,195.01598835935562,24,-0.04894953069590703,-48.94953069590703
340,145,-278.51169505825726,195.01598835935562,32,-0.03527812541179757,-35.27812541179757
340,145,-278.51169505825726,195.01598835935562,40,-0.029140061868523876,-29.140061868523876
340,145,-278.51169505825726,195.01598835935562,48,-0.025268957260578345,-25.268957260578347
340,145,-278.51169505825726,195.01598835935562,56,-0.024603514673975913,-24.603514673975912
340,145,-278.51169505825726,195.01598835935562,64,-0.03438852544766044,-34.38852544766044
340,145,-278.51169505825726,195.01598835935562,72,-0.050028425590226695,-50.028425590226696
340,145,-278.51169505825726,195.01598835935562,80,-0.05082189346753122,-50.821893467531225
340,145,-278.51169505825726,195.01598835935562,88,-0.04370534939526225,-43.70534939526225
340,145,-278.51169505825726,195.01598835935562,96,-0.031214644858616098,-31.214644858616097
340,145,-278.51169505825726,195.01598835935562,104,-0.02749971775468617,-27.49971775468617
340,145,-278.51169505825726,195.01598835935562,112,-0.025725530328716845,-25.725530328716847
340,145,-278.51169505825726,195.01598835935562,120,-0.02846178702597856,-28.46178702597856
340,145,-278.51169505825726,195.01598835935562,128,-0.04261905624175416,-42.61905624175416
340,145,-278.51169505825726,195.01598835935562,136,-0.052134549844043254,-52.134549844043256
340,145,-278.51169505825726,195.01598835935562,144,-0.049152314793682816,-49.15231479368282
340,145,-278.51169505825726,195.01598835935562,152,-0.0357102684938351,-35.7102684938351
340,145,-278.51169505825726,195.01598835935562,160,-0.029513455189548475,-29.513455189548473
340,145,-278.51169505825726,195.01598835935562,168,-0.025634622402750225,-25.634622402750225
340,145,-278.51169505825726,195.01598835935562,176,-0.024860102858487276,-24.860102858487277
340,145,-278.51169505825726,195.01598835935562,184,-0.034484811680913725,-34.48481168091372
340,145,-278.51169505825726,195.01598835935562,192,-0.050009359811369565,-50.00935981136956
340,145,-278.51169505825726,195.01598835935562,200,-0.05077911617063642,-50.77911617063642
340,145,-278.51169505825726,195.01598835935562,208,-0.04349929847871971,-43.49929847871971
340,145,-278.51169505825726,195.01598835935562,216,-0.030997896219189726,-30.997896219189727
340,145,-278.51169505825726,195.01598835935562,224,-0.027247234561917234,-27.247234561917235
340,145,-278.51169505825726,195.01598835935562,232,-0.02549135278003732,-25.49135278003732
340,145,-278.51169505825726,195.01598835935562,240,-0.028218226692612543,-28.218226692612543
340,145,-278.51169505825726,195.01598835935562,248,-0.04238692799085615,-42.38692799085615
340,145,-278.51169505825726,195.01598835935562,256,-0.051910876715552376,-51.91087671555238
340,145,-278.51169505825726,195.01598835935562,264,-0.048992159173912364,-48.99215917391236
340,145,-278.51169505825726,195.01598835935562,272,-0.03548986654784448,-35.48986654784448
340,145,-278.51169505825726,195.01598835935562,280,-0.029365648618676833,-29.365648618676833
340,145,-278.51169505825726,195.01598835935562,288,-0.025531776534724222,-25.531776534724223
340,145,-278.51169505825726,195.01598835935562,296,-0.024822813076425483,-24.822813076425483
340,145,-278.51169505825726,195.01598835935562,304,-0.03457984141653761,-34.57984141653761
340,145,-278.51169505825726,195.01598835935562,312,-0.05022507326921914,-50.225073269219145
340,145,-278.51169505825726,195.01598835935562,320,-0.050989581016648966,-50.98958101664897
340,145,-278.51169505825726,195.01598835935562,328,-0.04388503706464484,-43.88503706464484
340,145,-278.51169505825726,195.01598835935562,336,-0.03134678786567553,-31.346787865675534
340,145,-278.51169505825726,195.01598835935562,344,-0.02759719893105591,-27.59719893105591
340,145,-278.51169505825726,195.01598835935562,352,-0.025781250613702955,-25.781250613702955
340,145,-278.51169505825726,195.01598835935562,360,-0.028416764728379302,-28.416764728379302
340,150,-294.4486372867092,169.99999999999997,0,-0.046132612652374255,-46.132612652374256
340,150,-294.4486372867092,169.99999999999997,8,-0.06104849024894616,-61.04849024894616
340,150,-294.4486372867092,169.99999999999997,16,-0.0605308204467546,-60.530820446754596
340,150,-294.4486372867092,169.99999999999997,24,-0.056459096086921574,-56.459096086921576
340,150,-294.4486372867092,169.99999999999997,32,-0.043301843109174856,-43.301843109174854
340,150,-294.4486372867092,169.99999999999997,40,-0.036038333973348775,-36.03833397334878
340,150,-294.4486372867092,169.99999999999997,48,-0.03540813101847317,-35.40813101847317
340,150,-294.4486372867092,169.99999999999997,56,-0.04004054726877668,-40.04054726877668
340,150,-294.4486372867092,169.99999999999997,64,-0.05374047148332065,-53.740471483320654
340,150,-294.4486372867092,169.99999999999997,72,-0.06148371177282071,-61.483711772820705
340,150,-294.4486372867092,169.99999999999997,80,-0.05882279597674573,-58.82279597674573
340,150,-294.4486372867092,169.99999999999997,88,-0.05080086430324343,-50.80086430324343
340,150,-294.4486372867092,169.99999999999997,96,-0.039481427169861,-39.481427169861
340,150,-294.4486372867092,169.99999999999997,104,-0.03482362380850519,-34.82362380850519
340,150,-294.4486372867092,169.99999999999997,112,-0.03594151668486713,-35.941516684867125
340,150,-294.4486372867092,169.99999999999997,120,-0.04620639787736955,-46.20639787736955
340,150,-294.4486372867092,169.99999999999997,128,-0.06126782074343744,-61.26782074343744
340,150,-294.4486372867092,169.99999999999997,136,-0.06081790473841042,-60.81790473841042
340,150,-294.4486372867092,169.99999999999997,144,-0.05667012894812954,-56.67012894812954
340,150,-294.4486372867092,169.99999999999997,152,-0.04375398702090649,-43.75398702090649
340,150,-294.4486372867092,169.99999999999997,160,-0.03645116259485526,-36.451162594855255
340,150,-294.4486372867092,169.99999999999997,168,-0.03572039035703667,-35.72039035703667
340,150,-294.4486372867092,169.99999999999997,176,-0.040196527079190955,-40.19652707919096
340,150,-294.4486372867092,169.99999999999997,184,-0.053717551310376935,-53.71755131037693
340,150,-294.4486372867092,169.99999999999997,192,-0.06143273522336365,-61.43273522336365
340,150,-294.4486372867092,169.99999999999997,200,-0.05876343456290923,-58.76343456290923
340,150,-294.4486372867092,169.99999999999997,208,-0.05057695030424854,-50.57695030424854
340,150,-294.4486372867092,169.99999999999997,216,-0.039231800108837415,-39.23180010883742
340,150,-294.4486372867092,169.99999999999997,224,-0.034576435737281405,-34.57643573728141
340,150,-294.4486372867092,169.99999999999997,232,-0.035753363237539894,-35.753363237539894
340,150,-294.4486372867092,169.99999999999997,240,-0.046033753677785484,-46.033753677785484
340,150,-294.4486372867092,169.99999999999997,248,-0.06106546251168122,-61.06546251168122
340,150,-294.4486372867092,169.99999999999997,256,-0.06060418894531129,-60.60418894531129
340,150,-294.4486372867092,169.99999999999997,264,-0.05651103900285796,-56.51103900285796
340,150,-294.4486372867092,169.99999999999997,272,-0.04352607720612754,-43.52607720612754
340,150,-294.4486372867092,169.99999999999997,280,-0.03628040661761021,-36.280406617610204
340,150,-294.4486372867092,169.99999999999997,288,-0.035610894909427,-35.610894909427
340,150,-294.4486372867092,169.99999999999997,296,-0.04019289319871118,-40.19289319871118
340,150,-294.4486372867092,169.99999999999997,304,-0.053858859932929826,-53.858859932929825
340,150,-294.4486372867092,169.99999999999997,312,-0.06166479853185789,-61.66479853185789
340,150,-294.4486372867092,169.99999999999997,320,-0.0589861269147874,-58.9861269147874
340,150,-294.4486372867092,169.99999999999997,328,-0.05098512489723857,-50.98512489723857
340,150,-294.4486372867092,169.99999999999997,336,-0.039647511851496134,-39.647511851496134
340,150,-294.4486372867092,169.99999999999997,344,-0.03492086242426296,-34.920862424262964
340,150,-294.4486372867092,169.99999999999997,352,-0.03600405922970429,-36.00405922970429
340,150,-294.4486372867092,169.99999999999997,360,-0.046116806548002605,-46.11680654800261
340,155,-308.14464759246096,143.69020899183784,0,-0.06292373229333953,-62.923732293339526
340,155,-308.14464759246096,143.69020899183784,8,-0.06982806668689479,-69.82806668689479
340,155,-308.14464759246096,143.69020899183784,16,-0.06748605606782979,-67.4860560678298
340,155,-308.14464759246096,143.69020899183784,24,-0.06227180459864884,-62.27180459864884
340,155,-308.14464759246096,143.69020899183784,32,-0.050201812806043467,-50.20181280604346
340,155,-308.14464759246096,143.69020899183784,40,-0.04320685537240622,-43.20685537240622
340,155,-308.14464759246096,143.69020899183784,48,-0.045633489967725746,-45.633489967725744
340,155,-308.14464759246096,143.69020899183784,56,-0.05561978613427339,-55.61978613427339
340,155,-308.14464759246096,143.69020899183784,64,-0.06971986067809816,-69.71986067809816
340,155,-308.14464759246096,143.69020899183784,72,-0.069362015656476,-69.362015656476
340,155,-308.14464759246096,143.69020899183784,80,-0.06540946675159894,-65.40946675159894
340,155,-308.14464759246096,143.69020899183784,88,-0.056814173405114306,-56.8141734051143
340,155,-308.14464759246096,143.69020899183784,96,-0.04584229043672806,-45.84229043672806
340,155,-308.14464759246096,143.69020899183784,104,-0.044188092942093395,-44.1880929420934
340,155,-308.14464759246096,143.69020899183784,112,-0.049892017131614064,-49.89201713161406
340,155,-308.14464759246096,143.69020899183784,120,-0.06304158386443488,-63.041583864434884
340,155,-308.14464759246096,143.69020899183784,128,-0.07006800487145598,-70.06800487145598
340,155,-308.14464759246096,143.69020899183784,136,-0.06778954045393165,-67.78954045393165
340,155,-308.14464759246096,143.69020899183784,144,-0.06254485351234584,-62.544853512345846
340,155,-308.14464759246096,143.69020899183784,152,-0.050673004542503175,-50.67300454250317
340,155,-308.14464759246096,143.69020899183784,160,-0.043598618636368616,-43.59861863636861
340,155,-308.14464759246096,143.69020899183784,168,-0.04586884887438381,-45.868848874383815
340,155,-308.14464759246096,143.69020899183784,176,-0.05564907681232551,-55.64907681232551
340,155,-308.14464759246096,143.69020899183784,184,-0.06963201635970297,-69.63201635970297
340,155,-308.14464759246096,143.69020899183784,192,-0.06927836191515153,-69.27836191515154
340,155,-308.14464759246096,143.69020899183784,200,-0.0653336514480994,-65.3336514480994
340,155,-308.14464759246096,143.69020899183784,208,-0.05657126580900847,-56.571265809008466
340,155,-308.14464759246096,143.69020899183784,216,-0.045562676174859484,-45.56267617485948
340,155,-308.14464759246096,143.69020899183784,224,-0.0440019720022239,-44.0019720022239
340,155,-308.14464759246096,143.69020899183784,232,-0.049776722344319374,-49.776722344319374
340,155,-308.14464759246096,143.69020899183784,240,-0.06293951568160489,-62.93951568160489
340,155,-308.14464759246096,143.69020899183784,248,-0.06987843499036557,-69.87843499036558
340,155,-308.14464759246096,143.69020899183784,256,-0.06757621360504251,-67.57621360504251
340,155,-308.14464759246096,143.69020899183784,264,-0.06236714604235588,-62.367146042355884
340,155,-308.14464759246096,143.69020899183784,272,-0.05043738999488062,-50.43738999488062
340,155,-308.14464759246096,143.69020899183784,280,-0.04343107985585465,-43.43107985585465
340,155,-308.14464759246096,143.69020899183784,288,-0.045771680641806235,-45.771680641806235
340,155,-308.14464759246096,143.69020899183784,296,-0.055699437108503315,-55.69943710850332
340,155,-308.14464759246096,143.69020899183784,304,-0.06979206451425063,-69.79206451425063
340,155,-308.14464759246096,143.69020899183784,312,-0.06952539885094944,-69.52539885094944
340,155,-308.14464759246096,143.69020899183784,320,-0.06557474050981768,-65.57474050981769
340,155,-308.14464759246096,143.69020899183784,328,-0.057003749132630135,-57.00374913263013
340,155,-308.14464759246096,143.69020899183784,336,-0.04604193334267823,-46.041933342678234
340,155,-308.14464759246096,143.69020899183784,344,-0.044281326458874115,-44.28132645887411
340,155,-308.14464759246096,143.69020899183784,352,-0.04990208556044462,-49.90208556044462
340,155,-308.14464759246096,143.69020899183784,360,-0.06290742937129519,-62.90742937129519
340,160,-319.49549106720883,116.28684873072741,0,-0.07563912732693615,-75.63912732693615
340,160,-319.49549106720883,116.28684873072741,8,-0.07658549004216175,-76.58549004216175
340,160,-319.49549106720883,116.28684873072741,16,-0.07316495240653405,-73.16495240653404
340,160,-319.49549106720883,116.28684873072741,24,-0.06704011833869143,-67.04011833869143
340,160,-319.49549106720883,116.28684873072741,32,-0.05544148874938768,-55.44148874938768
340,160,-319.49549106720883,116.28684873072741,40,-0.05141503604903728,-51.415036049037276
340,160,-319.49549106720883,116.28684873072741,48,-0.05725912057096916,-57.25912057096916
340,160,-319.49549106720883,116.28684873072741,56,-0.07011731280147836,-70.11731280147836
340,160,-319.49549106720883,116.28684873072741,64,-0.0768254618769822,-76.8254618769822
340,160,-319.49549106720883,116.28684873072741,72,-0.07522868318264099,-75.22868318264099
340,160,-319.49549106720883,116.28684873072741,80,-0.07078336749594938,-70.78336749594938
340,160,-319.49549106720883,116.28684873072741,88,-0.0614998575320833,-61.4998575320833
340,160,-319.49549106720883,116.28684873072741,96,-0.05219320905861258,-52.19320905861258
340,160,-319.49549106720883,116.28684873072741,104,-0.05342186578122083,-53.42186578122083
340,160,-319.49549106720883,116.28684873072741,112,-0.06295140691228086,-62.951406912280866
340,160,-319.49549106720883,116.28684873072741,120,-0.07577318251167386,-75.77318251167387
340,160,-319.49549106720883,116.28684873072741,128,-0.07684619785463899,-76.84619785463899
340,160,-319.49549106720883,116.28684873072741,136,-0.07348308130000442,-73.48308130000441
340,160,-319.49549106720883,116.28684873072741,144,-0.06737804142747078,-67.37804142747078
340,160,-319.49549106720883,116.28684873072741,152,-0.05592704200554305,-55.92704200554305
340,160,-319.49549106720883,116.28684873072741,160,-0.051701637270020674,-51.701637270020676
340,160,-319.49549106720883,116.28684873072741,168,-0.05736110910965349,-57.36110910965349
340,160,-319.49549106720883,116.28684873072741,176,-0.0700265390274942,-70.0265390274942
340,160,-319.49549106720883,116.28684873072741,184,-0.07670790870759887,-76.70790870759888
340,160,-319.49549106720883,116.28684873072741,192,-0.07512763068925778,-75.12763068925777
340,160,-319.49549106720883,116.28684873072741,200,-0.07067447582231591,-70.67447582231591
340,160,-319.49549106720883,116.28684873072741,208,-0.06124015608121878,-61.24015608121878
340,160,-319.49549106720883,116.28684873072741,216,-0.05194681482459883,-51.946814824598825
340,160,-319.49549106720883,116.28684873072741,224,-0.053303836305717125,-53.30383630571713
340,160,-319.49549106720883,116.28684873072741,232,-0.06290987250185419,-62.90987250185419
340,160,-319.49549106720883,116.28684873072741,240,-0.07571896899043698,-75.71896899043698
340,160,-319.49549106720883,116.28684873072741,248,-0.0766647676397057,-76.6647676397057
340,160,-319.49549106720883,116.28684873072741,256,-0.07326763015542137,-73.26763015542137
340,160,-319.49549106720883,116.28684873072741,264,-0.06718005383668044,-67.18005383668044
340,160,-319.49549106720883,116.28684873072741,272,-0.05568475765800941,-55.68475765800941
340,160,-319.49549106720883,116.28684873072741,280,-0.051574122689193126,-51.574122689193125
340,160,-319.49549106720883,116.28684873072741,288,-0.05732393101180441,-57.32393101180441
340,160,-319.49549106720883,116.28684873072741,296,-0.07012497732225934,-70.12497732225934
340,160,-319.49549106720883,116.28684873072741,304,-0.07687887229628572,-76.87887229628572
340,160,-319.49549106720883,116.28684873072741,312,-0.07539153830936572,-75.39153830936573
340,160,-319.49549106720883,116.28684873072741,320,-0.07096126069632555,-70.96126069632555
340,160,-319.49549106720883,116.28684873072741,328,-0.06169459794603685,-61.69459794603685
340,160,-319.49549106720883,116.28684873072741,336,-0.05236361172216361,-52.36361172216361
340,160,-319.49549106720883,116.28684873072741,344,-0.05348342421569269,-53.483424215692686
340,160,-319.49549106720883,116.28684873072741,352,-0.06290526598116475,-62.905265981164746
340,160,-319.49549106720883,116.28684873072741,360,-0.07562255887506569,-75.62255887506569
340,165,-328.4147809382832,87.99847533485715,0,-0.08186978226387848,-81.86978226387848
340,165,-328.4147809382832,87.99847533485715,8,-0.08136974430305852,-81.36974430305851
340,165,-328.4147809382832,87.99847533485715,16,-0.07769718853632857,-77.69718853632857
340,165,-328.4147809382832,87.99847533485715,24,-0.07036177579124855,-70.36177579124855
340,165,-328.4147809382832,87.99847533485715,32,-0.0599187269035105,-59.9187269035105
340,165,-328.4147809382832,87.99847533485715,40,-0.05892487836877408,-58.92487836877408
340,165,-328.4147809382832,87.99847533485715,48,-0.06788412655157053,-67.88412655157053
340,165,-328.4147809382832,87.99847533485715,56,-0.07995159744832904,-79.95159744832904
340,165,-328.4147809382832,87.99847533485715,64,-0.08236836169780953,-82.36836169780953
340,165,-328.4147809382832,87.99847533485715,72,-0.07985716865477824,-79.85716865477823
340,165,-328.4147809382832,87.99847533485715,80,-0.0751070327816098,-75.10703278160979
340,165,-328.4147809382832,87.99847533485715,88,-0.06469668060925679,-64.69668060925679
340,165,-328.4147809382832,87.99847533485715,96,-0.05815295645835779,-58.152956458357785
340,165,-328.4147809382832,87.99847533485715,104,-0.06247982754232241,-62.47982754232241
340,165,-328.4147809382832,87.99847533485715,112,-0.07494408261482466,-74.94408261482465
340,165,-328.4147809382832,87.99847533485715,120,-0.08200644321938849,-82.00644321938849
340,165,-328.4147809382832,87.99847533485715,128,-0.08165194580823872,-81.65194580823872
340,165,-328.4147809382832,87.99847533485715,136,-0.07802790892690606,-78.02790892690606
340,165,-328.4147809382832,87.99847533485715,144,-0.07076304949514864,-70.76304949514864
340,165,-328.4147809382832,87.99847533485715,152,-0.060289071913986726,-60.289071913986724
340,165,-328.4147809382832,87.99847533485715,160,-0.05908273187782829,-59.08273187782829
340,165,-328.4147809382832,87.99847533485715,168,-0.06785202765026897,-67.85202765026898
340,165,-328.4147809382832,87.99847533485715,176,-0.07979641118057772,-79.79641118057772
340,165,-328.4147809382832,87.99847533485715,184,-0.08222588742829935,-82.22588742829936
340,165,-328.4147809382832,87.99847533485715,192,-0.0797467908207707,-79.7467908207707
340,165,-328.4147809382832,87.99847533485715,200,-0.07496469830179778,-74.96469830179778
340,165,-328.4147809382832,87.99847533485715,208,-0.06442502710238687,-64.42502710238688
340,165,-328.4147809382832,87.99847533485715,216,-0.05798022529936595,-57.980225299365955
340,165,-328.4147809382832,87.99847533485715,224,-0.062436532717375315,-62.436532717375314
340,165,-328.4147809382832,87.99847533485715,232,-0.07497528821861875,-74.97528821861874
340,165,-328.4147809382832,87.99847533485715,240,-0.08196907049815245,-81.96907049815246
340,165,-328.4147809382832,87.99847533485715,248,-0.08146453460052365,-81.46453460052365
340,165,-328.4147809382832,87.99847533485715,256,-0.07781066938138777,-77.81066938138777
340,165,-328.4147809382832,87.99847533485715,264,-0.07054419304097195,-70.54419304097195
340,165,-328.4147809382832,87.99847533485715,272,-0.06010460144963578,-60.10460144963578
340,165,-328.4147809382832,87.99847533485715,280,-0.059012841939210844,-59.012841939210844
340,165,-328.4147809382832,87.99847533485715,288,-0.06787532850124266,-67.87532850124266
340,165,-328.4147809382832,87.99847533485715,296,-0.07990944098140035,-79.90944098140035
340,165,-328.4147809382832,87.99847533485715,304,-0.0824094409928749,-82.40944099287489
340,165,-328.4147809382832,87.99847533485715,312,-0.08001542415400253,-80.01542415400253
340,165,-328.4147809382832,87.99847533485715,320,-0.07529875203881989,-75.29875203881988
340,165,-328.4147809382832,87.99847533485715,328,-0.0648943414847934,-64.8943414847934
340,165,-328.4147809382832,87.99847533485715,336,-0.05825436343796275,-58.25436343796275
340,165,-328.4147809382832,87.99847533485715,344,-0.06248074422849881,-62.48074422849881
340,165,-328.4147809382832,87.99847533485715,352,-0.07484463259263585,-74.84463259263585
340,165,-328.4147809382832,87.99847533485715,360,-0.08185308688513575,-81.85308688513575
340,170,-334.8346360241507,59.04038040675629,0,-0.08600387945206707,-86.00387945206707
340,170,-334.8346360241507,59.04038040675629,8,-0.08469567325313285,-84.69567325313285
340,170,-334.8346360241507,59.04038040675629,16,-0.08115888063042709,-81.15888063042709
340,170,-334.8346360241507,59.04038040675629,24,-0.07204391000267237,-72.04391000267236
340,170,-334.8346360241507,59.04038040675629,32,-0.06342233129011335,-63.42233129011335
340,170,-334.8346360241507,59.04038040675629,40,-0.06551336591858692,-65.51336591858691
340,170,-334.8346360241507,59.04038040675629,48,-0.07744248256350444,-77.44248256350444
340,170,-334.8346360241507,59.04038040675629,56,-0.08541558179970778,-85.41558179970778
340,170,-334.8346360241507,59.04038040675629,64,-0.08598930827237325,-85.98930827237325
340,170,-334.8346360241507,59.04038040675629,72,-0.0832884550915375,-83.2884550915375
340,170,-334.8346360241507,59.04038040675629,80,-0.0778889446319625,-77.8889446319625
340,170,-334.8346360241507,59.04038040675629,88,-0.06663737404844879,-66.63737404844879
340,170,-334.8346360241507,59.04038040675629,96,-0.06314330137788933,-63.14330137788933
340,170,-334.8346360241507,59.04038040675629,104,-0.07048998396315242,-70.48998396315243
340,170,-334.8346360241507,59.04038040675629,112,-0.0822313304057527,-82.2313304057527
340,170,-334.8346360241507,59.04038040675629,120,-0.08614963123174996,-86.14963123174995
340,170,-334.8346360241507,59.04038040675629,128,-0.08497457484264677,-84.97457484264677
340,170,-334.8346360241507,59.04038040675629,136,-0.08150199510299877,-81.50199510299878
340,170,-334.8346360241507,59.04038040675629,144,-0.07246295705263503,-72.46295705263503
340,170,-334.8346360241507,59.04038040675629,152,-0.06364733465042177,-63.64733465042177
340,170,-334.8346360241507,59.04038040675629,160,-0.06553229405100003,-65.53229405100002
340,170,-334.8346360241507,59.04038040675629,168,-0.07727780515692685,-77.27780515692685
340,170,-334.8346360241507,59.04038040675629,176,-0.08523875060530486,-85.23875060530486
340,170,-334.8346360241507,59.04038040675629,184,-0.08582924362416117,-85.82924362416117
340,170,-334.8346360241507,59.04038040675629,192,-0.08317468548536058,-83.17468548536058
340,170,-334.8346360241507,59.04038040675629,200,-0.07771855438521905,-77.71855438521905
340,170,-334.8346360241507,59.04038040675629,208,-0.06643514074220314,-66.43514074220313
340,170,-334.8346360241507,59.04038040675629,216,-0.06304285533349184,-63.04285533349184
340,170,-334.8346360241507,59.04038040675629,224,-0.07052184241190852,-70.52184241190852
340,170,-334.8346360241507,59.04038040675629,232,-0.08231357819620352,-82.31357819620352
340,170,-334.8346360241507,59.04038040675629,240,-0.0861203544472866,-86.1203544472866
340,170,-334.8346360241507,59.04038040675629,248,-0.08479608511526977,-84.79608511526978
340,170,-334.8346360241507,59.04038040675629,256,-0.0812824239562906,-81.2824239562906
340,170,-334.8346360241507,59.04038040675629,264,-0.07224426908761528,-72.24426908761528
340,170,-334.8346360241507,59.04038040675629,272,-0.06353543306227195,-63.535433062271956
340,170,-334.8346360241507,59.04038040675629,280,-0.06552752988814882,-65.52752988814882
340,170,-334.8346360241507,59.04038040675629,288,-0.07736023700656264,-77.36023700656264
340,170,-334.8346360241507,59.04038040675629,296,-0.08534431689848161,-85.34431689848161
340,170,-334.8346360241507,59.04038040675629,304,-0.08602778865102387,-86.02778865102387
340,170,-334.8346360241507,59.04038040675629,312,-0.08343916858280948,-83.43916858280947
340,170,-334.8346360241507,59.04038040675629,320,-0.07809369724491451,-78.09369724491451
340,170,-334.8346360241507,59.04038040675629,328,-0.06676131452696543,-66.76131452696544
340,170,-334.8346360241507,59.04038040675629,336,-0.06317743674277018,-63.17743674277018
340,170,-334.8346360241507,59.04038040675629,344,-0.07043043980131244,-70.43043980131245
340,170,-334.8346360241507,59.04038040675629,352,-0.08212632786949284,-82.12632786949284
340,170,-334.8346360241507,59.04038040675629,360,-0.08598697224089966,-85.98697224089966
340,175,-338.7061973511935,29.632952534203785,0,-0.08819012352776086,-88.19012352776086
340,175,-338.7061973511935,29.632952534203785,8,-0.08682654015491015,-86.82654015491015
340,175,-338.7061973511935,29.632952534203785,16,-0.08295443922558471,-82.95443922558471
340,175,-338.7061973511935,29.632952534203785,24,-0.07151478814753844,-71.51478814753844
340,175,-338.7061973511935,29.632952534203785,32,-0.06588080464053783,-65.88080464053783
340,175,-338.7061973511935,29.632952534203785,40,-0.07103659329487433,-71.03659329487432
340,175,-338.7061973511935,29.632952534203785,48,-0.08289737928217653,-82.89737928217653
340,175,-338.7061973511935,29.632952534203785,56,-0.08800204060414336,-88.00204060414336
340,175,-338.7061973511935,29.632952534203785,64,-0.08789880945402928,-87.89880945402928
340,175,-338.7061973511935,29.632952534203785,72,-0.08550354946508693,-85.50354946508692
340,175,-338.7061973511935,29.632952534203785,80,-0.07808856194902714,-78.08856194902714
340,175,-338.7061973511935,29.632952534203785,88,-0.06749624932070408,-67.49624932070408
340,175,-338.7061973511935,29.632952534203785,96,-0.06707069697529772,-67.07069697529772
340,175,-338.7061973511935,29.632952534203785,104,-0.07725453984081719,-77.25453984081719
340,175,-338.7061973511935,29.632952534203785,112,-0.0869319258980154,-86.93192589801541
340,175,-338.7061973511935,29.632952534203785,120,-0.08834586466194867,-88.34586466194867
340,175,-338.7061973511935,29.632952534203785,128,-0.08709475143446356,-87.09475143446356
340,175,-338.7061973511935,29.632952534203785,136,-0.08330221312635107,-83.30221312635106
340,175,-338.7061973511935,29.632952534203785,144,-0.07179139225185695,-71.79139225185695
340,175,-338.7061973511935,29.632952534203785,152,-0.0659668613575605,-65.9668613575605
340,175,-338.7061973511935,29.632952534203785,160,-0.07091644646606238,-70.91644646606238
340,175,-338.7061973511935,29.632952534203785,168,-0.08267236923210455,-82.67236923210456
340,175,-338.7061973511935,29.632952534203785,176,-0.08780892960501359,-87.80892960501359
340,175,-338.7061973511935,29.632952534203785,184,-0.0877328546413074,-87.7328546413074
340,175,-338.7061973511935,29.632952534203785,192,-0.08539009514927054,-85.39009514927054
340,175,-338.7061973511935,29.632952534203785,200,-0.07791805966891951,-77.91805966891951
340,175,-338.7061973511935,29.632952534203785,208,-0.06736391474386097,-67.36391474386097
340,175,-338.7061973511935,29.632952534203785,216,-0.0670426843987266,-67.04268439872659
340,175,-338.7061973511935,29.632952534203785,224,-0.07736051413895487,-77.36051413895487
340,175,-338.7061973511935,29.632952534203785,232,-0.08705582874620006,-87.05582874620006
340,175,-338.7061973511935,29.632952534203785,240,-0.08832027764145456,-88.32027764145455
340,175,-338.7061973511935,29.632952534203785,248,-0.08692895404501279,-86.92895404501279
340,175,-338.7061973511935,29.632952534203785,256,-0.08307904483000927,-83.07904483000928
340,175,-338.7061973511935,29.632952534203785,264,-0.07164998736872649,-71.64998736872649
340,175,-338.7061973511935,29.632952534203785,272,-0.06592467094609096,-65.92467094609096
340,175,-338.7061973511935,29.632952534203785,280,-0.0709764445530523,-70.9764445530523
340,175,-338.7061973511935,29.632952534203785,288,-0.0827527200222273,-82.75272002222731
340,175,-338.7061973511935,29.632952534203785,296,-0.08792496294526911,-87.92496294526912
340,175,-338.7061973511935,29.632952534203785,304,-0.08792826527742609,-87.92826527742609
340,175,-338.7061973511935,29.632952534203785,312,-0.08564819455585881,-85.64819455585881
340,175,-338.7061973511935,29.632952534203785,320,-0.0782732404404823,-78.2732404404823
340,175,-338.7061973511935,29.632952534203785,328,-0.0675465030690104,-67.5465030690104
340,175,-338.7061973511935,29.632952534203785,336,-0.06703846894969405,-67.03846894969405
340,175,-338.7061973511935,29.632952534203785,344,-0.07714133142573679,-77.14133142573678
340,175,-338.7061973511935,29.632952534203785,352,-0.0868398595496351,-86.83985954963511
340,175,-338.7061973511935,29.632952534203785,360,-0.08817335362074191,-88.1733536207419
340,180,-340.0,4.163799117101001e-14,0,-0.08875187469975157,-88.75187469975157
340,180,-340.0,4.163799117101001e-14,8,-0.08759585448275847,-87.59585448275847
340,180,-340.0,4.163799117101001e-14,16,-0.08133594703383867,-81.33594703383868
340,180,-340.0,4.163799117101001e-14,24,-0.0698447833719097,-69.8447833719097
340,180,-340.0,4.163799117101001e-14,32,-0.0672634424545698,-67.2634424545698
340,180,-340.0,4.163799117101001e-14,40,-0.07535876236717708,-75.35876236717708
340,180,-340.0,4.163799117101001e-14,48,-0.08627560833035836,-86.27560833035835
340,180,-340.0,4.163799117101001e-14,56,-0.08873306471616485,-88.73306471616485
340,180,-340.0,4.163799117101001e-14,64,-0.08869098090440186,-88.69098090440187
340,180,-340.0,4.163799117101001e-14,72,-0.0861297340870763,-86.1297340870763
340,180,-340.0,4.163799117101001e-14,80,-0.07524213297020702,-75.24213297020701
340,180,-340.0,4.163799117101001e-14,88,-0.06726198397322666,-67.26198397322666
340,180,-340.0,4.163799117101001e-14,96,-0.06992473962358348,-69.92473962358348
340,180,-340.0,4.163799117101001e-14,104,-0.08145771094580301,-81.457710945803
340,180,-340.0,4.163799117101001e-14,112,-0.08771202642345795,-87.71202642345794
340,180,-340.0,4.163799117101001e-14,120,-0.08890302663819413,-88.90302663819413
340,180,-340.0,4.163799117101001e-14,128,-0.08784922249323868,-87.84922249323867
340,180,-340.0,4.163799117101001e-14,136,-0.08164281380713652,-81.64281380713652
340,180,-340.0,4.163799117101001e-14,144,-0.0699793619940583,-69.9793619940583
340,180,-340.0,4.163799117101001e-14,152,-0.06721079443429485,-67.21079443429485
340,180,-340.0,4.163799117101001e-14,160,-0.07510942021111294,-75.10942021111295
340,180,-340.0,4.163799117101001e-14,168,-0.08600558515000359,-86.00558515000358
340,180,-340.0,4.163799117101001e-14,176,-0.08852838810661615,-88.52838810661615
340,180,-340.0,4.163799117101001e-14,184,-0.0885207957154658,-88.5207957154658
340,180,-340.0,4.163799117101001e-14,192,-0.08602683341420708,-86.02683341420708
340,180,-340.0,4.163799117101001e-14,200,-0.07510926106341484,-75.10926106341483
340,180,-340.0,4.163799117101001e-14,208,-0.06719715772502975,-67.19715772502975
340,180,-340.0,4.163799117101001e-14,216,-0.06996987986148259,-69.9698798614826
340,180,-340.0,4.163799117101001e-14,224,-0.0816272095389179,-81.6272095389179
340,180,-340.0,4.163799117101001e-14,232,-0.08784037242621119,-87.84037242621119
340,180,-340.0,4.163799117101001e-14,240,-0.08888840499442319,-88.88840499442318
340,180,-340.0,4.163799117101001e-14,248,-0.0876941775051063,-87.6941775051063
340,180,-340.0,4.163799117101001e-14,256,-0.08145777343308654,-81.45777343308653
340,180,-340.0,4.163799117101001e-14,264,-0.0699149049120413,-69.91490491204131
340,180,-340.0,4.163799117101001e-14,272,-0.06723779160489898,-67.23779160489899
340,180,-340.0,4.163799117101001e-14,280,-0.07522595512918938,-75.22595512918937
340,180,-340.0,4.163799117101001e-14,288,-0.08608083406477908,-86.08083406477908
340,180,-340.0,4.163799117101001e-14,296,-0.08865352716846736,-88.65352716846736
340,180,-340.0,4.163799117101001e-14,304,-0.0887117522731454,-88.7117522731454
340,180,-340.0,4.163799117101001e-14,312,-0.08627276117683538,-86.27276117683539
340,180,-340.0,4.163799117101001e-14,320,-0.07536009786529654,-75.36009786529654
340,180,-340.0,4.163799117101001e-14,328,-0.06724035170606879,-67.2403517060688
340,180,-340.0,4.163799117101001e-14,336,-0.06982651516066113,-69.82651516066113
340,180,-340.0,4.163799117101001e-14,344,-0.08134183875009157,-81.34183875009157
340,180,-340.0,4.163799117101001e-14,352,-0.08760609610401146,-87.60609610401146
340,180,-340.0,4.163799117101001e-14,360,-0.08873686396028144,-88.73686396028144
