Idq_A,Gamma_deg,Id_A,Iq_A,Theta_Elec_deg,Lambda_q_Wb,Lambda_q_mWb
0,90,0.0,0.0,0,-9.071217015548434e-06,-0.009071217015548434
0,90,0.0,0.0,8,0.0003039729214850591,0.3039729214850591
0,90,0.0,0.0,16,0.0012553521285710763,1.2553521285710763
0,90,0.0,0.0,24,0.0012367662579600147,1.2367662579600147
0,90,0.0,0.0,32,-0.0002181741230248696,-0.2181741230248696
0,90,0.0,0.0,40,-0.0011583038466250518,-1.158303846625052
0,90,0.0,0.0,48,-0.0005844826347293936,-0.5844826347293937
0,90,0.0,0.0,56,0.0001138103402948456,0.1138103402948456
0,90,0.0,0.0,64,8.983832762532566e-05,0.08983832762532566
0,90,0.0,0.0,72,0.0007322613831596084,0.7322613831596084
0,90,0.0,0.0,80,0.0012890561281019887,1.2890561281019888
0,90,0.0,0.0,88,0.00039024845930169894,0.39024845930169894
0,90,0.0,0.0,96,-0.0010503333734169968,-1.0503333734169968
0,90,0.0,0.0,104,-0.0012041210130829907,-1.2041210130829907
0,90,0.0,0.0,112,-0.0003330898098856579,-0.3330898098856579
0,90,0.0,0.0,120,-0.00011649942406666743,-0.11649942406666743
0,90,0.0,0.0,128,0.00011095418195768147,0.11095418195768147
0,90,0.0,0.0,136,0.000987232643520533,0.9872326435205331
0,90,0.0,0.0,144,0.0008576782202765962,0.8576782202765962
0,90,0.0,0.0,152,-0.0006093205599418949,-0.6093205599418949
0,90,0.0,0.0,160,-0.0014981961708194814,-1.4981961708194815
0,90,0.0,0.0,168,-0.0008239798558263381,-0.8239798558263381
0,90,0.0,0.0,176,-5.404203898951946e-05,-0.05404203898951946
0,90,0.0,0.0,184,2.3130148036935395e-05,0.023130148036935395
0,90,0.0,0.0,192,0.0008005188520840237,0.8005188520840237
0,90,0.0,0.0,200,0.001477137256194703,1.477137256194703
0,90,0.0,0.0,208,0.0006131186849237431,0.6131186849237431
0,90,0.0,0.0,216,-0.0008752551124293396,-0.8752551124293396
0,90,0.0,0.0,224,-0.0010003028845533186,-1.0003028845533186
0,90,0.0,0.0,232,-0.00012904356556938296,-0.12904356556938296
0,90,0.0,0.0,240,9.352110161475142e-05,0.09352110161475141
0,90,0.0,0.0,248,0.00027258510718184553,0.27258510718184553
0,90,0.0,0.0,256,0.0011691037654584188,1.1691037654584189
0,90,0.0,0.0,264,0.0010570630449169467,1.0570630449169467
0,90,0.0,0.0,272,-0.0004115252418957817,-0.4115252418957817
0,90,0.0,0.0,280,-0.0013318350533463492,-1.3318350533463492
0,90,0.0,0.0,288,-0.000776915008153356,-0.776915008153356
0,90,0.0,0.0,296,-0.00013692489057809398,-0.13692489057809398
0,90,0.0,0.0,304,-0.00013364894513373063,-0.13364894513373063
0,90,0.0,0.0,312,0.0005525973089136095,0.5525973089136095
0,90,0.0,0.0,320,0.001136570230933787,1.136570230933787
0,90,0.0,0.0,328,0.00015947344996289126,0.15947344996289126
0,90,0.0,0.0,336,-0.0012818129750436745,-1.2818129750436744
0,90,0.0,0.0,344,-0.001303414996992644,-1.303414996992644
0,90,0.0,0.0,352,-0.00033921397033633466,-0.33921397033633466
0,90,0.0,0.0,360,-2.365054144850183e-06,-0.002365054144850183
0,95,-0.0,0.0,0,-9.071217015548434e-06,-0.009071217015548434
0,95,-0.0,0.0,8,0.0003039729214850591,0.3039729214850591
0,95,-0.0,0.0,16,0.0012553521285710763,1.2553521285710763
0,95,-0.0,0.0,24,0.0012367662579600147,1.2367662579600147
0,95,-0.0,0.0,32,-0.0002181741230248696,-0.2181741230248696
0,95,-0.0,0.0,40,-0.0011583038466250518,-1.158303846625052
0,95,-0.0,0.0,48,-0.0005844826347293936,-0.5844826347293937
0,95,-0.0,0.0,56,0.0001138103402948456,0.1138103402948456
0,95,-0.0,0.0,64,8.983832762532566e-05,0.08983832762532566
0,95,-0.0,0.0,72,0.0007322613831596084,0.7322613831596084
0,95,-0.0,0.0,80,0.0012890561281019887,1.2890561281019888
0,95,-0.0,0.0,88,0.00039024845930169894,0.39024845930169894
0,95,-0.0,0.0,96,-0.0010503333734169968,-1.0503333734169968
0,95,-0.0,0.0,104,-0.0012041210130829907,-1.2041210130829907
0,95,-0.0,0.0,112,-0.0003330898098856579,-0.3330898098856579
0,95,-0.0,0.0,120,-0.00011649942406666743,-0.11649942406666743
0,95,-0.0,0.0,128,0.00011095418195768147,0.11095418195768147
0,95,-0.0,0.0,136,0.000987232643520533,0.9872326435205331
0,95,-0.0,0.0,144,0.0008576782202765962,0.8576782202765962
0,95,-0.0,0.0,152,-0.0006093205599418949,-0.6093205599418949
0,95,-0.0,0.0,160,-0.0014981961708194814,-1.4981961708194815
0,95,-0.0,0.0,168,-0.0008239798558263381,-0.8239798558263381
0,95,-0.0,0.0,176,-5.404203898951946e-05,-0.05404203898951946
0,95,-0.0,0.0,184,2.3130148036935395e-05,0.023130148036935395
0,95,-0.0,0.0,192,0.0008005188520840237,0.8005188520840237
0,95,-0.0,0.0,200,0.001477137256194703,1.477137256194703
0,95,-0.0,0.0,208,0.0006131186849237431,0.6131186849237431
0,95,-0.0,0.0,216,-0.0008752551124293396,-0.8752551124293396
0,95,-0.0,0.0,224,-0.0010003028845533186,-1.0003028845533186
0,95,-0.0,0.0,232,-0.00012904356556938296,-0.12904356556938296
0,95,-0.0,0.0,240,9.352110161475142e-05,0.09352110161475141
0,95,-0.0,0.0,248,0.00027258510718184553,0.27258510718184553
0,95,-0.0,0.0,256,0.0011691037654584188,1.1691037654584189
0,95,-0.0,0.0,264,0.0010570630449169467,1.0570630449169467
0,95,-0.0,0.0,272,-0.0004115252418957817,-0.4115252418957817
0,95,-0.0,0.0,280,-0.0013318350533463492,-1.3318350533463492
0,95,-0.0,0.0,288,-0.000776915008153356,-0.776915008153356
0,95,-0.0,0.0,296,-0.00013692489057809398,-0.13692489057809398
0,95,-0.0,0.0,304,-0.00013364894513373063,-0.13364894513373063
0,95,-0.0,0.0,312,0.0005525973089136095,0.5525973089136095
0,95,-0.0,0.0,320,0.001136570230933787,1.136570230933787
0,95,-0.0,0.0,328,0.00015947344996289126,0.15947344996289126
0,95,-0.0,0.0,336,-0.0012818129750436745,-1.2818129750436744
0,95,-0.0,0.0,344,-0.001303414996992644,-1.303414996992644
0,95,-0.0,0.0,352,-0.00033921397033633466,-0.33921397033633466
0,95,-0.0,0.0,360,-2.365054144850183e-06,-0.002365054144850183
0,100,-0.0,0.0,0,-9.071217015548434e-06,-0.009071217015548434
0,100,-0.0,0.0,8,0.0003039729214850591,0.3039729214850591
0,100,-0.0,0.0,16,0.0012553521285710763,1.2553521285710763
0,100,-0.0,0.0,24,0.0012367662579600147,1.2367662579600147
0,100,-0.0,0.0,32,-0.0002181741230248696,-0.2181741230248696
0,100,-0.0,0.0,40,-0.0011583038466250518,-1.158303846625052
0,100,-0.0,0.0,48,-0.0005844826347293936,-0.5844826347293937
0,100,-0.0,0.0,56,0.0001138103402948456,0.1138103402948456
0,100,-0.0,0.0,64,8.983832762532566e-05,0.08983832762532566
0,100,-0.0,0.0,72,0.0007322613831596084,0.7322613831596084
0,100,-0.0,0.0,80,0.0012890561281019887,1.2890561281019888
0,100,-0.0,0.0,88,0.00039024845930169894,0.39024845930169894
0,100,-0.0,0.0,96,-0.0010503333734169968,-1.0503333734169968
0,100,-0.0,0.0,104,-0.0012041210130829907,-1.2041210130829907
0,100,-0.0,0.0,112,-0.0003330898098856579,-0.3330898098856579
0,100,-0.0,0.0,120,-0.00011649942406666743,-0.11649942406666743
0,100,-0.0,0.0,128,0.00011095418195768147,0.11095418195768147
0,100,-0.0,0.0,136,0.000987232643520533,0.9872326435205331
0,100,-0.0,0.0,144,0.0008576782202765962,0.8576782202765962
0,100,-0.0,0.0,152,-0.0006093205599418949,-0.6093205599418949
0,100,-0.0,0.0,160,-0.0014981961708194814,-1.4981961708194815
0,100,-0.0,0.0,168,-0.0008239798558263381,-0.8239798558263381
0,100,-0.0,0.0,176,-5.404203898951946e-05,-0.05404203898951946
0,100,-0.0,0.0,184,2.3130148036935395e-05,0.023130148036935395
0,100,-0.0,0.0,192,0.0008005188520840237,0.8005188520840237
0,100,-0.0,0.0,200,0.001477137256194703,1.477137256194703
0,100,-0.0,0.0,208,0.0006131186849237431,0.6131186849237431
0,100,-0.0,0.0,216,-0.0008752551124293396,-0.8752551124293396
0,100,-0.0,0.0,224,-0.0010003028845533186,-1.0003028845533186
0,100,-0.0,0.0,232,-0.00012904356556938296,-0.12904356556938296
0,100,-0.0,0.0,240,9.352110161475142e-05,0.09352110161475141
0,100,-0.0,0.0,248,0.00027258510718184553,0.27258510718184553
0,100,-0.0,0.0,256,0.0011691037654584188,1.1691037654584189
0,100,-0.0,0.0,264,0.0010570630449169467,1.0570630449169467
0,100,-0.0,0.0,272,-0.0004115252418957817,-0.4115252418957817
0,100,-0.0,0.0,280,-0.0013318350533463492,-1.3318350533463492
0,100,-0.0,0.0,288,-0.000776915008153356,-0.776915008153356
0,100,-0.0,0.0,296,-0.00013692489057809398,-0.13692489057809398
0,100,-0.0,0.0,304,-0.00013364894513373063,-0.13364894513373063
0,100,-0.0,0.0,312,0.0005525973089136095,0.5525973089136095
0,100,-0.0,0.0,320,0.001136570230933787,1.136570230933787
0,100,-0.0,0.0,328,0.00015947344996289126,0.15947344996289126
0,100,-0.0,0.0,336,-0.0012818129750436745,-1.2818129750436744
0,100,-0.0,0.0,344,-0.001303414996992644,-1.303414996992644
0,100,-0.0,0.0,352,-0.00033921397033633466,-0.33921397033633466
0,100,-0.0,0.0,360,-2.365054144850183e-06,-0.002365054144850183
0,105,-0.0,0.0,0,-9.071217015548434e-06,-0.009071217015548434
0,105,-0.0,0.0,8,0.0003039729214850591,0.3039729214850591
0,105,-0.0,0.0,16,0.0012553521285710763,1.2553521285710763
0,105,-0.0,0.0,24,0.0012367662579600147,1.2367662579600147
0,105,-0.0,0.0,32,-0.0002181741230248696,-0.2181741230248696
0,105,-0.0,0.0,40,-0.0011583038466250518,-1.158303846625052
0,105,-0.0,0.0,48,-0.0005844826347293936,-0.5844826347293937
0,105,-0.0,0.0,56,0.0001138103402948456,0.1138103402948456
0,105,-0.0,0.0,64,8.983832762532566e-05,0.08983832762532566
0,105,-0.0,0.0,72,0.0007322613831596084,0.7322613831596084
0,105,-0.0,0.0,80,0.0012890561281019887,1.2890561281019888
0,105,-0.0,0.0,88,0.00039024845930169894,0.39024845930169894
0,105,-0.0,0.0,96,-0.0010503333734169968,-1.0503333734169968
0,105,-0.0,0.0,104,-0.0012041210130829907,-1.2041210130829907
0,105,-0.0,0.0,112,-0.0003330898098856579,-0.3330898098856579
0,105,-0.0,0.0,120,-0.00011649942406666743,-0.11649942406666743
0,105,-0.0,0.0,128,0.00011095418195768147,0.11095418195768147
0,105,-0.0,0.0,136,0.000987232643520533,0.9872326435205331
0,105,-0.0,0.0,144,0.0008576782202765962,0.8576782202765962
0,105,-0.0,0.0,152,-0.0006093205599418949,-0.6093205599418949
0,105,-0.0,0.0,160,-0.0014981961708194814,-1.4981961708194815
0,105,-0.0,0.0,168,-0.0008239798558263381,-0.8239798558263381
0,105,-0.0,0.0,176,-5.404203898951946e-05,-0.05404203898951946
0,105,-0.0,0.0,184,2.3130148036935395e-05,0.023130148036935395
0,105,-0.0,0.0,192,0.0008005188520840237,0.8005188520840237
0,105,-0.0,0.0,200,0.001477137256194703,1.477137256194703
0,105,-0.0,0.0,208,0.0006131186849237431,0.6131186849237431
0,105,-0.0,0.0,216,-0.0008752551124293396,-0.8752551124293396
0,105,-0.0,0.0,224,-0.0010003028845533186,-1.0003028845533186
0,105,-0.0,0.0,232,-0.00012904356556938296,-0.12904356556938296
0,105,-0.0,0.0,240,9.352110161475142e-05,0.09352110161475141
0,105,-0.0,0.0,248,0.00027258510718184553,0.27258510718184553
0,105,-0.0,0.0,256,0.0011691037654584188,1.1691037654584189
0,105,-0.0,0.0,264,0.0010570630449169467,1.0570630449169467
0,105,-0.0,0.0,272,-0.0004115252418957817,-0.4115252418957817
0,105,-0.0,0.0,280,-0.0013318350533463492,-1.3318350533463492
0,105,-0.0,0.0,288,-0.000776915008153356,-0.776915008153356
0,105,-0.0,0.0,296,-0.00013692489057809398,-0.13692489057809398
0,105,-0.0,0.0,304,-0.00013364894513373063,-0.13364894513373063
0,105,-0.0,0.0,312,0.0005525973089136095,0.5525973089136095
0,105,-0.0,0.0,320,0.001136570230933787,1.136570230933787
0,105,-0.0,0.0,328,0.00015947344996289126,0.15947344996289126
0,105,-0.0,0.0,336,-0.0012818129750436745,-1.2818129750436744
0,105,-0.0,0.0,344,-0.001303414996992644,-1.303414996992644
0,105,-0.0,0.0,352,-0.00033921397033633466,-0.33921397033633466
0,105,-0.0,0.0,360,-2.365054144850183e-06,-0.002365054144850183
0,110,-0.0,0.0,0,-9.071217015548434e-06,-0.009071217015548434
0,110,-0.0,0.0,8,0.0003039729214850591,0.3039729214850591
0,110,-0.0,0.0,16,0.0012553521285710763,1.2553521285710763
0,110,-0.0,0.0,24,0.0012367662579600147,1.2367662579600147
0,110,-0.0,0.0,32,-0.0002181741230248696,-0.2181741230248696
0,110,-0.0,0.0,40,-0.0011583038466250518,-1.158303846625052
0,110,-0.0,0.0,48,-0.0005844826347293936,-0.5844826347293937
0,110,-0.0,0.0,56,0.0001138103402948456,0.1138103402948456
0,110,-0.0,0.0,64,8.983832762532566e-05,0.08983832762532566
0,110,-0.0,0.0,72,0.0007322613831596084,0.7322613831596084
0,110,-0.0,0.0,80,0.0012890561281019887,1.2890561281019888
0,110,-0.0,0.0,88,0.00039024845930169894,0.39024845930169894
0,110,-0.0,0.0,96,-0.0010503333734169968,-1.0503333734169968
0,110,-0.0,0.0,104,-0.0012041210130829907,-1.2041210130829907
0,110,-0.0,0.0,112,-0.0003330898098856579,-0.3330898098856579
0,110,-0.0,0.0,120,-0.00011649942406666743,-0.11649942406666743
0,110,-0.0,0.0,128,0.00011095418195768147,0.11095418195768147
0,110,-0.0,0.0,136,0.000987232643520533,0.9872326435205331
0,110,-0.0,0.0,144,0.0008576782202765962,0.8576782202765962
0,110,-0.0,0.0,152,-0.0006093205599418949,-0.6093205599418949
0,110,-0.0,0.0,160,-0.0014981961708194814,-1.4981961708194815
0,110,-0.0,0.0,168,-0.0008239798558263381,-0.8239798558263381
0,110,-0.0,0.0,176,-5.404203898951946e-05,-0.05404203898951946
0,110,-0.0,0.0,184,2.3130148036935395e-05,0.023130148036935395
0,110,-0.0,0.0,192,0.0008005188520840237,0.8005188520840237
0,110,-0.0,0.0,200,0.001477137256194703,1.477137256194703
0,110,-0.0,0.0,208,0.0006131186849237431,0.6131186849237431
0,110,-0.0,0.0,216,-0.0008752551124293396,-0.8752551124293396
0,110,-0.0,0.0,224,-0.0010003028845533186,-1.0003028845533186
0,110,-0.0,0.0,232,-0.00012904356556938296,-0.12904356556938296
0,110,-0.0,0.0,240,9.352110161475142e-05,0.09352110161475141
0,110,-0.0,0.0,248,0.00027258510718184553,0.27258510718184553
0,110,-0.0,0.0,256,0.0011691037654584188,1.1691037654584189
0,110,-0.0,0.0,264,0.0010570630449169467,1.0570630449169467
0,110,-0.0,0.0,272,-0.0004115252418957817,-0.4115252418957817
0,110,-0.0,0.0,280,-0.0013318350533463492,-1.3318350533463492
0,110,-0.0,0.0,288,-0.000776915008153356,-0.776915008153356
0,110,-0.0,0.0,296,-0.00013692489057809398,-0.13692489057809398
0,110,-0.0,0.0,304,-0.00013364894513373063,-0.13364894513373063
0,110,-0.0,0.0,312,0.0005525973089136095,0.5525973089136095
0,110,-0.0,0.0,320,0.001136570230933787,1.136570230933787
0,110,-0.0,0.0,328,0.00015947344996289126,0.15947344996289126
0,110,-0.0,0.0,336,-0.0012818129750436745,-1.2818129750436744
0,110,-0.0,0.0,344,-0.001303414996992644,-1.303414996992644
0,110,-0.0,0.0,352,-0.00033921397033633466,-0.33921397033633466
0,110,-0.0,0.0,360,-2.365054144850183e-06,-0.002365054144850183
0,115,-0.0,0.0,0,-9.071217015548434e-06,-0.009071217015548434
0,115,-0.0,0.0,8,0.0003039729214850591,0.3039729214850591
0,115,-0.0,0.0,16,0.0012553521285710763,1.2553521285710763
0,115,-0.0,0.0,24,0.0012367662579600147,1.2367662579600147
0,115,-0.0,0.0,32,-0.0002181741230248696,-0.2181741230248696
0,115,-0.0,0.0,40,-0.0011583038466250518,-1.158303846625052
0,115,-0.0,0.0,48,-0.0005844826347293936,-0.5844826347293937
0,115,-0.0,0.0,56,0.0001138103402948456,0.1138103402948456
0,115,-0.0,0.0,64,8.983832762532566e-05,0.08983832762532566
0,115,-0.0,0.0,72,0.0007322613831596084,0.7322613831596084
0,115,-0.0,0.0,80,0.0012890561281019887,1.2890561281019888
0,115,-0.0,0.0,88,0.00039024845930169894,0.39024845930169894
0,115,-0.0,0.0,96,-0.0010503333734169968,-1.0503333734169968
0,115,-0.0,0.0,104,-0.0012041210130829907,-1.2041210130829907
0,115,-0.0,0.0,112,-0.0003330898098856579,-0.3330898098856579
0,115,-0.0,0.0,120,-0.00011649942406666743,-0.11649942406666743
0,115,-0.0,0.0,128,0.00011095418195768147,0.11095418195768147
0,115,-0.0,0.0,136,0.000987232643520533,0.9872326435205331
0,115,-0.0,0.0,144,0.0008576782202765962,0.8576782202765962
0,115,-0.0,0.0,152,-0.0006093205599418949,-0.6093205599418949
0,115,-0.0,0.0,160,-0.0014981961708194814,-1.4981961708194815
0,115,-0.0,0.0,168,-0.0008239798558263381,-0.8239798558263381
0,115,-0.0,0.0,176,-5.404203898951946e-05,-0.05404203898951946
0,115,-0.0,0.0,184,2.3130148036935395e-05,0.023130148036935395
0,115,-0.0,0.0,192,0.0008005188520840237,0.8005188520840237
0,115,-0.0,0.0,200,0.001477137256194703,1.477137256194703
0,115,-0.0,0.0,208,0.0006131186849237431,0.6131186849237431
0,115,-0.0,0.0,216,-0.0008752551124293396,-0.8752551124293396
0,115,-0.0,0.0,224,-0.0010003028845533186,-1.0003028845533186
0,115,-0.0,0.0,232,-0.00012904356556938296,-0.12904356556938296
0,115,-0.0,0.0,240,9.352110161475142e-05,0.09352110161475141
0,115,-0.0,0.0,248,0.00027258510718184553,0.27258510718184553
0,115,-0.0,0.0,256,0.0011691037654584188,1.1691037654584189
0,115,-0.0,0.0,264,0.0010570630449169467,1.0570630449169467
0,115,-0.0,0.0,272,-0.0004115252418957817,-0.4115252418957817
0,115,-0.0,0.0,280,-0.0013318350533463492,-1.3318350533463492
0,115,-0.0,0.0,288,-0.000776915008153356,-0.776915008153356
0,115,-0.0,0.0,296,-0.00013692489057809398,-0.13692489057809398
0,115,-0.0,0.0,304,-0.00013364894513373063,-0.13364894513373063
0,115,-0.0,0.0,312,0.0005525973089136095,0.5525973089136095
0,115,-0.0,0.0,320,0.001136570230933787,1.136570230933787
0,115,-0.0,0.0,328,0.00015947344996289126,0.15947344996289126
0,115,-0.0,0.0,336,-0.0012818129750436745,-1.2818129750436744
0,115,-0.0,0.0,344,-0.001303414996992644,-1.303414996992644
0,115,-0.0,0.0,352,-0.00033921397033633466,-0.33921397033633466
0,115,-0.0,0.0,360,-2.365054144850183e-06,-0.002365054144850183
0,120,-0.0,0.0,0,-9.071217015548434e-06,-0.009071217015548434
0,120,-0.0,0.0,8,0.0003039729214850591,0.3039729214850591
0,120,-0.0,0.0,16,0.0012553521285710763,1.2553521285710763
0,120,-0.0,0.0,24,0.0012367662579600147,1.2367662579600147
0,120,-0.0,0.0,32,-0.0002181741230248696,-0.2181741230248696
0,120,-0.0,0.0,40,-0.0011583038466250518,-1.158303846625052
0,120,-0.0,0.0,48,-0.0005844826347293936,-0.5844826347293937
0,120,-0.0,0.0,56,0.0001138103402948456,0.1138103402948456
0,120,-0.0,0.0,64,8.983832762532566e-05,0.08983832762532566
0,120,-0.0,0.0,72,0.0007322613831596084,0.7322613831596084
0,120,-0.0,0.0,80,0.0012890561281019887,1.2890561281019888
0,120,-0.0,0.0,88,0.00039024845930169894,0.39024845930169894
0,120,-0.0,0.0,96,-0.0010503333734169968,-1.0503333734169968
0,120,-0.0,0.0,104,-0.0012041210130829907,-1.2041210130829907
0,120,-0.0,0.0,112,-0.0003330898098856579,-0.3330898098856579
0,120,-0.0,0.0,120,-0.00011649942406666743,-0.11649942406666743
0,120,-0.0,0.0,128,0.00011095418195768147,0.11095418195768147
0,120,-0.0,0.0,136,0.000987232643520533,0.9872326435205331
0,120,-0.0,0.0,144,0.0008576782202765962,0.8576782202765962
0,120,-0.0,0.0,152,-0.0006093205599418949,-0.6093205599418949
0,120,-0.0,0.0,160,-0.0014981961708194814,-1.4981961708194815
0,120,-0.0,0.0,168,-0.0008239798558263381,-0.8239798558263381
0,120,-0.0,0.0,176,-5.404203898951946e-05,-0.05404203898951946
0,120,-0.0,0.0,184,2.3130148036935395e-05,0.023130148036935395
0,120,-0.0,0.0,192,0.0008005188520840237,0.8005188520840237
0,120,-0.0,0.0,200,0.001477137256194703,1.477137256194703
0,120,-0.0,0.0,208,0.0006131186849237431,0.6131186849237431
0,120,-0.0,0.0,216,-0.0008752551124293396,-0.8752551124293396
0,120,-0.0,0.0,224,-0.0010003028845533186,-1.0003028845533186
0,120,-0.0,0.0,232,-0.00012904356556938296,-0.12904356556938296
0,120,-0.0,0.0,240,9.352110161475142e-05,0.09352110161475141
0,120,-0.0,0.0,248,0.00027258510718184553,0.27258510718184553
0,120,-0.0,0.0,256,0.0011691037654584188,1.1691037654584189
0,120,-0.0,0.0,264,0.0010570630449169467,1.0570630449169467
0,120,-0.0,0.0,272,-0.0004115252418957817,-0.4115252418957817
0,120,-0.0,0.0,280,-0.0013318350533463492,-1.3318350533463492
0,120,-0.0,0.0,288,-0.000776915008153356,-0.776915008153356
0,120,-0.0,0.0,296,-0.00013692489057809398,-0.13692489057809398
0,120,-0.0,0.0,304,-0.00013364894513373063,-0.13364894513373063
0,120,-0.0,0.0,312,0.0005525973089136095,0.5525973089136095
0,120,-0.0,0.0,320,0.001136570230933787,1.136570230933787
0,120,-0.0,0.0,328,0.00015947344996289126,0.15947344996289126
0,120,-0.0,0.0,336,-0.0012818129750436745,-1.2818129750436744
0,120,-0.0,0.0,344,-0.001303414996992644,-1.303414996992644
0,120,-0.0,0.0,352,-0.00033921397033633466,-0.33921397033633466
0,120,-0.0,0.0,360,-2.365054144850183e-06,-0.002365054144850183
0,125,-0.0,0.0,0,-9.071217015548434e-06,-0.009071217015548434
0,125,-0.0,0.0,8,0.0003039729214850591,0.3039729214850591
0,125,-0.0,0.0,16,0.0012553521285710763,1.2553521285710763
0,125,-0.0,0.0,24,0.0012367662579600147,1.2367662579600147
0,125,-0.0,0.0,32,-0.0002181741230248696,-0.2181741230248696
0,125,-0.0,0.0,40,-0.0011583038466250518,-1.158303846625052
0,125,-0.0,0.0,48,-0.0005844826347293936,-0.5844826347293937
0,125,-0.0,0.0,56,0.0001138103402948456,0.1138103402948456
0,125,-0.0,0.0,64,8.983832762532566e-05,0.08983832762532566
0,125,-0.0,0.0,72,0.0007322613831596084,0.7322613831596084
0,125,-0.0,0.0,80,0.0012890561281019887,1.2890561281019888
0,125,-0.0,0.0,88,0.00039024845930169894,0.39024845930169894
0,125,-0.0,0.0,96,-0.0010503333734169968,-1.0503333734169968
0,125,-0.0,0.0,104,-0.0012041210130829907,-1.2041210130829907
0,125,-0.0,0.0,112,-0.0003330898098856579,-0.3330898098856579
0,125,-0.0,0.0,120,-0.00011649942406666743,-0.11649942406666743
0,125,-0.0,0.0,128,0.00011095418195768147,0.11095418195768147
0,125,-0.0,0.0,136,0.000987232643520533,0.9872326435205331
0,125,-0.0,0.0,144,0.0008576782202765962,0.8576782202765962
0,125,-0.0,0.0,152,-0.0006093205599418949,-0.6093205599418949
0,125,-0.0,0.0,160,-0.0014981961708194814,-1.4981961708194815
0,125,-0.0,0.0,168,-0.0008239798558263381,-0.8239798558263381
0,125,-0.0,0.0,176,-5.404203898951946e-05,-0.05404203898951946
0,125,-0.0,0.0,184,2.3130148036935395e-05,0.023130148036935395
0,125,-0.0,0.0,192,0.0008005188520840237,0.8005188520840237
0,125,-0.0,0.0,200,0.001477137256194703,1.477137256194703
0,125,-0.0,0.0,208,0.0006131186849237431,0.6131186849237431
0,125,-0.0,0.0,216,-0.0008752551124293396,-0.8752551124293396
0,125,-0.0,0.0,224,-0.0010003028845533186,-1.0003028845533186
0,125,-0.0,0.0,232,-0.00012904356556938296,-0.12904356556938296
0,125,-0.0,0.0,240,9.352110161475142e-05,0.09352110161475141
0,125,-0.0,0.0,248,0.00027258510718184553,0.27258510718184553
0,125,-0.0,0.0,256,0.0011691037654584188,1.1691037654584189
0,125,-0.0,0.0,264,0.0010570630449169467,1.0570630449169467
0,125,-0.0,0.0,272,-0.0004115252418957817,-0.4115252418957817
0,125,-0.0,0.0,280,-0.0013318350533463492,-1.3318350533463492
0,125,-0.0,0.0,288,-0.000776915008153356,-0.776915008153356
0,125,-0.0,0.0,296,-0.00013692489057809398,-0.13692489057809398
0,125,-0.0,0.0,304,-0.00013364894513373063,-0.13364894513373063
0,125,-0.0,0.0,312,0.0005525973089136095,0.5525973089136095
0,125,-0.0,0.0,320,0.001136570230933787,1.136570230933787
0,125,-0.0,0.0,328,0.00015947344996289126,0.15947344996289126
0,125,-0.0,0.0,336,-0.0012818129750436745,-1.2818129750436744
0,125,-0.0,0.0,344,-0.001303414996992644,-1.303414996992644
0,125,-0.0,0.0,352,-0.00033921397033633466,-0.33921397033633466
0,125,-0.0,0.0,360,-2.365054144850183e-06,-0.002365054144850183
0,130,-0.0,0.0,0,-9.071217015548434e-06,-0.009071217015548434
0,130,-0.0,0.0,8,0.0003039729214850591,0.3039729214850591
0,130,-0.0,0.0,16,0.0012553521285710763,1.2553521285710763
0,130,-0.0,0.0,24,0.0012367662579600147,1.2367662579600147
0,130,-0.0,0.0,32,-0.0002181741230248696,-0.2181741230248696
0,130,-0.0,0.0,40,-0.0011583038466250518,-1.158303846625052
0,130,-0.0,0.0,48,-0.0005844826347293936,-0.5844826347293937
0,130,-0.0,0.0,56,0.0001138103402948456,0.1138103402948456
0,130,-0.0,0.0,64,8.983832762532566e-05,0.08983832762532566
0,130,-0.0,0.0,72,0.0007322613831596084,0.7322613831596084
0,130,-0.0,0.0,80,0.0012890561281019887,1.2890561281019888
0,130,-0.0,0.0,88,0.00039024845930169894,0.39024845930169894
0,130,-0.0,0.0,96,-0.0010503333734169968,-1.0503333734169968
0,130,-0.0,0.0,104,-0.0012041210130829907,-1.2041210130829907
0,130,-0.0,0.0,112,-0.0003330898098856579,-0.3330898098856579
0,130,-0.0,0.0,120,-0.00011649942406666743,-0.11649942406666743
0,130,-0.0,0.0,128,0.00011095418195768147,0.11095418195768147
0,130,-0.0,0.0,136,0.000987232643520533,0.9872326435205331
0,130,-0.0,0.0,144,0.0008576782202765962,0.8576782202765962
0,130,-0.0,0.0,152,-0.0006093205599418949,-0.6093205599418949
0,130,-0.0,0.0,160,-0.0014981961708194814,-1.4981961708194815
0,130,-0.0,0.0,168,-0.0008239798558263381,-0.8239798558263381
0,130,-0.0,0.0,176,-5.404203898951946e-05,-0.05404203898951946
0,130,-0.0,0.0,184,2.3130148036935395e-05,0.023130148036935395
0,130,-0.0,0.0,192,0.0008005188520840237,0.8005188520840237
0,130,-0.0,0.0,200,0.001477137256194703,1.477137256194703
0,130,-0.0,0.0,208,0.0006131186849237431,0.6131186849237431
0,130,-0.0,0.0,216,-0.0008752551124293396,-0.8752551124293396
0,130,-0.0,0.0,224,-0.0010003028845533186,-1.0003028845533186
0,130,-0.0,0.0,232,-0.00012904356556938296,-0.12904356556938296
0,130,-0.0,0.0,240,9.352110161475142e-05,0.09352110161475141
0,130,-0.0,0.0,248,0.00027258510718184553,0.27258510718184553
0,130,-0.0,0.0,256,0.0011691037654584188,1.1691037654584189
0,130,-0.0,0.0,264,0.0010570630449169467,1.0570630449169467
0,130,-0.0,0.0,272,-0.0004115252418957817,-0.4115252418957817
0,130,-0.0,0.0,280,-0.0013318350533463492,-1.3318350533463492
0,130,-0.0,0.0,288,-0.000776915008153356,-0.776915008153356
0,130,-0.0,0.0,296,-0.00013692489057809398,-0.13692489057809398
0,130,-0.0,0.0,304,-0.00013364894513373063,-0.13364894513373063
0,130,-0.0,0.0,312,0.0005525973089136095,0.5525973089136095
0,130,-0.0,0.0,320,0.001136570230933787,1.136570230933787
0,130,-0.0,0.0,328,0.00015947344996289126,0.15947344996289126
0,130,-0.0,0.0,336,-0.0012818129750436745,-1.2818129750436744
0,130,-0.0,0.0,344,-0.001303414996992644,-1.303414996992644
0,130,-0.0,0.0,352,-0.00033921397033633466,-0.33921397033633466
0,130,-0.0,0.0,360,-2.365054144850183e-06,-0.002365054144850183
0,135,-0.0,0.0,0,-9.071217015548434e-06,-0.009071217015548434
0,135,-0.0,0.0,8,0.0003039729214850591,0.3039729214850591
0,135,-0.0,0.0,16,0.0012553521285710763,1.2553521285710763
0,135,-0.0,0.0,24,0.0012367662579600147,1.2367662579600147
0,135,-0.0,0.0,32,-0.0002181741230248696,-0.2181741230248696
0,135,-0.0,0.0,40,-0.0011583038466250518,-1.158303846625052
0,135,-0.0,0.0,48,-0.0005844826347293936,-0.5844826347293937
0,135,-0.0,0.0,56,0.0001138103402948456,0.1138103402948456
0,135,-0.0,0.0,64,8.983832762532566e-05,0.08983832762532566
0,135,-0.0,0.0,72,0.0007322613831596084,0.7322613831596084
0,135,-0.0,0.0,80,0.0012890561281019887,1.2890561281019888
0,135,-0.0,0.0,88,0.00039024845930169894,0.39024845930169894
0,135,-0.0,0.0,96,-0.0010503333734169968,-1.0503333734169968
0,135,-0.0,0.0,104,-0.0012041210130829907,-1.2041210130829907
0,135,-0.0,0.0,112,-0.0003330898098856579,-0.3330898098856579
0,135,-0.0,0.0,120,-0.00011649942406666743,-0.11649942406666743
0,135,-0.0,0.0,128,0.00011095418195768147,0.11095418195768147
0,135,-0.0,0.0,136,0.000987232643520533,0.9872326435205331
0,135,-0.0,0.0,144,0.0008576782202765962,0.8576782202765962
0,135,-0.0,0.0,152,-0.0006093205599418949,-0.6093205599418949
0,135,-0.0,0.0,160,-0.0014981961708194814,-1.4981961708194815
0,135,-0.0,0.0,168,-0.0008239798558263381,-0.8239798558263381
0,135,-0.0,0.0,176,-5.404203898951946e-05,-0.05404203898951946
0,135,-0.0,0.0,184,2.3130148036935395e-05,0.023130148036935395
0,135,-0.0,0.0,192,0.0008005188520840237,0.8005188520840237
0,135,-0.0,0.0,200,0.001477137256194703,1.477137256194703
0,135,-0.0,0.0,208,0.0006131186849237431,0.6131186849237431
0,135,-0.0,0.0,216,-0.0008752551124293396,-0.8752551124293396
0,135,-0.0,0.0,224,-0.0010003028845533186,-1.0003028845533186
0,135,-0.0,0.0,232,-0.00012904356556938296,-0.12904356556938296
0,135,-0.0,0.0,240,9.352110161475142e-05,0.09352110161475141
0,135,-0.0,0.0,248,0.00027258510718184553,0.27258510718184553
0,135,-0.0,0.0,256,0.0011691037654584188,1.1691037654584189
0,135,-0.0,0.0,264,0.0010570630449169467,1.0570630449169467
0,135,-0.0,0.0,272,-0.0004115252418957817,-0.4115252418957817
0,135,-0.0,0.0,280,-0.0013318350533463492,-1.3318350533463492
0,135,-0.0,0.0,288,-0.000776915008153356,-0.776915008153356
0,135,-0.0,0.0,296,-0.00013692489057809398,-0.13692489057809398
0,135,-0.0,0.0,304,-0.00013364894513373063,-0.13364894513373063
0,135,-0.0,0.0,312,0.0005525973089136095,0.5525973089136095
0,135,-0.0,0.0,320,0.001136570230933787,1.136570230933787
0,135,-0.0,0.0,328,0.00015947344996289126,0.15947344996289126
0,135,-0.0,0.0,336,-0.0012818129750436745,-1.2818129750436744
0,135,-0.0,0.0,344,-0.001303414996992644,-1.303414996992644
0,135,-0.0,0.0,352,-0.00033921397033633466,-0.33921397033633466
0,135,-0.0,0.0,360,-2.365054144850183e-06,-0.002365054144850183
0,140,-0.0,0.0,0,-9.071217015548434e-06,-0.009071217015548434
0,140,-0.0,0.0,8,0.0003039729214850591,0.3039729214850591
0,140,-0.0,0.0,16,0.0012553521285710763,1.2553521285710763
0,140,-0.0,0.0,24,0.0012367662579600147,1.2367662579600147
0,140,-0.0,0.0,32,-0.0002181741230248696,-0.2181741230248696
0,140,-0.0,0.0,40,-0.0011583038466250518,-1.158303846625052
0,140,-0.0,0.0,48,-0.0005844826347293936,-0.5844826347293937
0,140,-0.0,0.0,56,0.0001138103402948456,0.1138103402948456
0,140,-0.0,0.0,64,8.983832762532566e-05,0.08983832762532566
0,140,-0.0,0.0,72,0.0007322613831596084,0.7322613831596084
0,140,-0.0,0.0,80,0.0012890561281019887,1.2890561281019888
0,140,-0.0,0.0,88,0.00039024845930169894,0.39024845930169894
0,140,-0.0,0.0,96,-0.0010503333734169968,-1.0503333734169968
0,140,-0.0,0.0,104,-0.0012041210130829907,-1.2041210130829907
0,140,-0.0,0.0,112,-0.0003330898098856579,-0.3330898098856579
0,140,-0.0,0.0,120,-0.00011649942406666743,-0.11649942406666743
0,140,-0.0,0.0,128,0.00011095418195768147,0.11095418195768147
0,140,-0.0,0.0,136,0.000987232643520533,0.9872326435205331
0,140,-0.0,0.0,144,0.0008576782202765962,0.8576782202765962
0,140,-0.0,0.0,152,-0.0006093205599418949,-0.6093205599418949
0,140,-0.0,0.0,160,-0.0014981961708194814,-1.4981961708194815
0,140,-0.0,0.0,168,-0.0008239798558263381,-0.8239798558263381
0,140,-0.0,0.0,176,-5.404203898951946e-05,-0.05404203898951946
0,140,-0.0,0.0,184,2.3130148036935395e-05,0.023130148036935395
0,140,-0.0,0.0,192,0.0008005188520840237,0.8005188520840237
0,140,-0.0,0.0,200,0.001477137256194703,1.477137256194703
0,140,-0.0,0.0,208,0.0006131186849237431,0.6131186849237431
0,140,-0.0,0.0,216,-0.0008752551124293396,-0.8752551124293396
0,140,-0.0,0.0,224,-0.0010003028845533186,-1.0003028845533186
0,140,-0.0,0.0,232,-0.00012904356556938296,-0.12904356556938296
0,140,-0.0,0.0,240,9.352110161475142e-05,0.09352110161475141
0,140,-0.0,0.0,248,0.00027258510718184553,0.27258510718184553
0,140,-0.0,0.0,256,0.0011691037654584188,1.1691037654584189
0,140,-0.0,0.0,264,0.0010570630449169467,1.0570630449169467
0,140,-0.0,0.0,272,-0.0004115252418957817,-0.4115252418957817
0,140,-0.0,0.0,280,-0.0013318350533463492,-1.3318350533463492
0,140,-0.0,0.0,288,-0.000776915008153356,-0.776915008153356
0,140,-0.0,0.0,296,-0.00013692489057809398,-0.13692489057809398
0,140,-0.0,0.0,304,-0.00013364894513373063,-0.13364894513373063
0,140,-0.0,0.0,312,0.0005525973089136095,0.5525973089136095
0,140,-0.0,0.0,320,0.001136570230933787,1.136570230933787
0,140,-0.0,0.0,328,0.00015947344996289126,0.15947344996289126
0,140,-0.0,0.0,336,-0.0012818129750436745,-1.2818129750436744
0,140,-0.0,0.0,344,-0.001303414996992644,-1.303414996992644
0,140,-0.0,0.0,352,-0.00033921397033633466,-0.33921397033633466
0,140,-0.0,0.0,360,-2.365054144850183e-06,-0.002365054144850183
0,145,-0.0,0.0,0,-9.071217015548434e-06,-0.009071217015548434
0,145,-0.0,0.0,8,0.0003039729214850591,0.3039729214850591
0,145,-0.0,0.0,16,0.0012553521285710763,1.2553521285710763
0,145,-0.0,0.0,24,0.0012367662579600147,1.2367662579600147
0,145,-0.0,0.0,32,-0.0002181741230248696,-0.2181741230248696
0,145,-0.0,0.0,40,-0.0011583038466250518,-1.158303846625052
0,145,-0.0,0.0,48,-0.0005844826347293936,-0.5844826347293937
0,145,-0.0,0.0,56,0.0001138103402948456,0.1138103402948456
0,145,-0.0,0.0,64,8.983832762532566e-05,0.08983832762532566
0,145,-0.0,0.0,72,0.0007322613831596084,0.7322613831596084
0,145,-0.0,0.0,80,0.0012890561281019887,1.2890561281019888
0,145,-0.0,0.0,88,0.00039024845930169894,0.39024845930169894
0,145,-0.0,0.0,96,-0.0010503333734169968,-1.0503333734169968
0,145,-0.0,0.0,104,-0.0012041210130829907,-1.2041210130829907
0,145,-0.0,0.0,112,-0.0003330898098856579,-0.3330898098856579
0,145,-0.0,0.0,120,-0.00011649942406666743,-0.11649942406666743
0,145,-0.0,0.0,128,0.00011095418195768147,0.11095418195768147
0,145,-0.0,0.0,136,0.000987232643520533,0.9872326435205331
0,145,-0.0,0.0,144,0.0008576782202765962,0.8576782202765962
0,145,-0.0,0.0,152,-0.0006093205599418949,-0.6093205599418949
0,145,-0.0,0.0,160,-0.0014981961708194814,-1.4981961708194815
0,145,-0.0,0.0,168,-0.0008239798558263381,-0.8239798558263381
0,145,-0.0,0.0,176,-5.404203898951946e-05,-0.05404203898951946
0,145,-0.0,0.0,184,2.3130148036935395e-05,0.023130148036935395
0,145,-0.0,0.0,192,0.0008005188520840237,0.8005188520840237
0,145,-0.0,0.0,200,0.001477137256194703,1.477137256194703
0,145,-0.0,0.0,208,0.0006131186849237431,0.6131186849237431
0,145,-0.0,0.0,216,-0.0008752551124293396,-0.8752551124293396
0,145,-0.0,0.0,224,-0.0010003028845533186,-1.0003028845533186
0,145,-0.0,0.0,232,-0.00012904356556938296,-0.12904356556938296
0,145,-0.0,0.0,240,9.352110161475142e-05,0.09352110161475141
0,145,-0.0,0.0,248,0.00027258510718184553,0.27258510718184553
0,145,-0.0,0.0,256,0.0011691037654584188,1.1691037654584189
0,145,-0.0,0.0,264,0.0010570630449169467,1.0570630449169467
0,145,-0.0,0.0,272,-0.0004115252418957817,-0.4115252418957817
0,145,-0.0,0.0,280,-0.0013318350533463492,-1.3318350533463492
0,145,-0.0,0.0,288,-0.000776915008153356,-0.776915008153356
0,145,-0.0,0.0,296,-0.00013692489057809398,-0.13692489057809398
0,145,-0.0,0.0,304,-0.00013364894513373063,-0.13364894513373063
0,145,-0.0,0.0,312,0.0005525973089136095,0.5525973089136095
0,145,-0.0,0.0,320,0.001136570230933787,1.136570230933787
0,145,-0.0,0.0,328,0.00015947344996289126,0.15947344996289126
0,145,-0.0,0.0,336,-0.0012818129750436745,-1.2818129750436744
0,145,-0.0,0.0,344,-0.001303414996992644,-1.303414996992644
0,145,-0.0,0.0,352,-0.00033921397033633466,-0.33921397033633466
0,145,-0.0,0.0,360,-2.365054144850183e-06,-0.002365054144850183
0,150,-0.0,0.0,0,-9.071217015548434e-06,-0.009071217015548434
0,150,-0.0,0.0,8,0.0003039729214850591,0.3039729214850591
0,150,-0.0,0.0,16,0.0012553521285710763,1.2553521285710763
0,150,-0.0,0.0,24,0.0012367662579600147,1.2367662579600147
0,150,-0.0,0.0,32,-0.0002181741230248696,-0.2181741230248696
0,150,-0.0,0.0,40,-0.0011583038466250518,-1.158303846625052
0,150,-0.0,0.0,48,-0.0005844826347293936,-0.5844826347293937
0,150,-0.0,0.0,56,0.0001138103402948456,0.1138103402948456
0,150,-0.0,0.0,64,8.983832762532566e-05,0.08983832762532566
0,150,-0.0,0.0,72,0.0007322613831596084,0.7322613831596084
0,150,-0.0,0.0,80,0.0012890561281019887,1.2890561281019888
0,150,-0.0,0.0,88,0.00039024845930169894,0.39024845930169894
0,150,-0.0,0.0,96,-0.0010503333734169968,-1.0503333734169968
0,150,-0.0,0.0,104,-0.0012041210130829907,-1.2041210130829907
0,150,-0.0,0.0,112,-0.0003330898098856579,-0.3330898098856579
0,150,-0.0,0.0,120,-0.00011649942406666743,-0.11649942406666743
0,150,-0.0,0.0,128,0.00011095418195768147,0.11095418195768147
0,150,-0.0,0.0,136,0.000987232643520533,0.9872326435205331
0,150,-0.0,0.0,144,0.0008576782202765962,0.8576782202765962
0,150,-0.0,0.0,152,-0.0006093205599418949,-0.6093205599418949
0,150,-0.0,0.0,160,-0.0014981961708194814,-1.4981961708194815
0,150,-0.0,0.0,168,-0.0008239798558263381,-0.8239798558263381
0,150,-0.0,0.0,176,-5.404203898951946e-05,-0.05404203898951946
0,150,-0.0,0.0,184,2.3130148036935395e-05,0.023130148036935395
0,150,-0.0,0.0,192,0.0008005188520840237,0.8005188520840237
0,150,-0.0,0.0,200,0.001477137256194703,1.477137256194703
0,150,-0.0,0.0,208,0.0006131186849237431,0.6131186849237431
0,150,-0.0,0.0,216,-0.0008752551124293396,-0.8752551124293396
0,150,-0.0,0.0,224,-0.0010003028845533186,-1.0003028845533186
0,150,-0.0,0.0,232,-0.00012904356556938296,-0.12904356556938296
0,150,-0.0,0.0,240,9.352110161475142e-05,0.09352110161475141
0,150,-0.0,0.0,248,0.00027258510718184553,0.27258510718184553
0,150,-0.0,0.0,256,0.0011691037654584188,1.1691037654584189
0,150,-0.0,0.0,264,0.0010570630449169467,1.0570630449169467
0,150,-0.0,0.0,272,-0.0004115252418957817,-0.4115252418957817
0,150,-0.0,0.0,280,-0.0013318350533463492,-1.3318350533463492
0,150,-0.0,0.0,288,-0.000776915008153356,-0.776915008153356
0,150,-0.0,0.0,296,-0.00013692489057809398,-0.13692489057809398
0,150,-0.0,0.0,304,-0.00013364894513373063,-0.13364894513373063
0,150,-0.0,0.0,312,0.0005525973089136095,0.5525973089136095
0,150,-0.0,0.0,320,0.001136570230933787,1.136570230933787
0,150,-0.0,0.0,328,0.00015947344996289126,0.15947344996289126
0,150,-0.0,0.0,336,-0.0012818129750436745,-1.2818129750436744
0,150,-0.0,0.0,344,-0.001303414996992644,-1.303414996992644
0,150,-0.0,0.0,352,-0.00033921397033633466,-0.33921397033633466
0,150,-0.0,0.0,360,-2.365054144850183e-06,-0.002365054144850183
0,155,-0.0,0.0,0,-9.071217015548434e-06,-0.009071217015548434
0,155,-0.0,0.0,8,0.0003039729214850591,0.3039729214850591
0,155,-0.0,0.0,16,0.0012553521285710763,1.2553521285710763
0,155,-0.0,0.0,24,0.0012367662579600147,1.2367662579600147
0,155,-0.0,0.0,32,-0.0002181741230248696,-0.2181741230248696
0,155,-0.0,0.0,40,-0.0011583038466250518,-1.158303846625052
0,155,-0.0,0.0,48,-0.0005844826347293936,-0.5844826347293937
0,155,-0.0,0.0,56,0.0001138103402948456,0.1138103402948456
0,155,-0.0,0.0,64,8.983832762532566e-05,0.08983832762532566
0,155,-0.0,0.0,72,0.0007322613831596084,0.7322613831596084
0,155,-0.0,0.0,80,0.0012890561281019887,1.2890561281019888
0,155,-0.0,0.0,88,0.00039024845930169894,0.39024845930169894
0,155,-0.0,0.0,96,-0.0010503333734169968,-1.0503333734169968
0,155,-0.0,0.0,104,-0.0012041210130829907,-1.2041210130829907
0,155,-0.0,0.0,112,-0.0003330898098856579,-0.3330898098856579
0,155,-0.0,0.0,120,-0.00011649942406666743,-0.11649942406666743
0,155,-0.0,0.0,128,0.00011095418195768147,0.11095418195768147
0,155,-0.0,0.0,136,0.000987232643520533,0.9872326435205331
0,155,-0.0,0.0,144,0.0008576782202765962,0.8576782202765962
0,155,-0.0,0.0,152,-0.0006093205599418949,-0.6093205599418949
0,155,-0.0,0.0,160,-0.0014981961708194814,-1.4981961708194815
0,155,-0.0,0.0,168,-0.0008239798558263381,-0.8239798558263381
0,155,-0.0,0.0,176,-5.404203898951946e-05,-0.05404203898951946
0,155,-0.0,0.0,184,2.3130148036935395e-05,0.023130148036935395
0,155,-0.0,0.0,192,0.0008005188520840237,0.8005188520840237
0,155,-0.0,0.0,200,0.001477137256194703,1.477137256194703
0,155,-0.0,0.0,208,0.0006131186849237431,0.6131186849237431
0,155,-0.0,0.0,216,-0.0008752551124293396,-0.8752551124293396
0,155,-0.0,0.0,224,-0.0010003028845533186,-1.0003028845533186
0,155,-0.0,0.0,232,-0.00012904356556938296,-0.12904356556938296
0,155,-0.0,0.0,240,9.352110161475142e-05,0.09352110161475141
0,155,-0.0,0.0,248,0.00027258510718184553,0.27258510718184553
0,155,-0.0,0.0,256,0.0011691037654584188,1.1691037654584189
0,155,-0.0,0.0,264,0.0010570630449169467,1.0570630449169467
0,155,-0.0,0.0,272,-0.0004115252418957817,-0.4115252418957817
0,155,-0.0,0.0,280,-0.0013318350533463492,-1.3318350533463492
0,155,-0.0,0.0,288,-0.000776915008153356,-0.776915008153356
0,155,-0.0,0.0,296,-0.00013692489057809398,-0.13692489057809398
0,155,-0.0,0.0,304,-0.00013364894513373063,-0.13364894513373063
0,155,-0.0,0.0,312,0.0005525973089136095,0.5525973089136095
0,155,-0.0,0.0,320,0.001136570230933787,1.136570230933787
0,155,-0.0,0.0,328,0.00015947344996289126,0.15947344996289126
0,155,-0.0,0.0,336,-0.0012818129750436745,-1.2818129750436744
0,155,-0.0,0.0,344,-0.001303414996992644,-1.303414996992644
0,155,-0.0,0.0,352,-0.00033921397033633466,-0.33921397033633466
0,155,-0.0,0.0,360,-2.365054144850183e-06,-0.002365054144850183
0,160,-0.0,0.0,0,-9.071217015548434e-06,-0.009071217015548434
0,160,-0.0,0.0,8,0.0003039729214850591,0.3039729214850591
0,160,-0.0,0.0,16,0.0012553521285710763,1.2553521285710763
0,160,-0.0,0.0,24,0.0012367662579600147,1.2367662579600147
0,160,-0.0,0.0,32,-0.0002181741230248696,-0.2181741230248696
0,160,-0.0,0.0,40,-0.0011583038466250518,-1.158303846625052
0,160,-0.0,0.0,48,-0.0005844826347293936,-0.5844826347293937
0,160,-0.0,0.0,56,0.0001138103402948456,0.1138103402948456
0,160,-0.0,0.0,64,8.983832762532566e-05,0.08983832762532566
0,160,-0.0,0.0,72,0.0007322613831596084,0.7322613831596084
0,160,-0.0,0.0,80,0.0012890561281019887,1.2890561281019888
0,160,-0.0,0.0,88,0.00039024845930169894,0.39024845930169894
0,160,-0.0,0.0,96,-0.0010503333734169968,-1.0503333734169968
0,160,-0.0,0.0,104,-0.0012041210130829907,-1.2041210130829907
0,160,-0.0,0.0,112,-0.0003330898098856579,-0.3330898098856579
0,160,-0.0,0.0,120,-0.00011649942406666743,-0.11649942406666743
0,160,-0.0,0.0,128,0.00011095418195768147,0.11095418195768147
0,160,-0.0,0.0,136,0.000987232643520533,0.9872326435205331
0,160,-0.0,0.0,144,0.0008576782202765962,0.8576782202765962
0,160,-0.0,0.0,152,-0.0006093205599418949,-0.6093205599418949
0,160,-0.0,0.0,160,-0.0014981961708194814,-1.4981961708194815
0,160,-0.0,0.0,168,-0.0008239798558263381,-0.8239798558263381
0,160,-0.0,0.0,176,-5.404203898951946e-05,-0.05404203898951946
0,160,-0.0,0.0,184,2.3130148036935395e-05,0.023130148036935395
0,160,-0.0,0.0,192,0.0008005188520840237,0.8005188520840237
0,160,-0.0,0.0,200,0.001477137256194703,1.477137256194703
0,160,-0.0,0.0,208,0.0006131186849237431,0.6131186849237431
0,160,-0.0,0.0,216,-0.0008752551124293396,-0.8752551124293396
0,160,-0.0,0.0,224,-0.0010003028845533186,-1.0003028845533186
0,160,-0.0,0.0,232,-0.00012904356556938296,-0.12904356556938296
0,160,-0.0,0.0,240,9.352110161475142e-05,0.09352110161475141
0,160,-0.0,0.0,248,0.00027258510718184553,0.27258510718184553
0,160,-0.0,0.0,256,0.0011691037654584188,1.1691037654584189
0,160,-0.0,0.0,264,0.0010570630449169467,1.0570630449169467
0,160,-0.0,0.0,272,-0.0004115252418957817,-0.4115252418957817
0,160,-0.0,0.0,280,-0.0013318350533463492,-1.3318350533463492
0,160,-0.0,0.0,288,-0.000776915008153356,-0.776915008153356
0,160,-0.0,0.0,296,-0.00013692489057809398,-0.13692489057809398
0,160,-0.0,0.0,304,-0.00013364894513373063,-0.13364894513373063
0,160,-0.0,0.0,312,0.0005525973089136095,0.5525973089136095
0,160,-0.0,0.0,320,0.001136570230933787,1.136570230933787
0,160,-0.0,0.0,328,0.00015947344996289126,0.15947344996289126
0,160,-0.0,0.0,336,-0.0012818129750436745,-1.2818129750436744
0,160,-0.0,0.0,344,-0.001303414996992644,-1.303414996992644
0,160,-0.0,0.0,352,-0.00033921397033633466,-0.33921397033633466
0,160,-0.0,0.0,360,-2.365054144850183e-06,-0.002365054144850183
0,165,-0.0,0.0,0,-9.071217015548434e-06,-0.009071217015548434
0,165,-0.0,0.0,8,0.0003039729214850591,0.3039729214850591
0,165,-0.0,0.0,16,0.0012553521285710763,1.2553521285710763
0,165,-0.0,0.0,24,0.0012367662579600147,1.2367662579600147
0,165,-0.0,0.0,32,-0.0002181741230248696,-0.2181741230248696
0,165,-0.0,0.0,40,-0.0011583038466250518,-1.158303846625052
0,165,-0.0,0.0,48,-0.0005844826347293936,-0.5844826347293937
0,165,-0.0,0.0,56,0.0001138103402948456,0.1138103402948456
0,165,-0.0,0.0,64,8.983832762532566e-05,0.08983832762532566
0,165,-0.0,0.0,72,0.0007322613831596084,0.7322613831596084
0,165,-0.0,0.0,80,0.0012890561281019887,1.2890561281019888
0,165,-0.0,0.0,88,0.00039024845930169894,0.39024845930169894
0,165,-0.0,0.0,96,-0.0010503333734169968,-1.0503333734169968
0,165,-0.0,0.0,104,-0.0012041210130829907,-1.2041210130829907
0,165,-0.0,0.0,112,-0.0003330898098856579,-0.3330898098856579
0,165,-0.0,0.0,120,-0.00011649942406666743,-0.11649942406666743
0,165,-0.0,0.0,128,0.00011095418195768147,0.11095418195768147
0,165,-0.0,0.0,136,0.000987232643520533,0.9872326435205331
0,165,-0.0,0.0,144,0.0008576782202765962,0.8576782202765962
0,165,-0.0,0.0,152,-0.0006093205599418949,-0.6093205599418949
0,165,-0.0,0.0,160,-0.0014981961708194814,-1.4981961708194815
0,165,-0.0,0.0,168,-0.0008239798558263381,-0.8239798558263381
0,165,-0.0,0.0,176,-5.404203898951946e-05,-0.05404203898951946
0,165,-0.0,0.0,184,2.3130148036935395e-05,0.023130148036935395
0,165,-0.0,0.0,192,0.0008005188520840237,0.8005188520840237
0,165,-0.0,0.0,200,0.001477137256194703,1.477137256194703
0,165,-0.0,0.0,208,0.0006131186849237431,0.6131186849237431
0,165,-0.0,0.0,216,-0.0008752551124293396,-0.8752551124293396
0,165,-0.0,0.0,224,-0.0010003028845533186,-1.0003028845533186
0,165,-0.0,0.0,232,-0.00012904356556938296,-0.12904356556938296
0,165,-0.0,0.0,240,9.352110161475142e-05,0.09352110161475141
0,165,-0.0,0.0,248,0.00027258510718184553,0.27258510718184553
0,165,-0.0,0.0,256,0.0011691037654584188,1.1691037654584189
0,165,-0.0,0.0,264,0.0010570630449169467,1.0570630449169467
0,165,-0.0,0.0,272,-0.0004115252418957817,-0.4115252418957817
0,165,-0.0,0.0,280,-0.0013318350533463492,-1.3318350533463492
0,165,-0.0,0.0,288,-0.000776915008153356,-0.776915008153356
0,165,-0.0,0.0,296,-0.00013692489057809398,-0.13692489057809398
0,165,-0.0,0.0,304,-0.00013364894513373063,-0.13364894513373063
0,165,-0.0,0.0,312,0.0005525973089136095,0.5525973089136095
0,165,-0.0,0.0,320,0.001136570230933787,1.136570230933787
0,165,-0.0,0.0,328,0.00015947344996289126,0.15947344996289126
0,165,-0.0,0.0,336,-0.0012818129750436745,-1.2818129750436744
0,165,-0.0,0.0,344,-0.001303414996992644,-1.303414996992644
0,165,-0.0,0.0,352,-0.00033921397033633466,-0.33921397033633466
0,165,-0.0,0.0,360,-2.365054144850183e-06,-0.002365054144850183
0,170,-0.0,0.0,0,-9.071217015548434e-06,-0.009071217015548434
0,170,-0.0,0.0,8,0.0003039729214850591,0.3039729214850591
0,170,-0.0,0.0,16,0.0012553521285710763,1.2553521285710763
0,170,-0.0,0.0,24,0.0012367662579600147,1.2367662579600147
0,170,-0.0,0.0,32,-0.0002181741230248696,-0.2181741230248696
0,170,-0.0,0.0,40,-0.0011583038466250518,-1.158303846625052
0,170,-0.0,0.0,48,-0.0005844826347293936,-0.5844826347293937
0,170,-0.0,0.0,56,0.0001138103402948456,0.1138103402948456
0,170,-0.0,0.0,64,8.983832762532566e-05,0.08983832762532566
0,170,-0.0,0.0,72,0.0007322613831596084,0.7322613831596084
0,170,-0.0,0.0,80,0.0012890561281019887,1.2890561281019888
0,170,-0.0,0.0,88,0.00039024845930169894,0.39024845930169894
0,170,-0.0,0.0,96,-0.0010503333734169968,-1.0503333734169968
0,170,-0.0,0.0,104,-0.0012041210130829907,-1.2041210130829907
0,170,-0.0,0.0,112,-0.0003330898098856579,-0.3330898098856579
0,170,-0.0,0.0,120,-0.00011649942406666743,-0.11649942406666743
0,170,-0.0,0.0,128,0.00011095418195768147,0.11095418195768147
0,170,-0.0,0.0,136,0.000987232643520533,0.9872326435205331
0,170,-0.0,0.0,144,0.0008576782202765962,0.8576782202765962
0,170,-0.0,0.0,152,-0.0006093205599418949,-0.6093205599418949
0,170,-0.0,0.0,160,-0.0014981961708194814,-1.4981961708194815
0,170,-0.0,0.0,168,-0.0008239798558263381,-0.8239798558263381
0,170,-0.0,0.0,176,-5.404203898951946e-05,-0.05404203898951946
0,170,-0.0,0.0,184,2.3130148036935395e-05,0.023130148036935395
0,170,-0.0,0.0,192,0.0008005188520840237,0.8005188520840237
0,170,-0.0,0.0,200,0.001477137256194703,1.477137256194703
0,170,-0.0,0.0,208,0.0006131186849237431,0.6131186849237431
0,170,-0.0,0.0,216,-0.0008752551124293396,-0.8752551124293396
0,170,-0.0,0.0,224,-0.0010003028845533186,-1.0003028845533186
0,170,-0.0,0.0,232,-0.00012904356556938296,-0.12904356556938296
0,170,-0.0,0.0,240,9.352110161475142e-05,0.09352110161475141
0,170,-0.0,0.0,248,0.00027258510718184553,0.27258510718184553
0,170,-0.0,0.0,256,0.0011691037654584188,1.1691037654584189
0,170,-0.0,0.0,264,0.0010570630449169467,1.0570630449169467
0,170,-0.0,0.0,272,-0.0004115252418957817,-0.4115252418957817
0,170,-0.0,0.0,280,-0.0013318350533463492,-1.3318350533463492
0,170,-0.0,0.0,288,-0.000776915008153356,-0.776915008153356
0,170,-0.0,0.0,296,-0.00013692489057809398,-0.13692489057809398
0,170,-0.0,0.0,304,-0.00013364894513373063,-0.13364894513373063
0,170,-0.0,0.0,312,0.0005525973089136095,0.5525973089136095
0,170,-0.0,0.0,320,0.001136570230933787,1.136570230933787
0,170,-0.0,0.0,328,0.00015947344996289126,0.15947344996289126
0,170,-0.0,0.0,336,-0.0012818129750436745,-1.2818129750436744
0,170,-0.0,0.0,344,-0.001303414996992644,-1.303414996992644
0,170,-0.0,0.0,352,-0.00033921397033633466,-0.33921397033633466
0,170,-0.0,0.0,360,-2.365054144850183e-06,-0.002365054144850183
0,175,-0.0,0.0,0,-9.071217015548434e-06,-0.009071217015548434
0,175,-0.0,0.0,8,0.0003039729214850591,0.3039729214850591
0,175,-0.0,0.0,16,0.0012553521285710763,1.2553521285710763
0,175,-0.0,0.0,24,0.0012367662579600147,1.2367662579600147
0,175,-0.0,0.0,32,-0.0002181741230248696,-0.2181741230248696
0,175,-0.0,0.0,40,-0.0011583038466250518,-1.158303846625052
0,175,-0.0,0.0,48,-0.0005844826347293936,-0.5844826347293937
0,175,-0.0,0.0,56,0.0001138103402948456,0.1138103402948456
0,175,-0.0,0.0,64,8.983832762532566e-05,0.08983832762532566
0,175,-0.0,0.0,72,0.0007322613831596084,0.7322613831596084
0,175,-0.0,0.0,80,0.0012890561281019887,1.2890561281019888
0,175,-0.0,0.0,88,0.00039024845930169894,0.39024845930169894
0,175,-0.0,0.0,96,-0.0010503333734169968,-1.0503333734169968
0,175,-0.0,0.0,104,-0.0012041210130829907,-1.2041210130829907
0,175,-0.0,0.0,112,-0.0003330898098856579,-0.3330898098856579
0,175,-0.0,0.0,120,-0.00011649942406666743,-0.11649942406666743
0,175,-0.0,0.0,128,0.00011095418195768147,0.11095418195768147
0,175,-0.0,0.0,136,0.000987232643520533,0.9872326435205331
0,175,-0.0,0.0,144,0.0008576782202765962,0.8576782202765962
0,175,-0.0,0.0,152,-0.0006093205599418949,-0.6093205599418949
0,175,-0.0,0.0,160,-0.0014981961708194814,-1.4981961708194815
0,175,-0.0,0.0,168,-0.0008239798558263381,-0.8239798558263381
0,175,-0.0,0.0,176,-5.404203898951946e-05,-0.05404203898951946
0,175,-0.0,0.0,184,2.3130148036935395e-05,0.023130148036935395
0,175,-0.0,0.0,192,0.0008005188520840237,0.8005188520840237
0,175,-0.0,0.0,200,0.001477137256194703,1.477137256194703
0,175,-0.0,0.0,208,0.0006131186849237431,0.6131186849237431
0,175,-0.0,0.0,216,-0.0008752551124293396,-0.8752551124293396
0,175,-0.0,0.0,224,-0.0010003028845533186,-1.0003028845533186
0,175,-0.0,0.0,232,-0.00012904356556938296,-0.12904356556938296
0,175,-0.0,0.0,240,9.352110161475142e-05,0.09352110161475141
0,175,-0.0,0.0,248,0.00027258510718184553,0.27258510718184553
0,175,-0.0,0.0,256,0.0011691037654584188,1.1691037654584189
0,175,-0.0,0.0,264,0.0010570630449169467,1.0570630449169467
0,175,-0.0,0.0,272,-0.0004115252418957817,-0.4115252418957817
0,175,-0.0,0.0,280,-0.0013318350533463492,-1.3318350533463492
0,175,-0.0,0.0,288,-0.000776915008153356,-0.776915008153356
0,175,-0.0,0.0,296,-0.00013692489057809398,-0.13692489057809398
0,175,-0.0,0.0,304,-0.00013364894513373063,-0.13364894513373063
0,175,-0.0,0.0,312,0.0005525973089136095,0.5525973089136095
0,175,-0.0,0.0,320,0.001136570230933787,1.136570230933787
0,175,-0.0,0.0,328,0.00015947344996289126,0.15947344996289126
0,175,-0.0,0.0,336,-0.0012818129750436745,-1.2818129750436744
0,175,-0.0,0.0,344,-0.001303414996992644,-1.303414996992644
0,175,-0.0,0.0,352,-0.00033921397033633466,-0.33921397033633466
0,175,-0.0,0.0,360,-2.365054144850183e-06,-0.002365054144850183
0,180,-0.0,0.0,0,-9.071217015548434e-06,-0.009071217015548434
0,180,-0.0,0.0,8,0.0003039729214850591,0.3039729214850591
0,180,-0.0,0.0,16,0.0012553521285710763,1.2553521285710763
0,180,-0.0,0.0,24,0.0012367662579600147,1.2367662579600147
0,180,-0.0,0.0,32,-0.0002181741230248696,-0.2181741230248696
0,180,-0.0,0.0,40,-0.0011583038466250518,-1.158303846625052
0,180,-0.0,0.0,48,-0.0005844826347293936,-0.5844826347293937
0,180,-0.0,0.0,56,0.0001138103402948456,0.1138103402948456
0,180,-0.0,0.0,64,8.983832762532566e-05,0.08983832762532566
0,180,-0.0,0.0,72,0.0007322613831596084,0.7322613831596084
0,180,-0.0,0.0,80,0.0012890561281019887,1.2890561281019888
0,180,-0.0,0.0,88,0.00039024845930169894,0.39024845930169894
0,180,-0.0,0.0,96,-0.0010503333734169968,-1.0503333734169968
0,180,-0.0,0.0,104,-0.0012041210130829907,-1.2041210130829907
0,180,-0.0,0.0,112,-0.0003330898098856579,-0.3330898098856579
0,180,-0.0,0.0,120,-0.00011649942406666743,-0.11649942406666743
0,180,-0.0,0.0,128,0.00011095418195768147,0.11095418195768147
0,180,-0.0,0.0,136,0.000987232643520533,0.9872326435205331
0,180,-0.0,0.0,144,0.0008576782202765962,0.8576782202765962
0,180,-0.0,0.0,152,-0.0006093205599418949,-0.6093205599418949
0,180,-0.0,0.0,160,-0.0014981961708194814,-1.4981961708194815
0,180,-0.0,0.0,168,-0.0008239798558263381,-0.8239798558263381
0,180,-0.0,0.0,176,-5.404203898951946e-05,-0.05404203898951946
0,180,-0.0,0.0,184,2.3130148036935395e-05,0.023130148036935395
0,180,-0.0,0.0,192,0.0008005188520840237,0.8005188520840237
0,180,-0.0,0.0,200,0.001477137256194703,1.477137256194703
0,180,-0.0,0.0,208,0.0006131186849237431,0.6131186849237431
0,180,-0.0,0.0,216,-0.0008752551124293396,-0.8752551124293396
0,180,-0.0,0.0,224,-0.0010003028845533186,-1.0003028845533186
0,180,-0.0,0.0,232,-0.00012904356556938296,-0.12904356556938296
0,180,-0.0,0.0,240,9.352110161475142e-05,0.09352110161475141
0,180,-0.0,0.0,248,0.00027258510718184553,0.27258510718184553
0,180,-0.0,0.0,256,0.0011691037654584188,1.1691037654584189
0,180,-0.0,0.0,264,0.0010570630449169467,1.0570630449169467
0,180,-0.0,0.0,272,-0.0004115252418957817,-0.4115252418957817
0,180,-0.0,0.0,280,-0.0013318350533463492,-1.3318350533463492
0,180,-0.0,0.0,288,-0.000776915008153356,-0.776915008153356
0,180,-0.0,0.0,296,-0.00013692489057809398,-0.13692489057809398
0,180,-0.0,0.0,304,-0.00013364894513373063,-0.13364894513373063
0,180,-0.0,0.0,312,0.0005525973089136095,0.5525973089136095
0,180,-0.0,0.0,320,0.001136570230933787,1.136570230933787
0,180,-0.0,0.0,328,0.00015947344996289126,0.15947344996289126
0,180,-0.0,0.0,336,-0.0012818129750436745,-1.2818129750436744
0,180,-0.0,0.0,344,-0.001303414996992644,-1.303414996992644
0,180,-0.0,0.0,352,-0.00033921397033633466,-0.33921397033633466
0,180,-0.0,0.0,360,-2.365054144850183e-06,-0.002365054144850183
34,90,2.0818995585505003e-15,34.0,0,0.053126705813919164,53.126705813919166
34,90,2.0818995585505003e-15,34.0,8,0.05344514984900971,53.44514984900971
34,90,2.0818995585505003e-15,34.0,16,0.0544029905446025,54.4029905446025
34,90,2.0818995585505003e-15,34.0,24,0.05437370333345512,54.37370333345512
34,90,2.0818995585505003e-15,34.0,32,0.052899630028312064,52.89963002831207
34,90,2.0818995585505003e-15,34.0,40,0.05193323099714686,51.933230997146865
34,90,2.0818995585505003e-15,34.0,48,0.0524747283990175,52.4747283990175
34,90,2.0818995585505003e-15,34.0,56,0.05313255906065051,53.13255906065051
34,90,2.0818995585505003e-15,34.0,64,0.053086438662926984,53.08643866292699
34,90,2.0818995585505003e-15,34.0,72,0.05372964698899872,53.729646988998724
34,90,2.0818995585505003e-15,34.0,80,0.054281329788848566,54.281329788848566
34,90,2.0818995585505003e-15,34.0,88,0.05338277024500554,53.38277024500554
34,90,2.0818995585505003e-15,34.0,96,0.05194310597795866,51.94310597795866
34,90,2.0818995585505003e-15,34.0,104,0.051788635787835116,51.78863578783512
34,90,2.0818995585505003e-15,34.0,112,0.05266032294368585,52.66032294368585
34,90,2.0818995585505003e-15,34.0,120,0.052886935919056924,52.886935919056924
34,90,2.0818995585505003e-15,34.0,128,0.05314724671617406,53.14724671617406
34,90,2.0818995585505003e-15,34.0,136,0.054063268746210646,54.063268746210646
34,90,2.0818995585505003e-15,34.0,144,0.053961745316598815,53.961745316598815
34,90,2.0818995585505003e-15,34.0,152,0.052518448411250876,52.51844841125087
34,90,2.0818995585505003e-15,34.0,160,0.051644110426872225,51.644110426872224
34,90,2.0818995585505003e-15,34.0,168,0.052321357973578425,52.32135797357842
34,90,2.0818995585505003e-15,34.0,176,0.05308189061476252,53.08189061476252
34,90,2.0818995585505003e-15,34.0,184,0.05315957620477203,53.15957620477203
34,90,2.0818995585505003e-15,34.0,192,0.05394930465316816,53.94930465316816
34,90,2.0818995585505003e-15,34.0,200,0.054619595432730275,54.61959543273028
34,90,2.0818995585505003e-15,34.0,208,0.05374065014243141,53.740650142431406
34,90,2.0818995585505003e-15,34.0,216,0.05222934296434156,52.22934296434156
34,90,2.0818995585505003e-15,34.0,224,0.05207481761871838,52.07481761871838
34,90,2.0818995585505003e-15,34.0,232,0.052907283859602264,52.907283859602266
34,90,2.0818995585505003e-15,34.0,240,0.05309720533335516,53.097205333355156
34,90,2.0818995585505003e-15,34.0,248,0.05326554119999334,53.26554119999334
34,90,2.0818995585505003e-15,34.0,256,0.05416242347610409,54.16242347610409
34,90,2.0818995585505003e-15,34.0,264,0.054046446357781254,54.04644635778126
34,90,2.0818995585505003e-15,34.0,272,0.052579111633705995,52.57911163370599
34,90,2.0818995585505003e-15,34.0,280,0.05165881391225502,51.65881391225502
34,90,2.0818995585505003e-15,34.0,288,0.05221504090731545,52.21504090731545
34,90,2.0818995585505003e-15,34.0,296,0.05285522844551567,52.85522844551567
34,90,2.0818995585505003e-15,34.0,304,0.05288093548743533,52.88093548743533
34,90,2.0818995585505003e-15,34.0,312,0.05360670214116515,53.60670214116515
34,90,2.0818995585505003e-15,34.0,320,0.05422573049668081,54.22573049668081
34,90,2.0818995585505003e-15,34.0,328,0.05327466488051511,53.27466488051511
34,90,2.0818995585505003e-15,34.0,336,0.051854157330720886,51.85415733072089
34,90,2.0818995585505003e-15,34.0,344,0.0518434113277807,51.8434113277807
34,90,2.0818995585505003e-15,34.0,352,0.05280176903379914,52.80176903379914
34,90,2.0818995585505003e-15,34.0,360,0.053133460167679517,53.133460167679516
34,95,-2.96329525342038,33.87061973511935,0,0.052924432825804724,52.92443282580472
34,95,-2.96329525342038,33.87061973511935,8,0.053251866978343665,53.251866978343664
34,95,-2.96329525342038,33.87061973511935,16,0.054199414050372194,54.19941405037219
34,95,-2.96329525342038,33.87061973511935,24,0.05416698075561162,54.16698075561162
34,95,-2.96329525342038,33.87061973511935,32,0.05268977378842876,52.68977378842876
34,95,-2.96329525342038,33.87061973511935,40,0.05172097261163135,51.720972611631346
34,95,-2.96329525342038,33.87061973511935,48,0.05224773921616017,52.24773921616017
34,95,-2.96329525342038,33.87061973511935,56,0.05291798993887021,52.91798993887021
34,95,-2.96329525342038,33.87061973511935,64,0.05288479798553654,52.88479798553654
34,95,-2.96329525342038,33.87061973511935,72,0.05352842739267234,53.52842739267234
34,95,-2.96329525342038,33.87061973511935,80,0.054078989584259454,54.07898958425945
34,95,-2.96329525342038,33.87061973511935,88,0.05318061516927952,53.18061516927952
34,95,-2.96329525342038,33.87061973511935,96,0.05174106992913102,51.74106992913102
34,95,-2.96329525342038,33.87061973511935,104,0.05157972274201056,51.57972274201056
34,95,-2.96329525342038,33.87061973511935,112,0.052452219725003316,52.45221972500332
34,95,-2.96329525342038,33.87061973511935,120,0.05269161267574711,52.69161267574711
34,95,-2.96329525342038,33.87061973511935,128,0.05296339837968432,52.96339837968432
34,95,-2.96329525342038,33.87061973511935,136,0.05387148325851813,53.871483258518126
34,95,-2.96329525342038,33.87061973511935,144,0.05376804781424388,53.76804781424388
34,95,-2.96329525342038,33.87061973511935,152,0.05232160873696654,52.32160873696654
34,95,-2.96329525342038,33.87061973511935,160,0.05144407962307625,51.44407962307625
34,95,-2.96329525342038,33.87061973511935,168,0.05210403000333514,52.10403000333514
34,95,-2.96329525342038,33.87061973511935,176,0.0528749537636836,52.8749537636836
34,95,-2.96329525342038,33.87061973511935,184,0.05296225275628131,52.96225275628131
34,95,-2.96329525342038,33.87061973511935,192,0.05374898143420531,53.74898143420531
34,95,-2.96329525342038,33.87061973511935,200,0.054414589925229,54.414589925228995
34,95,-2.96329525342038,33.87061973511935,208,0.05353233906172034,53.53233906172034
34,95,-2.96329525342038,33.87061973511935,216,0.05201814223295301,52.01814223295301
34,95,-2.96329525342038,33.87061973511935,224,0.05185479320033519,51.85479320033519
34,95,-2.96329525342038,33.87061973511935,232,0.0526869068038709,52.6869068038709
34,95,-2.96329525342038,33.87061973511935,240,0.052888953219224134,52.888953219224135
34,95,-2.96329525342038,33.87061973511935,248,0.0530696541375124,53.0696541375124
34,95,-2.96329525342038,33.87061973511935,256,0.05395961218695611,53.95961218695611
34,95,-2.96329525342038,33.87061973511935,264,0.05384415465982248,53.84415465982248
34,95,-2.96329525342038,33.87061973511935,272,0.05237697653900443,52.37697653900443
34,95,-2.96329525342038,33.87061973511935,280,0.05145687669617077,51.456876696170774
34,95,-2.96329525342038,33.87061973511935,288,0.05199936469395418,51.99936469395418
34,95,-2.96329525342038,33.87061973511935,296,0.05265342426509628,52.653424265096284
34,95,-2.96329525342038,33.87061973511935,304,0.05269191403299443,52.69191403299443
34,95,-2.96329525342038,33.87061973511935,312,0.05341720894206154,53.41720894206154
34,95,-2.96329525342038,33.87061973511935,320,0.05403310268946674,54.03310268946674
34,95,-2.96329525342038,33.87061973511935,328,0.05307954782065727,53.07954782065727
34,95,-2.96329525342038,33.87061973511935,336,0.051655665254963276,51.655665254963274
34,95,-2.96329525342038,33.87061973511935,344,0.051634402167227735,51.634402167227734
34,95,-2.96329525342038,33.87061973511935,352,0.05259023095604716,52.59023095604716
34,95,-2.96329525342038,33.87061973511935,360,0.05293117752787338,52.93117752787338
34,100,-5.90403804067563,33.48346360241507,0,0.05231923594453032,52.31923594453032
34,100,-5.90403804067563,33.48346360241507,8,0.05264714925118489,52.64714925118489
34,100,-5.90403804067563,33.48346360241507,16,0.053592187701757006,53.592187701757005
34,100,-5.90403804067563,33.48346360241507,24,0.05355664528865245,53.55664528865245
34,100,-5.90403804067563,33.48346360241507,32,0.05207646182323725,52.076461823237246
34,100,-5.90403804067563,33.48346360241507,40,0.0510927235637568,51.0927235637568
34,100,-5.90403804067563,33.48346360241507,48,0.05161942735563133,51.61942735563133
34,100,-5.90403804067563,33.48346360241507,56,0.05230158776677307,52.301587766773075
34,100,-5.90403804067563,33.48346360241507,64,0.05228027662488173,52.28027662488173
34,100,-5.90403804067563,33.48346360241507,72,0.052922685796518334,52.92268579651834
34,100,-5.90403804067563,33.48346360241507,80,0.05347413433523133,53.47413433523133
34,100,-5.90403804067563,33.48346360241507,88,0.052575901668005964,52.57590166800596
34,100,-5.90403804067563,33.48346360241507,96,0.05113648044831266,51.13648044831266
34,100,-5.90403804067563,33.48346360241507,104,0.0509549457596241,50.9549457596241
34,100,-5.90403804067563,33.48346360241507,112,0.0518427266310102,51.8427266310102
34,100,-5.90403804067563,33.48346360241507,120,0.052094361004110225,52.094361004110226
34,100,-5.90403804067563,33.48346360241507,128,0.0523691373675449,52.3691373675449
34,100,-5.90403804067563,33.48346360241507,136,0.05327650529338686,53.27650529338686
34,100,-5.90403804067563,33.48346360241507,144,0.053170889503703,53.170889503703
34,100,-5.90403804067563,33.48346360241507,152,0.05172113773729725,51.721137737297255
34,100,-5.90403804067563,33.48346360241507,160,0.05082681027168891,50.826810271688906
34,100,-5.90403804067563,33.48346360241507,168,0.051484715315379605,51.4847153153796
34,100,-5.90403804067563,33.48346360241507,176,0.05226522091086767,52.26522091086767
34,100,-5.90403804067563,33.48346360241507,184,0.05236098912810473,52.360989128104734
34,100,-5.90403804067563,33.48346360241507,192,0.053142997713685865,53.142997713685865
34,100,-5.90403804067563,33.48346360241507,200,0.053805942815135746,53.805942815135744
34,100,-5.90403804067563,33.48346360241507,208,0.05292048583031673,52.92048583031673
34,100,-5.90403804067563,33.48346360241507,216,0.05140360968194008,51.403609681940075
34,100,-5.90403804067563,33.48346360241507,224,0.051219015638770495,51.21901563877049
34,100,-5.90403804067563,33.48346360241507,232,0.05206485291183939,52.06485291183939
34,100,-5.90403804067563,33.48346360241507,240,0.05227886855531379,52.278868555313785
34,100,-5.90403804067563,33.48346360241507,248,0.052463222358852674,52.463222358852676
34,100,-5.90403804067563,33.48346360241507,256,0.05335432384767114,53.35432384767114
34,100,-5.90403804067563,33.48346360241507,264,0.05323934249288427,53.23934249288427
34,100,-5.90403804067563,33.48346360241507,272,0.05177229701262591,51.772297012625906
34,100,-5.90403804067563,33.48346360241507,280,0.0508389797536158,50.8389797536158
34,100,-5.90403804067563,33.48346360241507,288,0.05138287868039713,51.38287868039713
34,100,-5.90403804067563,33.48346360241507,296,0.05204992274032437,52.04992274032437
34,100,-5.90403804067563,33.48346360241507,304,0.05209982817738512,52.09982817738512
34,100,-5.90403804067563,33.48346360241507,312,0.05282278194517802,52.822781945178015
34,100,-5.90403804067563,33.48346360241507,320,0.05343714631412269,53.43714631412269
34,100,-5.90403804067563,33.48346360241507,328,0.05248088241032621,52.48088241032621
34,100,-5.90403804067563,33.48346360241507,336,0.051053504471917144,51.053504471917144
34,100,-5.90403804067563,33.48346360241507,344,0.05100837173731016,51.00837173731016
34,100,-5.90403804067563,33.48346360241507,352,0.051976171946602714,51.97617194660271
34,100,-5.90403804067563,33.48346360241507,360,0.05232596999259537,52.32596999259537
34,105,-8.799847533485709,32.84147809382832,0,0.05131591276998949,51.31591276998949
34,105,-8.799847533485709,32.84147809382832,8,0.05164352057950429,51.64352057950429
34,105,-8.799847533485709,32.84147809382832,16,0.05258593285792319,52.58593285792319
34,105,-8.799847533485709,32.84147809382832,24,0.05254734195401187,52.54734195401187
34,105,-8.799847533485709,32.84147809382832,32,0.0510643618071205,51.0643618071205
34,105,-8.799847533485709,32.84147809382832,40,0.05005665970890114,50.056659708901144
34,105,-8.799847533485709,32.84147809382832,48,0.0505945746500747,50.5945746500747
34,105,-8.799847533485709,32.84147809382832,56,0.05128804373708255,51.28804373708255
34,105,-8.799847533485709,32.84147809382832,64,0.051275225487688016,51.27522548768802
34,105,-8.799847533485709,32.84147809382832,72,0.051919097679567816,51.91909767956781
34,105,-8.799847533485709,32.84147809382832,80,0.05247136735543091,52.471367355430914
34,105,-8.799847533485709,32.84147809382832,88,0.0515732319760655,51.5732319760655
34,105,-8.799847533485709,32.84147809382832,96,0.05011528326778967,50.11528326778967
34,105,-8.799847533485709,32.84147809382832,104,0.04993464289508632,49.93464289508632
34,105,-8.799847533485709,32.84147809382832,112,0.050836482272173855,50.83648227217385
34,105,-8.799847533485709,32.84147809382832,120,0.05109983920872163,51.09983920872163
34,105,-8.799847533485709,32.84147809382832,128,0.05137661814399775,51.37661814399775
34,105,-8.799847533485709,32.84147809382832,136,0.052282862992389025,52.28286299238903
34,105,-8.799847533485709,32.84147809382832,144,0.05217481512029344,52.17481512029344
34,105,-8.799847533485709,32.84147809382832,152,0.05072160535912482,50.72160535912482
34,105,-8.799847533485709,32.84147809382832,160,0.049800598028916676,49.800598028916674
34,105,-8.799847533485709,32.84147809382832,168,0.05046812726843965,50.468127268439645
34,105,-8.799847533485709,32.84147809382832,176,0.05125733249149146,51.25733249149146
34,105,-8.799847533485709,32.84147809382832,184,0.05135826671392636,51.35826671392636
34,105,-8.799847533485709,32.84147809382832,192,0.052138005096458086,52.13800509645809
34,105,-8.799847533485709,32.84147809382832,200,0.052798286274469544,52.79828627446955
34,105,-8.799847533485709,32.84147809382832,208,0.05190974702075863,51.90974702075863
34,105,-8.799847533485709,32.84147809382832,216,0.05037266281886124,50.372662818861244
34,105,-8.799847533485709,32.84147809382832,224,0.050187146939373165,50.187146939373164
34,105,-8.799847533485709,32.84147809382832,232,0.05104585638923258,51.045856389232576
34,105,-8.799847533485709,32.84147809382832,240,0.05127165728734418,51.27165728734418
34,105,-8.799847533485709,32.84147809382832,248,0.0514590476329567,51.459047632956704
34,105,-8.799847533485709,32.84147809382832,256,0.05235116506799423,52.35116506799423
34,105,-8.799847533485709,32.84147809382832,264,0.052236612842752585,52.236612842752585
34,105,-8.799847533485709,32.84147809382832,272,0.0507696750308817,50.7696750308817
34,105,-8.799847533485709,32.84147809382832,280,0.049813395298943554,49.813395298943554
34,105,-8.799847533485709,32.84147809382832,288,0.05037027469745188,50.37027469745188
34,105,-8.799847533485709,32.84147809382832,296,0.05104931688220764,51.049316882207634
34,105,-8.799847533485709,32.84147809382832,304,0.051107077548066523,51.10707754806652
34,105,-8.799847533485709,32.84147809382832,312,0.051829899511321234,51.82989951132124
34,105,-8.799847533485709,32.84147809382832,320,0.05244239695851338,52.442396958513385
34,105,-8.799847533485709,32.84147809382832,328,0.05148322485477862,51.48322485477862
34,105,-8.799847533485709,32.84147809382832,336,0.050033328539692515,50.03332853969251
34,105,-8.799847533485709,32.84147809382832,344,0.04998564560361991,49.985645603619915
34,105,-8.799847533485709,32.84147809382832,352,0.05096426536530666,50.96426536530666
34,105,-8.799847533485709,32.84147809382832,360,0.05132263692272872,51.32263692272872
34,110,-11.628684873072736,31.949549106720887,0,0.0499221546822715,49.9221546822715
34,110,-11.628684873072736,31.949549106720887,8,0.05024861918350089,50.24861918350089
34,110,-11.628684873072736,31.949549106720887,16,0.05118830772582559,51.18830772582559
34,110,-11.628684873072736,31.949549106720887,24,0.05114675215950046,51.14675215950046
34,110,-11.628684873072736,31.949549106720887,32,0.049641108426180226,49.641108426180224
34,110,-11.628684873072736,31.949549106720887,40,0.04863239325262101,48.63239325262101
34,110,-11.628684873072736,31.949549106720887,48,0.04918098084740252,49.18098084740252
34,110,-11.628684873072736,31.949549106720887,56,0.04988756480006935,49.887564800069356
34,110,-11.628684873072736,31.949549106720887,64,0.04988028347053386,49.88028347053386
34,110,-11.628684873072736,31.949549106720887,72,0.050525300953373826,50.52530095337383
34,110,-11.628684873072736,31.949549106720887,80,0.05107832030706172,51.078320307061716
34,110,-11.628684873072736,31.949549106720887,88,0.05017792493180155,50.17792493180155
34,110,-11.628684873072736,31.949549106720887,96,0.04869928864327862,48.69928864327862
34,110,-11.628684873072736,31.949549106720887,104,0.04852657926927206,48.52657926927206
34,110,-11.628684873072736,31.949549106720887,112,0.049441144775651924,49.44114477565192
34,110,-11.628684873072736,31.949549106720887,120,0.04971564886869798,49.71564886869798
34,110,-11.628684873072736,31.949549106720887,128,0.049993394379633516,49.993394379633514
34,110,-11.628684873072736,31.949549106720887,136,0.05089811857341281,50.89811857341281
34,110,-11.628684873072736,31.949549106720887,144,0.05078740539151911,50.78740539151911
34,110,-11.628684873072736,31.949549106720887,152,0.049308837469457446,49.308837469457444
34,110,-11.628684873072736,31.949549106720887,160,0.04838568269069613,48.38568269069613
34,110,-11.628684873072736,31.949549106720887,168,0.0490620027113851,49.0620027113851
34,110,-11.628684873072736,31.949549106720887,176,0.04986155667241346,49.86155667241346
34,110,-11.628684873072736,31.949549106720887,184,0.04996450033512141,49.964500335121414
34,110,-11.628684873072736,31.949549106720887,192,0.05074165218317024,50.74165218317024
34,110,-11.628684873072736,31.949549106720887,200,0.051399289177944486,51.39928917794449
34,110,-11.628684873072736,31.949549106720887,208,0.050505651812356514,50.50565181235651
34,110,-11.628684873072736,31.949549106720887,216,0.048946511782279406,48.94651178227941
34,110,-11.628684873072736,31.949549106720887,224,0.04876704024600495,48.76704024600495
34,110,-11.628684873072736,31.949549106720887,232,0.04963767241487442,49.63767241487442
34,110,-11.628684873072736,31.949549106720887,240,0.04987500308869969,49.875003088699685
34,110,-11.628684873072736,31.949549106720887,248,0.05006477233582583,50.064772335825836
34,110,-11.628684873072736,31.949549106720887,256,0.050957770491962553,50.957770491962556
34,110,-11.628684873072736,31.949549106720887,264,0.05084359708752965,50.843597087529645
34,110,-11.628684873072736,31.949549106720887,272,0.04935556141773857,49.35556141773857
34,110,-11.628684873072736,31.949549106720887,280,0.04840026086356051,48.40026086356051
34,110,-11.628684873072736,31.949549106720887,288,0.04896925927285567,48.969259272855666
34,110,-11.628684873072736,31.949549106720887,296,0.04966171206011217,49.661712060112166
34,110,-11.628684873072736,31.949549106720887,304,0.04972401691273987,49.72401691273987
34,110,-11.628684873072736,31.949549106720887,312,0.05044611807533164,50.44611807533164
34,110,-11.628684873072736,31.949549106720887,320,0.05105642526588104,51.05642526588104
34,110,-11.628684873072736,31.949549106720887,328,0.050091712797780165,50.09171279778017
34,110,-11.628684873072736,31.949549106720887,336,0.048617145893957645,48.61714589395764
34,110,-11.628684873072736,31.949549106720887,344,0.048574007329573315,48.57400732957331
34,110,-11.628684873072736,31.949549106720887,352,0.04956221243224858,49.56221243224858
34,110,-11.628684873072736,31.949549106720887,360,0.04992887025993281,49.928870259932815
34,115,-14.369020899183777,30.8144647592461,0,0.048148359906354146,48.148359906354145
34,115,-14.369020899183777,30.8144647592461,8,0.048473061105062776,48.473061105062776
34,115,-14.369020899183777,30.8144647592461,16,0.04940994907662861,49.40994907662861
34,115,-14.369020899183777,30.8144647592461,24,0.04936272388187447,49.36272388187447
34,115,-14.369020899183777,30.8144647592461,32,0.047838231759030236,47.838231759030236
34,115,-14.369020899183777,30.8144647592461,40,0.046830763722644365,46.83076372264436
34,115,-14.369020899183777,30.8144647592461,48,0.04738986109350801,47.38986109350801
34,115,-14.369020899183777,30.8144647592461,56,0.0481098507962546,48.1098507962546
34,115,-14.369020899183777,30.8144647592461,64,0.04810606692445882,48.106066924458815
34,115,-14.369020899183777,30.8144647592461,72,0.0487519032526202,48.7519032526202
34,115,-14.369020899183777,30.8144647592461,80,0.04930559511930667,49.305595119306666
34,115,-14.369020899183777,30.8144647592461,88,0.04838886387495052,48.388863874950516
34,115,-14.369020899183777,30.8144647592461,96,0.046906384823684685,46.90638482368468
34,115,-14.369020899183777,30.8144647592461,104,0.046741471096585774,46.74147109658578
34,115,-14.369020899183777,30.8144647592461,112,0.04767250454217821,47.67250454217821
34,115,-14.369020899183777,30.8144647592461,120,0.04795220138769866,47.95220138769866
34,115,-14.369020899183777,30.8144647592461,128,0.0482299932425124,48.2299932425124
34,115,-14.369020899183777,30.8144647592461,136,0.04913281077761818,49.132810777618175
34,115,-14.369020899183777,30.8144647592461,144,0.049015642499945666,49.01564249994566
34,115,-14.369020899183777,30.8144647592461,152,0.04751605132156156,47.51605132156156
34,115,-14.369020899183777,30.8144647592461,160,0.046592832617100385,46.592832617100385
34,115,-14.369020899183777,30.8144647592461,168,0.04727750207854456,47.27750207854456
34,115,-14.369020899183777,30.8144647592461,176,0.048087517413419774,48.087517413419775
34,115,-14.369020899183777,30.8144647592461,184,0.048190297395411696,48.1902973954117
34,115,-14.369020899183777,30.8144647592461,192,0.04896456606263341,48.964566062633416
34,115,-14.369020899183777,30.8144647592461,200,0.04961959873820265,49.619598738202654
34,115,-14.369020899183777,30.8144647592461,208,0.048707906375021794,48.70790637502179
34,115,-14.369020899183777,30.8144647592461,216,0.04714278051480792,47.14278051480792
34,115,-14.369020899183777,30.8144647592461,224,0.046969503428086215,46.96950342808621
34,115,-14.369020899183777,30.8144647592461,232,0.04785619924052417,47.85619924052417
34,115,-14.369020899183777,30.8144647592461,240,0.0480994667948878,48.0994667948878
34,115,-14.369020899183777,30.8144647592461,248,0.04829100774435766,48.291007744357664
34,115,-14.369020899183777,30.8144647592461,256,0.04918474469365437,49.18474469365437
34,115,-14.369020899183777,30.8144647592461,264,0.04906775425352548,49.06775425352548
34,115,-14.369020899183777,30.8144647592461,272,0.047562563336124186,47.562563336124185
34,115,-14.369020899183777,30.8144647592461,280,0.04661033125379389,46.61033125379389
34,115,-14.369020899183777,30.8144647592461,288,0.04719095037379601,47.190950373796014
34,115,-14.369020899183777,30.8144647592461,296,0.04789671133193801,47.896711331938015
34,115,-14.369020899183777,30.8144647592461,304,0.047961172197954816,47.96117219795482
34,115,-14.369020899183777,30.8144647592461,312,0.0486819690494872,48.6819690494872
34,115,-14.369020899183777,30.8144647592461,320,0.0492897793176792,49.2897793176792
34,115,-14.369020899183777,30.8144647592461,328,0.04830447460063486,48.30447460063486
34,115,-14.369020899183777,30.8144647592461,336,0.04682295054790212,46.822950547902124
34,115,-14.369020899183777,30.8144647592461,344,0.046784200334806327,46.78420033480633
34,115,-14.369020899183777,30.8144647592461,352,0.04778592760271699,47.785927602716995
34,115,-14.369020899183777,30.8144647592461,360,0.048155066461791796,48.1550664617918
34,120,-16.999999999999993,29.444863728670917,0,0.046008028091528805,46.00802809152881
34,120,-16.999999999999993,29.444863728670917,8,0.04633035941327813,46.33035941327813
34,120,-16.999999999999993,29.444863728670917,16,0.04726439129345496,47.264391293454956
34,120,-16.999999999999993,29.444863728670917,24,0.04720657226317514,47.20657226317514
34,120,-16.999999999999993,29.444863728670917,32,0.0456709528111164,45.6709528111164
34,120,-16.999999999999993,29.444863728670917,40,0.04466548260754795,44.66548260754795
34,120,-16.999999999999993,29.444863728670917,48,0.04524115069518881,45.24115069518881
34,120,-16.999999999999993,29.444863728670917,56,0.04596723993731892,45.967239937318915
34,120,-16.999999999999993,29.444863728670917,64,0.04596607870867973,45.96607870867973
34,120,-16.999999999999993,29.444863728670917,72,0.046612401204616495,46.612401204616496
34,120,-16.999999999999993,29.444863728670917,80,0.04716475930447215,47.16475930447215
34,120,-16.999999999999993,29.444863728670917,88,0.046235360580358,46.235360580358
34,120,-16.999999999999993,29.444863728670917,96,0.044750216889659966,44.75021688965997
34,120,-16.999999999999993,29.444863728670917,104,0.044594927981373905,44.59492798137391
34,120,-16.999999999999993,29.444863728670917,112,0.045540155626747555,45.540155626747556
34,120,-16.999999999999993,29.444863728670917,120,0.04582291766585273,45.822917665852735
34,120,-16.999999999999993,29.444863728670917,128,0.04609983528005857,46.09983528005857
34,120,-16.999999999999993,29.444863728670917,136,0.04700037466325313,47.00037466325313
34,120,-16.999999999999993,29.444863728670917,144,0.046870132229265594,46.87013222926559
34,120,-16.999999999999993,29.444863728670917,152,0.04535851918057311,45.35851918057311
34,120,-16.999999999999993,29.444863728670917,160,0.04443569247974194,44.43569247974194
34,120,-16.999999999999993,29.444863728670917,168,0.04513453974611865,45.13453974611865
34,120,-16.999999999999993,29.444863728670917,176,0.045947475144882746,45.947475144882745
34,120,-16.999999999999993,29.444863728670917,184,0.04604916065046145,46.049160650461445
34,120,-16.999999999999993,29.444863728670917,192,0.04682027143325879,46.82027143325879
34,120,-16.999999999999993,29.444863728670917,200,0.04747125764096176,47.47125764096176
34,120,-16.999999999999993,29.444863728670917,208,0.046544877541643395,46.544877541643395
34,120,-16.999999999999993,29.444863728670917,216,0.044975196500514965,44.97519650051496
34,120,-16.999999999999993,29.444863728670917,224,0.044810246592372906,44.810246592372906
34,120,-16.999999999999993,29.444863728670917,232,0.04571112104965559,45.711121049655596
34,120,-16.999999999999993,29.444863728670917,240,0.04595856130920259,45.95856130920259
34,120,-16.999999999999993,29.444863728670917,248,0.04615125327812159,46.151253278121594
34,120,-16.999999999999993,29.444863728670917,256,0.04704558146997704,47.04558146997704
34,120,-16.999999999999993,29.444863728670917,264,0.04692007057277621,46.92007057277621
34,120,-16.999999999999993,29.444863728670917,272,0.04540590970797802,45.40590970797802
34,120,-16.999999999999993,29.444863728670917,280,0.04445722891476302,44.457228914763014
34,120,-16.999999999999993,29.444863728670917,288,0.045055165805530706,45.055165805530706
34,120,-16.999999999999993,29.444863728670917,296,0.04576655764132007,45.76655764132007
34,120,-16.999999999999993,29.444863728670917,304,0.045831959716425626,45.83195971642562
34,120,-16.999999999999993,29.444863728670917,312,0.046550878673096874,46.550878673096875
34,120,-16.999999999999993,29.444863728670917,320,0.0471531645755678,47.1531645755678
34,120,-16.999999999999993,29.444863728670917,328,0.04615177927694014,46.15177927694014
34,120,-16.999999999999993,29.444863728670917,336,0.04466439741147421,44.66439741147421
34,120,-16.999999999999993,29.444863728670917,344,0.04463188280532332,44.63188280532332
34,120,-16.999999999999993,29.444863728670917,352,0.04564500857025536,45.64500857025536
34,120,-16.999999999999993,29.444863728670917,360,0.04601472524626153,46.014725246261534
34,125,-19.50159883593557,27.851169505825716,0,0.0435174484552739,43.5174484552739
34,125,-19.50159883593557,27.851169505825716,8,0.04383682136182008,43.83682136182008
34,125,-19.50159883593557,27.851169505825716,16,0.04476625379349448,44.76625379349448
34,125,-19.50159883593557,27.851169505825716,24,0.04470059097177184,44.700590971771845
34,125,-19.50159883593557,27.851169505825716,32,0.043155765883871135,43.15576588387113
34,125,-19.50159883593557,27.851169505825716,40,0.04215682688010142,42.15682688010142
34,125,-19.50159883593557,27.851169505825716,48,0.04274509078068096,42.745090780680954
34,125,-19.50159883593557,27.851169505825716,56,0.0434760387856426,43.4760387856426
34,125,-19.50159883593557,27.851169505825716,64,0.043476605425678924,43.476605425678926
34,125,-19.50159883593557,27.851169505825716,72,0.044123077711814625,44.123077711814624
34,125,-19.50159883593557,27.851169505825716,80,0.04467261641218319,44.67261641218319
34,125,-19.50159883593557,27.851169505825716,88,0.043733804508416685,43.73380450841668
34,125,-19.50159883593557,27.851169505825716,96,0.04224719458111215,42.247194581112154
34,125,-19.50159883593557,27.851169505825716,104,0.042107281465780695,42.107281465780694
34,125,-19.50159883593557,27.851169505825716,112,0.04305956477443107,43.05956477443107
34,125,-19.50159883593557,27.851169505825716,120,0.043344002837980185,43.344002837980184
34,125,-19.50159883593557,27.851169505825716,128,0.04361913228059084,43.61913228059084
34,125,-19.50159883593557,27.851169505825716,136,0.04451356901944914,44.513569019449136
34,125,-19.50159883593557,27.851169505825716,144,0.044374689390648626,44.374689390648626
34,125,-19.50159883593557,27.851169505825716,152,0.04285266116883847,42.85266116883847
34,125,-19.50159883593557,27.851169505825716,160,0.04193448723095553,41.93448723095553
34,125,-19.50159883593557,27.851169505825716,168,0.04264328454776754,42.64328454776754
34,125,-19.50159883593557,27.851169505825716,176,0.04345771688065878,43.45771688065878
34,125,-19.50159883593557,27.851169505825716,184,0.04355738544375344,43.55738544375344
34,125,-19.50159883593557,27.851169505825716,192,0.04432508767193641,44.32508767193641
34,125,-19.50159883593557,27.851169505825716,200,0.044971014542386625,44.97101454238663
34,125,-19.50159883593557,27.851169505825716,208,0.04403302726771583,44.03302726771583
34,125,-19.50159883593557,27.851169505825716,216,0.04246025636257229,42.460256362572295
34,125,-19.50159883593557,27.851169505825716,224,0.042309709712094815,42.309709712094815
34,125,-19.50159883593557,27.851169505825716,232,0.04321799997975059,43.217999979750594
34,125,-19.50159883593557,27.851169505825716,240,0.04346858021510416,43.46858021510416
34,125,-19.50159883593557,27.851169505825716,248,0.04366179376062475,43.66179376062475
34,125,-19.50159883593557,27.851169505825716,256,0.044554539920795125,44.55453992079512
34,125,-19.50159883593557,27.851169505825716,264,0.044423468680065456,44.423468680065454
34,125,-19.50159883593557,27.851169505825716,272,0.04290201396963335,42.90201396963335
34,125,-19.50159883593557,27.851169505825716,280,0.041961129153863866,41.961129153863865
34,125,-19.50159883593557,27.851169505825716,288,0.04257206771703294,42.57206771703294
34,125,-19.50159883593557,27.851169505825716,296,0.04328746274406598,43.287462744065984
34,125,-19.50159883593557,27.851169505825716,304,0.04335258406079035,43.35258406079035
34,125,-19.50159883593557,27.851169505825716,312,0.04406906583071255,44.06906583071255
34,125,-19.50159883593557,27.851169505825716,320,0.044663568917209934,44.663568917209936
34,125,-19.50159883593557,27.851169505825716,328,0.04365001013794229,43.650010137942296
34,125,-19.50159883593557,27.851169505825716,336,0.04215791437741212,42.15791437741212
34,125,-19.50159883593557,27.851169505825716,344,0.04213745553806495,42.13745553806495
34,125,-19.50159883593557,27.851169505825716,352,0.043154976558418046,43.15497655841804
34,125,-19.50159883593557,27.851169505825716,360,0.04352413590236559,43.52413590236559
34,130,-21.85477872934234,26.045511066045254,0,0.040695575812474516,40.695575812474516
34,130,-21.85477872934234,26.045511066045254,8,0.041011762951082706,41.01176295108271
34,130,-21.85477872934234,26.045511066045254,16,0.04193583536715802,41.93583536715802
34,130,-21.85477872934234,26.045511066045254,24,0.04186385203844506,41.86385203844506
34,130,-21.85477872934234,26.045511066045254,32,0.04031181306852222,40.31181306852222
34,130,-21.85477872934234,26.045511066045254,40,0.03932498824688301,39.32498824688301
34,130,-21.85477872934234,26.045511066045254,48,0.039920677873096076,39.920677873096075
34,130,-21.85477872934234,26.045511066045254,56,0.04065520688621833,40.65520688621833
34,130,-21.85477872934234,26.045511066045254,64,0.04065659347032513,40.656593470325134
34,130,-21.85477872934234,26.045511066045254,72,0.041301445454405436,41.30144545440544
34,130,-21.85477872934234,26.045511066045254,80,0.04184989678945623,41.849896789456224
34,130,-21.85477872934234,26.045511066045254,88,0.040903234011314876,40.90323401131488
34,130,-21.85477872934234,26.045511066045254,96,0.03942202396946834,39.42202396946834
34,130,-21.85477872934234,26.045511066045254,104,0.03929215500924456,39.29215500924456
34,130,-21.85477872934234,26.045511066045254,112,0.04024961077943667,40.24961077943667
34,130,-21.85477872934234,26.045511066045254,120,0.0405343229427308,40.5343229427308
34,130,-21.85477872934234,26.045511066045254,128,0.04080680153869215,40.80680153869215
34,130,-21.85477872934234,26.045511066045254,136,0.04169393137138259,41.69393137138259
34,130,-21.85477872934234,26.045511066045254,144,0.04154830581088631,41.54830581088631
34,130,-21.85477872934234,26.045511066045254,152,0.040017548378905435,40.01754837890544
34,130,-21.85477872934234,26.045511066045254,160,0.039109354751105,39.109354751104995
34,130,-21.85477872934234,26.045511066045254,168,0.03982269643981178,39.82269643981178
34,130,-21.85477872934234,26.045511066045254,176,0.040637191184495776,40.63719118449578
34,130,-21.85477872934234,26.045511066045254,184,0.04073393568918576,40.73393568918576
34,130,-21.85477872934234,26.045511066045254,192,0.04149648372274398,41.49648372274398
34,130,-21.85477872934234,26.045511066045254,200,0.04213927445996099,42.13927445996099
34,130,-21.85477872934234,26.045511066045254,208,0.0411914722505204,41.191472250520405
34,130,-21.85477872934234,26.045511066045254,216,0.03962277249660679,39.62277249660679
34,130,-21.85477872934234,26.045511066045254,224,0.03948159883921393,39.48159883921393
34,130,-21.85477872934234,26.045511066045254,232,0.04039581018753878,40.39581018753878
34,130,-21.85477872934234,26.045511066045254,240,0.040648473772210356,40.64847377221036
34,130,-21.85477872934234,26.045511066045254,248,0.04084200778422325,40.84200778422325
34,130,-21.85477872934234,26.045511066045254,256,0.04173209934967082,41.73209934967082
34,130,-21.85477872934234,26.045511066045254,264,0.04159694922328622,41.59694922328622
34,130,-21.85477872934234,26.045511066045254,272,0.04006993227955257,40.069932279552575
34,130,-21.85477872934234,26.045511066045254,280,0.03914212552057781,39.14212552057781
34,130,-21.85477872934234,26.045511066045254,288,0.03976055398409182,39.76055398409182
34,130,-21.85477872934234,26.045511066045254,296,0.04047829404926223,40.47829404926223
34,130,-21.85477872934234,26.045511066045254,304,0.040541914776876395,40.541914776876396
34,130,-21.85477872934234,26.045511066045254,312,0.04125173039395467,41.25173039395467
34,130,-21.85477872934234,26.045511066045254,320,0.041842451093346084,41.842451093346085
34,130,-21.85477872934234,26.045511066045254,328,0.04081820715739862,40.81820715739862
34,130,-21.85477872934234,26.045511066045254,336,0.03932825968386537,39.32825968386537
34,130,-21.85477872934234,26.045511066045254,344,0.03931455996621709,39.31455996621709
34,130,-21.85477872934234,26.045511066045254,352,0.04033478221433762,40.334782214337615
34,130,-21.85477872934234,26.045511066045254,360,0.04070225331886995,40.70225331886995
34,135,-24.041630560342615,24.041630560342618,0,0.037563886317835596,37.563886317835596
34,135,-24.041630560342615,24.041630560342618,8,0.037878403620531756,37.878403620531756
34,135,-24.041630560342615,24.041630560342618,16,0.03879532891308761,38.79532891308761
34,135,-24.041630560342615,24.041630560342618,24,0.03871794475934718,38.717944759347176
34,135,-24.041630560342615,24.041630560342618,32,0.03716830330778123,37.16830330778123
34,135,-24.041630560342615,24.041630560342618,40,0.03618737550440083,36.187375504400826
34,135,-24.041630560342615,24.041630560342618,48,0.03678940746008803,36.789407460088036
34,135,-24.041630560342615,24.041630560342618,56,0.03752621247306555,37.52621247306555
34,135,-24.041630560342615,24.041630560342618,64,0.03752916851788629,37.52916851788629
34,135,-24.041630560342615,24.041630560342618,72,0.03817045632367314,38.17045632367314
34,135,-24.041630560342615,24.041630560342618,80,0.03871808303702491,38.71808303702491
34,135,-24.041630560342615,24.041630560342618,88,0.03776574902307578,37.76574902307578
34,135,-24.041630560342615,24.041630560342618,96,0.036294031388317494,36.29403138831749
34,135,-24.041630560342615,24.041630560342618,104,0.03617097342391954,36.17097342391954
34,135,-24.041630560342615,24.041630560342618,112,0.0371316790883628,37.131679088362795
34,135,-24.041630560342615,24.041630560342618,120,0.037415261340638495,37.415261340638494
34,135,-24.041630560342615,24.041630560342618,128,0.037684437679303046,37.684437679303045
34,135,-24.041630560342615,24.041630560342618,136,0.03856424378938483,38.56424378938483
34,135,-24.041630560342615,24.041630560342618,144,0.03841249197563763,38.412491975637636
34,135,-24.041630560342615,24.041630560342618,152,0.03688232912183674,36.88232912183674
34,135,-24.041630560342615,24.041630560342618,160,0.035977641957930295,35.977641957930295
34,135,-24.041630560342615,24.041630560342618,168,0.03669424180087055,36.69424180087055
34,135,-24.041630560342615,24.041630560342618,176,0.03750736396002151,37.50736396002151
34,135,-24.041630560342615,24.041630560342618,184,0.037601551886186094,37.601551886186094
34,135,-24.041630560342615,24.041630560342618,192,0.03835755564633043,38.357555646330425
34,135,-24.041630560342615,24.041630560342618,200,0.03899758864556345,38.99758864556345
34,135,-24.041630560342615,24.041630560342618,208,0.03804239818529424,38.042398185294246
34,135,-24.041630560342615,24.041630560342618,216,0.03648215894079891,36.48215894079891
34,135,-24.041630560342615,24.041630560342618,224,0.03634743760513287,36.34743760513287
34,135,-24.041630560342615,24.041630560342618,232,0.03726603024142368,37.26603024142368
34,135,-24.041630560342615,24.041630560342618,240,0.03751970469337837,37.51970469337837
34,135,-24.041630560342615,24.041630560342618,248,0.03771554992433332,37.71554992433332
34,135,-24.041630560342615,24.041630560342618,256,0.038600510743198285,38.600510743198285
34,135,-24.041630560342615,24.041630560342618,264,0.0384620237222037,38.462023722203696
34,135,-24.041630560342615,24.041630560342618,272,0.03693876193436692,36.938761934366916
34,135,-24.041630560342615,24.041630560342618,280,0.03601753892314758,36.01753892314758
34,135,-24.041630560342615,24.041630560342618,288,0.036642021923853386,36.642021923853385
34,135,-24.041630560342615,24.041630560342618,296,0.037360431026898726,37.36043102689872
34,135,-24.041630560342615,24.041630560342618,304,0.03742192057374672,37.42192057374672
34,135,-24.041630560342615,24.041630560342618,312,0.038124118041467994,38.124118041467995
34,135,-24.041630560342615,24.041630560342618,320,0.03871128151405332,38.71128151405332
34,135,-24.041630560342615,24.041630560342618,328,0.03767848160067711,37.67848160067711
34,135,-24.041630560342615,24.041630560342618,336,0.03619478386005335,36.19478386005335
34,135,-24.041630560342615,24.041630560342618,344,0.03618468002959242,36.18468002959242
34,135,-24.041630560342615,24.041630560342618,352,0.03720588891985239,37.20588891985239
34,135,-24.041630560342615,24.041630560342618,360,0.037570553726134354,37.57055372613436
34,140,-26.04551106604525,21.854778729342343,0,0.03414607969462647,34.14607969462647
34,140,-26.04551106604525,21.854778729342343,8,0.03445829101115751,34.458291011157506
34,140,-26.04551106604525,21.854778729342343,16,0.03536863558168836,35.36863558168836
34,140,-26.04551106604525,21.854778729342343,24,0.03528904086499147,35.28904086499147
34,140,-26.04551106604525,21.854778729342343,32,0.03374350448080689,33.74350448080689
34,140,-26.04551106604525,21.854778729342343,40,0.032767867780167534,32.767867780167535
34,140,-26.04551106604525,21.854778729342343,48,0.03337511040021257,33.37511040021257
34,140,-26.04551106604525,21.854778729342343,56,0.034112869083006876,34.11286908300688
34,140,-26.04551106604525,21.854778729342343,64,0.0341194709791134,34.1194709791134
34,140,-26.04551106604525,21.854778729342343,72,0.03475404611825871,34.754046118258714
34,140,-26.04551106604525,21.854778729342343,80,0.03530101014858614,35.30101014858614
34,140,-26.04551106604525,21.854778729342343,88,0.03435292157305806,34.35292157305806
34,140,-26.04551106604525,21.854778729342343,96,0.03288432008683066,32.88432008683066
34,140,-26.04551106604525,21.854778729342343,104,0.03276749078629093,32.767490786290935
34,140,-26.04551106604525,21.854778729342343,112,0.03372949904403719,33.72949904403718
34,140,-26.04551106604525,21.854778729342343,120,0.034009500837305556,34.00950083730556
34,140,-26.04551106604525,21.854778729342343,128,0.034275548205082024,34.275548205082025
34,140,-26.04551106604525,21.854778729342343,136,0.035148325085711904,35.1483250857119
34,140,-26.04551106604525,21.854778729342343,144,0.03499333980685339,34.993339806853385
34,140,-26.04551106604525,21.854778729342343,152,0.033465203211654415,33.46520321165441
34,140,-26.04551106604525,21.854778729342343,160,0.032563183076767366,32.563183076767366
34,140,-26.04551106604525,21.854778729342343,168,0.03328173005975871,33.28173005975871
34,140,-26.04551106604525,21.854778729342343,176,0.03409205508225557,34.09205508225558
34,140,-26.04551106604525,21.854778729342343,184,0.034185081167061857,34.18508116706186
34,140,-26.04551106604525,21.854778729342343,192,0.03493230626438952,34.93230626438952
34,140,-26.04551106604525,21.854778729342343,200,0.035569867225243364,35.569867225243364
34,140,-26.04551106604525,21.854778729342343,208,0.03461749513914909,34.61749513914909
34,140,-26.04551106604525,21.854778729342343,216,0.03305960753332659,33.05960753332659
34,140,-26.04551106604525,21.854778729342343,224,0.032931078869301314,32.93107886930132
34,140,-26.04551106604525,21.854778729342343,232,0.03385247965660808,33.852479656608075
34,140,-26.04551106604525,21.854778729342343,240,0.0341068717297348,34.1068717297348
34,140,-26.04551106604525,21.854778729342343,248,0.03430327966165196,34.30327966165196
34,140,-26.04551106604525,21.854778729342343,256,0.03518360738157767,35.18360738157767
34,140,-26.04551106604525,21.854778729342343,264,0.03504477129573538,35.04477129573538
34,140,-26.04551106604525,21.854778729342343,272,0.03352669282849149,33.526692828491484
34,140,-26.04551106604525,21.854778729342343,280,0.03261114935225658,32.611149352256575
34,140,-26.04551106604525,21.854778729342343,288,0.03324020544831724,33.24020544831724
34,140,-26.04551106604525,21.854778729342343,296,0.03395760249719282,33.957602497192816
34,140,-26.04551106604525,21.854778729342343,304,0.034016811480625256,34.01681148062526
34,140,-26.04551106604525,21.854778729342343,312,0.03471030747573344,34.710307475733444
34,140,-26.04551106604525,21.854778729342343,320,0.03529389027048198,35.29389027048198
34,140,-26.04551106604525,21.854778729342343,328,0.03426244947583962,34.26244947583962
34,140,-26.04551106604525,21.854778729342343,336,0.03277861954526082,32.77861954526082
34,140,-26.04551106604525,21.854778729342343,344,0.032771636004381835,32.77163600438183
34,140,-26.04551106604525,21.854778729342343,352,0.03379210944221084,33.79210944221084
34,140,-26.04551106604525,21.854778729342343,360,0.03415273127191668,34.152731271916686
34,145,-27.851169505825723,19.50159883593556,0,0.030468203155527146,30.468203155527146
34,145,-27.851169505825723,19.50159883593556,8,0.030777454245037708,30.77745424503771
34,145,-27.851169505825723,19.50159883593556,16,0.03168183457830619,31.681834578306187
34,145,-27.851169505825723,19.50159883593556,24,0.031607637334346614,31.607637334346613
34,145,-27.851169505825723,19.50159883593556,32,0.030062367053294625,30.062367053294626
34,145,-27.851169505825723,19.50159883593556,40,0.029092489592719737,29.092489592719737
34,145,-27.851169505825723,19.50159883593556,48,0.029703771555704257,29.703771555704257
34,145,-27.851169505825723,19.50159883593556,56,0.030439597851853063,30.439597851853062
34,145,-27.851169505825723,19.50159883593556,64,0.030449968695611368,30.449968695611368
34,145,-27.851169505825723,19.50159883593556,72,0.031078215782710222,31.078215782710224
34,145,-27.851169505825723,19.50159883593556,80,0.03162847082123089,31.628470821230888
34,145,-27.851169505825723,19.50159883593556,88,0.030683265740539582,30.683265740539582
34,145,-27.851169505825723,19.50159883593556,96,0.029218840026852086,29.218840026852085
34,145,-27.851169505825723,19.50159883593556,104,0.02910760965431006,29.10760965431006
34,145,-27.851169505825723,19.50159883593556,112,0.030068963290889622,30.068963290889624
34,145,-27.851169505825723,19.50159883593556,120,0.030343241287274732,30.343241287274733
34,145,-27.851169505825723,19.50159883593556,128,0.030606076823271617,30.606076823271618
34,145,-27.851169505825723,19.50159883593556,136,0.03147217246428683,31.47217246428683
34,145,-27.851169505825723,19.50159883593556,144,0.03132126616208679,31.32126616208679
34,145,-27.851169505825723,19.50159883593556,152,0.029791061739496416,29.791061739496417
34,145,-27.851169505825723,19.50159883593556,160,0.028891964201408486,28.891964201408488
34,145,-27.851169505825723,19.50159883593556,168,0.029611132491357058,29.611132491357058
34,145,-27.851169505825723,19.50159883593556,176,0.0304142675858593,30.4142675858593
34,145,-27.851169505825723,19.50159883593556,184,0.030507903837838704,30.507903837838704
34,145,-27.851169505825723,19.50159883593556,192,0.031246803792939943,31.246803792939943
34,145,-27.851169505825723,19.50159883593556,200,0.031886003319646535,31.886003319646534
34,145,-27.851169505825723,19.50159883593556,208,0.030935340164614376,30.935340164614377
34,145,-27.851169505825723,19.50159883593556,216,0.029381165956993693,29.381165956993694
34,145,-27.851169505825723,19.50159883593556,224,0.029258523184552705,29.258523184552704
34,145,-27.851169505825723,19.50159883593556,232,0.030181137614200527,30.181137614200527
34,145,-27.851169505825723,19.50159883593556,240,0.030435739803967736,30.435739803967735
34,145,-27.851169505825723,19.50159883593556,248,0.030631166433263253,30.631166433263253
34,145,-27.851169505825723,19.50159883593556,256,0.031507393962573585,31.507393962573584
34,145,-27.851169505825723,19.50159883593556,264,0.03137558241589961,31.37558241589961
34,145,-27.851169505825723,19.50159883593556,272,0.02985858168429313,29.85858168429313
34,145,-27.851169505825723,19.50159883593556,280,0.02894888148937354,28.94888148937354
34,145,-27.851169505825723,19.50159883593556,288,0.029580994434935122,29.58099443493512
34,145,-27.851169505825723,19.50159883593556,296,0.0302918039849726,30.2918039849726
34,145,-27.851169505825723,19.50159883593556,304,0.030351293083550546,30.351293083550548
34,145,-27.851169505825723,19.50159883593556,312,0.031036279856471387,31.03627985647139
34,145,-27.851169505825723,19.50159883593556,320,0.03162008377014395,31.62008377014395
34,145,-27.851169505825723,19.50159883593556,328,0.03058862314495664,30.58862314495664
34,145,-27.851169505825723,19.50159883593556,336,0.029105765812659737,29.105765812659737
34,145,-27.851169505825723,19.50159883593556,344,0.029101403216469496,29.101403216469496
34,145,-27.851169505825723,19.50159883593556,352,0.030119424704534194,30.119424704534193
34,145,-27.851169505825723,19.50159883593556,360,0.030474834789129136,30.474834789129137
34,150,-29.444863728670917,16.999999999999996,0,0.02655837069076663,26.55837069076663
34,150,-29.444863728670917,16.999999999999996,8,0.026863906712512597,26.8639067125126
34,150,-29.444863728670917,16.999999999999996,16,0.027768166327436523,27.76816632743652
34,150,-29.444863728670917,16.999999999999996,24,0.027695903441351827,27.695903441351827
34,150,-29.444863728670917,16.999999999999996,32,0.026152906703799425,26.152906703799424
34,150,-29.444863728670917,16.999999999999996,40,0.025189212789317975,25.189212789317974
34,150,-29.444863728670917,16.999999999999996,48,0.02580382287686834,25.803822876868338
34,150,-29.444863728670917,16.999999999999996,56,0.02653552583586171,26.535525835861712
34,150,-29.444863728670917,16.999999999999996,64,0.026548588795463755,26.548588795463754
34,150,-29.444863728670917,16.999999999999996,72,0.02717094060540829,27.17094060540829
34,150,-29.444863728670917,16.999999999999996,80,0.027729511386160175,27.729511386160176
34,150,-29.444863728670917,16.999999999999996,88,0.026784709822204645,26.784709822204643
34,150,-29.444863728670917,16.999999999999996,96,0.02532548772491567,25.32548772491567
34,150,-29.444863728670917,16.999999999999996,104,0.02521918393328801,25.219183933288008
34,150,-29.444863728670917,16.999999999999996,112,0.026174600408518017,26.174600408518018
34,150,-29.444863728670917,16.999999999999996,120,0.026445352332107392,26.445352332107394
34,150,-29.444863728670917,16.999999999999996,128,0.026703950426774863,26.703950426774863
34,150,-29.444863728670917,16.999999999999996,136,0.027568929502193005,27.568929502193004
34,150,-29.444863728670917,16.999999999999996,144,0.027418377156237808,27.41837715623781
34,150,-29.444863728670917,16.999999999999996,152,0.02588786714047319,25.88786714047319
34,150,-29.444863728670917,16.999999999999996,160,0.024991925524237752,24.991925524237754
34,150,-29.444863728670917,16.999999999999996,168,0.02571055115659685,25.710551156596853
34,150,-29.444863728670917,16.999999999999996,176,0.026504241277602023,26.504241277602024
34,150,-29.444863728670917,16.999999999999996,184,0.026598005438332437,26.598005438332436
34,150,-29.444863728670917,16.999999999999996,192,0.0273290971311567,27.3290971311567
34,150,-29.444863728670917,16.999999999999996,200,0.02797513505704877,27.97513505704877
34,150,-29.444863728670917,16.999999999999996,208,0.027023956684392298,27.0239566843923
34,150,-29.444863728670917,16.999999999999996,216,0.0254748293732999,25.474829373299897
34,150,-29.444863728670917,16.999999999999996,224,0.02535772091719779,25.35772091719779
34,150,-29.444863728670917,16.999999999999996,232,0.026279357462121223,26.279357462121222
34,150,-29.444863728670917,16.999999999999996,240,0.02653352710674445,26.53352710674445
34,150,-29.444863728670917,16.999999999999996,248,0.026727157238117867,26.72715723811787
34,150,-29.444863728670917,16.999999999999996,256,0.027605000056609444,27.605000056609445
34,150,-29.444863728670917,16.999999999999996,264,0.02747655709306743,27.47655709306743
34,150,-29.444863728670917,16.999999999999996,272,0.02596234504244527,25.96234504244527
34,150,-29.444863728670917,16.999999999999996,280,0.025058607404272813,25.058607404272813
34,150,-29.444863728670917,16.999999999999996,288,0.02569240349951978,25.692403499519777
34,150,-29.444863728670917,16.999999999999996,296,0.0263938707310608,26.393870731060797
34,150,-29.444863728670917,16.999999999999996,304,0.026453262190824906,26.453262190824905
34,150,-29.444863728670917,16.999999999999996,312,0.027129996752302973,27.129996752302972
34,150,-29.444863728670917,16.999999999999996,320,0.027718921255450724,27.718921255450724
34,150,-29.444863728670917,16.999999999999996,328,0.026684962644723243,26.684962644723242
34,150,-29.444863728670917,16.999999999999996,336,0.02520417529688497,25.20417529688497
34,150,-29.444863728670917,16.999999999999996,344,0.025201914353518623,25.201914353518625
34,150,-29.444863728670917,16.999999999999996,352,0.026213097518710933,26.21309751871093
34,150,-29.444863728670917,16.999999999999996,360,0.02656498360103295,26.56498360103295
34,155,-30.814464759246096,14.369020899183782,0,0.022446338486223117,22.446338486223116
34,155,-30.814464759246096,14.369020899183782,8,0.022747818580545157,22.747818580545157
34,155,-30.814464759246096,14.369020899183782,16,0.023655423890518324,23.655423890518325
34,155,-30.814464759246096,14.369020899183782,24,0.023583609842902257,23.583609842902256
34,155,-30.814464759246096,14.369020899183782,32,0.022044876786177614,22.044876786177614
34,155,-30.814464759246096,14.369020899183782,40,0.02108774366329908,21.087743663299083
34,155,-30.814464759246096,14.369020899183782,48,0.02170743678314337,21.70743678314337
34,155,-30.814464759246096,14.369020899183782,56,0.022430958720849093,22.430958720849095
34,155,-30.814464759246096,14.369020899183782,64,0.02244502313542824,22.44502313542824
34,155,-30.814464759246096,14.369020899183782,72,0.02306810854923475,23.068108549234747
34,155,-30.814464759246096,14.369020899183782,80,0.02362967425583032,23.62967425583032
34,155,-30.814464759246096,14.369020899183782,88,0.022686924182604196,22.686924182604198
34,155,-30.814464759246096,14.369020899183782,96,0.02123389394290947,21.233893942909468
34,155,-30.814464759246096,14.369020899183782,104,0.021132649423298726,21.132649423298727
34,155,-30.814464759246096,14.369020899183782,112,0.022079483749202683,22.079483749202684
34,155,-30.814464759246096,14.369020899183782,120,0.022345499260362035,22.345499260362036
34,155,-30.814464759246096,14.369020899183782,128,0.022599248117649424,22.599248117649424
34,155,-30.814464759246096,14.369020899183782,136,0.02346631599576491,23.46631599576491
34,155,-30.814464759246096,14.369020899183782,144,0.023314376131269764,23.314376131269764
34,155,-30.814464759246096,14.369020899183782,152,0.02178532508229664,21.78532508229664
34,155,-30.814464759246096,14.369020899183782,160,0.020892748694496137,20.892748694496138
34,155,-30.814464759246096,14.369020899183782,168,0.021610517456446543,21.610517456446544
34,155,-30.814464759246096,14.369020899183782,176,0.02239287345492262,22.392873454922622
34,155,-30.814464759246096,14.369020899183782,184,0.022485142656224484,22.485142656224482
34,155,-30.814464759246096,14.369020899183782,192,0.023215202677228847,23.215202677228845
34,155,-30.814464759246096,14.369020899183782,200,0.023862874339149246,23.862874339149247
34,155,-30.814464759246096,14.369020899183782,208,0.022913112688525257,22.913112688525256
34,155,-30.814464759246096,14.369020899183782,216,0.021370327362357628,21.370327362357628
34,155,-30.814464759246096,14.369020899183782,224,0.021259879551536312,21.25987955153631
34,155,-30.814464759246096,14.369020899183782,232,0.022177440344975104,22.177440344975103
34,155,-30.814464759246096,14.369020899183782,240,0.022429931832911285,22.429931832911286
34,155,-30.814464759246096,14.369020899183782,248,0.02262134466335905,22.62134466335905
34,155,-30.814464759246096,14.369020899183782,256,0.02350414456159272,23.50414456159272
34,155,-30.814464759246096,14.369020899183782,264,0.023377369264241478,23.377369264241477
34,155,-30.814464759246096,14.369020899183782,272,0.021867635616404375,21.867635616404375
34,155,-30.814464759246096,14.369020899183782,280,0.020969934431753733,20.96993443175373
34,155,-30.814464759246096,14.369020899183782,288,0.021604868796402867,21.604868796402865
34,155,-30.814464759246096,14.369020899183782,296,0.02229495586128586,22.29495586128586
34,155,-30.814464759246096,14.369020899183782,304,0.02235238517123736,22.35238517123736
34,155,-30.814464759246096,14.369020899183782,312,0.02302735660181021,23.02735660181021
34,155,-30.814464759246096,14.369020899183782,320,0.023615949591736424,23.615949591736424
34,155,-30.814464759246096,14.369020899183782,328,0.022581177188640833,22.581177188640833
34,155,-30.814464759246096,14.369020899183782,336,0.021103541457606307,21.10354145760631
34,155,-30.814464759246096,14.369020899183782,344,0.02110349024078345,21.10349024078345
34,155,-30.814464759246096,14.369020899183782,352,0.02210563036597678,22.105630365976783
34,155,-30.814464759246096,14.369020899183782,360,0.02245293403600225,22.45293403600225
34,160,-31.949549106720884,11.628684873072743,0,0.0181634015898861,18.1634015898861
34,160,-31.949549106720884,11.628684873072743,8,0.01846583798691519,18.46583798691519
34,160,-31.949549106720884,11.628684873072743,16,0.019372431969878978,19.372431969878978
34,160,-31.949549106720884,11.628684873072743,24,0.019302053576352885,19.302053576352886
34,160,-31.949549106720884,11.628684873072743,32,0.017769541888598576,17.769541888598578
34,160,-31.949549106720884,11.628684873072743,40,0.0168218503485034,16.8218503485034
34,160,-31.949549106720884,11.628684873072743,48,0.01744245706893162,17.44245706893162
34,160,-31.949549106720884,11.628684873072743,56,0.018157134740965822,18.157134740965823
34,160,-31.949549106720884,11.628684873072743,64,0.01817146932364892,18.171469323648918
34,160,-31.949549106720884,11.628684873072743,72,0.018796345387155695,18.796345387155696
34,160,-31.949549106720884,11.628684873072743,80,0.019360161666352484,19.360161666352486
34,160,-31.949549106720884,11.628684873072743,88,0.018421095444766184,18.421095444766184
34,160,-31.949549106720884,11.628684873072743,96,0.016975198180086463,16.975198180086462
34,160,-31.949549106720884,11.628684873072743,104,0.01687978513265977,16.87978513265977
34,160,-31.949549106720884,11.628684873072743,112,0.017815028554291637,17.815028554291636
34,160,-31.949549106720884,11.628684873072743,120,0.01807488442947361,18.07488442947361
34,160,-31.949549106720884,11.628684873072743,128,0.018328474210798622,18.32847421079862
34,160,-31.949549106720884,11.628684873072743,136,0.0191930871124242,19.193087112424198
34,160,-31.949549106720884,11.628684873072743,144,0.019040497013046196,19.040497013046195
34,160,-31.949549106720884,11.628684873072743,152,0.017514658387212112,17.514658387212112
34,160,-31.949549106720884,11.628684873072743,160,0.016626928656971834,16.626928656971835
34,160,-31.949549106720884,11.628684873072743,168,0.017341104152786495,17.341104152786496
34,160,-31.949549106720884,11.628684873072743,176,0.018111454109463455,18.111454109463455
34,160,-31.949549106720884,11.628684873072743,184,0.018201622063453417,18.201622063453417
34,160,-31.949549106720884,11.628684873072743,192,0.018931793724597624,18.931793724597625
34,160,-31.949549106720884,11.628684873072743,200,0.019580517953062086,19.580517953062085
34,160,-31.949549106720884,11.628684873072743,208,0.01863409418201728,18.63409418201728
34,160,-31.949549106720884,11.628684873072743,216,0.01709889766283622,17.098897662836222
34,160,-31.949549106720884,11.628684873072743,224,0.01699740934705326,16.99740934705326
34,160,-31.949549106720884,11.628684873072743,232,0.017906648263820935,17.906648263820934
34,160,-31.949549106720884,11.628684873072743,240,0.01815618482032063,18.15618482032063
34,160,-31.949549106720884,11.628684873072743,248,0.018350229825601264,18.350229825601264
34,160,-31.949549106720884,11.628684873072743,256,0.019233576178773987,19.233576178773987
34,160,-31.949549106720884,11.628684873072743,264,0.019109216223956352,19.109216223956352
34,160,-31.949549106720884,11.628684873072743,272,0.017605616617355758,17.605616617355757
34,160,-31.949549106720884,11.628684873072743,280,0.01671573495571562,16.71573495571562
34,160,-31.949549106720884,11.628684873072743,288,0.017348373302231768,17.348373302231767
34,160,-31.949549106720884,11.628684873072743,296,0.018026254592799232,18.026254592799233
34,160,-31.949549106720884,11.628684873072743,304,0.018080833355581086,18.080833355581085
34,160,-31.949549106720884,11.628684873072743,312,0.018754970239493608,18.75497023949361
34,160,-31.949549106720884,11.628684873072743,320,0.019342394870803928,19.34239487080393
34,160,-31.949549106720884,11.628684873072743,328,0.018308499061963614,18.308499061963612
34,160,-31.949549106720884,11.628684873072743,336,0.016835072594371076,16.835072594371077
34,160,-31.949549106720884,11.628684873072743,344,0.01683784009346194,16.83784009346194
34,160,-31.949549106720884,11.628684873072743,352,0.01782848451185286,17.82848451185286
34,160,-31.949549106720884,11.628684873072743,360,0.01816998127415031,18.16998127415031
34,165,-32.84147809382832,8.799847533485714,0,0.013742306393996827,13.742306393996827
34,165,-32.84147809382832,8.799847533485714,8,0.014045393227540165,14.045393227540165
34,165,-32.84147809382832,8.799847533485714,16,0.01495178672017577,14.95178672017577
34,165,-32.84147809382832,8.799847533485714,24,0.014883819870166511,14.883819870166512
34,165,-32.84147809382832,8.799847533485714,32,0.013359439891150671,13.359439891150672
34,165,-32.84147809382832,8.799847533485714,40,0.012423321351649464,12.423321351649465
34,165,-32.84147809382832,8.799847533485714,48,0.013041342805123361,13.041342805123362
34,165,-32.84147809382832,8.799847533485714,56,0.013746580277304288,13.746580277304288
34,165,-32.84147809382832,8.799847533485714,64,0.013762360518549713,13.762360518549713
34,165,-32.84147809382832,8.799847533485714,72,0.01438725571060045,14.38725571060045
34,165,-32.84147809382832,8.799847533485714,80,0.01495346718653478,14.95346718653478
34,165,-32.84147809382832,8.799847533485714,88,0.014019689141163392,14.019689141163392
34,165,-32.84147809382832,8.799847533485714,96,0.012588370166782284,12.588370166782283
34,165,-32.84147809382832,8.799847533485714,104,0.01249119454158241,12.49119454158241
34,165,-32.84147809382832,8.799847533485714,112,0.013413689902766585,13.413689902766585
34,165,-32.84147809382832,8.799847533485714,120,0.01366603197494943,13.66603197494943
34,165,-32.84147809382832,8.799847533485714,128,0.013919027141573198,13.919027141573197
34,165,-32.84147809382832,8.799847533485714,136,0.0147817647042192,14.7817647042192
34,165,-32.84147809382832,8.799847533485714,144,0.014629266602295573,14.629266602295573
34,165,-32.84147809382832,8.799847533485714,152,0.013108369407468217,13.108369407468217
34,165,-32.84147809382832,8.799847533485714,160,0.012226586548593288,12.226586548593287
34,165,-32.84147809382832,8.799847533485714,168,0.012934804058799815,12.934804058799815
34,165,-32.84147809382832,8.799847533485714,176,0.01369256742763514,13.69256742763514
34,165,-32.84147809382832,8.799847533485714,184,0.013782028091812587,13.782028091812586
34,165,-32.84147809382832,8.799847533485714,192,0.014510556271577846,14.510556271577846
34,165,-32.84147809382832,8.799847533485714,200,0.015160657216642908,15.160657216642909
34,165,-32.84147809382832,8.799847533485714,208,0.01421946707944488,14.21946707944488
34,165,-32.84147809382832,8.799847533485714,216,0.012700585544166289,12.70058554416629
34,165,-32.84147809382832,8.799847533485714,224,0.012599568930082693,12.599568930082693
34,165,-32.84147809382832,8.799847533485714,232,0.01349948452517106,13.499484525171061
34,165,-32.84147809382832,8.799847533485714,240,0.013744887209908368,13.744887209908368
34,165,-32.84147809382832,8.799847533485714,248,0.013941225048286038,13.941225048286038
34,165,-32.84147809382832,8.799847533485714,256,0.014825796512186164,14.825796512186164
34,165,-32.84147809382832,8.799847533485714,264,0.014704581194029911,14.704581194029911
34,165,-32.84147809382832,8.799847533485714,272,0.013208724583359591,13.208724583359592
34,165,-32.84147809382832,8.799847533485714,280,0.012327920316457273,12.327920316457273
34,165,-32.84147809382832,8.799847533485714,288,0.012955311517859364,12.955311517859364
34,165,-32.84147809382832,8.799847533485714,296,0.01362025431976641,13.62025431976641
34,165,-32.84147809382832,8.799847533485714,304,0.013673013186823972,13.673013186823972
34,165,-32.84147809382832,8.799847533485714,312,0.014344444344404213,14.344444344404213
34,165,-32.84147809382832,8.799847533485714,320,0.014930781424522446,14.930781424522445
34,165,-32.84147809382832,8.799847533485714,328,0.013899445925149176,13.899445925149175
34,165,-32.84147809382832,8.799847533485714,336,0.012437107377364249,12.43710737736425
34,165,-32.84147809382832,8.799847533485714,344,0.012436081558500966,12.436081558500966
34,165,-32.84147809382832,8.799847533485714,352,0.013414211618900338,13.414211618900337
34,165,-32.84147809382832,8.799847533485714,360,0.013748873719833632,13.748873719833632
34,170,-33.48346360241507,5.904038040675629,0,0.009216743711058632,9.216743711058632
34,170,-33.48346360241507,5.904038040675629,8,0.009520126556176442,9.520126556176441
34,170,-33.48346360241507,5.904038040675629,16,0.0104271319210175,10.4271319210175
34,170,-33.48346360241507,5.904038040675629,24,0.010362534150649633,10.362534150649633
34,170,-33.48346360241507,5.904038040675629,32,0.008864272001950283,8.864272001950283
34,170,-33.48346360241507,5.904038040675629,40,0.007923291485177415,7.9232914851774146
34,170,-33.48346360241507,5.904038040675629,48,0.008537589128731628,8.537589128731629
34,170,-33.48346360241507,5.904038040675629,56,0.009230088455461695,9.230088455461695
34,170,-33.48346360241507,5.904038040675629,64,0.009248716048376205,9.248716048376204
34,170,-33.48346360241507,5.904038040675629,72,0.00987439535428868,9.87439535428868
34,170,-33.48346360241507,5.904038040675629,80,0.010443128422203487,10.443128422203486
34,170,-33.48346360241507,5.904038040675629,88,0.009519316132730663,9.519316132730664
34,170,-33.48346360241507,5.904038040675629,96,0.008101861046476644,8.101861046476644
34,170,-33.48346360241507,5.904038040675629,104,0.008000277474368137,8.000277474368136
34,170,-33.48346360241507,5.904038040675629,112,0.008908964639366593,8.908964639366593
34,170,-33.48346360241507,5.904038040675629,120,0.00915250234567635,9.15250234567635
34,170,-33.48346360241507,5.904038040675629,128,0.009404465464666877,9.404465464666877
34,170,-33.48346360241507,5.904038040675629,136,0.010265921598305652,10.265921598305653
34,170,-33.48346360241507,5.904038040675629,144,0.010114257026017443,10.114257026017443
34,170,-33.48346360241507,5.904038040675629,152,0.00861421422644769,8.614214226447691
34,170,-33.48346360241507,5.904038040675629,160,0.007724022059830986,7.724022059830986
34,170,-33.48346360241507,5.904038040675629,168,0.008425151778798459,8.425151778798458
34,170,-33.48346360241507,5.904038040675629,176,0.00916706026857562,9.16706026857562
34,170,-33.48346360241507,5.904038040675629,184,0.009257359642032998,9.257359642032998
34,170,-33.48346360241507,5.904038040675629,192,0.009985138604803129,9.98513860480313
34,170,-33.48346360241507,5.904038040675629,200,0.01063692993888074,10.63692993888074
34,170,-33.48346360241507,5.904038040675629,208,0.009706041267588368,9.706041267588368
34,170,-33.48346360241507,5.904038040675629,216,0.008203193133545972,8.203193133545971
34,170,-33.48346360241507,5.904038040675629,224,0.008099828521686378,8.099828521686378
34,170,-33.48346360241507,5.904038040675629,232,0.008989490306194833,8.989490306194833
34,170,-33.48346360241507,5.904038040675629,240,0.009229633449416953,9.229633449416953
34,170,-33.48346360241507,5.904038040675629,248,0.009427885519998565,9.427885519998565
34,170,-33.48346360241507,5.904038040675629,256,0.010314351426582104,10.314351426582103
34,170,-33.48346360241507,5.904038040675629,264,0.01019698610663123,10.196986106631229
34,170,-33.48346360241507,5.904038040675629,272,0.008725694788944225,8.725694788944224
34,170,-33.48346360241507,5.904038040675629,280,0.007838275604891887,7.838275604891887
34,170,-33.48346360241507,5.904038040675629,288,0.008459117296067945,8.459117296067944
34,170,-33.48346360241507,5.904038040675629,296,0.009107495522647727,9.107495522647728
34,170,-33.48346360241507,5.904038040675629,304,0.009159949440448952,9.159949440448953
34,170,-33.48346360241507,5.904038040675629,312,0.009829345681752012,9.829345681752013
34,170,-33.48346360241507,5.904038040675629,320,0.01041468429502318,10.41468429502318
34,170,-33.48346360241507,5.904038040675629,328,0.009390529743313891,9.390529743313891
34,170,-33.48346360241507,5.904038040675629,336,0.007938712554797974,7.9387125547979736
34,170,-33.48346360241507,5.904038040675629,344,0.007931714676206028,7.931714676206028
34,170,-33.48346360241507,5.904038040675629,352,0.008896406969245398,8.896406969245398
34,170,-33.48346360241507,5.904038040675629,360,0.00922330282708068,9.22330282708068
34,175,-33.87061973511935,2.9632952534203785,0,0.0046209914506209525,4.620991450620952
34,175,-33.87061973511935,2.9632952534203785,8,0.004924477984623874,4.9244779846238735
34,175,-33.87061973511935,2.9632952534203785,16,0.005832902927487092,5.832902927487092
34,175,-33.87061973511935,2.9632952534203785,24,0.005781315209414337,5.781315209414337
34,175,-33.87061973511935,2.9632952534203785,32,0.004301604674992868,4.301604674992868
34,175,-33.87061973511935,2.9632952534203785,40,0.0033560086935634733,3.3560086935634734
34,175,-33.87061973511935,2.9632952534203785,48,0.003964478619068195,3.9644786190681947
34,175,-33.87061973511935,2.9632952534203785,56,0.004643099040231837,4.643099040231838
34,175,-33.87061973511935,2.9632952534203785,64,0.004664887472959527,4.664887472959527
34,175,-33.87061973511935,2.9632952534203785,72,0.005292109910471564,5.292109910471564
34,175,-33.87061973511935,2.9632952534203785,80,0.005863471774772204,5.863471774772204
34,175,-33.87061973511935,2.9632952534203785,88,0.004970030642021098,4.970030642021098
34,175,-33.87061973511935,2.9632952534203785,96,0.0035473157066478788,3.5473157066478787
34,175,-33.87061973511935,2.9632952534203785,104,0.003441212521588355,3.441212521588355
34,175,-33.87061973511935,2.9632952534203785,112,0.004326744410747424,4.326744410747424
34,175,-33.87061973511935,2.9632952534203785,120,0.004568622032924255,4.568622032924255
34,175,-33.87061973511935,2.9632952534203785,128,0.004819147720407845,4.819147720407845
34,175,-33.87061973511935,2.9632952534203785,136,0.005679926087460228,5.679926087460228
34,175,-33.87061973511935,2.9632952534203785,144,0.00553797115624196,5.5379711562419605
34,175,-33.87061973511935,2.9632952534203785,152,0.004051727873306888,4.051727873306889
34,175,-33.87061973511935,2.9632952534203785,160,0.0031535024251671978,3.153502425167198
34,175,-33.87061973511935,2.9632952534203785,168,0.003845426905692423,3.845426905692423
34,175,-33.87061973511935,2.9632952534203785,176,0.004570444731026024,4.570444731026024
34,175,-33.87061973511935,2.9632952534203785,184,0.004662052173087017,4.662052173087017
34,175,-33.87061973511935,2.9632952534203785,192,0.005389981885239578,5.389981885239578
34,175,-33.87061973511935,2.9632952534203785,200,0.006043764415860552,6.043764415860552
34,175,-33.87061973511935,2.9632952534203785,208,0.005144469810870786,5.144469810870786
34,175,-33.87061973511935,2.9632952534203785,216,0.003638075085353497,3.638075085353497
34,175,-33.87061973511935,2.9632952534203785,224,0.0035324338633897917,3.532433863389792
34,175,-33.87061973511935,2.9632952534203785,232,0.004403099328592003,4.4030993285920035
34,175,-33.87061973511935,2.9632952534203785,240,0.004644705149789545,4.644705149789545
34,175,-33.87061973511935,2.9632952534203785,248,0.004844560479778081,4.844560479778082
34,175,-33.87061973511935,2.9632952534203785,256,0.005733575743148316,5.733575743148315
34,175,-33.87061973511935,2.9632952534203785,264,0.005629311147179604,5.629311147179604
34,175,-33.87061973511935,2.9632952534203785,272,0.004174893886306716,4.174893886306716
34,175,-33.87061973511935,2.9632952534203785,280,0.003280969728196123,3.280969728196123
34,175,-33.87061973511935,2.9632952534203785,288,0.0038929557859510807,3.892955785951081
34,175,-33.87061973511935,2.9632952534203785,296,0.00452347336986369,4.52347336986369
34,175,-33.87061973511935,2.9632952534203785,304,0.004575989256628392,4.575989256628392
34,175,-33.87061973511935,2.9632952534203785,312,0.0052440368786509095,5.24403687865091
34,175,-33.87061973511935,2.9632952534203785,320,0.005828473708355672,5.828473708355672
34,175,-33.87061973511935,2.9632952534203785,328,0.004831072378000845,4.831072378000845
34,175,-33.87061973511935,2.9632952534203785,336,0.0033718923916489655,3.3718923916489656
34,175,-33.87061973511935,2.9632952534203785,344,0.003359020398362509,3.3590203983625093
34,175,-33.87061973511935,2.9632952534203785,352,0.004301313559422468,4.301313559422468
34,175,-33.87061973511935,2.9632952534203785,360,0.004627544504576914,4.627544504576914
34,180,-34.0,4.1637991171010006e-15,0,-9.973937623244018e-06,-0.009973937623244018
34,180,-34.0,4.1637991171010006e-15,8,0.0002934231734404204,0.2934231734404204
34,180,-34.0,4.1637991171010006e-15,16,0.0012040645962965815,1.2040645962965815
34,180,-34.0,4.1637991171010006e-15,24,0.0011820373657324041,1.1820373657324041
34,180,-34.0,4.1637991171010006e-15,32,-0.0002950436804225002,-0.2950436804225002
34,180,-34.0,4.1637991171010006e-15,40,-0.0012437672433474646,-1.2437672433474647
34,180,-34.0,4.1637991171010006e-15,48,-0.0006568963446966641,-0.6568963446966641
34,180,-34.0,4.1637991171010006e-15,56,2.1847119353633065e-05,0.021847119353633065
34,180,-34.0,4.1637991171010006e-15,64,4.576049554994195e-05,0.04576049554994195
34,180,-34.0,4.1637991171010006e-15,72,0.000675273338236126,0.675273338236126
34,180,-34.0,4.1637991171010006e-15,80,0.0012626792234501614,1.2626792234501614
34,180,-34.0,4.1637991171010006e-15,88,0.0003853189880198513,0.3853189880198513
34,180,-34.0,4.1637991171010006e-15,96,-0.0010406030125582378,-1.040603012558238
34,180,-34.0,4.1637991171010006e-15,104,-0.0011574212914810579,-1.157421291481058
34,180,-34.0,4.1637991171010006e-15,112,-0.00029182263224235283,-0.29182263224235283
34,180,-34.0,4.1637991171010006e-15,120,-5.072286630426285e-05,-0.05072286630426285
34,180,-34.0,4.1637991171010006e-15,128,0.0001979709455204176,0.1979709455204176
34,180,-34.0,4.1637991171010006e-15,136,0.0010586803666202242,1.0586803666202242
34,180,-34.0,4.1637991171010006e-15,144,0.0009417885563635225,0.9417885563635224
34,180,-34.0,4.1637991171010006e-15,152,-0.0005454293966423449,-0.5454293966423449
34,180,-34.0,4.1637991171010006e-15,160,-0.0014501879412230725,-1.4501879412230725
34,180,-34.0,4.1637991171010006e-15,168,-0.0007838884964029106,-0.7838884964029106
34,180,-34.0,4.1637991171010006e-15,176,-6.096621179563684e-05,-0.06096621179563684
34,180,-34.0,4.1637991171010006e-15,184,3.107874953583537e-05,0.031078749535835372
34,180,-34.0,4.1637991171010006e-15,192,0.0007600580301545163,0.7600580301545163
34,180,-34.0,4.1637991171010006e-15,200,0.0014295423233194001,1.4295423233194002
34,180,-34.0,4.1637991171010006e-15,208,0.0005476644766380332,0.5476644766380332
34,180,-34.0,4.1637991171010006e-15,216,-0.0009600252955707886,-0.9600252955707886
34,180,-34.0,4.1637991171010006e-15,224,-0.0010736743261795267,-1.0736743261795267
34,180,-34.0,4.1637991171010006e-15,232,-0.00021888383958496477,-0.21888383958496477
34,180,-34.0,4.1637991171010006e-15,240,2.4996383841712368e-05,0.024996383841712367
34,180,-34.0,4.1637991171010006e-15,248,0.0002261317986679718,0.2261317986679718
34,180,-34.0,4.1637991171010006e-15,256,0.0011183319307837049,1.118331930783705
34,180,-34.0,4.1637991171010006e-15,264,0.0010432193911982985,1.0432193911982985
34,180,-34.0,4.1637991171010006e-15,272,-0.0004101853399269458,-0.4101853399269458
34,180,-34.0,4.1637991171010006e-15,280,-0.001309313464131855,-1.3093134641318551
34,180,-34.0,4.1637991171010006e-15,288,-0.0007229600311822182,-0.7229600311822182
34,180,-34.0,4.1637991171010006e-15,296,-9.54954818699107e-05,-0.0954954818699107
34,180,-34.0,4.1637991171010006e-15,304,-4.398065976805865e-05,-0.04398065976805865
34,180,-34.0,4.1637991171010006e-15,312,0.0006234149037776596,0.6234149037776595
34,180,-34.0,4.1637991171010006e-15,320,0.0012196883888432341,1.2196883888432342
34,180,-34.0,4.1637991171010006e-15,328,0.00023570401158538634,0.23570401158538634
34,180,-34.0,4.1637991171010006e-15,336,-0.0012285968531198278,-1.228596853119828
34,180,-34.0,4.1637991171010006e-15,344,-0.0012533098736535093,-1.2533098736535093
34,180,-34.0,4.1637991171010006e-15,352,-0.0003300107627272388,-0.3300107627272388
34,180,-34.0,4.1637991171010006e-15,360,-3.4247518486777797e-06,-0.0034247518486777797
68,90,4.1637991171010006e-15,68.0,0,0.1056832940381039,105.68329403810391
68,90,4.1637991171010006e-15,68.0,8,0.1060737941880074,106.0737941880074
68,90,4.1637991171010006e-15,68.0,16,0.10717509444928233,107.17509444928233
68,90,4.1637991171010006e-15,68.0,24,0.10728580461168682,107.28580461168683
68,90,4.1637991171010006e-15,68.0,32,0.10581692276076139,105.81692276076139
68,90,4.1637991171010006e-15,68.0,40,0.10475157394926927,104.75157394926927
68,90,4.1637991171010006e-15,68.0,48,0.10510044652763875,105.10044652763875
68,90,4.1637991171010006e-15,68.0,56,0.1055850865701321,105.5850865701321
68,90,4.1637991171010006e-15,68.0,64,0.10551378376210264,105.51378376210265
68,90,4.1637991171010006e-15,68.0,72,0.10628823384683322,106.28823384683322
68,90,4.1637991171010006e-15,68.0,80,0.10699453392904329,106.99453392904329
68,90,4.1637991171010006e-15,68.0,88,0.10617454633430712,106.17454633430712
68,90,4.1637991171010006e-15,68.0,96,0.10471341310327804,104.71341310327804
68,90,4.1637991171010006e-15,68.0,104,0.10439974641952365,104.39974641952365
68,90,4.1637991171010006e-15,68.0,112,0.10513334278158433,105.13334278158433
68,90,4.1637991171010006e-15,68.0,120,0.1053059724765001,105.3059724765001
68,90,4.1637991171010006e-15,68.0,128,0.10567145792005497,105.67145792005498
68,90,4.1637991171010006e-15,68.0,136,0.10676921581759807,106.76921581759807
68,90,4.1637991171010006e-15,68.0,144,0.10684939274762487,106.84939274762486
68,90,4.1637991171010006e-15,68.0,152,0.10544289127543308,105.44289127543307
68,90,4.1637991171010006e-15,68.0,160,0.10450402172053226,104.50402172053226
68,90,4.1637991171010006e-15,68.0,168,0.1050311773826331,105.03117738263309
68,90,4.1637991171010006e-15,68.0,176,0.10565395422842523,105.65395422842523
68,90,4.1637991171010006e-15,68.0,184,0.10573276518195315,105.73276518195316
68,90,4.1637991171010006e-15,68.0,192,0.10666594132765442,106.66594132765442
68,90,4.1637991171010006e-15,68.0,200,0.1074823485558827,107.48234855588271
68,90,4.1637991171010006e-15,68.0,208,0.1066649911313697,106.66499113136969
68,90,4.1637991171010006e-15,68.0,216,0.10511550482791607,105.11550482791607
68,90,4.1637991171010006e-15,68.0,224,0.10477631031701852,104.77631031701851
68,90,4.1637991171010006e-15,68.0,232,0.10542868399303391,105.42868399303391
68,90,4.1637991171010006e-15,68.0,240,0.1055160807475667,105.5160807475667
68,90,4.1637991171010006e-15,68.0,248,0.10573840538989095,105.73840538989094
68,90,4.1637991171010006e-15,68.0,256,0.10677608196099858,106.77608196099858
68,90,4.1637991171010006e-15,68.0,264,0.10681400820994283,106.81400820994283
68,90,4.1637991171010006e-15,68.0,272,0.10536826801969201,105.36826801969201
68,90,4.1637991171010006e-15,68.0,280,0.10436808682912797,104.36808682912798
68,90,4.1637991171010006e-15,68.0,288,0.10476495814832328,104.76495814832327
68,90,4.1637991171010006e-15,68.0,296,0.10527734951825235,105.27734951825235
68,90,4.1637991171010006e-15,68.0,304,0.10532970626743589,105.32970626743588
68,90,4.1637991171010006e-15,68.0,312,0.10623005944478012,106.23005944478011
68,90,4.1637991171010006e-15,68.0,320,0.10704521498331918,107.04521498331917
68,90,4.1637991171010006e-15,68.0,328,0.10618964205652572,106.18964205652571
68,90,4.1637991171010006e-15,68.0,336,0.10476370133796359,104.76370133796358
68,90,4.1637991171010006e-15,68.0,344,0.10461268747965537,104.61268747965536
68,90,4.1637991171010006e-15,68.0,352,0.10542936760003677,105.42936760003677
68,90,4.1637991171010006e-15,68.0,360,0.10568993730701409,105.68993730701409
68,95,-5.92659050684076,67.7412394702387,0,0.10529368619340103,105.29368619340103
68,95,-5.92659050684076,67.7412394702387,8,0.10575820566008089,105.75820566008089
68,95,-5.92659050684076,67.7412394702387,16,0.10680116957096648,106.80116957096648
68,95,-5.92659050684076,67.7412394702387,24,0.10691257286177283,106.91257286177283
68,95,-5.92659050684076,67.7412394702387,32,0.10539376428356981,105.39376428356981
68,95,-5.92659050684076,67.7412394702387,40,0.10428438408304753,104.28438408304754
68,95,-5.92659050684076,67.7412394702387,48,0.10456604584817103,104.56604584817103
68,95,-5.92659050684076,67.7412394702387,56,0.1051422879954595,105.1422879954595
68,95,-5.92659050684076,67.7412394702387,64,0.10515780345216166,105.15780345216166
68,95,-5.92659050684076,67.7412394702387,72,0.1058983713270758,105.89837132707581
68,95,-5.92659050684076,67.7412394702387,80,0.10663661149012604,106.63661149012604
68,95,-5.92659050684076,67.7412394702387,88,0.10578652124141347,105.78652124141347
68,95,-5.92659050684076,67.7412394702387,96,0.1042665447993959,104.2665447993959
68,95,-5.92659050684076,67.7412394702387,104,0.1039328888221066,103.9328888221066
68,95,-5.92659050684076,67.7412394702387,112,0.10466584663079277,104.66584663079277
68,95,-5.92659050684076,67.7412394702387,120,0.10492791047256946,104.92791047256945
68,95,-5.92659050684076,67.7412394702387,128,0.10537034745933149,105.3703474593315
68,95,-5.92659050684076,67.7412394702387,136,0.10641581083872494,106.41581083872494
68,95,-5.92659050684076,67.7412394702387,144,0.10649177161480597,106.49177161480597
68,95,-5.92659050684076,67.7412394702387,152,0.10503536284991327,105.03536284991327
68,95,-5.92659050684076,67.7412394702387,160,0.10405775886622406,104.05775886622406
68,95,-5.92659050684076,67.7412394702387,168,0.10451155080161223,104.51155080161223
68,95,-5.92659050684076,67.7412394702387,176,0.10522290420972315,105.22290420972315
68,95,-5.92659050684076,67.7412394702387,184,0.1053844890390841,105.3844890390841
68,95,-5.92659050684076,67.7412394702387,192,0.10627792521715218,106.27792521715219
68,95,-5.92659050684076,67.7412394702387,200,0.10712106806102069,107.1210680610207
68,95,-5.92659050684076,67.7412394702387,208,0.10626941705823574,106.26941705823575
68,95,-5.92659050684076,67.7412394702387,216,0.10465521734688465,104.65521734688465
68,95,-5.92659050684076,67.7412394702387,224,0.10429024429516866,104.29024429516866
68,95,-5.92659050684076,67.7412394702387,232,0.10494040974900777,104.94040974900777
68,95,-5.92659050684076,67.7412394702387,240,0.1051168055660529,105.1168055660529
68,95,-5.92659050684076,67.7412394702387,248,0.10541747363324558,105.41747363324558
68,95,-5.92659050684076,67.7412394702387,256,0.10640350769216618,106.40350769216619
68,95,-5.92659050684076,67.7412394702387,264,0.10644600174942409,106.44600174942408
68,95,-5.92659050684076,67.7412394702387,272,0.10495486099714536,104.95486099714536
68,95,-5.92659050684076,67.7412394702387,280,0.10391848560017293,103.91848560017293
68,95,-5.92659050684076,67.7412394702387,288,0.10424940073438188,104.24940073438188
68,95,-5.92659050684076,67.7412394702387,296,0.1048558209951285,104.8558209951285
68,95,-5.92659050684076,67.7412394702387,304,0.10499465707864197,104.99465707864198
68,95,-5.92659050684076,67.7412394702387,312,0.10586134789743484,105.86134789743484
68,95,-5.92659050684076,67.7412394702387,320,0.1067005297046952,106.7005297046952
68,95,-5.92659050684076,67.7412394702387,328,0.10580992258342956,105.80992258342955
68,95,-5.92659050684076,67.7412394702387,336,0.10432181970175428,104.32181970175428
68,95,-5.92659050684076,67.7412394702387,344,0.10414519800696251,104.1451980069625
68,95,-5.92659050684076,67.7412394702387,352,0.10495471988961796,104.95471988961796
68,95,-5.92659050684076,67.7412394702387,360,0.10530031462138903,105.30031462138903
68,100,-11.80807608135126,66.96692720483014,0,0.10412776761372851,104.12776761372851
68,100,-11.80807608135126,66.96692720483014,8,0.10452752058006343,104.52752058006342
68,100,-11.80807608135126,66.96692720483014,16,0.10562487435642255,105.62487435642255
68,100,-11.80807608135126,66.96692720483014,24,0.10574018691933391,105.74018691933391
68,100,-11.80807608135126,66.96692720483014,32,0.10413650977478398,104.13650977478397
68,100,-11.80807608135126,66.96692720483014,40,0.10296346181846827,102.96346181846828
68,100,-11.80807608135126,66.96692720483014,48,0.10325295147148825,103.25295147148825
68,100,-11.80807608135126,66.96692720483014,56,0.10392478500185866,103.92478500185865
68,100,-11.80807608135126,66.96692720483014,64,0.10398997761691416,103.98997761691416
68,100,-11.80807608135126,66.96692720483014,72,0.10469842743952286,104.69842743952286
68,100,-11.80807608135126,66.96692720483014,80,0.10547887265420731,105.47887265420731
68,100,-11.80807608135126,66.96692720483014,88,0.10460190261105096,104.60190261105096
68,100,-11.80807608135126,66.96692720483014,96,0.10301014099488837,103.01014099488836
68,100,-11.80807608135126,66.96692720483014,104,0.10259776156907015,102.59776156907014
68,100,-11.80807608135126,66.96692720483014,112,0.10342290867529726,103.42290867529725
68,100,-11.80807608135126,66.96692720483014,120,0.1037755366038963,103.7755366038963
68,100,-11.80807608135126,66.96692720483014,128,0.10415918327238985,104.15918327238985
68,100,-11.80807608135126,66.96692720483014,136,0.10525503681167138,105.25503681167137
68,100,-11.80807608135126,66.96692720483014,144,0.10533539860681132,105.33539860681132
68,100,-11.80807608135126,66.96692720483014,152,0.10379772397474235,103.79772397474235
68,100,-11.80807608135126,66.96692720483014,160,0.10275500133855928,102.75500133855928
68,100,-11.80807608135126,66.96692720483014,168,0.10321206413725173,103.21206413725173
68,100,-11.80807608135126,66.96692720483014,176,0.10401533908397632,104.01533908397633
68,100,-11.80807608135126,66.96692720483014,184,0.10422227280954006,104.22227280954006
68,100,-11.80807608135126,66.96692720483014,192,0.10507730295853782,105.07730295853781
68,100,-11.80807608135126,66.96692720483014,200,0.10595834288942936,105.95834288942936
68,100,-11.80807608135126,66.96692720483014,208,0.10507528742483044,105.07528742483044
68,100,-11.80807608135126,66.96692720483014,216,0.10338188750829043,103.38188750829043
68,100,-11.80807608135126,66.96692720483014,224,0.1029365848970106,102.9365848970106
68,100,-11.80807608135126,66.96692720483014,232,0.10367591760622169,103.67591760622169
68,100,-11.80807608135126,66.96692720483014,240,0.10394339973337433,103.94339973337432
68,100,-11.80807608135126,66.96692720483014,248,0.10418367826614353,104.18367826614353
68,100,-11.80807608135126,66.96692720483014,256,0.1052299644864311,105.2299644864311
68,100,-11.80807608135126,66.96692720483014,264,0.10528104719371496,105.28104719371497
68,100,-11.80807608135126,66.96692720483014,272,0.10371112019470727,103.71112019470726
68,100,-11.80807608135126,66.96692720483014,280,0.10261526041858973,102.61526041858973
68,100,-11.80807608135126,66.96692720483014,288,0.10295642803888722,102.95642803888721
68,100,-11.80807608135126,66.96692720483014,296,0.10366002873396202,103.66002873396202
68,100,-11.80807608135126,66.96692720483014,304,0.10384809532415891,103.8480953241589
68,100,-11.80807608135126,66.96692720483014,312,0.1046813362971826,104.6813362971826
68,100,-11.80807608135126,66.96692720483014,320,0.10555311552621752,105.55311552621751
68,100,-11.80807608135126,66.96692720483014,328,0.10463171778928226,104.63171778928226
68,100,-11.80807608135126,66.96692720483014,336,0.10306961847996626,103.06961847996627
68,100,-11.80807608135126,66.96692720483014,344,0.10280671137484372,102.80671137484372
68,100,-11.80807608135126,66.96692720483014,352,0.10370226439811814,103.70226439811813
68,100,-11.80807608135126,66.96692720483014,360,0.10413439188907231,104.1343918890723
68,105,-17.599695066971417,65.68295618765664,0,0.10213097217189279,102.1309721718928
68,105,-17.599695066971417,65.68295618765664,8,0.10251615113640158,102.51615113640159
68,105,-17.599695066971417,65.68295618765664,16,0.10366040954567113,103.66040954567113
68,105,-17.599695066971417,65.68295618765664,24,0.10376924480083168,103.76924480083167
68,105,-17.599695066971417,65.68295618765664,32,0.1020747773879617,102.0747773879617
68,105,-17.599695066971417,65.68295618765664,40,0.10081372892955123,100.81372892955123
68,105,-17.599695066971417,65.68295618765664,48,0.10117115683866507,101.17115683866507
68,105,-17.599695066971417,65.68295618765664,56,0.10194184352225938,101.94184352225938
68,105,-17.599695066971417,65.68295618765664,64,0.10194610213235958,101.94610213235958
68,105,-17.599695066971417,65.68295618765664,72,0.10271221687377459,102.7122168737746
68,105,-17.599695066971417,65.68295618765664,80,0.10353333537993761,103.53333537993761
68,105,-17.599695066971417,65.68295618765664,88,0.10256999940986827,102.56999940986827
68,105,-17.599695066971417,65.68295618765664,96,0.10090139633427678,100.90139633427678
68,105,-17.599695066971417,65.68295618765664,104,0.10049137195000193,100.49137195000193
68,105,-17.599695066971417,65.68295618765664,112,0.10141398842344553,101.41398842344553
68,105,-17.599695066971417,65.68295618765664,120,0.10179496257258587,101.79496257258587
68,105,-17.599695066971417,65.68295618765664,128,0.10216705532273118,102.16705532273119
68,105,-17.599695066971417,65.68295618765664,136,0.10330638193193387,103.30638193193387
68,105,-17.599695066971417,65.68295618765664,144,0.10338129294082798,103.38129294082799
68,105,-17.599695066971417,65.68295618765664,152,0.10175706291795586,101.75706291795586
68,105,-17.599695066971417,65.68295618765664,160,0.1006210480369448,100.6210480369448
68,105,-17.599695066971417,65.68295618765664,168,0.10114260726771891,101.14260726771892
68,105,-17.599695066971417,65.68295618765664,176,0.10204044915093946,102.04044915093947
68,105,-17.599695066971417,65.68295618765664,184,0.10218233459620868,102.18233459620868
68,105,-17.599695066971417,65.68295618765664,192,0.10308769079315896,103.08769079315897
68,105,-17.599695066971417,65.68295618765664,200,0.10400552529757362,104.00552529757363
68,105,-17.599695066971417,65.68295618765664,208,0.10303009644910091,103.03009644910091
68,105,-17.599695066971417,65.68295618765664,216,0.10125644946581132,101.25644946581131
68,105,-17.599695066971417,65.68295618765664,224,0.10081034108068365,100.81034108068366
68,105,-17.599695066971417,65.68295618765664,232,0.10164483111340344,101.64483111340344
68,105,-17.599695066971417,65.68295618765664,240,0.10194058387431477,101.94058387431477
68,105,-17.599695066971417,65.68295618765664,248,0.10217224105691025,102.17224105691025
68,105,-17.599695066971417,65.68295618765664,256,0.10327058891369884,103.27058891369883
68,105,-17.599695066971417,65.68295618765664,264,0.10331981447949773,103.31981447949772
68,105,-17.599695066971417,65.68295618765664,272,0.10166548573497876,101.66548573497876
68,105,-17.599695066971417,65.68295618765664,280,0.10048356741289019,100.4835674128902
68,105,-17.599695066971417,65.68295618765664,288,0.10089588036477028,100.89588036477028
68,105,-17.599695066971417,65.68295618765664,296,0.10169907343589951,101.6990734358995
68,105,-17.599695066971417,65.68295618765664,304,0.10182757721080289,101.82757721080289
68,105,-17.599695066971417,65.68295618765664,312,0.10270761670335106,102.70761670335106
68,105,-17.599695066971417,65.68295618765664,320,0.10361627155683978,103.61627155683978
68,105,-17.599695066971417,65.68295618765664,328,0.10260730035055138,102.60730035055138
68,105,-17.599695066971417,65.68295618765664,336,0.10096220262404987,100.96220262404987
68,105,-17.599695066971417,65.68295618765664,344,0.10069457757415204,100.69457757415204
68,105,-17.599695066971417,65.68295618765664,352,0.10168153306808099,101.681533068081
68,105,-17.599695066971417,65.68295618765664,360,0.10213757641506618,102.13757641506618
68,110,-23.25736974614547,63.899098213441775,0,0.0993001336891739,99.30013368917389
68,110,-23.25736974614547,63.899098213441775,8,0.09974223048263225,99.74223048263225
68,110,-23.25736974614547,63.899098213441775,16,0.10092348397217743,100.92348397217744
68,110,-23.25736974614547,63.899098213441775,24,0.10095711237839358,100.95711237839359
68,110,-23.25736974614547,63.899098213441775,32,0.09917612371379421,99.17612371379421
68,110,-23.25736974614547,63.899098213441775,40,0.09790291394651754,97.90291394651754
68,110,-23.25736974614547,63.899098213441775,48,0.0983365056638792,98.33650566387921
68,110,-23.25736974614547,63.899098213441775,56,0.09912160135781045,99.12160135781045
68,110,-23.25736974614547,63.899098213441775,64,0.09914556324102403,99.14556324102402
68,110,-23.25736974614547,63.899098213441775,72,0.09995894710732922,99.95894710732922
68,110,-23.25736974614547,63.899098213441775,80,0.10079259157729449,100.79259157729449
68,110,-23.25736974614547,63.899098213441775,88,0.0997512410906973,99.7512410906973
68,110,-23.25736974614547,63.899098213441775,96,0.09800498519323354,98.00498519323354
68,110,-23.25736974614547,63.899098213441775,104,0.09762975086177589,97.62975086177589
68,110,-23.25736974614547,63.899098213441775,112,0.09865437497137337,98.65437497137337
68,110,-23.25736974614547,63.899098213441775,120,0.09898312478582752,98.98312478582751
68,110,-23.25736974614547,63.899098213441775,128,0.09940943898276866,99.40943898276866
68,110,-23.25736974614547,63.899098213441775,136,0.10058621547946012,100.58621547946012
68,110,-23.25736974614547,63.899098213441775,144,0.10059045223668298,100.59045223668298
68,110,-23.25736974614547,63.899098213441775,152,0.09887620063890429,98.8762006389043
68,110,-23.25736974614547,63.899098213441775,160,0.09772528787127079,97.72528787127078
68,110,-23.25736974614547,63.899098213441775,168,0.0983189300093631,98.3189300093631
68,110,-23.25736974614547,63.899098213441775,176,0.09922759500070155,99.22759500070156
68,110,-23.25736974614547,63.899098213441775,184,0.09938175652618467,99.38175652618467
68,110,-23.25736974614547,63.899098213441775,192,0.10032857436178746,100.32857436178746
68,110,-23.25736974614547,63.899098213441775,200,0.10125510111630316,101.25510111630317
68,110,-23.25736974614547,63.899098213441775,208,0.10019628174685424,100.19628174685424
68,110,-23.25736974614547,63.899098213441775,216,0.09834236321835756,98.34236321835756
68,110,-23.25736974614547,63.899098213441775,224,0.09792769484549116,97.92769484549116
68,110,-23.25736974614547,63.899098213441775,232,0.098862608065167,98.862608065167
68,110,-23.25736974614547,63.899098213441775,240,0.09910501468056028,99.10501468056027
68,110,-23.25736974614547,63.899098213441775,248,0.09940207681737073,99.40207681737073
68,110,-23.25736974614547,63.899098213441775,256,0.10054118926952756,100.54118926952755
68,110,-23.25736974614547,63.899098213441775,264,0.10052048508614908,100.52048508614908
68,110,-23.25736974614547,63.899098213441775,272,0.09878280146222142,98.78280146222141
68,110,-23.25736974614547,63.899098213441775,280,0.09759227275785382,97.59227275785382
68,110,-23.25736974614547,63.899098213441775,288,0.09808343972402384,98.08343972402383
68,110,-23.25736974614547,63.899098213441775,296,0.0989023855987872,98.90238559878719
68,110,-23.25736974614547,63.899098213441775,304,0.09904538446753333,99.04538446753334
68,110,-23.25736974614547,63.899098213441775,312,0.09996574331776638,99.96574331776638
68,110,-23.25736974614547,63.899098213441775,320,0.1008836788432344,100.8836788432344
68,110,-23.25736974614547,63.899098213441775,328,0.0997942513341969,99.7942513341969
68,110,-23.25736974614547,63.899098213441775,336,0.09806479320945562,98.06479320945562
68,110,-23.25736974614547,63.899098213441775,344,0.09782487121845196,97.82487121845196
68,110,-23.25736974614547,63.899098213441775,352,0.09890790488507903,98.90790488507903
68,110,-23.25736974614547,63.899098213441775,360,0.09930669447372321,99.30669447372321
68,115,-28.738041798367554,61.6289295184922,0,0.09572552413142328,95.72552413142328
68,115,-28.738041798367554,61.6289295184922,8,0.09622181136760474,96.22181136760474
68,115,-28.738041798367554,61.6289295184922,16,0.0974029894737027,97.4029894737027
68,115,-28.738041798367554,61.6289295184922,24,0.09737766341597875,97.37766341597876
68,115,-28.738041798367554,61.6289295184922,32,0.09552683230077408,95.52683230077407
68,115,-28.738041798367554,61.6289295184922,40,0.09425316992898616,94.25316992898617
68,115,-28.738041798367554,61.6289295184922,48,0.09476480740799512,94.76480740799512
68,115,-28.738041798367554,61.6289295184922,56,0.09551895549442438,95.51895549442438
68,115,-28.738041798367554,61.6289295184922,64,0.09560970751998182,95.60970751998182
68,115,-28.738041798367554,61.6289295184922,72,0.09645957218557921,96.45957218557922
68,115,-28.738041798367554,61.6289295184922,80,0.09724963726557548,97.24963726557547
68,115,-28.738041798367554,61.6289295184922,88,0.09613706022886995,96.13706022886994
68,115,-28.738041798367554,61.6289295184922,96,0.09436758422250122,94.36758422250122
68,115,-28.738041798367554,61.6289295184922,104,0.09403467696876744,94.03467696876744
68,115,-28.738041798367554,61.6289295184922,112,0.09506695156273853,95.06695156273854
68,115,-28.738041798367554,61.6289295184922,120,0.09542600648262042,95.42600648262042
68,115,-28.738041798367554,61.6289295184922,128,0.0959067590749472,95.90675907494719
68,115,-28.738041798367554,61.6289295184922,136,0.09708494011267173,97.08494011267173
68,115,-28.738041798367554,61.6289295184922,144,0.09703149530125699,97.03149530125698
68,115,-28.738041798367554,61.6289295184922,152,0.095244273451881,95.244273451881
68,115,-28.738041798367554,61.6289295184922,160,0.09408975932490585,94.08975932490584
68,115,-28.738041798367554,61.6289295184922,168,0.09475688639123493,94.75688639123493
68,115,-28.738041798367554,61.6289295184922,176,0.09563112367460125,95.63112367460124
68,115,-28.738041798367554,61.6289295184922,184,0.09584187736871211,95.8418773687121
68,115,-28.738041798367554,61.6289295184922,192,0.09682095220646611,96.8209522064661
68,115,-28.738041798367554,61.6289295184922,200,0.0976999374953059,97.69993749530589
68,115,-28.738041798367554,61.6289295184922,208,0.09656690762436973,96.56690762436973
68,115,-28.738041798367554,61.6289295184922,216,0.09468576038338053,94.68576038338053
68,115,-28.738041798367554,61.6289295184922,224,0.09431058486987233,94.31058486987233
68,115,-28.738041798367554,61.6289295184922,232,0.09525102172498352,95.25102172498352
68,115,-28.738041798367554,61.6289295184922,240,0.09553113416915199,95.53113416915198
68,115,-28.738041798367554,61.6289295184922,248,0.09588781119588637,95.88781119588637
68,115,-28.738041798367554,61.6289295184922,256,0.09703056013479716,97.03056013479716
68,115,-28.738041798367554,61.6289295184922,264,0.09695528573155812,96.95528573155812
68,115,-28.738041798367554,61.6289295184922,272,0.0951511192683366,95.1511192683366
68,115,-28.738041798367554,61.6289295184922,280,0.0939633809516169,93.9633809516169
68,115,-28.738041798367554,61.6289295184922,288,0.09453480808006022,94.53480808006022
68,115,-28.738041798367554,61.6289295184922,296,0.09532412157325572,95.32412157325572
68,115,-28.738041798367554,61.6289295184922,304,0.09552270264776089,95.5227026477609
68,115,-28.738041798367554,61.6289295184922,312,0.09647658345248124,96.47658345248124
68,115,-28.738041798367554,61.6289295184922,320,0.09734972039099254,97.34972039099254
68,115,-28.738041798367554,61.6289295184922,328,0.09618282154858566,96.18282154858566
68,115,-28.738041798367554,61.6289295184922,336,0.0944243565600976,94.42435656009759
68,115,-28.738041798367554,61.6289295184922,344,0.09421943250588641,94.2194325058864
68,115,-28.738041798367554,61.6289295184922,352,0.09530502482880521,95.3050248288052
68,115,-28.738041798367554,61.6289295184922,360,0.09573202717061503,95.73202717061503
68,120,-33.999999999999986,58.889727457341834,0,0.091434629246269,91.434629246269
68,120,-33.999999999999986,58.889727457341834,8,0.09198168630647158,91.98168630647157
68,120,-33.999999999999986,58.889727457341834,16,0.0931258643385349,93.1258643385349
68,120,-33.999999999999986,58.889727457341834,24,0.09304930627910377,93.04930627910376
68,120,-33.999999999999986,58.889727457341834,32,0.09115933077362777,91.15933077362777
68,120,-33.999999999999986,58.889727457341834,40,0.0898922736327062,89.8922736327062
68,120,-33.999999999999986,58.889727457341834,48,0.09040371042326811,90.40371042326811
68,120,-33.999999999999986,58.889727457341834,56,0.09119760957485051,91.19760957485052
68,120,-33.999999999999986,58.889727457341834,64,0.09135823361138834,91.35823361138834
68,120,-33.999999999999986,58.889727457341834,72,0.09220987484081425,92.20987484081425
68,120,-33.999999999999986,58.889727457341834,80,0.09296501985877816,92.96501985877815
68,120,-33.999999999999986,58.889727457341834,88,0.09180249564793125,91.80249564793125
68,120,-33.999999999999986,58.889727457341834,96,0.0900168762397899,90.01687623978991
68,120,-33.999999999999986,58.889727457341834,104,0.08971829581343127,89.71829581343127
68,120,-33.999999999999986,58.889727457341834,112,0.09075150456707021,90.75150456707021
68,120,-33.999999999999986,58.889727457341834,120,0.09115288528010149,91.15288528010149
68,120,-33.999999999999986,58.889727457341834,128,0.09168567310834128,91.68567310834128
68,120,-33.999999999999986,58.889727457341834,136,0.0928293404021221,92.8293404021221
68,120,-33.999999999999986,58.889727457341834,144,0.09272190705496455,92.72190705496455
68,120,-33.999999999999986,58.889727457341834,152,0.09089379338521737,90.89379338521738
68,120,-33.999999999999986,58.889727457341834,160,0.08974213096528001,89.74213096528001
68,120,-33.999999999999986,58.889727457341834,168,0.09040581870070848,90.40581870070848
68,120,-33.999999999999986,58.889727457341834,176,0.09130923494285881,91.30923494285881
68,120,-33.999999999999986,58.889727457341834,184,0.09158420936957187,91.58420936957187
68,120,-33.999999999999986,58.889727457341834,192,0.0925610539398711,92.5610539398711
68,120,-33.999999999999986,58.889727457341834,200,0.09340179016064479,93.4017901606448
68,120,-33.999999999999986,58.889727457341834,208,0.09221533279277745,92.21533279277745
68,120,-33.999999999999986,58.889727457341834,216,0.09031446991637163,90.31446991637162
68,120,-33.999999999999986,58.889727457341834,224,0.08997102008851361,89.97102008851361
68,120,-33.999999999999986,58.889727457341834,232,0.09091172506701778,90.91172506701778
68,120,-33.999999999999986,58.889727457341834,240,0.09124449662627267,91.24449662627266
68,120,-33.999999999999986,58.889727457341834,248,0.09165618987580831,91.65618987580831
68,120,-33.999999999999986,58.889727457341834,256,0.09276556489818241,92.76556489818242
68,120,-33.999999999999986,58.889727457341834,264,0.0926420573386239,92.6420573386239
68,120,-33.999999999999986,58.889727457341834,272,0.09080286972292591,90.8028697229259
68,120,-33.999999999999986,58.889727457341834,280,0.08962451005200969,89.6245100520097
68,120,-33.999999999999986,58.889727457341834,288,0.09019830737466614,90.19830737466614
68,120,-33.999999999999986,58.889727457341834,296,0.09101917438949138,91.01917438949138
68,120,-33.999999999999986,58.889727457341834,304,0.0912838368878717,91.2838368878717
68,120,-33.999999999999986,58.889727457341834,312,0.09223750012962002,92.23750012962002
68,120,-33.999999999999986,58.889727457341834,320,0.09307176319763945,93.07176319763944
68,120,-33.999999999999986,58.889727457341834,328,0.09184917880581513,91.84917880581513
68,120,-33.999999999999986,58.889727457341834,336,0.09006859859703323,90.06859859703323
68,120,-33.999999999999986,58.889727457341834,344,0.0898906997549925,89.8906997549925
68,120,-33.999999999999986,58.889727457341834,352,0.09097247655643628,90.97247655643628
68,120,-33.999999999999986,58.889727457341834,360,0.09144107250930691,91.44107250930692
68,125,-39.00319767187114,55.70233901165143,0,0.08646032922364978,86.46032922364978
68,125,-39.00319767187114,55.70233901165143,8,0.0870315021960525,87.0315021960525
68,125,-39.00319767187114,55.70233901165143,16,0.08813896958556633,88.13896958556633
68,125,-39.00319767187114,55.70233901165143,24,0.08802795640042355,88.02795640042355
68,125,-39.00319767187114,55.70233901165143,32,0.0861068584561463,86.1068584561463
68,125,-39.00319767187114,55.70233901165143,40,0.0848372230628398,84.83722306283981
68,125,-39.00319767187114,55.70233901165143,48,0.08536640446509826,85.36640446509826
68,125,-39.00319767187114,55.70233901165143,56,0.08619523003972214,86.19523003972213
68,125,-39.00319767187114,55.70233901165143,64,0.08642217201969132,86.42217201969132
68,125,-39.00319767187114,55.70233901165143,72,0.08725942897543994,87.25942897543993
68,125,-39.00319767187114,55.70233901165143,80,0.08797508073038625,87.97508073038625
68,125,-39.00319767187114,55.70233901165143,88,0.08678053600162372,86.78053600162372
68,125,-39.00319767187114,55.70233901165143,96,0.08498597275987732,84.98597275987733
68,125,-39.00319767187114,55.70233901165143,104,0.08468342322647832,84.68342322647831
68,125,-39.00319767187114,55.70233901165143,112,0.08574705251811623,85.74705251811623
68,125,-39.00319767187114,55.70233901165143,120,0.08619804088452707,86.19804088452706
68,125,-39.00319767187114,55.70233901165143,128,0.0867565108935181,86.7565108935181
68,125,-39.00319767187114,55.70233901165143,136,0.08786292199523255,87.86292199523254
68,125,-39.00319767187114,55.70233901165143,144,0.08771945618111937,87.71945618111937
68,125,-39.00319767187114,55.70233901165143,152,0.08585787021911237,85.85787021911237
68,125,-39.00319767187114,55.70233901165143,160,0.0846997802867155,84.6997802867155
68,125,-39.00319767187114,55.70233901165143,168,0.08537521994453542,85.37521994453543
68,125,-39.00319767187114,55.70233901165143,176,0.08630399889889717,86.30399889889718
68,125,-39.00319767187114,55.70233901165143,184,0.08663992167603081,86.63992167603081
68,125,-39.00319767187114,55.70233901165143,192,0.08759831655170755,87.59831655170755
68,125,-39.00319767187114,55.70233901165143,200,0.08839689941873559,88.39689941873559
68,125,-39.00319767187114,55.70233901165143,208,0.08717467536409847,87.17467536409846
68,125,-39.00319767187114,55.70233901165143,216,0.08526175997724209,85.26175997724208
68,125,-39.00319767187114,55.70233901165143,224,0.08491139205942944,84.91139205942943
68,125,-39.00319767187114,55.70233901165143,232,0.08589092397321199,85.890923973212
68,125,-39.00319767187114,55.70233901165143,240,0.08627641431908556,86.27641431908556
68,125,-39.00319767187114,55.70233901165143,248,0.0867160387724737,86.71603877247371
68,125,-39.00319767187114,55.70233901165143,256,0.08779241178905026,87.79241178905026
68,125,-39.00319767187114,55.70233901165143,264,0.08763779395964266,87.63779395964266
68,125,-39.00319767187114,55.70233901165143,272,0.08577114563057478,85.77114563057478
68,125,-39.00319767187114,55.70233901165143,280,0.08459292678995195,84.59292678995195
68,125,-39.00319767187114,55.70233901165143,288,0.08518420543676353,85.18420543676353
68,125,-39.00319767187114,55.70233901165143,296,0.0860322866810102,86.0322866810102
68,125,-39.00319767187114,55.70233901165143,304,0.08635980621591322,86.35980621591321
68,125,-39.00319767187114,55.70233901165143,312,0.08729706037395724,87.29706037395724
68,125,-39.00319767187114,55.70233901165143,320,0.08808626610793976,88.08626610793976
68,125,-39.00319767187114,55.70233901165143,328,0.08682630474388282,86.82630474388283
68,125,-39.00319767187114,55.70233901165143,336,0.08503066926843995,85.03066926843995
68,125,-39.00319767187114,55.70233901165143,344,0.0848420050219088,84.8420050219088
68,125,-39.00319767187114,55.70233901165143,352,0.08595090748179593,85.95090748179592
68,125,-39.00319767187114,55.70233901165143,360,0.0864667205558815,86.46672055588151
68,130,-43.70955745868468,52.09102213209051,0,0.08084083003873897,80.84083003873897
68,130,-43.70955745868468,52.09102213209051,8,0.08142677050499292,81.42677050499292
68,130,-43.70955745868468,52.09102213209051,16,0.08249181647213127,82.49181647213128
68,130,-43.70955745868468,52.09102213209051,24,0.08235182928448882,82.35182928448883
68,130,-43.70955745868468,52.09102213209051,32,0.080407867713432,80.407867713432
68,130,-43.70955745868468,52.09102213209051,40,0.07912180359448093,79.12180359448092
68,130,-43.70955745868468,52.09102213209051,48,0.07969532143611295,79.69532143611295
68,130,-43.70955745868468,52.09102213209051,56,0.08055057819723718,80.55057819723719
68,130,-43.70955745868468,52.09102213209051,64,0.0808299102536365,80.82991025363651
68,130,-43.70955745868468,52.09102213209051,72,0.08164199424709935,81.64199424709935
68,130,-43.70955745868468,52.09102213209051,80,0.0823306923671651,82.3306923671651
68,130,-43.70955745868468,52.09102213209051,88,0.08110940143519799,81.10940143519798
68,130,-43.70955745868468,52.09102213209051,96,0.07929482443870874,79.29482443870873
68,130,-43.70955745868468,52.09102213209051,104,0.0790116830205688,79.0116830205688
68,130,-43.70955745868468,52.09102213209051,112,0.08010119317109782,80.10119317109782
68,130,-43.70955745868468,52.09102213209051,120,0.08059938786777329,80.59938786777329
68,130,-43.70955745868468,52.09102213209051,128,0.0811736748272417,81.17367482724171
68,130,-43.70955745868468,52.09102213209051,136,0.08223629666772958,82.23629666772958
68,130,-43.70955745868468,52.09102213209051,144,0.0820622143514339,82.06221435143391
68,130,-43.70955745868468,52.09102213209051,152,0.08017483036963369,80.17483036963368
68,130,-43.70955745868468,52.09102213209051,160,0.07899653508475048,78.99653508475048
68,130,-43.70955745868468,52.09102213209051,168,0.07970476588313852,79.70476588313852
68,130,-43.70955745868468,52.09102213209051,176,0.08065483404738369,80.65483404738369
68,130,-43.70955745868468,52.09102213209051,184,0.08103809790782474,81.03809790782473
68,130,-43.70955745868468,52.09102213209051,192,0.08196703476082369,81.9670347608237
68,130,-43.70955745868468,52.09102213209051,200,0.08273554664796276,82.73554664796276
68,130,-43.70955745868468,52.09102213209051,208,0.0814832977849973,81.4832977849973
68,130,-43.70955745868468,52.09102213209051,216,0.07954724783490015,79.54724783490015
68,130,-43.70955745868468,52.09102213209051,224,0.07921703930557536,79.21703930557536
68,130,-43.70955745868468,52.09102213209051,232,0.08022850838722206,80.22850838722206
68,130,-43.70955745868468,52.09102213209051,240,0.08066481160486746,80.66481160486747
68,130,-43.70955745868468,52.09102213209051,248,0.08112342320540256,81.12342320540256
68,130,-43.70955745868468,52.09102213209051,256,0.08216095718732833,82.16095718732832
68,130,-43.70955745868468,52.09102213209051,264,0.08198058106058537,81.98058106058537
68,130,-43.70955745868468,52.09102213209051,272,0.08009424144986414,80.09424144986414
68,130,-43.70955745868468,52.09102213209051,280,0.07890236424538066,78.90236424538067
68,130,-43.70955745868468,52.09102213209051,288,0.07953204591401222,79.53204591401223
68,130,-43.70955745868468,52.09102213209051,296,0.08040314194919634,80.40314194919634
68,130,-43.70955745868468,52.09102213209051,304,0.08077949146161789,80.7794914616179
68,130,-43.70955745868468,52.09102213209051,312,0.08168701052906714,81.68701052906714
68,130,-43.70955745868468,52.09102213209051,320,0.08244464875031898,82.44464875031898
68,130,-43.70955745868468,52.09102213209051,328,0.08115242646729434,81.15242646729435
68,130,-43.70955745868468,52.09102213209051,336,0.07933022783549173,79.33022783549174
68,130,-43.70955745868468,52.09102213209051,344,0.07915371422729583,79.15371422729584
68,130,-43.70955745868468,52.09102213209051,352,0.08028621282995078,80.28621282995078
68,130,-43.70955745868468,52.09102213209051,360,0.08084718073535807,80.84718073535807
68,135,-48.08326112068523,48.083261120685236,0,0.07461933663688516,74.61933663688517
68,135,-48.08326112068523,48.083261120685236,8,0.07520283300961987,75.20283300961987
68,135,-48.08326112068523,48.083261120685236,16,0.07623323839719431,76.23323839719431
68,135,-48.08326112068523,48.083261120685236,24,0.07606412368599108,76.06412368599108
68,135,-48.08326112068523,48.083261120685236,32,0.07408171855341314,74.08171855341314
68,135,-48.08326112068523,48.083261120685236,40,0.07281630578358525,72.81630578358525
68,135,-48.08326112068523,48.083261120685236,48,0.073426290320936,73.426290320936
68,135,-48.08326112068523,48.083261120685236,56,0.07431177688688806,74.31177688688805
68,135,-48.08326112068523,48.083261120685236,64,0.07463134956596046,74.63134956596046
68,135,-48.08326112068523,48.083261120685236,72,0.0754168896480977,75.41688964809771
68,135,-48.08326112068523,48.083261120685236,80,0.07607481197273366,76.07481197273367
68,135,-48.08326112068523,48.083261120685236,88,0.07483052036489779,74.8305203648978
68,135,-48.08326112068523,48.083261120685236,96,0.07299379505536803,72.99379505536803
68,135,-48.08326112068523,48.083261120685236,104,0.07274625716660393,72.74625716660394
68,135,-48.08326112068523,48.083261120685236,112,0.07385689492470883,73.85689492470883
68,135,-48.08326112068523,48.083261120685236,120,0.07439979274773438,74.39979274773438
68,135,-48.08326112068523,48.083261120685236,128,0.07497110330030052,74.97110330030051
68,135,-48.08326112068523,48.083261120685236,136,0.07599877804680734,75.99877804680735
68,135,-48.08326112068523,48.083261120685236,144,0.075793236592168,75.793236592168
68,135,-48.08326112068523,48.083261120685236,152,0.07386396057784514,73.86396057784513
68,135,-48.08326112068523,48.083261120685236,160,0.07269757941799579,72.69757941799578
68,135,-48.08326112068523,48.083261120685236,168,0.07343512376050379,73.43512376050379
68,135,-48.08326112068523,48.083261120685236,176,0.07441011349835014,74.41011349835014
68,135,-48.08326112068523,48.083261120685236,184,0.07482789913537015,74.82789913537015
68,135,-48.08326112068523,48.083261120685236,192,0.07572602157792645,75.72602157792645
68,135,-48.08326112068523,48.083261120685236,200,0.0764608181613301,76.4608181613301
68,135,-48.08326112068523,48.083261120685236,208,0.07518274309225684,75.18274309225684
68,135,-48.08326112068523,48.083261120685236,216,0.07322166707791142,73.22166707791142
68,135,-48.08326112068523,48.083261120685236,224,0.07293132924387948,72.93132924387947
68,135,-48.08326112068523,48.083261120685236,232,0.07396757271071731,73.96757271071732
68,135,-48.08326112068523,48.083261120685236,240,0.07445253946696741,74.45253946696741
68,135,-48.08326112068523,48.083261120685236,248,0.07491352041225764,74.91352041225764
68,135,-48.08326112068523,48.083261120685236,256,0.07592014283271692,75.92014283271692
68,135,-48.08326112068523,48.083261120685236,264,0.07571347344753232,75.71347344753232
68,135,-48.08326112068523,48.083261120685236,272,0.073791919378733,73.791919378733
68,135,-48.08326112068523,48.083261120685236,280,0.0726195933606428,72.61959336064281
68,135,-48.08326112068523,48.083261120685236,288,0.07328236856615997,73.28236856615996
68,135,-48.08326112068523,48.083261120685236,296,0.0741797385666971,74.1797385666971
68,135,-48.08326112068523,48.083261120685236,304,0.07459166091229757,74.59166091229757
68,135,-48.08326112068523,48.083261120685236,312,0.07546793807433544,75.46793807433544
68,135,-48.08326112068523,48.083261120685236,320,0.07618984723937025,76.18984723937025
68,135,-48.08326112068523,48.083261120685236,328,0.07486895424029202,74.86895424029203
68,135,-48.08326112068523,48.083261120685236,336,0.07301784140270169,73.01784140270169
68,135,-48.08326112068523,48.083261120685236,344,0.07286913137707392,72.86913137707391
68,135,-48.08326112068523,48.083261120685236,352,0.0740215043476375,74.0215043476375
68,135,-48.08326112068523,48.083261120685236,360,0.07462566213357515,74.62566213357515
68,140,-52.0910221320905,43.709557458684685,0,0.06784255891133012,67.84255891133012
68,140,-52.0910221320905,43.709557458684685,8,0.06841963656037055,68.41963656037055
68,140,-52.0910221320905,43.709557458684685,16,0.06941086691893851,69.41086691893851
68,140,-52.0910221320905,43.709557458684685,24,0.06920538281321849,69.20538281321849
68,140,-52.0910221320905,43.709557458684685,32,0.06719877194626916,67.19877194626916
68,140,-52.0910221320905,43.709557458684685,40,0.06596338014432394,65.96338014432395
68,140,-52.0910221320905,43.709557458684685,48,0.0666070222316984,66.6070222316984
68,140,-52.0910221320905,43.709557458684685,56,0.06752628367824008,67.52628367824008
68,140,-52.0910221320905,43.709557458684685,64,0.0678714403523436,67.8714403523436
68,140,-52.0910221320905,43.709557458684685,72,0.06863269260605148,68.63269260605148
68,140,-52.0910221320905,43.709557458684685,80,0.06925505057429751,69.25505057429751
68,140,-52.0910221320905,43.709557458684685,88,0.0679677749587149,67.9677749587149
68,140,-52.0910221320905,43.709557458684685,96,0.06616176674248914,66.16176674248914
68,140,-52.0910221320905,43.709557458684685,104,0.06593117731713949,65.93117731713949
68,140,-52.0910221320905,43.709557458684685,112,0.06707305786477545,67.07305786477545
68,140,-52.0910221320905,43.709557458684685,120,0.06764600837779439,67.64600837779439
68,140,-52.0910221320905,43.709557458684685,128,0.06821013227131774,68.21013227131773
68,140,-52.0910221320905,43.709557458684685,136,0.06919783741548777,69.19783741548777
68,140,-52.0910221320905,43.709557458684685,144,0.06895284680556941,68.95284680556942
68,140,-52.0910221320905,43.709557458684685,152,0.06699496362275432,66.99496362275433
68,140,-52.0910221320905,43.709557458684685,160,0.06584813918525646,65.84813918525646
68,140,-52.0910221320905,43.709557458684685,168,0.06661400933889788,66.61400933889789
68,140,-52.0910221320905,43.709557458684685,176,0.0676173388886844,67.6173388886844
68,140,-52.0910221320905,43.709557458684685,184,0.06805427134925486,68.05427134925486
68,140,-52.0910221320905,43.709557458684685,192,0.06892393119819752,68.92393119819752
68,140,-52.0910221320905,43.709557458684685,200,0.0696204684314056,69.6204684314056
68,140,-52.0910221320905,43.709557458684685,208,0.06829651417222193,68.29651417222193
68,140,-52.0910221320905,43.709557458684685,216,0.06636763277205318,66.36763277205318
68,140,-52.0910221320905,43.709557458684685,224,0.06609551126434797,66.09551126434798
68,140,-52.0910221320905,43.709557458684685,232,0.06716716583166185,67.16716583166185
68,140,-52.0910221320905,43.709557458684685,240,0.06768699246111097,67.68699246111098
68,140,-52.0910221320905,43.709557458684685,248,0.06814636067865223,68.14636067865223
68,140,-52.0910221320905,43.709557458684685,256,0.06911746509076144,69.11746509076144
68,140,-52.0910221320905,43.709557458684685,264,0.06887696322222156,68.87696322222156
68,140,-52.0910221320905,43.709557458684685,272,0.06693370415543737,66.93370415543737
68,140,-52.0910221320905,43.709557458684685,280,0.06578876069045075,65.78876069045076
68,140,-52.0910221320905,43.709557458684685,288,0.06648273721148229,66.48273721148229
68,140,-52.0910221320905,43.709557458684685,296,0.06740941694486575,67.40941694486575
68,140,-52.0910221320905,43.709557458684685,304,0.06784086289458555,67.84086289458554
68,140,-52.0910221320905,43.709557458684685,312,0.0686884705308746,68.6884705308746
68,140,-52.0910221320905,43.709557458684685,320,0.06936946439134434,69.36946439134434
68,140,-52.0910221320905,43.709557458684685,328,0.06799926656727978,67.99926656727978
68,140,-52.0910221320905,43.709557458684685,336,0.06617025911239446,66.17025911239446
68,140,-52.0910221320905,43.709557458684685,344,0.06603329724643048,66.03329724643048
68,140,-52.0910221320905,43.709557458684685,352,0.0672159979491139,67.2159979491139
68,140,-52.0910221320905,43.709557458684685,360,0.06784881787969275,67.84881787969276
68,145,-55.702339011651446,39.00319767187112,0,0.06056204351617787,60.562043516177866
68,145,-55.702339011651446,39.00319767187112,8,0.061128805378029616,61.12880537802962
68,145,-55.702339011651446,39.00319767187112,16,0.06207662440377383,62.07662440377383
68,145,-55.702339011651446,39.00319767187112,24,0.061813375951285665,61.813375951285664
68,145,-55.702339011651446,39.00319767187112,32,0.059855061209827226,59.85506120982723
68,145,-55.702339011651446,39.00319767187112,40,0.05861092551021646,58.61092551021646
68,145,-55.702339011651446,39.00319767187112,48,0.05930687044696695,59.30687044696695
68,145,-55.702339011651446,39.00319767187112,56,0.060248051627600344,60.24805162760035
68,145,-55.702339011651446,39.00319767187112,64,0.060607414834693375,60.60741483469337
68,145,-55.702339011651446,39.00319767187112,72,0.06134103495686081,61.34103495686081
68,145,-55.702339011651446,39.00319767187112,80,0.06190756924813366,61.90756924813366
68,145,-55.702339011651446,39.00319767187112,88,0.06061488065387425,60.61488065387425
68,145,-55.702339011651446,39.00319767187112,96,0.058830600684682155,58.83060068468215
68,145,-55.702339011651446,39.00319767187112,104,0.058620664510889625,58.620664510889625
68,145,-55.702339011651446,39.00319767187112,112,0.05979495631893274,59.79495631893274
68,145,-55.702339011651446,39.00319767187112,120,0.06038943237896795,60.389432378967946
68,145,-55.702339011651446,39.00319767187112,128,0.06094221681220975,60.94221681220975
68,145,-55.702339011651446,39.00319767187112,136,0.0618852340384954,61.8852340384954
68,145,-55.702339011651446,39.00319767187112,144,0.06157852305959638,61.57852305959638
68,145,-55.702339011651446,39.00319767187112,152,0.05965899678178216,59.65899678178216
68,145,-55.702339011651446,39.00319767187112,160,0.05849817973378605,58.49817973378605
68,145,-55.702339011651446,39.00319767187112,168,0.05931087147826958,59.310871478269576
68,145,-55.702339011651446,39.00319767187112,176,0.060329383757677636,60.32938375767764
68,145,-55.702339011651446,39.00319767187112,184,0.060774792996186024,60.77479299618602
68,145,-55.702339011651446,39.00319767187112,192,0.06161253163664108,61.61253163664108
68,145,-55.702339011651446,39.00319767187112,200,0.06225088217623244,62.25088217623244
68,145,-55.702339011651446,39.00319767187112,208,0.06091961155670207,60.91961155670207
68,145,-55.702339011651446,39.00319767187112,216,0.05901416917916935,59.01416917916935
68,145,-55.702339011651446,39.00319767187112,224,0.058763971113347246,58.763971113347246
68,145,-55.702339011651446,39.00319767187112,232,0.05987267579462383,59.87267579462383
68,145,-55.702339011651446,39.00319767187112,240,0.06041956483621367,60.41956483621367
68,145,-55.702339011651446,39.00319767187112,248,0.06087344617628172,60.873446176281725
68,145,-55.702339011651446,39.00319767187112,256,0.061804696446647225,61.80469644664723
68,145,-55.702339011651446,39.00319767187112,264,0.061508859045413734,61.508859045413736
68,145,-55.702339011651446,39.00319767187112,272,0.05961320578765736,59.61320578765736
68,145,-55.702339011651446,39.00319767187112,280,0.05845892761867939,58.4589276186794
68,145,-55.702339011651446,39.00319767187112,288,0.059202300294509375,59.20230029450938
68,145,-55.702339011651446,39.00319767187112,296,0.06014516510479052,60.145165104790514
68,145,-55.702339011651446,39.00319767187112,304,0.06058509360509991,60.58509360509991
68,145,-55.702339011651446,39.00319767187112,312,0.06140020374024471,61.40020374024471
68,145,-55.702339011651446,39.00319767187112,320,0.062019292713043045,62.01929271304304
68,145,-55.702339011651446,39.00319767187112,328,0.06063673009956616,60.63673009956616
68,145,-55.702339011651446,39.00319767187112,336,0.05882162623710719,58.82162623710719
68,145,-55.702339011651446,39.00319767187112,344,0.058700605739953934,58.700605739953936
68,145,-55.702339011651446,39.00319767187112,352,0.05991504323429626,59.915043234296256
68,145,-55.702339011651446,39.00319767187112,360,0.06056820850776573,60.56820850776573
68,150,-58.889727457341834,33.99999999999999,0,0.05283310036213096,52.833100362130956
68,150,-58.889727457341834,33.99999999999999,8,0.053385827090219065,53.38582709021907
68,150,-58.889727457341834,33.99999999999999,16,0.05424809796969511,54.24809796969511
68,150,-58.889727457341834,33.99999999999999,24,0.053998604979772435,53.99860497977244
68,150,-58.889727457341834,33.99999999999999,32,0.05206038968453756,52.060389684537554
68,150,-58.889727457341834,33.99999999999999,40,0.05082180428598615,50.82180428598615
68,150,-58.889727457341834,33.99999999999999,48,0.051568863032772784,51.56886303277278
68,150,-58.889727457341834,33.99999999999999,56,0.052527123578953845,52.52712357895385
68,150,-58.889727457341834,33.99999999999999,64,0.052894556633337794,52.89455663333779
68,150,-58.889727457341834,33.99999999999999,72,0.05359741061805937,53.59741061805937
68,150,-58.889727457341834,33.99999999999999,80,0.05408373029810932,54.083730298109316
68,150,-58.889727457341834,33.99999999999999,88,0.05285377236665929,52.85377236665929
68,150,-58.889727457341834,33.99999999999999,96,0.05105318327636855,51.05318327636855
68,150,-58.889727457341834,33.99999999999999,104,0.0508866549998576,50.886654999857605
68,150,-58.889727457341834,33.99999999999999,112,0.05208701756982814,52.08701756982814
68,150,-58.889727457341834,33.99999999999999,120,0.05268528215466928,52.68528215466928
68,150,-58.889727457341834,33.99999999999999,128,0.05322267014810779,53.22267014810779
68,150,-58.889727457341834,33.99999999999999,136,0.054077179775877816,54.077179775877816
68,150,-58.889727457341834,33.99999999999999,144,0.05377854629977702,53.77854629977702
68,150,-58.889727457341834,33.99999999999999,152,0.05187127656565813,51.871276565658135
68,150,-58.889727457341834,33.99999999999999,160,0.05071056254777365,50.71056254777365
68,150,-58.889727457341834,33.99999999999999,168,0.051568374264365405,51.5683742643654
68,150,-58.889727457341834,33.99999999999999,176,0.05259706804607983,52.59706804607983
68,150,-58.889727457341834,33.99999999999999,184,0.053044865301899786,53.04486530189978
68,150,-58.889727457341834,33.99999999999999,192,0.05384746705866442,53.847467058664414
68,150,-58.889727457341834,33.99999999999999,200,0.054403609311296654,54.403609311296655
68,150,-58.889727457341834,33.99999999999999,208,0.053134973862868085,53.13497386286809
68,150,-58.889727457341834,33.99999999999999,216,0.0512138984425741,51.213898442574106
68,150,-58.889727457341834,33.99999999999999,224,0.05100885269254874,51.00885269254874
68,150,-58.889727457341834,33.99999999999999,232,0.05214939253461998,52.149392534619984
68,150,-58.889727457341834,33.99999999999999,240,0.05270523566198486,52.70523566198486
68,150,-58.889727457341834,33.99999999999999,248,0.05315012817601515,53.15012817601515
68,150,-58.889727457341834,33.99999999999999,256,0.05399869546668214,53.998695466682136
68,150,-58.889727457341834,33.99999999999999,264,0.05371866249114405,53.71866249114405
68,150,-58.889727457341834,33.99999999999999,272,0.051842522400393734,51.84252240039373
68,150,-58.889727457341834,33.99999999999999,280,0.05069276806219927,50.69276806219927
68,150,-58.889727457341834,33.99999999999999,288,0.05148377207910738,51.483772079107375
68,150,-58.889727457341834,33.99999999999999,296,0.05243756330287509,52.43756330287509
68,150,-58.889727457341834,33.99999999999999,304,0.052879573829287076,52.879573829287075
68,150,-58.889727457341834,33.99999999999999,312,0.053658605813498385,53.65860581349838
68,150,-58.889727457341834,33.99999999999999,320,0.05419060692951361,54.190606929513606
68,150,-58.889727457341834,33.99999999999999,328,0.052862042560567826,52.86204256056783
68,150,-58.889727457341834,33.99999999999999,336,0.051025274914821894,51.02527491482189
68,150,-58.889727457341834,33.99999999999999,344,0.05094326515344613,50.943265153446134
68,150,-58.889727457341834,33.99999999999999,352,0.05218262491745727,52.18262491745727
68,150,-58.889727457341834,33.99999999999999,360,0.05283919084619593,52.839190846195926
68,155,-61.62892951849219,28.738041798367565,0,0.0447145513734551,44.7145513734551
68,155,-61.62892951849219,28.738041798367565,8,0.045242423525549386,45.242423525549384
68,155,-61.62892951849219,28.738041798367565,16,0.04599956702838966,45.999567028389656
68,155,-61.62892951849219,28.738041798367565,24,0.04582071664863341,45.82071664863341
68,155,-61.62892951849219,28.738041798367565,32,0.04387407952725887,43.87407952725887
68,155,-61.62892951849219,28.738041798367565,40,0.04266395789993858,42.66395789993858
68,155,-61.62892951849219,28.738041798367565,48,0.043463786496598794,43.46378649659879
68,155,-61.62892951849219,28.738041798367565,56,0.04441955076000903,44.41955076000903
68,155,-61.62892951849219,28.738041798367565,64,0.04479156525634021,44.79156525634021
68,155,-61.62892951849219,28.738041798367565,72,0.045383691992194254,45.38369199219425
68,155,-61.62892951849219,28.738041798367565,80,0.04590790263566612,45.90790263566612
68,155,-61.62892951849219,28.738041798367565,88,0.044697012785643656,44.69701278564366
68,155,-61.62892951849219,28.738041798367565,96,0.04290042026026862,42.90042026026862
68,155,-61.62892951849219,28.738041798367565,104,0.04277762309068178,42.777623090681786
68,155,-61.62892951849219,28.738041798367565,112,0.04399396318677473,43.993963186774735
68,155,-61.62892951849219,28.738041798367565,120,0.044592190939998284,44.59219093999828
68,155,-61.62892951849219,28.738041798367565,128,0.045102908009504124,45.10290800950413
68,155,-61.62892951849219,28.738041798367565,136,0.04584826369256907,45.84826369256907
68,155,-61.62892951849219,28.738041798367565,144,0.04561243948693039,45.61243948693039
68,155,-61.62892951849219,28.738041798367565,152,0.043691072227580986,43.69107222758099
68,155,-61.62892951849219,28.738041798367565,160,0.0425532402721407,42.5532402721407
68,155,-61.62892951849219,28.738041798367565,168,0.04345572816408909,43.45572816408909
68,155,-61.62892951849219,28.738041798367565,176,0.04447688583103141,44.47688583103141
68,155,-61.62892951849219,28.738041798367565,184,0.04492331768360759,44.92331768360759
68,155,-61.62892951849219,28.738041798367565,192,0.04561165741366544,45.61165741366544
68,155,-61.62892951849219,28.738041798367565,200,0.046203470452712704,46.20347045271271
68,155,-61.62892951849219,28.738041798367565,208,0.04495387301210786,44.95387301210786
68,155,-61.62892951849219,28.738041798367565,216,0.04303793258689609,43.03793258689609
68,155,-61.62892951849219,28.738041798367565,224,0.042879226546975235,42.87922654697523
68,155,-61.62892951849219,28.738041798367565,232,0.04404138429306019,44.04138429306019
68,155,-61.62892951849219,28.738041798367565,240,0.044602715641479634,44.602715641479634
68,155,-61.62892951849219,28.738041798367565,248,0.04502792344048612,45.02792344048612
68,155,-61.62892951849219,28.738041798367565,256,0.04577378741719579,45.77378741719579
68,155,-61.62892951849219,28.738041798367565,264,0.0455658306344385,45.565830634438505
68,155,-61.62892951849219,28.738041798367565,272,0.043680793586290435,43.680793586290434
68,155,-61.62892951849219,28.738041798367565,280,0.0425580282228146,42.5580282228146
68,155,-61.62892951849219,28.738041798367565,288,0.04339672003091559,43.39672003091559
68,155,-61.62892951849219,28.738041798367565,296,0.04434288749379049,44.34288749379049
68,155,-61.62892951849219,28.738041798367565,304,0.044782947225360976,44.78294722536098
68,155,-61.62892951849219,28.738041798367565,312,0.04544477823828803,45.44477823828803
68,155,-61.62892951849219,28.738041798367565,320,0.04600574190113236,46.00574190113236
68,155,-61.62892951849219,28.738041798367565,328,0.044690216362924404,44.6902163629244
68,155,-61.62892951849219,28.738041798367565,336,0.042852308478372056,42.85230847837206
68,155,-61.62892951849219,28.738041798367565,344,0.04280952842720007,42.80952842720007
68,155,-61.62892951849219,28.738041798367565,352,0.044064221553601714,44.06422155360171
68,155,-61.62892951849219,28.738041798367565,360,0.04472058738629634,44.720587386296344
68,160,-63.89909821344177,23.257369746145486,0,0.03626818361006803,36.268183610068036
68,160,-63.89909821344177,23.257369746145486,8,0.03666112556289184,36.66112556289184
68,160,-63.89909821344177,23.257369746145486,16,0.03746575378841981,37.46575378841981
68,160,-63.89909821344177,23.257369746145486,24,0.03730419946397596,37.304199463975955
68,160,-63.89909821344177,23.257369746145486,32,0.03537507728240835,35.37507728240835
68,160,-63.89909821344177,23.257369746145486,40,0.03419963102365016,34.19963102365016
68,160,-63.89909821344177,23.257369746145486,48,0.03503525739522363,35.03525739522363
68,160,-63.89909821344177,23.257369746145486,56,0.03598703669540435,35.98703669540435
68,160,-63.89909821344177,23.257369746145486,64,0.036326568391287076,36.326568391287076
68,160,-63.89909821344177,23.257369746145486,72,0.03682367074594882,36.82367074594882
68,160,-63.89909821344177,23.257369746145486,80,0.03741444655006807,37.41444655006807
68,160,-63.89909821344177,23.257369746145486,88,0.03620667977642493,36.20667977642493
68,160,-63.89909821344177,23.257369746145486,96,0.03443430582606757,34.434305826067565
68,160,-63.89909821344177,23.257369746145486,104,0.03436136473700087,34.36136473700087
68,160,-63.89909821344177,23.257369746145486,112,0.03557637591729797,35.576375917297966
68,160,-63.89909821344177,23.257369746145486,120,0.03617175204584072,36.17175204584072
68,160,-63.89909821344177,23.257369746145486,128,0.03654351831120074,36.54351831120074
68,160,-63.89909821344177,23.257369746145486,136,0.03733088343289368,37.33088343289368
68,160,-63.89909821344177,23.257369746145486,144,0.0371070641711828,37.1070641711828
68,160,-63.89909821344177,23.257369746145486,152,0.03519729846599798,35.19729846599798
68,160,-63.89909821344177,23.257369746145486,160,0.034086957326947685,34.08695732694768
68,160,-63.89909821344177,23.257369746145486,168,0.035018750825527266,35.01875082552726
68,160,-63.89909821344177,23.257369746145486,176,0.03603063660228893,36.03063660228893
68,160,-63.89909821344177,23.257369746145486,184,0.03643834372295926,36.43834372295926
68,160,-63.89909821344177,23.257369746145486,192,0.037028355656492276,37.02835565649227
68,160,-63.89909821344177,23.257369746145486,200,0.037684808369490466,37.68480836949047
68,160,-63.89909821344177,23.257369746145486,208,0.0364385721217795,36.4385721217795
68,160,-63.89909821344177,23.257369746145486,216,0.0345484422423471,34.5484422423471
68,160,-63.89909821344177,23.257369746145486,224,0.03444343808207026,34.44343808207026
68,160,-63.89909821344177,23.257369746145486,232,0.0356092918147364,35.609291814736395
68,160,-63.89909821344177,23.257369746145486,240,0.03617366984448943,36.17366984448943
68,160,-63.89909821344177,23.257369746145486,248,0.03646843652732295,36.46843652732295
68,160,-63.89909821344177,23.257369746145486,256,0.037264851930084816,37.264851930084816
68,160,-63.89909821344177,23.257369746145486,264,0.037075243906542404,37.075243906542404
68,160,-63.89909821344177,23.257369746145486,272,0.035206731947890785,35.20673194789079
68,160,-63.89909821344177,23.257369746145486,280,0.03411621862397654,34.11621862397654
68,160,-63.89909821344177,23.257369746145486,288,0.03498606250241297,34.98606250241297
68,160,-63.89909821344177,23.257369746145486,296,0.03592274304814275,35.92274304814275
68,160,-63.89909821344177,23.257369746145486,304,0.03632277010512886,36.32277010512886
68,160,-63.89909821344177,23.257369746145486,312,0.036882881576621535,36.882881576621536
68,160,-63.89909821344177,23.257369746145486,320,0.037500575717977915,37.50057571797792
68,160,-63.89909821344177,23.257369746145486,328,0.036183444038283476,36.183444038283476
68,160,-63.89909821344177,23.257369746145486,336,0.034364874634481124,34.364874634481126
68,160,-63.89909821344177,23.257369746145486,344,0.034367149972968414,34.36714997296841
68,160,-63.89909821344177,23.257369746145486,352,0.035620650169204536,35.62065016920454
68,160,-63.89909821344177,23.257369746145486,360,0.03627418560254357,36.27418560254357
68,165,-65.68295618765664,17.599695066971428,0,0.027494912496445454,27.494912496445455
68,165,-65.68295618765664,17.599695066971428,8,0.02781059693737981,27.81059693737981
68,165,-65.68295618765664,17.599695066971428,16,0.028662845395158787,28.662845395158786
68,165,-65.68295618765664,17.599695066971428,24,0.02851646261302589,28.51646261302589
68,165,-65.68295618765664,17.599695066971428,32,0.026618769060643813,26.618769060643814
68,165,-65.68295618765664,17.599695066971428,40,0.025489269798947084,25.489269798947085
68,165,-65.68295618765664,17.599695066971428,48,0.02634742192439374,26.347421924393743
68,165,-65.68295618765664,17.599695066971428,56,0.027293757908862685,27.293757908862684
68,165,-65.68295618765664,17.599695066971428,64,0.027497780456077925,27.497780456077926
68,165,-65.68295618765664,17.599695066971428,72,0.02802831905741796,28.02831905741796
68,165,-65.68295618765664,17.599695066971428,80,0.02864578756718847,28.645787567188467
68,165,-65.68295618765664,17.599695066971428,88,0.027468693380051125,27.468693380051125
68,165,-65.68295618765664,17.599695066971428,96,0.025733855130707656,25.733855130707656
68,165,-65.68295618765664,17.599695066971428,104,0.02568611636359196,25.68611636359196
68,165,-65.68295618765664,17.599695066971428,112,0.02689831868319673,26.89831868319673
68,165,-65.68295618765664,17.599695066971428,120,0.02742394529694934,27.423945296949338
68,165,-65.68295618765664,17.599695066971428,128,0.027714453549357577,27.714453549357575
68,165,-65.68295618765664,17.599695066971428,136,0.028543602417331383,28.543602417331382
68,165,-65.68295618765664,17.599695066971428,144,0.02832974126383043,28.329741263830428
68,165,-65.68295618765664,17.599695066971428,152,0.026445293431936023,26.445293431936022
68,165,-65.68295618765664,17.599695066971428,160,0.025372561461930954,25.372561461930953
68,165,-65.68295618765664,17.599695066971428,168,0.026321652740612572,26.32165274061257
68,165,-65.68295618765664,17.599695066971428,176,0.027322601416467897,27.322601416467897
68,165,-65.68295618765664,17.599695066971428,184,0.0275881611751677,27.5881611751677
68,165,-65.68295618765664,17.599695066971428,192,0.028208151632839202,28.2081516328392
68,165,-65.68295618765664,17.599695066971428,200,0.028890078933624337,28.890078933624338
68,165,-65.68295618765664,17.599695066971428,208,0.027675263871346074,27.675263871346075
68,165,-65.68295618765664,17.599695066971428,216,0.025825218166395828,25.82521816639583
68,165,-65.68295618765664,17.599695066971428,224,0.025748850974761418,25.748850974761417
68,165,-65.68295618765664,17.599695066971428,232,0.026917288414845284,26.917288414845284
68,165,-65.68295618765664,17.599695066971428,240,0.02741958866279937,27.41958866279937
68,165,-65.68295618765664,17.599695066971428,248,0.027641138785093323,27.64113878509332
68,165,-65.68295618765664,17.599695066971428,256,0.02848782577743765,28.48782577743765
68,165,-65.68295618765664,17.599695066971428,264,0.028314103640236503,28.314103640236503
68,165,-65.68295618765664,17.599695066971428,272,0.026475559958236822,26.475559958236822
68,165,-65.68295618765664,17.599695066971428,280,0.025427771460962357,25.427771460962358
68,165,-65.68295618765664,17.599695066971428,288,0.026315809675885232,26.315809675885234
68,165,-65.68295618765664,17.599695066971428,296,0.027241212349385417,27.241212349385417
68,165,-65.68295618765664,17.599695066971428,304,0.027496187938273842,27.49618793827384
68,165,-65.68295618765664,17.599695066971428,312,0.028082160752321828,28.08216075232183
68,165,-65.68295618765664,17.599695066971428,320,0.028718778324830982,28.718778324830982
68,165,-65.68295618765664,17.599695066971428,328,0.02742784529763187,27.42784529763187
68,165,-65.68295618765664,17.599695066971428,336,0.025640498309512295,25.640498309512296
68,165,-65.68295618765664,17.599695066971428,344,0.025665162048926927,25.665162048926927
68,165,-65.68295618765664,17.599695066971428,352,0.026916171440868775,26.916171440868773
68,165,-65.68295618765664,17.599695066971428,360,0.027500873349321685,27.500873349321683
68,170,-66.96692720483014,11.808076081351258,0,0.018443166037695323,18.443166037695324
68,170,-66.96692720483014,11.808076081351258,8,0.01876803748914979,18.76803748914979
68,170,-66.96692720483014,11.808076081351258,16,0.01965079446830592,19.65079446830592
68,170,-66.96692720483014,11.808076081351258,24,0.019542340874809806,19.542340874809806
68,170,-66.96692720483014,11.808076081351258,32,0.017713591164247373,17.713591164247372
68,170,-66.96692720483014,11.808076081351258,40,0.016585441372084706,16.585441372084706
68,170,-66.96692720483014,11.808076081351258,48,0.01746639975790061,17.46639975790061
68,170,-66.96692720483014,11.808076081351258,56,0.018314289348138734,18.314289348138733
68,170,-66.96692720483014,11.808076081351258,64,0.0184659645707893,18.4659645707893
68,170,-66.96692720483014,11.808076081351258,72,0.019024966918886933,19.024966918886932
68,170,-66.96692720483014,11.808076081351258,80,0.019675545956834434,19.675545956834434
68,170,-66.96692720483014,11.808076081351258,88,0.0185406527790832,18.5406527790832
68,170,-66.96692720483014,11.808076081351258,96,0.016846120981829815,16.846120981829813
68,170,-66.96692720483014,11.808076081351258,104,0.016817901848834842,16.817901848834843
68,170,-66.96692720483014,11.808076081351258,112,0.018025836739976722,18.02583673997672
68,170,-66.96692720483014,11.808076081351258,120,0.018396791203177217,18.396791203177216
68,170,-66.96692720483014,11.808076081351258,128,0.018692390077414058,18.692390077414057
68,170,-66.96692720483014,11.808076081351258,136,0.019546615619554952,19.546615619554952
68,170,-66.96692720483014,11.808076081351258,144,0.019365202196976232,19.36520219697623
68,170,-66.96692720483014,11.808076081351258,152,0.01754058964988904,17.54058964988904
68,170,-66.96692720483014,11.808076081351258,160,0.01646398655192666,16.46398655192666
68,170,-66.96692720483014,11.808076081351258,168,0.01743062407722255,17.43062407722255
68,170,-66.96692720483014,11.808076081351258,176,0.018325505722661728,18.325505722661728
68,170,-66.96692720483014,11.808076081351258,184,0.018533508128942017,18.533508128942017
68,170,-66.96692720483014,11.808076081351258,192,0.01917905764158457,19.17905764158457
68,170,-66.96692720483014,11.808076081351258,200,0.019893136069280646,19.893136069280647
68,170,-66.96692720483014,11.808076081351258,208,0.018721810756123166,18.721810756123165
68,170,-66.96692720483014,11.808076081351258,216,0.01691501410213294,16.91501410213294
68,170,-66.96692720483014,11.808076081351258,224,0.01686163628287052,16.86163628287052
68,170,-66.96692720483014,11.808076081351258,232,0.018031525487635123,18.031525487635122
68,170,-66.96692720483014,11.808076081351258,240,0.018388958642142038,18.388958642142036
68,170,-66.96692720483014,11.808076081351258,248,0.018623382259382495,18.623382259382495
68,170,-66.96692720483014,11.808076081351258,256,0.019502455783205697,19.502455783205697
68,170,-66.96692720483014,11.808076081351258,264,0.019366969447298533,19.366969447298533
68,170,-66.96692720483014,11.808076081351258,272,0.01759475363652443,17.59475363652443
68,170,-66.96692720483014,11.808076081351258,280,0.01654563095890858,16.54563095890858
68,170,-66.96692720483014,11.808076081351258,288,0.017451947410584038,17.451947410584037
68,170,-66.96692720483014,11.808076081351258,296,0.01827031669475399,18.270316694753987
68,170,-66.96692720483014,11.808076081351258,304,0.01846496295818114,18.46496295818114
68,170,-66.96692720483014,11.808076081351258,312,0.01907211537413371,19.07211537413371
68,170,-66.96692720483014,11.808076081351258,320,0.019734090507198244,19.734090507198246
68,170,-66.96692720483014,11.808076081351258,328,0.018480756343792593,18.480756343792592
68,170,-66.96692720483014,11.808076081351258,336,0.016727620502836306,16.727620502836306
68,170,-66.96692720483014,11.808076081351258,344,0.016769792037581513,16.769792037581514
68,170,-66.96692720483014,11.808076081351258,352,0.018017031707624996,18.017031707624994
68,170,-66.96692720483014,11.808076081351258,360,0.018449070889535596,18.449070889535594
68,175,-67.7412394702387,5.926590506840757,0,0.009250214094612148,9.250214094612147
68,175,-67.7412394702387,5.926590506840757,8,0.009584646062829872,9.584646062829872
68,175,-67.7412394702387,5.926590506840757,16,0.010508919489084716,10.508919489084716
68,175,-67.7412394702387,5.926590506840757,24,0.010460820305818352,10.460820305818352
68,175,-67.7412394702387,5.926590506840757,32,0.0086774503739429,8.6774503739429
68,175,-67.7412394702387,5.926590506840757,40,0.007555909253670117,7.555909253670117
68,175,-67.7412394702387,5.926590506840757,48,0.008450896543684892,8.450896543684891
68,175,-67.7412394702387,5.926590506840757,56,0.009152184633106509,9.15218463310651
68,175,-67.7412394702387,5.926590506840757,64,0.009299885640971221,9.29988564097122
68,175,-67.7412394702387,5.926590506840757,72,0.00988213527650273,9.88213527650273
68,175,-67.7412394702387,5.926590506840757,80,0.010580626719113091,10.580626719113091
68,175,-67.7412394702387,5.926590506840757,88,0.009537466596182792,9.537466596182792
68,175,-67.7412394702387,5.926590506840757,96,0.007829036684505084,7.829036684505084
68,175,-67.7412394702387,5.926590506840757,104,0.007824213659961225,7.824213659961225
68,175,-67.7412394702387,5.926590506840757,112,0.008902427524272763,8.902427524272763
68,175,-67.7412394702387,5.926590506840757,120,0.009228485316310597,9.228485316310596
68,175,-67.7412394702387,5.926590506840757,128,0.009529015515604106,9.529015515604106
68,175,-67.7412394702387,5.926590506840757,136,0.01041909413733819,10.41909413733819
68,175,-67.7412394702387,5.926590506840757,144,0.010291153482535606,10.291153482535606
68,175,-67.7412394702387,5.926590506840757,152,0.0085040455493386,8.504045549338601
68,175,-67.7412394702387,5.926590506840757,160,0.0074290322311446584,7.429032231144658
68,175,-67.7412394702387,5.926590506840757,168,0.00840419418109591,8.40419418109591
68,175,-67.7412394702387,5.926590506840757,176,0.009143791598131681,9.143791598131681
68,175,-67.7412394702387,5.926590506840757,184,0.00934332140795214,9.343321407952141
68,175,-67.7412394702387,5.926590506840757,192,0.010009790539917929,10.00979053991793
68,175,-67.7412394702387,5.926590506840757,200,0.01077113219174931,10.77113219174931
68,175,-67.7412394702387,5.926590506840757,208,0.009694030507196347,9.694030507196347
68,175,-67.7412394702387,5.926590506840757,216,0.007875695059449746,7.875695059449746
68,175,-67.7412394702387,5.926590506840757,224,0.007849431076449904,7.849431076449904
68,175,-67.7412394702387,5.926590506840757,232,0.008898651723389411,8.898651723389412
68,175,-67.7412394702387,5.926590506840757,240,0.00921862045074205,9.21862045074205
68,175,-67.7412394702387,5.926590506840757,248,0.009465587995623338,9.465587995623338
68,175,-67.7412394702387,5.926590506840757,256,0.010387794667797063,10.387794667797063
68,175,-67.7412394702387,5.926590506840757,264,0.010312409291944916,10.312409291944917
68,175,-67.7412394702387,5.926590506840757,272,0.008582846443418031,8.582846443418031
68,175,-67.7412394702387,5.926590506840757,280,0.007537395570218992,7.537395570218992
68,175,-67.7412394702387,5.926590506840757,288,0.008452816029281,8.452816029281
68,175,-67.7412394702387,5.926590506840757,296,0.009114491947926722,9.114491947926721
68,175,-67.7412394702387,5.926590506840757,304,0.009297853831578218,9.297853831578218
68,175,-67.7412394702387,5.926590506840757,312,0.009921317327799446,9.921317327799446
68,175,-67.7412394702387,5.926590506840757,320,0.010623552952151939,10.623552952151938
68,175,-67.7412394702387,5.926590506840757,328,0.009455538044289013,9.455538044289012
68,175,-67.7412394702387,5.926590506840757,336,0.0076849768776071185,7.684976877607118
68,175,-67.7412394702387,5.926590506840757,344,0.007748739075889841,7.748739075889842
68,175,-67.7412394702387,5.926590506840757,352,0.008867102586010353,8.867102586010352
68,175,-67.7412394702387,5.926590506840757,360,0.009256072317258066,9.256072317258067
68,180,-68.0,8.327598234202001e-15,0,-1.3542254255961839e-05,-0.013542254255961839
68,180,-68.0,8.327598234202001e-15,8,0.00033031381225759554,0.33031381225759554
68,180,-68.0,8.327598234202001e-15,16,0.0013067468580731701,1.3067468580731703
68,180,-68.0,8.327598234202001e-15,24,0.0013655238565817296,1.3655238565817296
68,180,-68.0,8.327598234202001e-15,32,-0.0004244967382190818,-0.4244967382190818
68,180,-68.0,8.327598234202001e-15,40,-0.0015306063646950325,-1.5306063646950325
68,180,-68.0,8.327598234202001e-15,48,-0.0007530651660912062,-0.7530651660912062
68,180,-68.0,8.327598234202001e-15,56,-8.77466620438884e-05,-0.08774666204388841
68,180,-68.0,8.327598234202001e-15,64,6.329091887124384e-05,0.06329091887124384
68,180,-68.0,8.327598234202001e-15,72,0.0006829404186688229,0.6829404186688228
68,180,-68.0,8.327598234202001e-15,80,0.001473319898290142,1.473319898290142
68,180,-68.0,8.327598234202001e-15,88,0.0004622128760696694,0.4622128760696694
68,180,-68.0,8.327598234202001e-15,96,-0.0012487723050995981,-1.2487723050995982
68,180,-68.0,8.327598234202001e-15,104,-0.0012605981548664245,-1.2605981548664245
68,180,-68.0,8.327598234202001e-15,112,-0.0003110899585312942,-0.3110899585312942
68,180,-68.0,8.327598234202001e-15,120,-1.0938631999387697e-05,-0.010938631999387697
68,180,-68.0,8.327598234202001e-15,128,0.00029406867733986625,0.29406867733986625
68,180,-68.0,8.327598234202001e-15,136,0.001230455281309726,1.230455281309726
68,180,-68.0,8.327598234202001e-15,144,0.0012001688615578682,1.2001688615578683
68,180,-68.0,8.327598234202001e-15,152,-0.0005989650575494063,-0.5989650575494063
68,180,-68.0,8.327598234202001e-15,160,-0.0016635400425793882,-1.6635400425793883
68,180,-68.0,8.327598234202001e-15,168,-0.0008150148013423286,-0.8150148013423286
68,180,-68.0,8.327598234202001e-15,176,-0.0001170077217997704,-0.1170077217997704
68,180,-68.0,8.327598234202001e-15,184,8.194668278567693e-05,0.08194668278567693
68,180,-68.0,8.327598234202001e-15,192,0.0007837757146632133,0.7837757146632133
68,180,-68.0,8.327598234202001e-15,200,0.001636889988450162,1.6368899884501622
68,180,-68.0,8.327598234202001e-15,208,0.0005942209165720608,0.5942209165720608
68,180,-68.0,8.327598234202001e-15,216,-0.0012239442856489164,-1.2239442856489164
68,180,-68.0,8.327598234202001e-15,224,-0.0012524337150410629,-1.252433715041063
68,180,-68.0,8.327598234202001e-15,232,-0.0003227250795319516,-0.3227250795319516
68,180,-68.0,8.327598234202001e-15,240,-2.149080224699545e-05,-0.02149080224699545
68,180,-68.0,8.327598234202001e-15,248,0.00023745233779033068,0.23745233779033068
68,180,-68.0,8.327598234202001e-15,256,0.0012131620029207622,1.2131620029207622
68,180,-68.0,8.327598234202001e-15,264,0.0012436053209658043,1.2436053209658042
68,180,-68.0,8.327598234202001e-15,272,-0.0004951306230543776,-0.4951306230543776
68,180,-68.0,8.327598234202001e-15,280,-0.0015283765944772523,-1.5283765944772523
68,180,-68.0,8.327598234202001e-15,288,-0.0007389254342593035,-0.7389254342593035
68,180,-68.0,8.327598234202001e-15,296,-0.00012031187710073721,-0.12031187710073721
68,180,-68.0,8.327598234202001e-15,304,5.8998747515757545e-05,0.058998747515757545
68,180,-68.0,8.327598234202001e-15,312,0.0007129831912137674,0.7129831912137674
68,180,-68.0,8.327598234202001e-15,320,0.0014979070668607064,1.4979070668607064
68,180,-68.0,8.327598234202001e-15,328,0.0003576908237405566,0.3576908237405566
68,180,-68.0,8.327598234202001e-15,336,-0.001418612588089804,-1.418612588089804
68,180,-68.0,8.327598234202001e-15,344,-0.001363563038134001,-1.3635630381340011
68,180,-68.0,8.327598234202001e-15,352,-0.0003727422159806847,-0.3727422159806847
68,180,-68.0,8.327598234202001e-15,360,-7.717102858147602e-06,-0.007717102858147602
102,90,6.245698675651501e-15,102.0,0,0.1568800127681641,156.8800127681641
102,90,6.245698675651501e-15,102.0,8,0.1574088463766426,157.4088463766426
102,90,6.245698675651501e-15,102.0,16,0.15903080388872043,159.03080388872044
102,90,6.245698675651501e-15,102.0,24,0.15947711646463986,159.47711646463986
102,90,6.245698675651501e-15,102.0,32,0.15803440595638638,158.03440595638637
102,90,6.245698675651501e-15,102.0,40,0.15686859316782598,156.86859316782596
102,90,6.245698675651501e-15,102.0,48,0.15652611707481484,156.52611707481483
102,90,6.245698675651501e-15,102.0,56,0.15670286921983043,156.70286921983043
102,90,6.245698675651501e-15,102.0,64,0.15659561063084332,156.5956106308433
102,90,6.245698675651501e-15,102.0,72,0.1576260130725801,157.6260130725801
102,90,6.245698675651501e-15,102.0,80,0.15900063811144322,159.0006381114432
102,90,6.245698675651501e-15,102.0,88,0.15826481030620723,158.26481030620724
102,90,6.245698675651501e-15,102.0,96,0.15676460988011365,156.76460988011365
102,90,6.245698675651501e-15,102.0,104,0.15609728036545345,156.09728036545346
102,90,6.245698675651501e-15,102.0,112,0.1563119188495955,156.3119188495955
102,90,6.245698675651501e-15,102.0,120,0.15636559689070045,156.36559689070046
102,90,6.245698675651501e-15,102.0,128,0.15691530071377252,156.91530071377252
102,90,6.245698675651501e-15,102.0,136,0.15856989511940783,158.56989511940785
102,90,6.245698675651501e-15,102.0,144,0.15901668063004484,159.01668063004485
102,90,6.245698675651501e-15,102.0,152,0.15766689832297304,157.66689832297303
102,90,6.245698675651501e-15,102.0,160,0.15666112200255422,156.6611220025542
102,90,6.245698675651501e-15,102.0,168,0.15652608989404576,156.52608989404575
102,90,6.245698675651501e-15,102.0,176,0.1568848208431502,156.8848208431502
102,90,6.245698675651501e-15,102.0,184,0.15696382143498033,156.96382143498033
102,90,6.245698675651501e-15,102.0,192,0.1581653412889491,158.1653412889491
102,90,6.245698675651501e-15,102.0,200,0.1596391163644515,159.6391163644515
102,90,6.245698675651501e-15,102.0,208,0.1588873551435689,158.8873551435689
102,90,6.245698675651501e-15,102.0,216,0.15728258066967984,157.28258066967985
102,90,6.245698675651501e-15,102.0,224,0.15657316446394715,156.57316446394714
102,90,6.245698675651501e-15,102.0,232,0.15666863678713555,156.66863678713554
102,90,6.245698675651501e-15,102.0,240,0.15657440641544312,156.57440641544312
102,90,6.245698675651501e-15,102.0,248,0.15691233152682316,156.91233152682315
102,90,6.245698675651501e-15,102.0,256,0.15847253104733766,158.47253104733767
102,90,6.245698675651501e-15,102.0,264,0.15885976940083257,158.85976940083256
102,90,6.245698675651501e-15,102.0,272,0.15745678795577747,157.4567879557775
102,90,6.245698675651501e-15,102.0,280,0.15637444766991776,156.37444766991777
102,90,6.245698675651501e-15,102.0,288,0.15609721795407913,156.09721795407913
102,90,6.245698675651501e-15,102.0,296,0.15635554537328916,156.35554537328917
102,90,6.245698675651501e-15,102.0,304,0.15644316599701902,156.443165997019
102,90,6.245698675651501e-15,102.0,312,0.15765043128290337,157.65043128290338
102,90,6.245698675651501e-15,102.0,320,0.15916134190202436,159.16134190202436
102,90,6.245698675651501e-15,102.0,328,0.1584035900856295,158.40359008562947
102,90,6.245698675651501e-15,102.0,336,0.15695415251818706,156.95415251818707
102,90,6.245698675651501e-15,102.0,344,0.15647030891303723,156.47030891303723
102,90,6.245698675651501e-15,102.0,352,0.1567669589132467,156.76695891324673
102,90,6.245698675651501e-15,102.0,360,0.15688596126108711,156.88596126108712
102,95,-8.88988576026114,101.61185920535804,0,0.15629560100110979,156.2956010011098
102,95,-8.88988576026114,101.61185920535804,8,0.15694926051339764,156.94926051339763
102,95,-8.88988576026114,101.61185920535804,16,0.1585380035685714,158.53800356857138
102,95,-8.88988576026114,101.61185920535804,24,0.1589872710197163,158.9872710197163
102,95,-8.88988576026114,101.61185920535804,32,0.15740332544756522,157.4033254475652
102,95,-8.88988576026114,101.61185920535804,40,0.15609477163144306,156.09477163144305
102,95,-8.88988576026114,101.61185920535804,48,0.15572451605561324,155.72451605561324
102,95,-8.88988576026114,101.61185920535804,56,0.15603867135782148,156.03867135782147
102,95,-8.88988576026114,101.61185920535804,64,0.15606164016593185,156.06164016593186
102,95,-8.88988576026114,101.61185920535804,72,0.15722313639536695,157.22313639536694
102,95,-8.88988576026114,101.61185920535804,80,0.1584411468958954,158.4411468958954
102,95,-8.88988576026114,101.61185920535804,88,0.15769773001575038,157.69773001575038
102,95,-8.88988576026114,101.61185920535804,96,0.1562009458364931,156.2009458364931
102,95,-8.88988576026114,101.61185920535804,104,0.15527070047538166,155.27070047538166
102,95,-8.88988576026114,101.61185920535804,112,0.15561067462340822,155.61067462340822
102,95,-8.88988576026114,101.61185920535804,120,0.15579850388480446,155.79850388480446
102,95,-8.88988576026114,101.61185920535804,128,0.1564770503584324,156.4770503584324
102,95,-8.88988576026114,101.61185920535804,136,0.1580920302010165,158.0920302010165
102,95,-8.88988576026114,101.61185920535804,144,0.1585436655597863,158.5436655597863
102,95,-8.88988576026114,101.61185920535804,152,0.1570535349702119,157.0535349702119
102,95,-8.88988576026114,101.61185920535804,160,0.15590314172173556,155.90314172173555
102,95,-8.88988576026114,101.61185920535804,168,0.15574665002251445,155.74665002251444
102,95,-8.88988576026114,101.61185920535804,176,0.15623824581509707,156.23824581509706
102,95,-8.88988576026114,101.61185920535804,184,0.1564414072206767,156.4414072206767
102,95,-8.88988576026114,101.61185920535804,192,0.1577651591285984,157.76515912859838
102,95,-8.88988576026114,101.61185920535804,200,0.15907656371868278,159.0765637186828
102,95,-8.88988576026114,101.61185920535804,208,0.15831276426644686,158.31276426644686
102,95,-8.88988576026114,101.61185920535804,216,0.15670497127697397,156.70497127697396
102,95,-8.88988576026114,101.61185920535804,224,0.1557241779505072,155.7241779505072
102,95,-8.88988576026114,101.61185920535804,232,0.15593622542109636,155.93622542109637
102,95,-8.88988576026114,101.61185920535804,240,0.1559754936431724,155.9754936431724
102,95,-8.88988576026114,101.61185920535804,248,0.15644475720034606,156.44475720034606
102,95,-8.88988576026114,101.61185920535804,256,0.15797946730985407,157.97946730985407
102,95,-8.88988576026114,101.61185920535804,264,0.1583760372477242,158.3760372477242
102,95,-8.88988576026114,101.61185920535804,272,0.15683705795178338,156.83705795178338
102,95,-8.88988576026114,101.61185920535804,280,0.15561672380049665,155.61672380049666
102,95,-8.88988576026114,101.61185920535804,288,0.15532388183316703,155.32388183316704
102,95,-8.88988576026114,101.61185920535804,296,0.15572325258860337,155.72325258860337
102,95,-8.88988576026114,101.61185920535804,304,0.1559405922138281,155.9405922138281
102,95,-8.88988576026114,101.61185920535804,312,0.15726848626329581,157.2684862632958
102,95,-8.88988576026114,101.61185920535804,320,0.15861548439221493,158.61548439221494
102,95,-8.88988576026114,101.61185920535804,328,0.15784464416968597,157.84464416968598
102,95,-8.88988576026114,101.61185920535804,336,0.15639398227114157,156.39398227114157
102,95,-8.88988576026114,101.61185920535804,344,0.15564136565290976,155.64136565290977
102,95,-8.88988576026114,101.61185920535804,352,0.1560549873476185,156.0549873476185
102,95,-8.88988576026114,101.61185920535804,360,0.15630152723264956,156.30152723264956
102,100,-17.71211412202689,100.45039080724521,0,0.154546723131601,154.546723131601
102,100,-17.71211412202689,100.45039080724521,8,0.1553293723064857,155.32937230648568
102,100,-17.71211412202689,100.45039080724521,16,0.1568190302907491,156.81903029074908
102,100,-17.71211412202689,100.45039080724521,24,0.15727200262090293,157.27200262090292
102,100,-17.71211412202689,100.45039080724521,32,0.1556847048385147,155.6847048385147
102,100,-17.71211412202689,100.45039080724521,40,0.15403975472437084,154.03975472437085
102,100,-17.71211412202689,100.45039080724521,48,0.15375487449058908,153.7548744905891
102,100,-17.71211412202689,100.45039080724521,56,0.15421241686742027,154.21241686742027
102,100,-17.71211412202689,100.45039080724521,64,0.15436544289911408,154.36544289911407
102,100,-17.71211412202689,100.45039080724521,72,0.15547531243539067,155.47531243539066
102,100,-17.71211412202689,100.45039080724521,80,0.1568342017641759,156.8342017641759
102,100,-17.71211412202689,100.45039080724521,88,0.15598644310692494,155.98644310692495
102,100,-17.71211412202689,100.45039080724521,96,0.15423107741520725,154.23107741520724
102,100,-17.71211412202689,100.45039080724521,104,0.15326800959582698,153.26800959582698
102,100,-17.71211412202689,100.45039080724521,112,0.1537462676901649,153.7462676901649
102,100,-17.71211412202689,100.45039080724521,120,0.15406994308179478,154.06994308179478
102,100,-17.71211412202689,100.45039080724521,128,0.1548730651369956,154.87306513699562
102,100,-17.71211412202689,100.45039080724521,136,0.15638979291918265,156.38979291918264
102,100,-17.71211412202689,100.45039080724521,144,0.1568448180723221,156.84481807232208
102,100,-17.71211412202689,100.45039080724521,152,0.15535274862607928,155.3527486260793
102,100,-17.71211412202689,100.45039080724521,160,0.1538710202484696,153.8710202484696
102,100,-17.71211412202689,100.45039080724521,168,0.15379742002597369,153.79742002597368
102,100,-17.71211412202689,100.45039080724521,176,0.1544268981264768,154.4268981264768
102,100,-17.71211412202689,100.45039080724521,184,0.15475327107725706,154.75327107725707
102,100,-17.71211412202689,100.45039080724521,192,0.15601507001591736,156.01507001591736
102,100,-17.71211412202689,100.45039080724521,200,0.1574638038691869,157.4638038691869
102,100,-17.71211412202689,100.45039080724521,208,0.15659057745736016,156.59057745736015
102,100,-17.71211412202689,100.45039080724521,216,0.15471929349086372,154.71929349086372
102,100,-17.71211412202689,100.45039080724521,224,0.15369368885327006,153.69368885327006
102,100,-17.71211412202689,100.45039080724521,232,0.15403948720691718,154.0394872069172
102,100,-17.71211412202689,100.45039080724521,240,0.1542153848941545,154.2153848941545
102,100,-17.71211412202689,100.45039080724521,248,0.1548229071298042,154.8229071298042
102,100,-17.71211412202689,100.45039080724521,256,0.15626411900177445,156.26411900177445
102,100,-17.71211412202689,100.45039080724521,264,0.15666834750878988,156.66834750878988
102,100,-17.71211412202689,100.45039080724521,272,0.15513314855057128,155.1331485505713
102,100,-17.71211412202689,100.45039080724521,280,0.15358527140370382,153.5852714037038
102,100,-17.71211412202689,100.45039080724521,288,0.15338442278992503,153.38442278992503
102,100,-17.71211412202689,100.45039080724521,296,0.15392956419685364,153.92956419685365
102,100,-17.71211412202689,100.45039080724521,304,0.15427483044551088,154.27483044551087
102,100,-17.71211412202689,100.45039080724521,312,0.1555360885901196,155.53608859011962
102,100,-17.71211412202689,100.45039080724521,320,0.15701833037720117,157.01833037720118
102,100,-17.71211412202689,100.45039080724521,328,0.1561402260707887,156.1402260707887
102,100,-17.71211412202689,100.45039080724521,336,0.15442466579882086,154.42466579882085
102,100,-17.71211412202689,100.45039080724521,344,0.15363363570473154,153.63363570473155
102,100,-17.71211412202689,100.45039080724521,352,0.15417630411036878,154.1763041103688
102,100,-17.71211412202689,100.45039080724521,360,0.15455264313417447,154.55264313417447
102,105,-26.399542600457128,98.52443428148497,0,0.15164650936635418,151.6465093663542
102,105,-26.399542600457128,98.52443428148497,8,0.1523497864775248,152.34978647752482
102,105,-26.399542600457128,98.52443428148497,16,0.15404029728970337,154.04029728970337
102,105,-26.399542600457128,98.52443428148497,24,0.15445618163122793,154.45618163122793
102,105,-26.399542600457128,98.52443428148497,32,0.152540562687458,152.540562687458
102,105,-26.399542600457128,98.52443428148497,40,0.15081515539099538,150.8151553909954
102,105,-26.399542600457128,98.52443428148497,48,0.1506321825413543,150.6321825413543
102,105,-26.399542600457128,98.52443428148497,56,0.15123800464802134,151.23800464802133
102,105,-26.399542600457128,98.52443428148497,64,0.1515208832109227,151.5208832109227
102,105,-26.399542600457128,98.52443428148497,72,0.1525970865654933,152.5970865654933
102,105,-26.399542600457128,98.52443428148497,80,0.15396427163361898,153.96427163361898
102,105,-26.399542600457128,98.52443428148497,88,0.15312915586738315,153.12915586738316
102,105,-26.399542600457128,98.52443428148497,96,0.1510310106047022,151.0310106047022
102,105,-26.399542600457128,98.52443428148497,104,0.15010842516722464,150.10842516722465
102,105,-26.399542600457128,98.52443428148497,112,0.15073288731238732,150.73288731238733
102,105,-26.399542600457128,98.52443428148497,120,0.1511916574456708,151.1916574456708
102,105,-26.399542600457128,98.52443428148497,128,0.15191197741896179,151.91197741896178
102,105,-26.399542600457128,98.52443428148497,136,0.1536264586950074,153.62645869500741
102,105,-26.399542600457128,98.52443428148497,144,0.15404763017679068,154.04763017679068
102,105,-26.399542600457128,98.52443428148497,152,0.15222811418413346,152.22811418413346
102,105,-26.399542600457128,98.52443428148497,160,0.15067009029604783,150.67009029604782
102,105,-26.399542600457128,98.52443428148497,168,0.15069323472167445,150.69323472167446
102,105,-26.399542600457128,98.52443428148497,176,0.15146456322692153,151.46456322692154
102,105,-26.399542600457128,98.52443428148497,184,0.15190795897495557,151.90795897495556
102,105,-26.399542600457128,98.52443428148497,192,0.1531310511668298,153.1310511668298
102,105,-26.399542600457128,98.52443428148497,200,0.15458605169517076,154.58605169517077
102,105,-26.399542600457128,98.52443428148497,208,0.15371927867034574,153.71927867034574
102,105,-26.399542600457128,98.52443428148497,216,0.1514952059348427,151.4952059348427
102,105,-26.399542600457128,98.52443428148497,224,0.15050432312877965,150.50432312877965
102,105,-26.399542600457128,98.52443428148497,232,0.15099285746768987,150.99285746768987
102,105,-26.399542600457128,98.52443428148497,240,0.15130852905839842,151.30852905839842
102,105,-26.399542600457128,98.52443428148497,248,0.15184707446389495,151.84707446389496
102,105,-26.399542600457128,98.52443428148497,256,0.15349155062417424,153.49155062417424
102,105,-26.399542600457128,98.52443428148497,264,0.15386395431457953,153.86395431457953
102,105,-26.399542600457128,98.52443428148497,272,0.1520067612622683,152.0067612622683
102,105,-26.399542600457128,98.52443428148497,280,0.15038773189515453,150.38773189515453
102,105,-26.399542600457128,98.52443428148497,288,0.1502936012787497,150.2936012787497
102,105,-26.399542600457128,98.52443428148497,296,0.1509881312497599,150.9881312497599
102,105,-26.399542600457128,98.52443428148497,304,0.1514462195977575,151.4462195977575
102,105,-26.399542600457128,98.52443428148497,312,0.1526712095381651,152.6712095381651
102,105,-26.399542600457128,98.52443428148497,320,0.1541579551883219,154.1579551883219
102,105,-26.399542600457128,98.52443428148497,328,0.1532869662815377,153.2869662815377
102,105,-26.399542600457128,98.52443428148497,336,0.1512261690817981,151.22616908179808
102,105,-26.399542600457128,98.52443428148497,344,0.15046543500369403,150.46543500369404
102,105,-26.399542600457128,98.52443428148497,352,0.15114520711531312,151.14520711531313
102,105,-26.399542600457128,98.52443428148497,360,0.15165243165341383,151.65243165341383
102,110,-34.88605461921821,95.84864732016266,0,0.1475498358299236,147.54983582992358
102,110,-34.88605461921821,95.84864732016266,8,0.14832473184722889,148.3247318472289
102,110,-34.88605461921821,95.84864732016266,16,0.14999215475023644,149.99215475023644
102,110,-34.88605461921821,95.84864732016266,24,0.1504324851091348,150.4324851091348
102,110,-34.88605461921821,95.84864732016266,32,0.1481856007058504,148.18560070585042
102,110,-34.88605461921821,95.84864732016266,40,0.14644893291644479,146.4489329164448
102,110,-34.88605461921821,95.84864732016266,48,0.14638020577917552,146.38020577917553
102,110,-34.88605461921821,95.84864732016266,56,0.14713466450467372,147.1346645046737
102,110,-34.88605461921821,95.84864732016266,64,0.14736256622928717,147.36256622928718
102,110,-34.88605461921821,95.84864732016266,72,0.14862546081406408,148.62546081406407
102,110,-34.88605461921821,95.84864732016266,80,0.15005205937414512,150.05205937414513
102,110,-34.88605461921821,95.84864732016266,88,0.14888596389348108,148.8859638934811
102,110,-34.88605461921821,95.84864732016266,96,0.14668639389313728,146.68639389313728
102,110,-34.88605461921821,95.84864732016266,104,0.14581599353488553,145.81599353488554
102,110,-34.88605461921821,95.84864732016266,112,0.14659346713427912,146.5934671342791
102,110,-34.88605461921821,95.84864732016266,120,0.1471146569593397,147.1146569593397
102,110,-34.88605461921821,95.84864732016266,128,0.14790604942829128,147.90604942829128
102,110,-34.88605461921821,95.84864732016266,136,0.1495979971265512,149.5979971265512
102,110,-34.88605461921821,95.84864732016266,144,0.15004332144159693,150.04332144159693
102,110,-34.88605461921821,95.84864732016266,152,0.14789951446142535,147.89951446142535
102,110,-34.88605461921821,95.84864732016266,160,0.1463264500475368,146.3264500475368
102,110,-34.88605461921821,95.84864732016266,168,0.14645771883414077,146.45771883414076
102,110,-34.88605461921821,95.84864732016266,176,0.1473672418921109,147.36724189211088
102,110,-34.88605461921821,95.84864732016266,184,0.14774390914774643,147.74390914774642
102,110,-34.88605461921821,95.84864732016266,192,0.1491514088448776,149.1514088448776
102,110,-34.88605461921821,95.84864732016266,200,0.15066259470530752,150.66259470530753
102,110,-34.88605461921821,95.84864732016266,208,0.14945797344268244,149.45797344268243
102,110,-34.88605461921821,95.84864732016266,216,0.147124076563662,147.124076563662
102,110,-34.88605461921821,95.84864732016266,224,0.14618035377599092,146.1803537759909
102,110,-34.88605461921821,95.84864732016266,232,0.14681952289533517,146.81952289533518
102,110,-34.88605461921821,95.84864732016266,240,0.14721526148745617,147.21526148745616
102,110,-34.88605461921821,95.84864732016266,248,0.14782887148268486,147.82887148268486
102,110,-34.88605461921821,95.84864732016266,256,0.14945267582482874,149.45267582482873
102,110,-34.88605461921821,95.84864732016266,264,0.14985497328005648,149.85497328005647
102,110,-34.88605461921821,95.84864732016266,272,0.14767554794027757,147.67554794027757
102,110,-34.88605461921821,95.84864732016266,280,0.14605078991259995,146.05078991259995
102,110,-34.88605461921821,95.84864732016266,288,0.14607494031762996,146.07494031762997
102,110,-34.88605461921821,95.84864732016266,296,0.14691279783228622,146.91279783228623
102,110,-34.88605461921821,95.84864732016266,304,0.14730427969154516,147.30427969154516
102,110,-34.88605461921821,95.84864732016266,312,0.14871048115407726,148.71048115407726
102,110,-34.88605461921821,95.84864732016266,320,0.1502527983217148,150.25279832171478
102,110,-34.88605461921821,95.84864732016266,328,0.14904777553174264,149.04777553174264
102,110,-34.88605461921821,95.84864732016266,336,0.1468800549599067,146.8800549599067
102,110,-34.88605461921821,95.84864732016266,344,0.1461608754701439,146.16087547014388
102,110,-34.88605461921821,95.84864732016266,352,0.14698476484081013,146.98476484081013
102,110,-34.88605461921821,95.84864732016266,360,0.14755568614648168,147.5556861464817
102,115,-43.107062697551335,92.4433942777383,0,0.14224984162664514,142.24984162664515
102,115,-43.107062697551335,92.4433942777383,8,0.1431768067825956,143.17680678259558
102,115,-43.107062697551335,92.4433942777383,16,0.1449572982625649,144.9572982625649
102,115,-43.107062697551335,92.4433942777383,24,0.14506994714619043,145.06994714619043
102,115,-43.107062697551335,92.4433942777383,32,0.14271166358632026,142.71166358632027
102,115,-43.107062697551335,92.4433942777383,40,0.1409743168901477,140.9743168901477
102,115,-43.107062697551335,92.4433942777383,48,0.14103130431462668,141.03130431462668
102,115,-43.107062697551335,92.4433942777383,56,0.14182989102610793,141.82989102610793
102,115,-43.107062697551335,92.4433942777383,64,0.1422269511208294,142.2269511208294
102,115,-43.107062697551335,92.4433942777383,72,0.14346343935360528,143.46343935360528
102,115,-43.107062697551335,92.4433942777383,80,0.14488429959956628,144.88429959956628
102,115,-43.107062697551335,92.4433942777383,88,0.14346469260074002,143.46469260074002
102,115,-43.107062697551335,92.4433942777383,96,0.14123029243703883,141.23029243703883
102,115,-43.107062697551335,92.4433942777383,104,0.1404233826953729,140.4233826953729
102,115,-43.107062697551335,92.4433942777383,112,0.1413505512781437,141.35055127814368
102,115,-43.107062697551335,92.4433942777383,120,0.141839123253301,141.839123253301
102,115,-43.107062697551335,92.4433942777383,128,0.14277832708991745,142.77832708991744
102,115,-43.107062697551335,92.4433942777383,136,0.14458275190322045,144.58275190322044
102,115,-43.107062697551335,92.4433942777383,144,0.14470584636479727,144.70584636479728
102,115,-43.107062697551335,92.4433942777383,152,0.14245162368089043,142.45162368089044
102,115,-43.107062697551335,92.4433942777383,160,0.14087315722798943,140.87315722798942
102,115,-43.107062697551335,92.4433942777383,168,0.14112310719675117,141.12310719675116
102,115,-43.107062697551335,92.4433942777383,176,0.14205970607345408,142.0597060734541
102,115,-43.107062697551335,92.4433942777383,184,0.14260003351839934,142.60003351839933
102,115,-43.107062697551335,92.4433942777383,192,0.14397897176459554,143.97897176459554
102,115,-43.107062697551335,92.4433942777383,200,0.1454798897169552,145.4798897169552
102,115,-43.107062697551335,92.4433942777383,208,0.1440139122589557,144.0139122589557
102,115,-43.107062697551335,92.4433942777383,216,0.14163917231119655,141.63917231119655
102,115,-43.107062697551335,92.4433942777383,224,0.14075468881256273,140.75468881256273
102,115,-43.107062697551335,92.4433942777383,232,0.14154966380504036,141.54966380504035
102,115,-43.107062697551335,92.4433942777383,240,0.14192250104363155,141.92250104363154
102,115,-43.107062697551335,92.4433942777383,248,0.14269006924991293,142.69006924991294
102,115,-43.107062697551335,92.4433942777383,256,0.14443009402312365,144.43009402312364
102,115,-43.107062697551335,92.4433942777383,264,0.14451138482487313,144.51138482487315
102,115,-43.107062697551335,92.4433942777383,272,0.1422280246494504,142.2280246494504
102,115,-43.107062697551335,92.4433942777383,280,0.14060745220324458,140.60745220324458
102,115,-43.107062697551335,92.4433942777383,288,0.1407605464637772,140.7605464637772
102,115,-43.107062697551335,92.4433942777383,296,0.1416289554033703,141.6289554033703
102,115,-43.107062697551335,92.4433942777383,304,0.14218266103518884,142.18266103518883
102,115,-43.107062697551335,92.4433942777383,312,0.14356041074486892,143.5604107448689
102,115,-43.107062697551335,92.4433942777383,320,0.14509041407894818,145.09041407894819
102,115,-43.107062697551335,92.4433942777383,328,0.14363063085332578,143.63063085332578
102,115,-43.107062697551335,92.4433942777383,336,0.1414193999858697,141.4193999858697
102,115,-43.107062697551335,92.4433942777383,344,0.1407527174012956,140.7527174012956
102,115,-43.107062697551335,92.4433942777383,352,0.14171940792574522,141.71940792574523
102,115,-43.107062697551335,92.4433942777383,360,0.14225555520464933,142.25555520464934
102,120,-50.99999999999998,88.33459118601274,0,0.13600466392575117,136.00466392575117
102,120,-50.99999999999998,88.33459118601274,8,0.13693306918362583,136.93306918362583
102,120,-50.99999999999998,88.33459118601274,16,0.13862095166966182,138.62095166966182
102,120,-50.99999999999998,88.33459118601274,24,0.13857741144087793,138.57741144087794
102,120,-50.99999999999998,88.33459118601274,32,0.13616041129560075,136.16041129560074
102,120,-50.99999999999998,88.33459118601274,40,0.13443297244572772,134.43297244572773
102,120,-50.99999999999998,88.33459118601274,48,0.13463817561188224,134.63817561188225
102,120,-50.99999999999998,88.33459118601274,56,0.13543482406445767,135.43482406445767
102,120,-50.99999999999998,88.33459118601274,64,0.1359579713760717,135.95797137607173
102,120,-50.99999999999998,88.33459118601274,72,0.13731730700150643,137.31730700150644
102,120,-50.99999999999998,88.33459118601274,80,0.1384558706045447,138.4558706045447
102,120,-50.99999999999998,88.33459118601274,88,0.13696284572933196,136.96284572933195
102,120,-50.99999999999998,88.33459118601274,96,0.13470423046297186,134.70423046297185
102,120,-50.99999999999998,88.33459118601274,104,0.13397163367332274,133.97163367332274
102,120,-50.99999999999998,88.33459118601274,112,0.13492229759991217,134.92229759991218
102,120,-50.99999999999998,88.33459118601274,120,0.135618638575606,135.61863857560598
102,120,-50.99999999999998,88.33459118601274,128,0.13655805198710919,136.5580519871092
102,120,-50.99999999999998,88.33459118601274,136,0.13826995092442632,138.26995092442633
102,120,-50.99999999999998,88.33459118601274,144,0.13824146399535858,138.24146399535857
102,120,-50.99999999999998,88.33459118601274,152,0.135925903580895,135.925903580895
102,120,-50.99999999999998,88.33459118601274,160,0.13435171468855062,134.35171468855063
102,120,-50.99999999999998,88.33459118601274,168,0.13473406862918028,134.73406862918029
102,120,-50.99999999999998,88.33459118601274,176,0.13565896734791952,135.6589673479195
102,120,-50.99999999999998,88.33459118601274,184,0.1363208601457024,136.3208601457024
102,120,-50.99999999999998,88.33459118601274,192,0.13781941588552887,137.81941588552888
102,120,-50.99999999999998,88.33459118601274,200,0.13903235287227972,139.03235287227972
102,120,-50.99999999999998,88.33459118601274,208,0.13748655001156723,137.48655001156723
102,120,-50.99999999999998,88.33459118601274,216,0.13508223661068314,135.08223661068314
102,120,-50.99999999999998,88.33459118601274,224,0.1342686208249727,134.26862082497271
102,120,-50.99999999999998,88.33459118601274,232,0.13509702370105092,135.09702370105092
102,120,-50.99999999999998,88.33459118601274,240,0.13568717996056118,135.68717996056117
102,120,-50.99999999999998,88.33459118601274,248,0.13645780823125137,136.45780823125136
102,120,-50.99999999999998,88.33459118601274,256,0.13811059419329047,138.11059419329047
102,120,-50.99999999999998,88.33459118601274,264,0.13804154223547177,138.04154223547178
102,120,-50.99999999999998,88.33459118601274,272,0.13570565033133436,135.70565033133437
102,120,-50.99999999999998,88.33459118601274,280,0.13409914585383373,134.09914585383373
102,120,-50.99999999999998,88.33459118601274,288,0.1343949154552785,134.39491545527852
102,120,-50.99999999999998,88.33459118601274,296,0.13525556916127723,135.25556916127724
102,120,-50.99999999999998,88.33459118601274,304,0.13592781281149638,135.92781281149638
102,120,-50.99999999999998,88.33459118601274,312,0.13742393103753464,137.42393103753463
102,120,-50.99999999999998,88.33459118601274,320,0.13867017613786053,138.67017613786052
102,120,-50.99999999999998,88.33459118601274,328,0.13713016673916997,137.13016673916997
102,120,-50.99999999999998,88.33459118601274,336,0.13488576304127312,134.88576304127312
102,120,-50.99999999999998,88.33459118601274,344,0.1342821201455882,134.2821201455882
102,120,-50.99999999999998,88.33459118601274,352,0.13526393982365006,135.26393982365008
102,120,-50.99999999999998,88.33459118601274,360,0.13601032311618802,136.01032311618803
102,125,-58.50479650780671,83.55350851747716,0,0.12863397787939174,128.63397787939175
102,125,-58.50479650780671,83.55350851747716,8,0.12968548219969142,129.68548219969142
102,125,-58.50479650780671,83.55350851747716,16,0.13113182680931834,131.13182680931834
102,125,-58.50479650780671,83.55350851747716,24,0.1310453866228576,131.04538662285762
102,125,-58.50479650780671,83.55350851747716,32,0.12858170281937856,128.58170281937856
102,125,-58.50479650780671,83.55350851747716,40,0.1268781013013136,126.8781013013136
102,125,-58.50479650780671,83.55350851747716,48,0.12709597545793672,127.09597545793672
102,125,-58.50479650780671,83.55350851747716,56,0.12812734196953457,128.12734196953457
102,125,-58.50479650780671,83.55350851747716,64,0.12869866617685238,128.69866617685238
102,125,-58.50479650780671,83.55350851747716,72,0.12991364841012992,129.91364841012992
102,125,-58.50479650780671,83.55350851747716,80,0.13097096191195684,130.97096191195683
102,125,-58.50479650780671,83.55350851747716,88,0.12942990625987066,129.42990625987068
102,125,-58.50479650780671,83.55350851747716,96,0.1271578752431029,127.15787524310291
102,125,-58.50479650780671,83.55350851747716,104,0.1265070196435119,126.50701964351191
102,125,-58.50479650780671,83.55350851747716,112,0.1275067584848663,127.50675848486631
102,125,-58.50479650780671,83.55350851747716,120,0.12827524052143668,128.27524052143667
102,125,-58.50479650780671,83.55350851747716,128,0.12933550338364064,129.33550338364063
102,125,-58.50479650780671,83.55350851747716,136,0.13081058589758804,130.81058589758803
102,125,-58.50479650780671,83.55350851747716,144,0.13073778768459088,130.73778768459087
102,125,-58.50479650780671,83.55350851747716,152,0.12837201883173754,128.37201883173753
102,125,-58.50479650780671,83.55350851747716,160,0.1268134917180545,126.81349171805451
102,125,-58.50479650780671,83.55350851747716,168,0.12719145520000186,127.19145520000185
102,125,-58.50479650780671,83.55350851747716,176,0.12834296399253858,128.34296399253859
102,125,-58.50479650780671,83.55350851747716,184,0.12904959201107982,129.04959201107982
102,125,-58.50479650780671,83.55350851747716,192,0.13039774132635434,130.39774132635435
102,125,-58.50479650780671,83.55350851747716,200,0.1315250167594159,131.5250167594159
102,125,-58.50479650780671,83.55350851747716,208,0.1299255638685488,129.9255638685488
102,125,-58.50479650780671,83.55350851747716,216,0.12750317170198883,127.50317170198883
102,125,-58.50479650780671,83.55350851747716,224,0.12677675386497972,126.77675386497972
102,125,-58.50479650780671,83.55350851747716,232,0.12765719210817972,127.65719210817971
102,125,-58.50479650780671,83.55350851747716,240,0.12832679350437456,128.32679350437456
102,125,-58.50479650780671,83.55350851747716,248,0.1292249884276945,129.2249884276945
102,125,-58.50479650780671,83.55350851747716,256,0.13064174007486815,130.64174007486815
102,125,-58.50479650780671,83.55350851747716,264,0.13053514716699993,130.53514716699993
102,125,-58.50479650780671,83.55350851747716,272,0.12815806419280767,128.15806419280767
102,125,-58.50479650780671,83.55350851747716,280,0.12657775243687333,126.57775243687333
102,125,-58.50479650780671,83.55350851747716,288,0.12688229609520957,126.88229609520957
102,125,-58.50479650780671,83.55350851747716,296,0.12796740462864836,127.96740462864837
102,125,-58.50479650780671,83.55350851747716,304,0.1286826093449452,128.68260934494518
102,125,-58.50479650780671,83.55350851747716,312,0.13003029626550192,130.0302962655019
102,125,-58.50479650780671,83.55350851747716,320,0.13119193050331104,131.19193050331106
102,125,-58.50479650780671,83.55350851747716,328,0.12959585564627152,129.59585564627153
102,125,-58.50479650780671,83.55350851747716,336,0.1273288690483832,127.3288690483832
102,125,-58.50479650780671,83.55350851747716,344,0.12679265219629116,126.79265219629116
102,125,-58.50479650780671,83.55350851747716,352,0.12781880070998097,127.81880070998098
102,125,-58.50479650780671,83.55350851747716,360,0.12863943691581733,128.63943691581733
102,130,-65.56433618802701,78.13653319813575,0,0.12037596957908765,120.37596957908765
102,130,-65.56433618802701,78.13653319813575,8,0.12128082748641207,121.28082748641206
102,130,-65.56433618802701,78.13653319813575,16,0.12266109713916576,122.66109713916576
102,130,-65.56433618802701,78.13653319813575,24,0.12253119594895552,122.53119594895553
102,130,-65.56433618802701,78.13653319813575,32,0.12003321670530712,120.03321670530711
102,130,-65.56433618802701,78.13653319813575,40,0.11833573159862538,118.33573159862539
102,130,-65.56433618802701,78.13653319813575,48,0.11866547737335977,118.66547737335976
102,130,-65.56433618802701,78.13653319813575,56,0.11975283527925654,119.75283527925653
102,130,-65.56433618802701,78.13653319813575,64,0.12043061489035825,120.43061489035826
102,130,-65.56433618802701,78.13653319813575,72,0.12148569538342327,121.48569538342328
102,130,-65.56433618802701,78.13653319813575,80,0.12250437936712512,122.50437936712513
102,130,-65.56433618802701,78.13653319813575,88,0.12092320441023208,120.92320441023207
102,130,-65.56433618802701,78.13653319813575,96,0.1186630162871385,118.6630162871385
102,130,-65.56433618802701,78.13653319813575,104,0.11796364299683976,117.96364299683975
102,130,-65.56433618802701,78.13653319813575,112,0.11919403372215594,119.19403372215594
102,130,-65.56433618802701,78.13653319813575,120,0.12004498418063353,120.04498418063353
102,130,-65.56433618802701,78.13653319813575,128,0.12096058472150409,120.96058472150409
102,130,-65.56433618802701,78.13653319813575,136,0.12237064790633352,122.37064790633352
102,130,-65.56433618802701,78.13653319813575,144,0.12225192494006265,122.25192494006265
102,130,-65.56433618802701,78.13653319813575,152,0.11984745905751944,119.84745905751944
102,130,-65.56433618802701,78.13653319813575,160,0.11827755286784583,118.27755286784583
102,130,-65.56433618802701,78.13653319813575,168,0.1187584359721571,118.7584359721571
102,130,-65.56433618802701,78.13653319813575,176,0.1199595646399928,119.9595646399928
102,130,-65.56433618802701,78.13653319813575,184,0.1207662326014944,120.7662326014944
102,130,-65.56433618802701,78.13653319813575,192,0.12194908416537897,121.94908416537898
102,130,-65.56433618802701,78.13653319813575,200,0.12303298760325666,123.03298760325666
102,130,-65.56433618802701,78.13653319813575,208,0.121388497499897,121.388497499897
102,130,-65.56433618802701,78.13653319813575,216,0.1189761583476386,118.9761583476386
102,130,-65.56433618802701,78.13653319813575,224,0.11820211877364041,118.20211877364041
102,130,-65.56433618802701,78.13653319813575,232,0.11932222910905199,119.32222910905199
102,130,-65.56433618802701,78.13653319813575,240,0.12008083294654627,120.08083294654627
102,130,-65.56433618802701,78.13653319813575,248,0.12083893493962658,120.83893493962658
102,130,-65.56433618802701,78.13653319813575,256,0.12219455817228517,122.19455817228517
102,130,-65.56433618802701,78.13653319813575,264,0.12204932781841399,122.04932781841399
102,130,-65.56433618802701,78.13653319813575,272,0.11964270792174166,119.64270792174166
102,130,-65.56433618802701,78.13653319813575,280,0.11806601862711086,118.06601862711086
102,130,-65.56433618802701,78.13653319813575,288,0.1184805455195211,118.4805455195211
102,130,-65.56433618802701,78.13653319813575,296,0.1196126216229221,119.6126216229221
102,130,-65.56433618802701,78.13653319813575,304,0.12042811196942323,120.42811196942323
102,130,-65.56433618802701,78.13653319813575,312,0.1216132765613368,121.6132765613368
102,130,-65.56433618802701,78.13653319813575,320,0.12272950446687987,122.72950446687987
102,130,-65.56433618802701,78.13653319813575,328,0.12108503823138879,121.0850382313888
102,130,-65.56433618802701,78.13653319813575,336,0.11881904344473682,118.81904344473682
102,130,-65.56433618802701,78.13653319813575,344,0.1182179014761463,118.21790147614631
102,130,-65.56433618802701,78.13653319813575,352,0.11947595574320269,119.47595574320269
102,130,-65.56433618802701,78.13653319813575,360,0.12038132686880543,120.38132686880543
102,135,-72.12489168102785,72.12489168102785,0,0.11110883580746478,111.10883580746477
102,135,-72.12489168102785,72.12489168102785,8,0.1119449212433525,111.9449212433525
102,135,-72.12489168102785,72.12489168102785,16,0.11327323002676035,113.27323002676034
102,135,-72.12489168102785,72.12489168102785,24,0.11309963755120891,113.09963755120891
102,135,-72.12489168102785,72.12489168102785,32,0.11062342647891872,110.62342647891872
102,135,-72.12489168102785,72.12489168102785,40,0.1088264619232819,108.8264619232819
102,135,-72.12489168102785,72.12489168102785,48,0.10938585383488841,109.38585383488841
102,135,-72.12489168102785,72.12489168102785,56,0.11058329823958503,110.58329823958503
102,135,-72.12489168102785,72.12489168102785,64,0.11113064109973926,111.13064109973926
102,135,-72.12489168102785,72.12489168102785,72,0.11214803848492079,112.14803848492079
102,135,-72.12489168102785,72.12489168102785,80,0.11312055877547801,113.12055877547802
102,135,-72.12489168102785,72.12489168102785,88,0.1115074813179789,111.5074813179789
102,135,-72.12489168102785,72.12489168102785,96,0.10922741758202044,109.22741758202044
102,135,-72.12489168102785,72.12489168102785,104,0.10861219633083992,108.61219633083992
102,135,-72.12489168102785,72.12489168102785,112,0.10994118313435815,109.94118313435814
102,135,-72.12489168102785,72.12489168102785,120,0.11080976968038493,110.80976968038493
102,135,-72.12489168102785,72.12489168102785,128,0.11165672743109234,111.65672743109234
102,135,-72.12489168102785,72.12489168102785,136,0.11301436997495018,113.01436997495018
102,135,-72.12489168102785,72.12489168102785,144,0.11284845830116377,112.84845830116377
102,135,-72.12489168102785,72.12489168102785,152,0.1104553608849955,110.4553608849955
102,135,-72.12489168102785,72.12489168102785,160,0.10877320520504896,108.77320520504897
102,135,-72.12489168102785,72.12489168102785,168,0.10947267008645678,109.47267008645679
102,135,-72.12489168102785,72.12489168102785,176,0.11077929632385948,110.77929632385948
102,135,-72.12489168102785,72.12489168102785,184,0.11144798723041739,111.4479872304174
102,135,-72.12489168102785,72.12489168102785,192,0.11258756439103308,112.58756439103308
102,135,-72.12489168102785,72.12489168102785,200,0.11362089487330773,113.62089487330773
102,135,-72.12489168102785,72.12489168102785,208,0.11194032313549895,111.94032313549896
102,135,-72.12489168102785,72.12489168102785,216,0.10950866602254564,109.50866602254564
102,135,-72.12489168102785,72.12489168102785,224,0.10882079983921897,108.82079983921896
102,135,-72.12489168102785,72.12489168102785,232,0.11004785849642536,110.04785849642536
102,135,-72.12489168102785,72.12489168102785,240,0.110829075745583,110.829075745583
102,135,-72.12489168102785,72.12489168102785,248,0.11152408074990923,111.52408074990923
102,135,-72.12489168102785,72.12489168102785,256,0.11283333664036807,112.83333664036807
102,135,-72.12489168102785,72.12489168102785,264,0.11264866639883443,112.64866639883444
102,135,-72.12489168102785,72.12489168102785,272,0.11026547476806133,110.26547476806132
102,135,-72.12489168102785,72.12489168102785,280,0.10859065162347437,108.59065162347437
102,135,-72.12489168102785,72.12489168102785,288,0.10922658955057703,109.22658955057703
102,135,-72.12489168102785,72.12489168102785,296,0.11046093489642286,110.46093489642287
102,135,-72.12489168102785,72.12489168102785,304,0.11114256635588271,111.1425663558827
102,135,-72.12489168102785,72.12489168102785,312,0.1122846678792393,112.2846678792393
102,135,-72.12489168102785,72.12489168102785,320,0.11334730220045677,113.34730220045677
102,135,-72.12489168102785,72.12489168102785,328,0.11166248695402115,111.66248695402115
102,135,-72.12489168102785,72.12489168102785,336,0.1093609038796364,109.3609038796364
102,135,-72.12489168102785,72.12489168102785,344,0.10883465375851571,108.83465375851571
102,135,-72.12489168102785,72.12489168102785,352,0.11019349854315892,110.19349854315892
102,135,-72.12489168102785,72.12489168102785,360,0.11111403422645225,111.11403422645225
102,140,-78.13653319813575,65.56433618802703,0,0.10094353810395869,100.94353810395869
102,140,-78.13653319813575,65.56433618802703,8,0.10177012656947848,101.77012656947848
102,140,-78.13653319813575,65.56433618802703,16,0.10303967280937665,103.03967280937665
102,140,-78.13653319813575,65.56433618802703,24,0.10282249128395533,102.82249128395533
102,140,-78.13653319813575,65.56433618802703,32,0.10032596382507787,100.32596382507788
102,140,-78.13653319813575,65.56433618802703,40,0.09857851527286374,98.57851527286374
102,140,-78.13653319813575,65.56433618802703,48,0.0992927808036272,99.29278080362721
102,140,-78.13653319813575,65.56433618802703,56,0.10042351366034419,100.42351366034418
102,140,-78.13653319813575,65.56433618802703,64,0.10099077727931395,100.99077727931395
102,140,-78.13653319813575,65.56433618802703,72,0.10197174292185149,101.97174292185149
102,140,-78.13653319813575,65.56433618802703,80,0.10289091667782371,102.89091667782371
102,140,-78.13653319813575,65.56433618802703,88,0.10133044491035822,101.33044491035822
102,140,-78.13653319813575,65.56433618802703,96,0.09894028190293,98.94028190293
102,140,-78.13653319813575,65.56433618802703,104,0.09848999680838258,98.48999680838259
102,140,-78.13653319813575,65.56433618802703,112,0.09992686475417674,99.92686475417673
102,140,-78.13653319813575,65.56433618802703,120,0.10067894259604171,100.67894259604171
102,140,-78.13653319813575,65.56433618802703,128,0.10151527088761814,101.51527088761813
102,140,-78.13653319813575,65.56433618802703,136,0.10281295902797084,102.81295902797085
102,140,-78.13653319813575,65.56433618802703,144,0.10259895382698475,102.59895382698475
102,140,-78.13653319813575,65.56433618802703,152,0.10017046448788544,100.17046448788544
102,140,-78.13653319813575,65.56433618802703,160,0.0985279144210331,98.5279144210331
102,140,-78.13653319813575,65.56433618802703,168,0.0993724928972673,99.37249289726729
102,140,-78.13653319813575,65.56433618802703,176,0.10060592370805388,100.60592370805388
102,140,-78.13653319813575,65.56433618802703,184,0.10128754555124447,101.28754555124448
102,140,-78.13653319813575,65.56433618802703,192,0.10238442882143972,102.38442882143973
102,140,-78.13653319813575,65.56433618802703,200,0.1033603702784209,103.3603702784209
102,140,-78.13653319813575,65.56433618802703,208,0.10173139932327616,101.73139932327615
102,140,-78.13653319813575,65.56433618802703,216,0.09918765711244537,99.18765711244536
102,140,-78.13653319813575,65.56433618802703,224,0.09867146015648359,98.67146015648359
102,140,-78.13653319813575,65.56433618802703,232,0.10001347145071823,100.01347145071823
102,140,-78.13653319813575,65.56433618802703,240,0.10068115914342002,100.68115914342002
102,140,-78.13653319813575,65.56433618802703,248,0.1013733411495011,101.3733411495011
102,140,-78.13653319813575,65.56433618802703,256,0.10262932002743487,102.62932002743487
102,140,-78.13653319813575,65.56433618802703,264,0.1024047076179389,102.40470761793891
102,140,-78.13653319813575,65.56433618802703,272,0.10000320290440819,100.00320290440818
102,140,-78.13653319813575,65.56433618802703,280,0.09837499357031462,98.37499357031463
102,140,-78.13653319813575,65.56433618802703,288,0.09915759527703663,99.15759527703663
102,140,-78.13653319813575,65.56433618802703,296,0.10032168284213012,100.32168284213013
102,140,-78.13653319813575,65.56433618802703,304,0.10101636932931465,101.01636932931466
102,140,-78.13653319813575,65.56433618802703,312,0.10211546656404805,102.11546656404805
102,140,-78.13653319813575,65.56433618802703,320,0.10311672792841789,103.11672792841789
102,140,-78.13653319813575,65.56433618802703,328,0.10147212464892788,101.47212464892787
102,140,-78.13653319813575,65.56433618802703,336,0.09904794573393208,99.04794573393208
102,140,-78.13653319813575,65.56433618802703,344,0.09867998981631879,98.67998981631878
102,140,-78.13653319813575,65.56433618802703,352,0.10014917673618359,100.14917673618359
102,140,-78.13653319813575,65.56433618802703,360,0.10094856497350631,100.94856497350631
102,145,-83.55350851747717,58.50479650780669,0,0.0900227650112303,90.0227650112303
102,145,-83.55350851747717,58.50479650780669,8,0.09083387979596713,90.83387979596714
102,145,-83.55350851747717,58.50479650780669,16,0.09203830903662964,92.03830903662964
102,145,-83.55350851747717,58.50479650780669,24,0.09187670607570689,91.87670607570689
102,145,-83.55350851747717,58.50479650780669,32,0.08928473362964853,89.28473362964853
102,145,-83.55350851747717,58.50479650780669,40,0.08765112794565255,87.65112794565255
102,145,-83.55350851747717,58.50479650780669,48,0.08846787791709765,88.46787791709765
102,145,-83.55350851747717,58.50479650780669,56,0.08951023012953294,89.51023012953294
102,145,-83.55350851747717,58.50479650780669,64,0.09009473900283868,90.09473900283868
102,145,-83.55350851747717,58.50479650780669,72,0.09103425644806548,91.03425644806548
102,145,-83.55350851747717,58.50479650780669,80,0.09191114799801253,91.91114799801254
102,145,-83.55350851747717,58.50479650780669,88,0.09031784231910824,90.31784231910824
102,145,-83.55350851747717,58.50479650780669,96,0.08799188484440362,87.99188484440363
102,145,-83.55350851747717,58.50479650780669,104,0.08766802683634752,87.66802683634752
102,145,-83.55350851747717,58.50479650780669,112,0.0890150372212325,89.01503722123249
102,145,-83.55350851747717,58.50479650780669,120,0.08979407859780211,89.79407859780211
102,145,-83.55350851747717,58.50479650780669,128,0.09061339769895617,90.61339769895616
102,145,-83.55350851747717,58.50479650780669,136,0.0918440539624823,91.84405396248229
102,145,-83.55350851747717,58.50479650780669,144,0.09167308724256612,91.67308724256613
102,145,-83.55350851747717,58.50479650780669,152,0.08914070295837613,89.14070295837612
102,145,-83.55350851747717,58.50479650780669,160,0.08759878213651567,87.59878213651568
102,145,-83.55350851747717,58.50479650780669,168,0.0885389275529416,88.5389275529416
102,145,-83.55350851747717,58.50479650780669,176,0.08967752128303076,89.67752128303076
102,145,-83.55350851747717,58.50479650780669,184,0.0903683280216412,90.3683280216412
102,145,-83.55350851747717,58.50479650780669,192,0.09141732947910505,91.41732947910505
102,145,-83.55350851747717,58.50479650780669,200,0.09234747347025796,92.34747347025795
102,145,-83.55350851747717,58.50479650780669,208,0.0906824908534197,90.6824908534197
102,145,-83.55350851747717,58.50479650780669,216,0.0882069951911167,88.2069951911167
102,145,-83.55350851747717,58.50479650780669,224,0.08782341502517782,87.82341502517782
102,145,-83.55350851747717,58.50479650780669,232,0.08907834686581867,89.07834686581867
102,145,-83.55350851747717,58.50479650780669,240,0.08978001770607409,89.78001770607409
102,145,-83.55350851747717,58.50479650780669,248,0.09046396939594538,90.46396939594538
102,145,-83.55350851747717,58.50479650780669,256,0.09166016706126354,91.66016706126354
102,145,-83.55350851747717,58.50479650780669,264,0.09149284339116866,91.49284339116866
102,145,-83.55350851747717,58.50479650780669,272,0.088998077502278,88.99807750227801
102,145,-83.55350851747717,58.50479650780669,280,0.08747804013356726,87.47804013356726
102,145,-83.55350851747717,58.50479650780669,288,0.0883567083933843,88.35670839338431
102,145,-83.55350851747717,58.50479650780669,296,0.08942888040554542,89.42888040554541
102,145,-83.55350851747717,58.50479650780669,304,0.09013271539508623,90.13271539508624
102,145,-83.55350851747717,58.50479650780669,312,0.09118306637810322,91.18306637810322
102,145,-83.55350851747717,58.50479650780669,320,0.09213255582517606,92.13255582517606
102,145,-83.55350851747717,58.50479650780669,328,0.09043921014529122,90.43921014529121
102,145,-83.55350851747717,58.50479650780669,336,0.08807212566946755,88.07212566946755
102,145,-83.55350851747717,58.50479650780669,344,0.08782615564904181,87.82615564904181
102,145,-83.55350851747717,58.50479650780669,352,0.08920182736804701,89.201827368047
102,145,-83.55350851747717,58.50479650780669,360,0.09002765091561578,90.02765091561578
102,150,-88.33459118601274,50.99999999999999,0,0.07842935028015992,78.42935028015992
102,150,-88.33459118601274,50.99999999999999,8,0.07921941236425131,79.21941236425131
102,150,-88.33459118601274,50.99999999999999,16,0.08038763466542392,80.38763466542392
102,150,-88.33459118601274,50.99999999999999,24,0.0801583425039895,80.1583425039895
102,150,-88.33459118601274,50.99999999999999,32,0.07767746151274603,77.67746151274604
102,150,-88.33459118601274,50.99999999999999,40,0.07612467444971441,76.1246744497144
102,150,-88.33459118601274,50.99999999999999,48,0.07687152632376254,76.87152632376254
102,150,-88.33459118601274,50.99999999999999,56,0.07792883805656314,77.92883805656314
102,150,-88.33459118601274,50.99999999999999,64,0.0785254517008053,78.5254517008053
102,150,-88.33459118601274,50.99999999999999,72,0.07941881993986333,79.41881993986333
102,150,-88.33459118601274,50.99999999999999,80,0.08030923154853772,80.30923154853772
102,150,-88.33459118601274,50.99999999999999,88,0.07866873480429332,78.66873480429332
102,150,-88.33459118601274,50.99999999999999,96,0.07644118959197904,76.44118959197904
102,150,-88.33459118601274,50.99999999999999,104,0.07615227455793812,76.15227455793811
102,150,-88.33459118601274,50.99999999999999,112,0.07745464452214969,77.45464452214969
102,150,-88.33459118601274,50.99999999999999,120,0.07823785326135407,78.23785326135408
102,150,-88.33459118601274,50.99999999999999,128,0.07903407770280325,79.03407770280326
102,150,-88.33459118601274,50.99999999999999,136,0.08022412010477595,80.22412010477595
102,150,-88.33459118601274,50.99999999999999,144,0.07997372997454069,79.97372997454069
102,150,-88.33459118601274,50.99999999999999,152,0.07754054084694847,77.54054084694847
102,150,-88.33459118601274,50.99999999999999,160,0.07606961892961057,76.06961892961057
102,150,-88.33459118601274,50.99999999999999,168,0.07693254923434592,76.93254923434593
102,150,-88.33459118601274,50.99999999999999,176,0.07807904771563401,78.079047715634
102,150,-88.33459118601274,50.99999999999999,184,0.07877343648021187,78.77343648021187
102,150,-88.33459118601274,50.99999999999999,192,0.07976973261214007,79.76973261214007
102,150,-88.33459118601274,50.99999999999999,200,0.08070974530671039,80.70974530671039
102,150,-88.33459118601274,50.99999999999999,208,0.07899719261998304,78.99719261998304
102,150,-88.33459118601274,50.99999999999999,216,0.07662517088462603,76.62517088462603
102,150,-88.33459118601274,50.99999999999999,224,0.0762804632327841,76.2804632327841
102,150,-88.33459118601274,50.99999999999999,232,0.07749502111632624,77.49502111632624
102,150,-88.33459118601274,50.99999999999999,240,0.07820852394473085,78.20852394473086
102,150,-88.33459118601274,50.99999999999999,248,0.0788789923955455,78.8789923955455
102,150,-88.33459118601274,50.99999999999999,256,0.08004417207910143,80.04417207910143
102,150,-88.33459118601274,50.99999999999999,264,0.07981361936833925,79.81361936833925
102,150,-88.33459118601274,50.99999999999999,272,0.07742524463255296,77.42524463255296
102,150,-88.33459118601274,50.99999999999999,280,0.07598063509371068,75.98063509371069
102,150,-88.33459118601274,50.99999999999999,288,0.07678746931385677,76.78746931385677
102,150,-88.33459118601274,50.99999999999999,296,0.07786747770267227,77.86747770267228
102,150,-88.33459118601274,50.99999999999999,304,0.07857443573136697,78.57443573136696
102,150,-88.33459118601274,50.99999999999999,312,0.07957066948798372,79.57066948798372
102,150,-88.33459118601274,50.99999999999999,320,0.08051778123073905,80.51778123073905
102,150,-88.33459118601274,50.99999999999999,328,0.0787689270839508,78.7689270839508
102,150,-88.33459118601274,50.99999999999999,336,0.07649042258585359,76.4904225858536
102,150,-88.33459118601274,50.99999999999999,344,0.07627596287290664,76.27596287290663
102,150,-88.33459118601274,50.99999999999999,352,0.07760465328051348,77.60465328051349
102,150,-88.33459118601274,50.99999999999999,360,0.0784341244232611,78.4341244232611
102,155,-92.44339427773829,43.10706269755135,0,0.06625152679714616,66.25152679714616
102,155,-92.44339427773829,43.10706269755135,8,0.06701511738449352,67.01511738449352
102,155,-92.44339427773829,43.10706269755135,16,0.06816381957785266,68.16381957785265
102,155,-92.44339427773829,43.10706269755135,24,0.06790030633103236,67.90030633103237
102,155,-92.44339427773829,43.10706269755135,32,0.06555720483930544,65.55720483930544
102,155,-92.44339427773829,43.10706269755135,40,0.06394663358630236,63.946633586302355
102,155,-92.44339427773829,43.10706269755135,48,0.06471391151950157,64.71391151950156
102,155,-92.44339427773829,43.10706269755135,56,0.06576747882814593,65.76747882814593
102,155,-92.44339427773829,43.10706269755135,64,0.06637096463530888,66.37096463530888
102,155,-92.44339427773829,43.10706269755135,72,0.06725114515323183,67.25114515323183
102,155,-92.44339427773829,43.10706269755135,80,0.06806401017850847,68.06401017850847
102,155,-92.44339427773829,43.10706269755135,88,0.0665661677643864,66.56616776438639
102,155,-92.44339427773829,43.10706269755135,96,0.06437550701016694,64.37550701016694
102,155,-92.44339427773829,43.10706269755135,104,0.06400082925564465,64.00082925564465
102,155,-92.44339427773829,43.10706269755135,112,0.06531506294756956,65.31506294756956
102,155,-92.44339427773829,43.10706269755135,120,0.0660982164393476,66.0982164393476
102,155,-92.44339427773829,43.10706269755135,128,0.06686543651611465,66.86543651611466
102,155,-92.44339427773829,43.10706269755135,136,0.0680278063175619,68.0278063175619
102,155,-92.44339427773829,43.10706269755135,144,0.06773389789474499,67.73389789474498
102,155,-92.44339427773829,43.10706269755135,152,0.06542362307740139,65.42362307740139
102,155,-92.44339427773829,43.10706269755135,160,0.06388769637330134,63.887696373301345
102,155,-92.44339427773829,43.10706269755135,168,0.06476358008393146,64.76358008393146
102,155,-92.44339427773829,43.10706269755135,176,0.06589877439306137,65.89877439306137
102,155,-92.44339427773829,43.10706269755135,184,0.0665911150527736,66.5911150527736
102,155,-92.44339427773829,43.10706269755135,192,0.06756713016724959,67.56713016724959
102,155,-92.44339427773829,43.10706269755135,200,0.06842491151398203,68.42491151398202
102,155,-92.44339427773829,43.10706269755135,208,0.06686041224375155,66.86041224375155
102,155,-92.44339427773829,43.10706269755135,216,0.0645298377443711,64.5298377443711
102,155,-92.44339427773829,43.10706269755135,224,0.06409962469655983,64.09962469655983
102,155,-92.44339427773829,43.10706269755135,232,0.06533300875398655,65.33300875398655
102,155,-92.44339427773829,43.10706269755135,240,0.06605474391397304,66.05474391397304
102,155,-92.44339427773829,43.10706269755135,248,0.06670657881847483,66.70657881847484
102,155,-92.44339427773829,43.10706269755135,256,0.06785905603120393,67.85905603120393
102,155,-92.44339427773829,43.10706269755135,264,0.06759402716081939,67.59402716081938
102,155,-92.44339427773829,43.10706269755135,272,0.06533826303612655,65.33826303612655
102,155,-92.44339427773829,43.10706269755135,280,0.06383414761425465,63.834147614254654
102,155,-92.44339427773829,43.10706269755135,288,0.0646568912415691,64.65689124156911
102,155,-92.44339427773829,43.10706269755135,296,0.06572546398904539,65.72546398904538
102,155,-92.44339427773829,43.10706269755135,304,0.0664294958254778,66.4294958254778
102,155,-92.44339427773829,43.10706269755135,312,0.06740195919846731,67.40195919846731
102,155,-92.44339427773829,43.10706269755135,320,0.06825544966125979,68.25544966125979
102,155,-92.44339427773829,43.10706269755135,328,0.06664110404638766,66.64110404638767
102,155,-92.44339427773829,43.10706269755135,336,0.064394238770223,64.394238770223
102,155,-92.44339427773829,43.10706269755135,344,0.06408649115593201,64.08649115593201
102,155,-92.44339427773829,43.10706269755135,352,0.06542704823473017,65.42704823473017
102,155,-92.44339427773829,43.10706269755135,360,0.06625621923341168,66.25621923341168
102,160,-95.84864732016266,34.88605461921823,0,0.053581975152065565,53.58197515206557
102,160,-95.84864732016266,34.88605461921823,8,0.05434269190942602,54.342691909426016
102,160,-95.84864732016266,34.88605461921823,16,0.055421988252185736,55.421988252185734
102,160,-95.84864732016266,34.88605461921823,24,0.05532260580650003,55.32260580650003
102,160,-95.84864732016266,34.88605461921823,32,0.052983417842975056,52.98341784297506
102,160,-95.84864732016266,34.88605461921823,40,0.051265183035154344,51.265183035154344
102,160,-95.84864732016266,34.88605461921823,48,0.052071117867438815,52.071117867438815
102,160,-95.84864732016266,34.88605461921823,56,0.053118707731238946,53.11870773123894
102,160,-95.84864732016266,34.88605461921823,64,0.053723780791997806,53.723780791997804
102,160,-95.84864732016266,34.88605461921823,72,0.05458015455244767,54.58015455244767
102,160,-95.84864732016266,34.88605461921823,80,0.055388800586549165,55.388800586549166
102,160,-95.84864732016266,34.88605461921823,88,0.0540284936991653,54.028493699165296
102,160,-95.84864732016266,34.88605461921823,96,0.051711858086916626,51.71185808691663
102,160,-95.84864732016266,34.88605461921823,104,0.05137644172512329,51.37644172512329
102,160,-95.84864732016266,34.88605461921823,112,0.052688682043354404,52.688682043354405
102,160,-95.84864732016266,34.88605461921823,120,0.05346755809811127,53.46755809811127
102,160,-95.84864732016266,34.88605461921823,128,0.0542278454572698,54.2278454572698
102,160,-95.84864732016266,34.88605461921823,136,0.055313204156057894,55.31320415605789
102,160,-95.84864732016266,34.88605461921823,144,0.055166513318575416,55.16651331857542
102,160,-95.84864732016266,34.88605461921823,152,0.05285224282675084,52.85224282675084
102,160,-95.84864732016266,34.88605461921823,160,0.05120129317315817,51.20129317315817
102,160,-95.84864732016266,34.88605461921823,168,0.05210811407608871,52.10811407608871
102,160,-95.84864732016266,34.88605461921823,176,0.05322940054994768,53.229400549947684
102,160,-95.84864732016266,34.88605461921823,184,0.05391407856127595,53.91407856127594
102,160,-95.84864732016266,34.88605461921823,192,0.054857300289251856,54.85730028925185
102,160,-95.84864732016266,34.88605461921823,200,0.05571077333213645,55.71077333213645
102,160,-95.84864732016266,34.88605461921823,208,0.054289634113638144,54.289634113638144
102,160,-95.84864732016266,34.88605461921823,216,0.05183280703836316,51.832807038363164
102,160,-95.84864732016266,34.88605461921823,224,0.051445941999202355,51.445941999202354
102,160,-95.84864732016266,34.88605461921823,232,0.05268487003650086,52.68487003650086
102,160,-95.84864732016266,34.88605461921823,240,0.05341117521848773,53.411175218487735
102,160,-95.84864732016266,34.88605461921823,248,0.05406914633492112,54.069146334921115
102,160,-95.84864732016266,34.88605461921823,256,0.055158431923229785,55.158431923229784
102,160,-95.84864732016266,34.88605461921823,264,0.05505273650674836,55.05273650674836
102,160,-95.84864732016266,34.88605461921823,272,0.052796922361510915,52.796922361510916
102,160,-95.84864732016266,34.88605461921823,280,0.05118567030232567,51.18567030232567
102,160,-95.84864732016266,34.88605461921823,288,0.05204090494881514,52.04090494881515
102,160,-95.84864732016266,34.88605461921823,296,0.05309524732057373,53.09524732057373
102,160,-95.84864732016266,34.88605461921823,304,0.053790326003417724,53.790326003417725
102,160,-95.84864732016266,34.88605461921823,312,0.05472479998168367,54.72479998168367
102,160,-95.84864732016266,34.88605461921823,320,0.05556229205804845,55.56229205804845
102,160,-95.84864732016266,34.88605461921823,328,0.054076554499277896,54.0765544992779
102,160,-95.84864732016266,34.88605461921823,336,0.05169518665400492,51.695186654004914
102,160,-95.84864732016266,34.88605461921823,344,0.05142292347458453,51.42292347458453
102,160,-95.84864732016266,34.88605461921823,352,0.052761691158134394,52.7616911581344
102,160,-95.84864732016266,34.88605461921823,360,0.053586616557782504,53.586616557782506
102,165,-98.52443428148496,26.399542600457142,0,0.04051683835652309,40.51683835652309
102,165,-98.52443428148496,26.399542600457142,8,0.04124816064620572,41.24816064620572
102,165,-98.52443428148496,26.399542600457142,16,0.04238370455945273,42.38370455945273
102,165,-98.52443428148496,26.399542600457142,24,0.04237850595786516,42.37850595786516
102,165,-98.52443428148496,26.399542600457142,32,0.039907338730430515,39.90733873043052
102,165,-98.52443428148496,26.399542600457142,40,0.038199641198099744,38.19964119809975
102,165,-98.52443428148496,26.399542600457142,48,0.039039364661194,39.039364661194
102,165,-98.52443428148496,26.399542600457142,56,0.04007878955142644,40.078789551426446
102,165,-98.52443428148496,26.399542600457142,64,0.040695856009959085,40.69585600995909
102,165,-98.52443428148496,26.399542600457142,72,0.041512170467089035,41.512170467089035
102,165,-98.52443428148496,26.399542600457142,80,0.042475944279520984,42.47594427952099
102,165,-98.52443428148496,26.399542600457142,88,0.041090891841851655,41.09089184185166
102,165,-98.52443428148496,26.399542600457142,96,0.038675743621420684,38.675743621420686
102,165,-98.52443428148496,26.399542600457142,104,0.03836356916500992,38.36356916500992
102,165,-98.52443428148496,26.399542600457142,112,0.03967159619220255,39.67159619220255
102,165,-98.52443428148496,26.399542600457142,120,0.04044184036242261,40.44184036242261
102,165,-98.52443428148496,26.399542600457142,128,0.041167696024261645,41.167696024261645
102,165,-98.52443428148496,26.399542600457142,136,0.04229881243228696,42.29881243228696
102,165,-98.52443428148496,26.399542600457142,144,0.04223134616091168,42.231346160911684
102,165,-98.52443428148496,26.399542600457142,152,0.03977752162992341,39.777521629923406
102,165,-98.52443428148496,26.399542600457142,160,0.038129699375633055,38.12969937563305
102,165,-98.52443428148496,26.399542600457142,168,0.03906246694871665,39.062466948716654
102,165,-98.52443428148496,26.399542600457142,176,0.040167347771216125,40.16734777121612
102,165,-98.52443428148496,26.399542600457142,184,0.0408532678013081,40.8532678013081
102,165,-98.52443428148496,26.399542600457142,192,0.0417489765661193,41.748976566119296
102,165,-98.52443428148496,26.399542600457142,200,0.04276126936237708,42.76126936237708
102,165,-98.52443428148496,26.399542600457142,208,0.04131858294614989,41.31858294614989
102,165,-98.52443428148496,26.399542600457142,216,0.03876289145918542,38.76289145918542
102,165,-98.52443428148496,26.399542600457142,224,0.0384040613382391,38.4040613382391
102,165,-98.52443428148496,26.399542600457142,232,0.03964686493666418,39.64686493666418
102,165,-98.52443428148496,26.399542600457142,240,0.040373951293001226,40.37395129300123
102,165,-98.52443428148496,26.399542600457142,248,0.041013161090612656,41.013161090612655
102,165,-98.52443428148496,26.399542600457142,256,0.042160560327499964,42.160560327499965
102,165,-98.52443428148496,26.399542600457142,264,0.04214402763938544,42.14402763938544
102,165,-98.52443428148496,26.399542600457142,272,0.03975723008631854,39.75723008631854
102,165,-98.52443428148496,26.399542600457142,280,0.03815299955780437,38.15299955780437
102,165,-98.52443428148496,26.399542600457142,288,0.03903552570902355,39.03552570902355
102,165,-98.52443428148496,26.399542600457142,296,0.04007295127243775,40.07295127243775
102,165,-98.52443428148496,26.399542600457142,304,0.04076764427377835,40.76764427377835
102,165,-98.52443428148496,26.399542600457142,312,0.04164894066064631,41.64894066064631
102,165,-98.52443428148496,26.399542600457142,320,0.04262516422342616,42.62516422342616
102,165,-98.52443428148496,26.399542600457142,328,0.041110917969167125,41.110917969167126
102,165,-98.52443428148496,26.399542600457142,336,0.03862226724459819,38.62226724459819
102,165,-98.52443428148496,26.399542600457142,344,0.03836994158852232,38.369941588522316
102,165,-98.52443428148496,26.399542600457142,352,0.03970497306563074,39.70497306563074
102,165,-98.52443428148496,26.399542600457142,360,0.04052145734312192,40.52145734312192
102,170,-100.45039080724521,17.71211412202689,0,0.027154414592321617,27.15441459232162
102,170,-100.45039080724521,17.71211412202689,8,0.027864756025711764,27.864756025711763
102,170,-100.45039080724521,17.71211412202689,16,0.029128436582840297,29.128436582840298
102,170,-100.45039080724521,17.71211412202689,24,0.029092811851452245,29.092811851452247
102,170,-100.45039080724521,17.71211412202689,32,0.026554992759137842,26.554992759137843
102,170,-100.45039080724521,17.71211412202689,40,0.02484389855780618,24.84389855780618
102,170,-100.45039080724521,17.71211412202689,48,0.025717831411454277,25.717831411454277
102,170,-100.45039080724521,17.71211412202689,56,0.026741344580810483,26.741344580810484
102,170,-100.45039080724521,17.71211412202689,64,0.027356339867968656,27.356339867968657
102,170,-100.45039080724521,17.71211412202689,72,0.02826104397513244,28.26104397513244
102,170,-100.45039080724521,17.71211412202689,80,0.029278314327984268,29.27831432798427
102,170,-100.45039080724521,17.71211412202689,88,0.02777692520414852,27.77692520414852
102,170,-100.45039080724521,17.71211412202689,96,0.02534414239810394,25.344142398103937
102,170,-100.45039080724521,17.71211412202689,104,0.025061247392874245,25.061247392874247
102,170,-100.45039080724521,17.71211412202689,112,0.02636287327737253,26.36287327737253
102,170,-100.45039080724521,17.71211412202689,120,0.027119383993956168,27.119383993956166
102,170,-100.45039080724521,17.71211412202689,128,0.027818464138271715,27.818464138271715
102,170,-100.45039080724521,17.71211412202689,136,0.029058446952300233,29.058446952300233
102,170,-100.45039080724521,17.71211412202689,144,0.02895383869280033,28.95383869280033
102,170,-100.45039080724521,17.71211412202689,152,0.02642556557413363,26.425565574133632
102,170,-100.45039080724521,17.71211412202689,160,0.024766837010626624,24.766837010626624
102,170,-100.45039080724521,17.71211412202689,168,0.02572592395363167,25.72592395363167
102,170,-100.45039080724521,17.71211412202689,176,0.026806169742320977,26.806169742320975
102,170,-100.45039080724521,17.71211412202689,184,0.02747881457525932,27.47881457525932
102,170,-100.45039080724521,17.71211412202689,192,0.028457885577839105,28.457885577839104
102,170,-100.45039080724521,17.71211412202689,200,0.02952803350399243,29.52803350399243
102,170,-100.45039080724521,17.71211412202689,208,0.027967870852516424,27.967870852516423
102,170,-100.45039080724521,17.71211412202689,216,0.02539758536279109,25.39758536279109
102,170,-100.45039080724521,17.71211412202689,224,0.02507323930040277,25.07323930040277
102,170,-100.45039080724521,17.71211412202689,232,0.02631822054584897,26.31822054584897
102,170,-100.45039080724521,17.71211412202689,240,0.02704202870500226,27.04202870500226
102,170,-100.45039080724521,17.71211412202689,248,0.02766926404759471,27.66926404759471
102,170,-100.45039080724521,17.71211412202689,256,0.02894281426945492,28.94281426945492
102,170,-100.45039080724521,17.71211412202689,264,0.02889531025069548,28.895310250695477
102,170,-100.45039080724521,17.71211412202689,272,0.02644135318962475,26.44135318962475
102,170,-100.45039080724521,17.71211412202689,280,0.024829788804723724,24.829788804723723
102,170,-100.45039080724521,17.71211412202689,288,0.025739732311071753,25.73973231107175
102,170,-100.45039080724521,17.71211412202689,296,0.026752069041659835,26.752069041659833
102,170,-100.45039080724521,17.71211412202689,304,0.027430983119642594,27.430983119642594
102,170,-100.45039080724521,17.71211412202689,312,0.02838528783749738,28.38528783749738
102,170,-100.45039080724521,17.71211412202689,320,0.029403549227930027,29.403549227930025
102,170,-100.45039080724521,17.71211412202689,328,0.02776492651524301,27.764926515243012
102,170,-100.45039080724521,17.71211412202689,336,0.025252950534584196,25.252950534584198
102,170,-100.45039080724521,17.71211412202689,344,0.025026886571504182,25.026886571504182
102,170,-100.45039080724521,17.71211412202689,352,0.026356263465765088,26.35626346576509
102,170,-100.45039080724521,17.71211412202689,360,0.027159029590753603,27.159029590753605
102,175,-101.61185920535804,8.889885760261135,0,0.013597860159658859,13.59786015965886
102,175,-101.61185920535804,8.889885760261135,8,0.014391143256982932,14.391143256982932
102,175,-101.61185920535804,8.889885760261135,16,0.015686666794705234,15.686666794705234
102,175,-101.61185920535804,8.889885760261135,24,0.015553335720658538,15.553335720658538
102,175,-101.61185920535804,8.889885760261135,32,0.013000781573681133,13.000781573681133
102,175,-101.61185920535804,8.889885760261135,40,0.011299600380184302,11.299600380184302
102,175,-101.61185920535804,8.889885760261135,48,0.012207903030012042,12.207903030012043
102,175,-101.61185920535804,8.889885760261135,56,0.013213409018647041,13.213409018647042
102,175,-101.61185920535804,8.889885760261135,64,0.013829973779435647,13.829973779435647
102,175,-101.61185920535804,8.889885760261135,72,0.014821136518957476,14.821136518957477
102,175,-101.61185920535804,8.889885760261135,80,0.01581210415711264,15.812104157112639
102,175,-101.61185920535804,8.889885760261135,88,0.014272145929797905,14.272145929797905
102,175,-101.61185920535804,8.889885760261135,96,0.011818515952116835,11.818515952116835
102,175,-101.61185920535804,8.889885760261135,104,0.011570715109563815,11.570715109563816
102,175,-101.61185920535804,8.889885760261135,112,0.012850040483585151,12.85004048358515
102,175,-101.61185920535804,8.889885760261135,120,0.013602356005138025,13.602356005138025
102,175,-101.61185920535804,8.889885760261135,128,0.014371543999174924,14.371543999174923
102,175,-101.61185920535804,8.889885760261135,136,0.015631045599887414,15.631045599887413
102,175,-101.61185920535804,8.889885760261135,144,0.015421716170500064,15.421716170500064
102,175,-101.61185920535804,8.889885760261135,152,0.012870749423307976,12.870749423307977
102,175,-101.61185920535804,8.889885760261135,160,0.011214405529453611,11.214405529453611
102,175,-101.61185920535804,8.889885760261135,168,0.012199984235851261,12.199984235851261
102,175,-101.61185920535804,8.889885760261135,176,0.013252816472163687,13.252816472163687
102,175,-101.61185920535804,8.889885760261135,184,0.013916577973666473,13.916577973666474
102,175,-101.61185920535804,8.889885760261135,192,0.014979602943029857,14.979602943029857
102,175,-101.61185920535804,8.889885760261135,200,0.0160235044703827,16.023504470382697
102,175,-101.61185920535804,8.889885760261135,208,0.014426200479126185,14.426200479126186
102,175,-101.61185920535804,8.889885760261135,216,0.011838606798766272,11.838606798766271
102,175,-101.61185920535804,8.889885760261135,224,0.011554931490771823,11.554931490771823
102,175,-101.61185920535804,8.889885760261135,232,0.012786588835987033,12.786588835987033
102,175,-101.61185920535804,8.889885760261135,240,0.013517413166728486,13.517413166728486
102,175,-101.61185920535804,8.889885760261135,248,0.014235162413002609,14.235162413002609
102,175,-101.61185920535804,8.889885760261135,256,0.015537682993778968,15.537682993778967
102,175,-101.61185920535804,8.889885760261135,264,0.015395407416105462,15.395407416105462
102,175,-101.61185920535804,8.889885760261135,272,0.012923492399965162,12.923492399965161
102,175,-101.61185920535804,8.889885760261135,280,0.011317435721689336,11.317435721689336
102,175,-101.61185920535804,8.889885760261135,288,0.012254713770937845,12.254713770937846
102,175,-101.61185920535804,8.889885760261135,296,0.013239011113642896,13.239011113642896
102,175,-101.61185920535804,8.889885760261135,304,0.01390631242444525,13.90631242444525
102,175,-101.61185920535804,8.889885760261135,312,0.014928144814779056,14.928144814779056
102,175,-101.61185920535804,8.889885760261135,320,0.015909957368106173,15.909957368106173
102,175,-101.61185920535804,8.889885760261135,328,0.014227099065987653,14.227099065987654
102,175,-101.61185920535804,8.889885760261135,336,0.01168898509674041,11.68898509674041
102,175,-101.61185920535804,8.889885760261135,344,0.01149530712896667,11.49530712896667
102,175,-101.61185920535804,8.889885760261135,352,0.012803199755346922,12.803199755346922
102,175,-101.61185920535804,8.889885760261135,360,0.01360250219311466,13.60250219311466
102,180,-102.0,1.2491397351303002e-14,0,-1.656782588494582e-05,-0.01656782588494582
102,180,-102.0,1.2491397351303002e-14,8,0.0007788553105828669,0.7788553105828668
102,180,-102.0,1.2491397351303002e-14,16,0.00206381110144592,2.06381110144592
102,180,-102.0,1.2491397351303002e-14,24,0.001910391046803607,1.910391046803607
102,180,-102.0,1.2491397351303002e-14,32,-0.0006521390945618613,-0.6521390945618613
102,180,-102.0,1.2491397351303002e-14,40,-0.002330173047363448,-2.3301730473634477
102,180,-102.0,1.2491397351303002e-14,48,-0.0014098336562116559,-1.4098336562116558
102,180,-102.0,1.2491397351303002e-14,56,-0.00039817477532819975,-0.3981747753281998
102,180,-102.0,1.2491397351303002e-14,64,0.0002964706537557563,0.2964706537557563
102,180,-102.0,1.2491397351303002e-14,72,0.0012788299095600982,1.2788299095600983
102,180,-102.0,1.2491397351303002e-14,80,0.002225145455064989,2.225145455064989
102,180,-102.0,1.2491397351303002e-14,88,0.0006592653496282098,0.6592653496282098
102,180,-102.0,1.2491397351303002e-14,96,-0.0017981975322901669,-1.7981975322901669
102,180,-102.0,1.2491397351303002e-14,104,-0.002005356588439297,-2.005356588439297
102,180,-102.0,1.2491397351303002e-14,112,-0.0007373394288441257,-0.7373394288441257
102,180,-102.0,1.2491397351303002e-14,120,2.6783904605324805e-05,0.026783904605324805
102,180,-102.0,1.2491397351303002e-14,128,0.0007815394901743225,0.7815394901743224
102,180,-102.0,1.2491397351303002e-14,136,0.0020218877744286948,2.021887774428695
102,180,-102.0,1.2491397351303002e-14,144,0.0017852392390334732,1.7852392390334733
102,180,-102.0,1.2491397351303002e-14,152,-0.0007837664870240645,-0.7837664870240645
102,180,-102.0,1.2491397351303002e-14,160,-0.00242445288113247,-2.42445288113247
102,180,-102.0,1.2491397351303002e-14,168,-0.0014347473663485406,-1.4347473663485406
102,180,-102.0,1.2491397351303002e-14,176,-0.00038519552580010735,-0.38519552580010735
102,180,-102.0,1.2491397351303002e-14,184,0.0003446490217981756,0.34464902179817564
102,180,-102.0,1.2491397351303002e-14,192,0.0013989898036289258,1.3989898036289259
102,180,-102.0,1.2491397351303002e-14,200,0.002396667282588888,2.396667282588888
102,180,-102.0,1.2491397351303002e-14,208,0.0007764860931897474,0.7764860931897475
102,180,-102.0,1.2491397351303002e-14,216,-0.0018108522188817083,-1.8108522188817082
102,180,-102.0,1.2491397351303002e-14,224,-0.0020479796056450416,-2.0479796056450414
102,180,-102.0,1.2491397351303002e-14,232,-0.0008173085263334974,-0.8173085263334974
102,180,-102.0,1.2491397351303002e-14,240,-6.382248807162023e-05,-0.06382248807162023
102,180,-102.0,1.2491397351303002e-14,248,0.0006616847748435227,0.6616847748435227
102,180,-102.0,1.2491397351303002e-14,256,0.0019549735839048893,1.9549735839048894
102,180,-102.0,1.2491397351303002e-14,264,0.001792201459636817,1.7922014596368172
102,180,-102.0,1.2491397351303002e-14,272,-0.0006934731997434624,-0.6934731997434624
102,180,-102.0,1.2491397351303002e-14,280,-0.002281222525355032,-2.281222525355032
102,180,-102.0,1.2491397351303002e-14,288,-0.0013390621172826669,-1.3390621172826669
102,180,-102.0,1.2491397351303002e-14,296,-0.00035918343909549044,-0.35918343909549044
102,180,-102.0,1.2491397351303002e-14,304,0.0003644675088299113,0.3644675088299113
102,180,-102.0,1.2491397351303002e-14,312,0.0013680356236634057,1.3680356236634057
102,180,-102.0,1.2491397351303002e-14,320,0.002293241343126558,2.293241343126558
102,180,-102.0,1.2491397351303002e-14,328,0.0005803282351649416,0.5803282351649416
102,180,-102.0,1.2491397351303002e-14,336,-0.001966399101804986,-1.966399101804986
102,180,-102.0,1.2491397351303002e-14,344,-0.0021218132489415134,-2.1218132489415136
102,180,-102.0,1.2491397351303002e-14,352,-0.00082335865325637,-0.8233586532563699
102,180,-102.0,1.2491397351303002e-14,360,-1.1852873096765876e-05,-0.011852873096765876
136,90,8.327598234202001e-15,136.0,0,0.20282862624025647,202.82862624025645
136,90,8.327598234202001e-15,136.0,8,0.20350791792674308,203.5079179267431
136,90,8.327598234202001e-15,136.0,16,0.2050672343743749,205.06723437437492
136,90,8.327598234202001e-15,136.0,24,0.20536466577798934,205.36466577798933
136,90,8.327598234202001e-15,136.0,32,0.20380857764247623,203.80857764247622
136,90,8.327598234202001e-15,136.0,40,0.20279449669220895,202.79449669220895
136,90,8.327598234202001e-15,136.0,48,0.20281862990557234,202.81862990557235
136,90,8.327598234202001e-15,136.0,56,0.20264163088778825,202.64163088778824
136,90,8.327598234202001e-15,136.0,64,0.20249208625713377,202.49208625713376
136,90,8.327598234202001e-15,136.0,72,0.20380018516938586,203.80018516938586
136,90,8.327598234202001e-15,136.0,80,0.2047694055535746,204.7694055535746
136,90,8.327598234202001e-15,136.0,88,0.20388563003086538,203.88563003086537
136,90,8.327598234202001e-15,136.0,96,0.20251087488827502,202.51087488827503
136,90,8.327598234202001e-15,136.0,104,0.20200385040385094,202.00385040385095
136,90,8.327598234202001e-15,136.0,112,0.20230367660277726,202.30367660277727
136,90,8.327598234202001e-15,136.0,120,0.2022450168751894,202.2450168751894
136,90,8.327598234202001e-15,136.0,128,0.20298582674463783,202.98582674463782
136,90,8.327598234202001e-15,136.0,136,0.2046114093384668,204.6114093384668
136,90,8.327598234202001e-15,136.0,144,0.20490629640985936,204.90629640985935
136,90,8.327598234202001e-15,136.0,152,0.20343824703320057,203.43824703320058
136,90,8.327598234202001e-15,136.0,160,0.20256923873998525,202.56923873998525
136,90,8.327598234202001e-15,136.0,168,0.20282741957400646,202.82741957400646
136,90,8.327598234202001e-15,136.0,176,0.2028653955086951,202.8653955086951
136,90,8.327598234202001e-15,136.0,184,0.20294425926487317,202.94425926487315
136,90,8.327598234202001e-15,136.0,192,0.20446653173131857,204.46653173131858
136,90,8.327598234202001e-15,136.0,200,0.20554560159251267,205.54560159251267
136,90,8.327598234202001e-15,136.0,208,0.2046517839448413,204.6517839448413
136,90,8.327598234202001e-15,136.0,216,0.2031776582364534,203.1776582364534
136,90,8.327598234202001e-15,136.0,224,0.2026135394744651,202.61353947446509
136,90,8.327598234202001e-15,136.0,232,0.20273441267883474,202.73441267883473
136,90,8.327598234202001e-15,136.0,240,0.20245236640113895,202.45236640113896
136,90,8.327598234202001e-15,136.0,248,0.20289862611502632,202.89862611502633
136,90,8.327598234202001e-15,136.0,256,0.20437601608914696,204.37601608914696
136,90,8.327598234202001e-15,136.0,264,0.20459698410348526,204.59698410348525
136,90,8.327598234202001e-15,136.0,272,0.20307624825580545,203.07624825580544
136,90,8.327598234202001e-15,136.0,280,0.20214584603466101,202.14584603466102
136,90,8.327598234202001e-15,136.0,288,0.2022695324393963,202.2695324393963
136,90,8.327598234202001e-15,136.0,296,0.20224560051198026,202.24560051198026
136,90,8.327598234202001e-15,136.0,304,0.20237540435565826,202.37540435565825
136,90,8.327598234202001e-15,136.0,312,0.2039311623464614,203.93116234646138
136,90,8.327598234202001e-15,136.0,320,0.205080589576022,205.080589576022
136,90,8.327598234202001e-15,136.0,328,0.20416941989965856,204.16941989965855
136,90,8.327598234202001e-15,136.0,336,0.20284123354418032,202.8412335441803
136,90,8.327598234202001e-15,136.0,344,0.20251506806447464,202.51506806447463
136,90,8.327598234202001e-15,136.0,352,0.2028651102246051,202.8651102246051
136,90,8.327598234202001e-15,136.0,360,0.20283072939004376,202.83072939004376
136,95,-11.85318101368152,135.4824789404774,0,0.20218193082050856,202.18193082050857
136,95,-11.85318101368152,135.4824789404774,8,0.20314804888757887,203.14804888757888
136,95,-11.85318101368152,135.4824789404774,16,0.20416424292960123,204.16424292960122
136,95,-11.85318101368152,135.4824789404774,24,0.20462325909096846,204.62325909096845
136,95,-11.85318101368152,135.4824789404774,32,0.20311156906294095,203.11156906294096
136,95,-11.85318101368152,135.4824789404774,40,0.20212117805435303,202.12117805435304
136,95,-11.85318101368152,135.4824789404774,48,0.2015818500673351,201.5818500673351
136,95,-11.85318101368152,135.4824789404774,56,0.20178905723472831,201.78905723472832
136,95,-11.85318101368152,135.4824789404774,64,0.20198159288566958,201.98159288566958
136,95,-11.85318101368152,135.4824789404774,72,0.20283600728064122,202.8360072806412
136,95,-11.85318101368152,135.4824789404774,80,0.20397311732618623,203.9731173261862
136,95,-11.85318101368152,135.4824789404774,88,0.20318146931378625,203.18146931378624
136,95,-11.85318101368152,135.4824789404774,96,0.20180689248383224,201.80689248383223
136,95,-11.85318101368152,135.4824789404774,104,0.2012328584120337,201.2328584120337
136,95,-11.85318101368152,135.4824789404774,112,0.20133200463414314,201.33200463414315
136,95,-11.85318101368152,135.4824789404774,120,0.20163178575467866,201.63178575467867
136,95,-11.85318101368152,135.4824789404774,128,0.20265572130339496,202.65572130339496
136,95,-11.85318101368152,135.4824789404774,136,0.20373112387122908,203.73112387122907
136,95,-11.85318101368152,135.4824789404774,144,0.20417966008201283,204.17966008201282
136,95,-11.85318101368152,135.4824789404774,152,0.20275630188072663,202.75630188072662
136,95,-11.85318101368152,135.4824789404774,160,0.20192026497647522,201.9202649764752
136,95,-11.85318101368152,135.4824789404774,168,0.20162577950140298,201.62577950140297
136,95,-11.85318101368152,135.4824789404774,176,0.202049022541854,202.04902254185401
136,95,-11.85318101368152,135.4824789404774,184,0.20246602811332695,202.46602811332696
136,95,-11.85318101368152,135.4824789404774,192,0.20350555280530047,203.50555280530048
136,95,-11.85318101368152,135.4824789404774,200,0.20474798085992668,204.74798085992668
136,95,-11.85318101368152,135.4824789404774,208,0.20394032010452778,203.94032010452779
136,95,-11.85318101368152,135.4824789404774,216,0.20245625467197073,202.45625467197073
136,95,-11.85318101368152,135.4824789404774,224,0.20180873817792777,201.80873817792778
136,95,-11.85318101368152,135.4824789404774,232,0.20169627037496818,201.69627037496818
136,95,-11.85318101368152,135.4824789404774,240,0.2017722545324746,201.7722545324746
136,95,-11.85318101368152,135.4824789404774,248,0.20251339287314446,202.51339287314445
136,95,-11.85318101368152,135.4824789404774,256,0.20347384371036106,203.47384371036105
136,95,-11.85318101368152,135.4824789404774,264,0.20385914136416872,203.85914136416872
136,95,-11.85318101368152,135.4824789404774,272,0.20239202137935897,202.39202137935897
136,95,-11.85318101368152,135.4824789404774,280,0.2014964324790371,201.49643247903708
136,95,-11.85318101368152,135.4824789404774,288,0.2010933722977588,201.0933722977588
136,95,-11.85318101368152,135.4824789404774,296,0.20146060068889718,201.4606006888972
136,95,-11.85318101368152,135.4824789404774,304,0.201932580451823,201.932580451823
136,95,-11.85318101368152,135.4824789404774,312,0.2029950936874127,202.9950936874127
136,95,-11.85318101368152,135.4824789404774,320,0.2043002136816804,204.3002136816804
136,95,-11.85318101368152,135.4824789404774,328,0.20347214730982202,203.47214730982202
136,95,-11.85318101368152,135.4824789404774,336,0.20213891552139776,202.13891552139776
136,95,-11.85318101368152,135.4824789404774,344,0.2017333817747476,201.73338177474758
136,95,-11.85318101368152,135.4824789404774,352,0.20186378666651272,201.86378666651274
136,95,-11.85318101368152,135.4824789404774,360,0.20218376683954614,202.18376683954614
136,100,-23.61615216270252,133.93385440966028,0,0.20024619495908838,200.24619495908837
136,100,-23.61615216270252,133.93385440966028,8,0.20049848817165,200.49848817165
136,100,-23.61615216270252,133.93385440966028,16,0.20182036779252638,201.82036779252638
136,100,-23.61615216270252,133.93385440966028,24,0.20249272176407146,202.49272176407146
136,100,-23.61615216270252,133.93385440966028,32,0.20091971271316933,200.91971271316933
136,100,-23.61615216270252,133.93385440966028,40,0.1996300870694221,199.6300870694221
136,100,-23.61615216270252,133.93385440966028,48,0.19904072264491102,199.04072264491103
136,100,-23.61615216270252,133.93385440966028,56,0.1996476932062582,199.6476932062582
136,100,-23.61615216270252,133.93385440966028,64,0.19991038173844447,199.91038173844447
136,100,-23.61615216270252,133.93385440966028,72,0.20036067982633657,200.36067982633656
136,100,-23.61615216270252,133.93385440966028,80,0.20176868852995114,201.76868852995113
136,100,-23.61615216270252,133.93385440966028,88,0.20109470377017105,201.09470377017107
136,100,-23.61615216270252,133.93385440966028,96,0.19966698525923246,199.66698525923246
136,100,-23.61615216270252,133.93385440966028,104,0.19855875647254695,198.55875647254695
136,100,-23.61615216270252,133.93385440966028,112,0.19906841642424733,199.06841642424732
136,100,-23.61615216270252,133.93385440966028,120,0.19973000968851046,199.73000968851045
136,100,-23.61615216270252,133.93385440966028,128,0.20003122122775677,200.03122122775676
136,100,-23.61615216270252,133.93385440966028,136,0.20140392067879156,201.40392067879156
136,100,-23.61615216270252,133.93385440966028,144,0.20206390500011287,202.06390500011287
136,100,-23.61615216270252,133.93385440966028,152,0.20058580217569802,200.585802175698
136,100,-23.61615216270252,133.93385440966028,160,0.19945560184255964,199.45560184255964
136,100,-23.61615216270252,133.93385440966028,168,0.19912348331151022,199.12348331151023
136,100,-23.61615216270252,133.93385440966028,176,0.19994330999388457,199.94330999388458
136,100,-23.61615216270252,133.93385440966028,184,0.20041429232509855,200.41429232509856
136,100,-23.61615216270252,133.93385440966028,192,0.201026490481496,201.026490481496
136,100,-23.61615216270252,133.93385440966028,200,0.20253917903211774,202.53917903211774
136,100,-23.61615216270252,133.93385440966028,208,0.20184190332526267,201.84190332526268
136,100,-23.61615216270252,133.93385440966028,216,0.20029332924696497,200.29332924696496
136,100,-23.61615216270252,133.93385440966028,224,0.19907250667284593,199.07250667284592
136,100,-23.61615216270252,133.93385440966028,232,0.19936589341916655,199.36589341916655
136,100,-23.61615216270252,133.93385440966028,240,0.19980415438774357,199.80415438774358
136,100,-23.61615216270252,133.93385440966028,248,0.19986530788353135,199.86530788353136
136,100,-23.61615216270252,133.93385440966028,256,0.2011327820906052,201.1327820906052
136,100,-23.61615216270252,133.93385440966028,264,0.2017368293675485,201.7368293675485
136,100,-23.61615216270252,133.93385440966028,272,0.2002192966318547,200.2192966318547
136,100,-23.61615216270252,133.93385440966028,280,0.1990471227181945,199.0471227181945
136,100,-23.61615216270252,133.93385440966028,288,0.19861808847694645,198.61808847694644
136,100,-23.61615216270252,133.93385440966028,296,0.19938710208471427,199.3871020847143
136,100,-23.61615216270252,133.93385440966028,304,0.1999096828461034,199.90968284610338
136,100,-23.61615216270252,133.93385440966028,312,0.2005408684011012,200.5408684011012
136,100,-23.61615216270252,133.93385440966028,320,0.20210605411534147,202.10605411534146
136,100,-23.61615216270252,133.93385440966028,328,0.20138782343216613,201.38782343216613
136,100,-23.61615216270252,133.93385440966028,336,0.19999943560434902,199.99943560434903
136,100,-23.61615216270252,133.93385440966028,344,0.19903367824649312,199.0336782464931
136,100,-23.61615216270252,133.93385440966028,352,0.19956955924859027,199.56955924859028
136,100,-23.61615216270252,133.93385440966028,360,0.2002479458707231,200.2479458707231
136,105,-35.199390133942835,131.3659123753133,0,0.1964689881689539,196.4689881689539
136,105,-35.199390133942835,131.3659123753133,8,0.196464130918821,196.464130918821
136,105,-35.199390133942835,131.3659123753133,16,0.1981006009778962,198.1006009778962
136,105,-35.199390133942835,131.3659123753133,24,0.19896015936591227,198.96015936591226
136,105,-35.199390133942835,131.3659123753133,32,0.19730975894532393,197.30975894532392
136,105,-35.199390133942835,131.3659123753133,40,0.19543000361276333,195.43000361276333
136,105,-35.199390133942835,131.3659123753133,48,0.1952206113484115,195.22061134841152
136,105,-35.199390133942835,131.3659123753133,56,0.1962327967188105,196.2327967188105
136,105,-35.199390133942835,131.3659123753133,64,0.19571121966948107,195.71121966948107
136,105,-35.199390133942835,131.3659123753133,72,0.19647466966570462,196.47466966570462
136,105,-35.199390133942835,131.3659123753133,80,0.19819634542782608,198.1963454278261
136,105,-35.199390133942835,131.3659123753133,88,0.197456354359281,197.456354359281
136,105,-35.199390133942835,131.3659123753133,96,0.1956240721495666,195.6240721495666
136,105,-35.199390133942835,131.3659123753133,104,0.19459787785616625,194.59787785616626
136,105,-35.199390133942835,131.3659123753133,112,0.19553013924615914,195.53013924615914
136,105,-35.199390133942835,131.3659123753133,120,0.19598142876632557,195.98142876632556
136,105,-35.199390133942835,131.3659123753133,128,0.19602089776490078,196.02089776490078
136,105,-35.199390133942835,131.3659123753133,136,0.19769979051542524,197.69979051542524
136,105,-35.199390133942835,131.3659123753133,144,0.1985472029203025,198.5472029203025
136,105,-35.199390133942835,131.3659123753133,152,0.1969997758772799,196.99977587727992
136,105,-35.199390133942835,131.3659123753133,160,0.19529462762527894,195.29462762527893
136,105,-35.199390133942835,131.3659123753133,168,0.19534161965435706,195.34161965435706
136,105,-35.199390133942835,131.3659123753133,176,0.19656228768741282,196.56228768741283
136,105,-35.199390133942835,131.3659123753133,184,0.1962109148696798,196.21091486967978
136,105,-35.199390133942835,131.3659123753133,192,0.19713454154704216,197.13454154704215
136,105,-35.199390133942835,131.3659123753133,200,0.19895817391532655,198.95817391532654
136,105,-35.199390133942835,131.3659123753133,208,0.1981849104320153,198.1849104320153
136,105,-35.199390133942835,131.3659123753133,216,0.1962047215787433,196.2047215787433
136,105,-35.199390133942835,131.3659123753133,224,0.19504708677765784,195.04708677765782
136,105,-35.199390133942835,131.3659123753133,232,0.1957610173871836,195.7610173871836
136,105,-35.199390133942835,131.3659123753133,240,0.19601617374081243,196.01617374081243
136,105,-35.199390133942835,131.3659123753133,248,0.19583611172199858,195.83611172199858
136,105,-35.199390133942835,131.3659123753133,256,0.19741963651726607,197.41963651726607
136,105,-35.199390133942835,131.3659123753133,264,0.19821737094636788,198.21737094636788
136,105,-35.199390133942835,131.3659123753133,272,0.1966337004444654,196.6337004444654
136,105,-35.199390133942835,131.3659123753133,280,0.19490999257691088,194.9099925769109
136,105,-35.199390133942835,131.3659123753133,288,0.1948645543930143,194.86455439301432
136,105,-35.199390133942835,131.3659123753133,296,0.19603828011727412,196.03828011727413
136,105,-35.199390133942835,131.3659123753133,304,0.19573536485622295,195.73536485622296
136,105,-35.199390133942835,131.3659123753133,312,0.19666878588108144,196.66878588108145
136,105,-35.199390133942835,131.3659123753133,320,0.19853931533956581,198.5393153395658
136,105,-35.199390133942835,131.3659123753133,328,0.19775381976219486,197.75381976219487
136,105,-35.199390133942835,131.3659123753133,336,0.19593809086875602,195.93809086875603
136,105,-35.199390133942835,131.3659123753133,344,0.19504587977617627,195.04587977617626
136,105,-35.199390133942835,131.3659123753133,352,0.19599988842678073,195.99988842678073
136,105,-35.199390133942835,131.3659123753133,360,0.19647054433144184,196.47054433144183
136,110,-46.51473949229094,127.79819642688355,0,0.1907164244475657,190.71642444756571
136,110,-46.51473949229094,127.79819642688355,8,0.1910602225901834,191.0602225901834
136,110,-46.51473949229094,127.79819642688355,16,0.1930400629297692,193.0400629297692
136,110,-46.51473949229094,127.79819642688355,24,0.19385092280848926,193.85092280848926
136,110,-46.51473949229094,127.79819642688355,32,0.1916776141671857,191.6776141671857
136,110,-46.51473949229094,127.79819642688355,40,0.18996409976572773,189.96409976572772
136,110,-46.51473949229094,127.79819642688355,48,0.19015058953144917,190.15058953144919
136,110,-46.51473949229094,127.79819642688355,56,0.1907039046620962,190.7039046620962
136,110,-46.51473949229094,127.79819642688355,64,0.19015566681353135,190.15566681353135
136,110,-46.51473949229094,127.79819642688355,72,0.19125342364402334,191.25342364402334
136,110,-46.51473949229094,127.79819642688355,80,0.1931868662434471,193.1868662434471
136,110,-46.51473949229094,127.79819642688355,88,0.1923711162251628,192.3711162251628
136,110,-46.51473949229094,127.79819642688355,96,0.1900754070839079,190.07540708390792
136,110,-46.51473949229094,127.79819642688355,104,0.18938157977574746,189.38157977574747
136,110,-46.51473949229094,127.79819642688355,112,0.19073801456737188,190.7380145673719
136,110,-46.51473949229094,127.79819642688355,120,0.19026085840654866,190.26085840654866
136,110,-46.51473949229094,127.79819642688355,128,0.19063790653702398,190.63790653702398
136,110,-46.51473949229094,127.79819642688355,136,0.19265447515395087,192.65447515395087
136,110,-46.51473949229094,127.79819642688355,144,0.19346294458697483,193.46294458697483
136,110,-46.51473949229094,127.79819642688355,152,0.19139750114935086,191.39750114935086
136,110,-46.51473949229094,127.79819642688355,160,0.18986790718927704,189.86790718927705
136,110,-46.51473949229094,127.79819642688355,168,0.1903089707959263,190.30897079592629
136,110,-46.51473949229094,127.79819642688355,176,0.1910396346137192,191.0396346137192
136,110,-46.51473949229094,127.79819642688355,184,0.19064725298531207,190.64725298531206
136,110,-46.51473949229094,127.79819642688355,192,0.1919035052402426,191.9035052402426
136,110,-46.51473949229094,127.79819642688355,200,0.19393513943033108,193.93513943033108
136,110,-46.51473949229094,127.79819642688355,208,0.1930735350319479,193.0735350319479
136,110,-46.51473949229094,127.79819642688355,216,0.19059696890224487,190.59696890224487
136,110,-46.51473949229094,127.79819642688355,224,0.1897653019183536,189.7653019183536
136,110,-46.51473949229094,127.79819642688355,232,0.19090800324612034,190.90800324612033
136,110,-46.51473949229094,127.79819642688355,240,0.1902698453363473,190.26984533634732
136,110,-46.51473949229094,127.79819642688355,248,0.1904407767723168,190.4407767723168
136,110,-46.51473949229094,127.79819642688355,256,0.19236974204043703,192.36974204043702
136,110,-46.51473949229094,127.79819642688355,264,0.1931279548931817,193.1279548931817
136,110,-46.51473949229094,127.79819642688355,272,0.1910535913636543,191.0535913636543
136,110,-46.51473949229094,127.79819642688355,280,0.18950867382216152,189.5086738221615
136,110,-46.51473949229094,127.79819642688355,288,0.18986133670678706,189.86133670678706
136,110,-46.51473949229094,127.79819642688355,296,0.19054738612849156,190.54738612849155
136,110,-46.51473949229094,127.79819642688355,304,0.190200044882273,190.20004488227298
136,110,-46.51473949229094,127.79819642688355,312,0.1914578548952857,191.4578548952857
136,110,-46.51473949229094,127.79819642688355,320,0.19353343889225189,193.5334388922519
136,110,-46.51473949229094,127.79819642688355,328,0.1926663874649306,192.66638746493058
136,110,-46.51473949229094,127.79819642688355,336,0.19036683496466147,190.36683496466148
136,110,-46.51473949229094,127.79819642688355,344,0.18980126181356274,189.80126181356275
136,110,-46.51473949229094,127.79819642688355,352,0.19117702758817956,191.17702758817956
136,110,-46.51473949229094,127.79819642688355,360,0.19071765773857266,190.71765773857265
136,115,-57.47608359673511,123.2578590369844,0,0.1836501524608149,183.6501524608149
136,115,-57.47608359673511,123.2578590369844,8,0.1843555660659278,184.3555660659278
136,115,-57.47608359673511,123.2578590369844,16,0.18649564279123246,186.49564279123246
136,115,-57.47608359673511,123.2578590369844,24,0.18722549423488202,187.22549423488204
136,115,-57.47608359673511,123.2578590369844,32,0.18470742724952632,184.70742724952632
136,115,-57.47608359673511,123.2578590369844,40,0.18327397435699436,183.27397435699436
136,115,-57.47608359673511,123.2578590369844,48,0.18378817281895646,183.78817281895647
136,115,-57.47608359673511,123.2578590369844,56,0.18344398215633412,183.44398215633413
136,115,-57.47608359673511,123.2578590369844,64,0.18328594981121704,183.28594981121705
136,115,-57.47608359673511,123.2578590369844,72,0.18473667859619225,184.73667859619226
136,115,-57.47608359673511,123.2578590369844,80,0.18665745552767982,186.65745552767982
136,115,-57.47608359673511,123.2578590369844,88,0.18537067282991615,185.37067282991615
136,115,-57.47608359673511,123.2578590369844,96,0.18329548985318814,183.29548985318814
136,115,-57.47608359673511,123.2578590369844,104,0.1829495614093693,182.9495614093693
136,115,-57.47608359673511,123.2578590369844,112,0.18352383746261502,183.52383746261503
136,115,-57.47608359673511,123.2578590369844,120,0.18322685060329938,183.22685060329937
136,115,-57.47608359673511,123.2578590369844,128,0.18395430528347956,183.95430528347956
136,115,-57.47608359673511,123.2578590369844,136,0.18613068657034817,186.1306865703482
136,115,-57.47608359673511,123.2578590369844,144,0.1868624708098114,186.86247080981138
136,115,-57.47608359673511,123.2578590369844,152,0.18446303267926667,184.46303267926666
136,115,-57.47608359673511,123.2578590369844,160,0.18321674115381525,183.21674115381526
136,115,-57.47608359673511,123.2578590369844,168,0.18397479602867728,183.97479602867728
136,115,-57.47608359673511,123.2578590369844,176,0.18377523785452946,183.77523785452945
136,115,-57.47608359673511,123.2578590369844,184,0.18376559275036808,183.76559275036809
136,115,-57.47608359673511,123.2578590369844,192,0.18537319290597823,185.37319290597824
136,115,-57.47608359673511,123.2578590369844,200,0.18738654266770954,187.38654266770953
136,115,-57.47608359673511,123.2578590369844,208,0.18602146663465519,186.02146663465518
136,115,-57.47608359673511,123.2578590369844,216,0.1837565028118833,183.7565028118833
136,115,-57.47608359673511,123.2578590369844,224,0.18326734966694128,183.26734966694127
136,115,-57.47608359673511,123.2578590369844,232,0.1836556529672549,183.6556529672549
136,115,-57.47608359673511,123.2578590369844,240,0.18321412027607087,183.21412027607087
136,115,-57.47608359673511,123.2578590369844,248,0.18374845924487893,183.74845924487892
136,115,-57.47608359673511,123.2578590369844,256,0.18584083027683523,185.84083027683522
136,115,-57.47608359673511,123.2578590369844,264,0.1865344686119817,186.5344686119817
136,115,-57.47608359673511,123.2578590369844,272,0.18414154704200625,184.14154704200624
136,115,-57.47608359673511,123.2578590369844,280,0.18288427375107552,182.8842737510755
136,115,-57.47608359673511,123.2578590369844,288,0.18355801236416117,183.55801236416116
136,115,-57.47608359673511,123.2578590369844,296,0.18331867351683484,183.31867351683485
136,115,-57.47608359673511,123.2578590369844,304,0.18334578773429194,183.34578773429195
136,115,-57.47608359673511,123.2578590369844,312,0.1849477337749619,184.9477337749619
136,115,-57.47608359673511,123.2578590369844,320,0.18700899583688074,187.00899583688073
136,115,-57.47608359673511,123.2578590369844,328,0.18564704226487455,185.64704226487456
136,115,-57.47608359673511,123.2578590369844,336,0.18356270146333103,183.56270146333102
136,115,-57.47608359673511,123.2578590369844,344,0.183339739068135,183.339739068135
136,115,-57.47608359673511,123.2578590369844,352,0.1839262717746294,183.92627177462938
136,115,-57.47608359673511,123.2578590369844,360,0.1836510232247495,183.65102322474948
136,120,-67.99999999999997,117.77945491468367,0,0.17532372455051629,175.3237245505163
136,120,-67.99999999999997,117.77945491468367,8,0.17640118783058623,176.40118783058622
136,120,-67.99999999999997,117.77945491468367,16,0.178517973274065,178.51797327406499
136,120,-67.99999999999997,117.77945491468367,24,0.17883085950390526,178.83085950390526
136,120,-67.99999999999997,117.77945491468367,32,0.17654889165283175,176.54889165283174
136,120,-67.99999999999997,117.77945491468367,40,0.17541054328053174,175.41054328053173
136,120,-67.99999999999997,117.77945491468367,48,0.1749217305402681,174.9217305402681
136,120,-67.99999999999997,117.77945491468367,56,0.17494124990321086,174.94124990321086
136,120,-67.99999999999997,117.77945491468367,64,0.17516633273794124,175.16633273794125
136,120,-67.99999999999997,117.77945491468367,72,0.1767015446360793,176.7015446360793
136,120,-67.99999999999997,117.77945491468367,80,0.1785849157321531,178.5849157321531
136,120,-67.99999999999997,117.77945491468367,88,0.17713567191077753,177.13567191077752
136,120,-67.99999999999997,117.77945491468367,96,0.17533591972135903,175.33591972135903
136,120,-67.99999999999997,117.77945491468367,104,0.17497414717064586,174.97414717064586
136,120,-67.99999999999997,117.77945491468367,112,0.1748555775358852,174.8555775358852
136,120,-67.99999999999997,117.77945491468367,120,0.1749329166881095,174.93291668810951
136,120,-67.99999999999997,117.77945491468367,128,0.17602096024547575,176.02096024547575
136,120,-67.99999999999997,117.77945491468367,136,0.1781788734586577,178.1788734586577
136,120,-67.99999999999997,117.77945491468367,144,0.17850188537976666,178.50188537976666
136,120,-67.99999999999997,117.77945491468367,152,0.1763398446245436,176.33984462454362
136,120,-67.99999999999997,117.77945491468367,160,0.17539174890850734,175.39174890850734
136,120,-67.99999999999997,117.77945491468367,168,0.17511065307195878,175.11065307195878
136,120,-67.99999999999997,117.77945491468367,176,0.17526178539857928,175.2617853985793
136,120,-67.99999999999997,117.77945491468367,184,0.17563078994791262,175.63078994791263
136,120,-67.99999999999997,117.77945491468367,192,0.17732057948773255,177.32057948773254
136,120,-67.99999999999997,117.77945491468367,200,0.17927933091854345,179.27933091854345
136,120,-67.99999999999997,117.77945491468367,208,0.17773208958200862,177.73208958200863
136,120,-67.99999999999997,117.77945491468367,216,0.17573538338499284,175.73538338499284
136,120,-67.99999999999997,117.77945491468367,224,0.17523679734539155,175.23679734539155
136,120,-67.99999999999997,117.77945491468367,232,0.1749528359084252,174.9528359084252
136,120,-67.99999999999997,117.77945491468367,240,0.17490194327375988,174.90194327375988
136,120,-67.99999999999997,117.77945491468367,248,0.1758100917170004,175.8100917170004
136,120,-67.99999999999997,117.77945491468367,256,0.17788341171172062,177.8834117117206
136,120,-67.99999999999997,117.77945491468367,264,0.17819203842457612,178.1920384245761
136,120,-67.99999999999997,117.77945491468367,272,0.17604259335503772,176.04259335503772
136,120,-67.99999999999997,117.77945491468367,280,0.175087208048116,175.087208048116
136,120,-67.99999999999997,117.77945491468367,288,0.17473360478541158,174.7336047854116
136,120,-67.99999999999997,117.77945491468367,296,0.1748419573211309,174.8419573211309
136,120,-67.99999999999997,117.77945491468367,304,0.17523846565127035,175.23846565127036
136,120,-67.99999999999997,117.77945491468367,312,0.1769224150417086,176.9224150417086
136,120,-67.99999999999997,117.77945491468367,320,0.17892635575350413,178.92635575350414
136,120,-67.99999999999997,117.77945491468367,328,0.17739312260187728,177.39312260187728
136,120,-67.99999999999997,117.77945491468367,336,0.17557747392915807,175.57747392915806
136,120,-67.99999999999997,117.77945491468367,344,0.17532988319394688,175.32988319394687
136,120,-67.99999999999997,117.77945491468367,352,0.17521906867207748,175.21906867207747
136,120,-67.99999999999997,117.77945491468367,360,0.17532430126114157,175.32430126114156
136,125,-78.00639534374228,111.40467802330286,0,0.16580032946880813,165.80032946880812
136,125,-78.00639534374228,111.40467802330286,8,0.16690620112734814,166.90620112734814
136,125,-78.00639534374228,111.40467802330286,16,0.16900876517148125,169.00876517148126
136,125,-78.00639534374228,111.40467802330286,24,0.16927729073675718,169.27729073675718
136,125,-78.00639534374228,111.40467802330286,32,0.16726409875925122,167.26409875925123
136,125,-78.00639534374228,111.40467802330286,40,0.16576014287727084,165.76014287727085
136,125,-78.00639534374228,111.40467802330286,48,0.16484542601698932,164.8454260169893
136,125,-78.00639534374228,111.40467802330286,56,0.16523859664385088,165.23859664385088
136,125,-78.00639534374228,111.40467802330286,64,0.16581553984774589,165.8155398477459
136,125,-78.00639534374228,111.40467802330286,72,0.16736137190612413,167.36137190612413
136,125,-78.00639534374228,111.40467802330286,80,0.16898540985438276,168.98540985438277
136,125,-78.00639534374228,111.40467802330286,88,0.16776699915917395,167.76699915917396
136,125,-78.00639534374228,111.40467802330286,96,0.16626165251372507,166.26165251372507
136,125,-78.00639534374228,111.40467802330286,104,0.1647470986740705,164.74709867407051
136,125,-78.00639534374228,111.40467802330286,112,0.16500889851993908,165.00889851993907
136,125,-78.00639534374228,111.40467802330286,120,0.1654421611927343,165.44216119273432
136,125,-78.00639534374228,111.40467802330286,128,0.16655654422129795,166.55654422129794
136,125,-78.00639534374228,111.40467802330286,136,0.16869709745463482,168.69709745463481
136,125,-78.00639534374228,111.40467802330286,144,0.16898283288639931,168.9828328863993
136,125,-78.00639534374228,111.40467802330286,152,0.16708975935119313,167.08975935119312
136,125,-78.00639534374228,111.40467802330286,160,0.16576044362272183,165.76044362272182
136,125,-78.00639534374228,111.40467802330286,168,0.16503195859945288,165.03195859945288
136,125,-78.00639534374228,111.40467802330286,176,0.1655451160425067,165.54511604250672
136,125,-78.00639534374228,111.40467802330286,184,0.16626195836773175,166.26195836773175
136,125,-78.00639534374228,111.40467802330286,192,0.1679592813304446,167.9592813304446
136,125,-78.00639534374228,111.40467802330286,200,0.16963209755966613,169.63209755966614
136,125,-78.00639534374228,111.40467802330286,208,0.1683079111682895,168.3079111682895
136,125,-78.00639534374228,111.40467802330286,216,0.1665996882417738,166.5996882417738
136,125,-78.00639534374228,111.40467802330286,224,0.1649665398817836,164.9665398817836
136,125,-78.00639534374228,111.40467802330286,232,0.16507601565186877,165.07601565186877
136,125,-78.00639534374228,111.40467802330286,240,0.1653959741621091,165.3959741621091
136,125,-78.00639534374228,111.40467802330286,248,0.16633399365428744,166.33399365428744
136,125,-78.00639534374228,111.40467802330286,256,0.1684117759813101,168.41177598131011
136,125,-78.00639534374228,111.40467802330286,264,0.1686924823503389,168.6924823503389
136,125,-78.00639534374228,111.40467802330286,272,0.1668183682305883,166.8183682305883
136,125,-78.00639534374228,111.40467802330286,280,0.16549076234785992,165.4907623478599
136,125,-78.00639534374228,111.40467802330286,288,0.164696389579181,164.69638957918102
136,125,-78.00639534374228,111.40467802330286,296,0.16516255487244885,165.16255487244885
136,125,-78.00639534374228,111.40467802330286,304,0.16589784198868687,165.89784198868688
136,125,-78.00639534374228,111.40467802330286,312,0.16759130179318543,167.59130179318544
136,125,-78.00639534374228,111.40467802330286,320,0.16931078246375797,169.31078246375796
136,125,-78.00639534374228,111.40467802330286,328,0.16800373013187,168.00373013187001
136,125,-78.00639534374228,111.40467802330286,336,0.16647583247795097,166.47583247795097
136,125,-78.00639534374228,111.40467802330286,344,0.16506189027114318,165.06189027114317
136,125,-78.00639534374228,111.40467802330286,352,0.1653312565928337,165.3312565928337
136,125,-78.00639534374228,111.40467802330286,360,0.16580076684908507,165.80076684908508
136,130,-87.41911491736936,104.18204426418102,0,0.15503709221745654,155.03709221745655
136,130,-87.41911491736936,104.18204426418102,8,0.156223034301952,156.223034301952
136,130,-87.41911491736936,104.18204426418102,16,0.15820697675007456,158.20697675007455
136,130,-87.41911491736936,104.18204426418102,24,0.15865003007415363,158.65003007415362
136,130,-87.41911491736936,104.18204426418102,32,0.15695320701671142,156.95320701671142
136,130,-87.41911491736936,104.18204426418102,40,0.15417206106675896,154.17206106675897
136,130,-87.41911491736936,104.18204426418102,48,0.15365815001017236,153.65815001017236
136,130,-87.41911491736936,104.18204426418102,56,0.15440671348229484,154.40671348229483
136,130,-87.41911491736936,104.18204426418102,64,0.15500653896712047,155.00653896712046
136,130,-87.41911491736936,104.18204426418102,72,0.15660379776241992,156.60379776241993
136,130,-87.41911491736936,104.18204426418102,80,0.15830222765919066,158.30222765919066
136,130,-87.41911491736936,104.18204426418102,88,0.1573359558317045,157.33595583170452
136,130,-87.41911491736936,104.18204426418102,96,0.1551568548386321,155.15685483863209
136,130,-87.41911491736936,104.18204426418102,104,0.1533863589726306,153.38635897263057
136,130,-87.41911491736936,104.18204426418102,112,0.15402013989985214,154.02013989985213
136,130,-87.41911491736936,104.18204426418102,120,0.1547128806676763,154.7128806676763
136,130,-87.41911491736936,104.18204426418102,128,0.155904689029928,155.904689029928
136,130,-87.41911491736936,104.18204426418102,136,0.15792665983177404,157.92665983177403
136,130,-87.41911491736936,104.18204426418102,144,0.15838947511846635,158.38947511846635
136,130,-87.41911491736936,104.18204426418102,152,0.1568091690063628,156.8091690063628
136,130,-87.41911491736936,104.18204426418102,160,0.1541809667058509,154.18096670585092
136,130,-87.41911491736936,104.18204426418102,168,0.15383498740349372,153.83498740349373
136,130,-87.41911491736936,104.18204426418102,176,0.15469644187622422,154.6964418762242
136,130,-87.41911491736936,104.18204426418102,184,0.15543409987857398,155.434099878574
136,130,-87.41911491736936,104.18204426418102,192,0.15716690324765972,157.16690324765972
136,130,-87.41911491736936,104.18204426418102,200,0.15889980864323738,158.89980864323738
136,130,-87.41911491736936,104.18204426418102,208,0.15782065508170087,157.82065508170086
136,130,-87.41911491736936,104.18204426418102,216,0.1554454337619976,155.4454337619976
136,130,-87.41911491736936,104.18204426418102,224,0.15356608729576118,153.56608729576118
136,130,-87.41911491736936,104.18204426418102,232,0.15405962872997117,154.05962872997117
136,130,-87.41911491736936,104.18204426418102,240,0.15465180478876012,154.6518047887601
136,130,-87.41911491736936,104.18204426418102,248,0.1556742363554569,155.6742363554569
136,130,-87.41911491736936,104.18204426418102,256,0.15765426810511682,157.6542681051168
136,130,-87.41911491736936,104.18204426418102,264,0.15812043802074033,158.12043802074032
136,130,-87.41911491736936,104.18204426418102,272,0.15656698743152894,156.56698743152893
136,130,-87.41911491736936,104.18204426418102,280,0.15394931385065347,153.94931385065348
136,130,-87.41911491736936,104.18204426418102,288,0.15354319163775057,153.54319163775057
136,130,-87.41911491736936,104.18204426418102,296,0.15435135970038252,154.35135970038252
136,130,-87.41911491736936,104.18204426418102,304,0.15510464913358904,155.10464913358905
136,130,-87.41911491736936,104.18204426418102,312,0.15683056358450168,156.83056358450168
136,130,-87.41911491736936,104.18204426418102,320,0.1586094750780462,158.60947507804622
136,130,-87.41911491736936,104.18204426418102,328,0.15755032380101977,157.55032380101977
136,130,-87.41911491736936,104.18204426418102,336,0.15533757177092478,155.33757177092477
136,130,-87.41911491736936,104.18204426418102,344,0.15365816981863828,153.65816981863827
136,130,-87.41911491736936,104.18204426418102,352,0.15430106822263523,154.30106822263522
136,130,-87.41911491736936,104.18204426418102,360,0.15503749768427794,155.03749768427792
136,135,-96.16652224137046,96.16652224137047,0,0.14297124619477353,142.97124619477353
136,135,-96.16652224137046,96.16652224137047,8,0.14429776809200562,144.2977680920056
136,135,-96.16652224137046,96.16652224137047,16,0.14639209212653784,146.39209212653785
136,135,-96.16652224137046,96.16652224137047,24,0.1470299573866523,147.0299573866523
136,135,-96.16652224137046,96.16652224137047,32,0.14437890051814545,144.37890051814546
136,135,-96.16652224137046,96.16652224137047,40,0.14154656402738677,141.54656402738678
136,135,-96.16652224137046,96.16652224137047,48,0.14140529170426613,141.40529170426615
136,135,-96.16652224137046,96.16652224137047,56,0.14234795420684954,142.34795420684952
136,135,-96.16652224137046,96.16652224137047,64,0.14311753195602953,143.11753195602952
136,135,-96.16652224137046,96.16652224137047,72,0.14476432751934534,144.76432751934533
136,135,-96.16652224137046,96.16652224137047,80,0.14661667461376396,146.61667461376396
136,135,-96.16652224137046,96.16652224137047,88,0.1458862245517904,145.8862245517904
136,135,-96.16652224137046,96.16652224137047,96,0.14245211393669505,142.45211393669504
136,135,-96.16652224137046,96.16652224137047,104,0.14097853907524188,140.97853907524188
136,135,-96.16652224137046,96.16652224137047,112,0.14197293276391704,141.97293276391704
136,135,-96.16652224137046,96.16652224137047,120,0.1426838310453469,142.6838310453469
136,135,-96.16652224137046,96.16652224137047,128,0.14401117252414253,144.01117252414252
136,135,-96.16652224137046,96.16652224137047,136,0.14614230799143266,146.14230799143266
136,135,-96.16652224137046,96.16652224137047,144,0.14680243392502576,146.80243392502575
136,135,-96.16652224137046,96.16652224137047,152,0.14425316012326406,144.25316012326405
136,135,-96.16652224137046,96.16652224137047,160,0.14155682130300518,141.55682130300517
136,135,-96.16652224137046,96.16652224137047,168,0.14156991849651107,141.56991849651106
136,135,-96.16652224137046,96.16652224137047,176,0.14262090381572706,142.62090381572708
136,135,-96.16652224137046,96.16652224137047,184,0.14352238268965203,143.52238268965203
136,135,-96.16652224137046,96.16652224137047,192,0.14529040130358983,145.29040130358985
136,135,-96.16652224137046,96.16652224137047,200,0.14716414336824438,147.16414336824437
136,135,-96.16652224137046,96.16652224137047,208,0.1463166339486236,146.3166339486236
136,135,-96.16652224137046,96.16652224137047,216,0.14269434063599676,142.69434063599675
136,135,-96.16652224137046,96.16652224137047,224,0.14112236245216364,141.12236245216363
136,135,-96.16652224137046,96.16652224137047,232,0.14198751649908428,141.98751649908428
136,135,-96.16652224137046,96.16652224137047,240,0.14260476683068457,142.60476683068458
136,135,-96.16652224137046,96.16652224137047,248,0.14378164021661338,143.78164021661337
136,135,-96.16652224137046,96.16652224137047,256,0.14588494480311737,145.88494480311738
136,135,-96.16652224137046,96.16652224137047,264,0.14655636507670353,146.5563650767035
136,135,-96.16652224137046,96.16652224137047,272,0.14404338966609004,144.04338966609004
136,135,-96.16652224137046,96.16652224137047,280,0.14136689909932706,141.36689909932707
136,135,-96.16652224137046,96.16652224137047,288,0.14132230678685434,141.32230678685434
136,135,-96.16652224137046,96.16652224137047,296,0.14231359189880177,142.31359189880177
136,135,-96.16652224137046,96.16652224137047,304,0.14322670248449276,143.22670248449276
136,135,-96.16652224137046,96.16652224137047,312,0.1449871558863987,144.9871558863987
136,135,-96.16652224137046,96.16652224137047,320,0.1469038770072001,146.9038770072001
136,135,-96.16652224137046,96.16652224137047,328,0.14607374943260892,146.07374943260893
136,135,-96.16652224137046,96.16652224137047,336,0.14259880283247856,142.59880283247855
136,135,-96.16652224137046,96.16652224137047,344,0.14120565433332033,141.20565433332033
136,135,-96.16652224137046,96.16652224137047,352,0.14221244995518897,142.212449955189
136,135,-96.16652224137046,96.16652224137047,360,0.14297166674476677,142.97166674476676
136,140,-104.182044264181,87.41911491736937,0,0.12994237688479815,129.94237688479814
136,140,-104.182044264181,87.41911491736937,8,0.13141758484635357,131.41758484635358
136,140,-104.182044264181,87.41911491736937,16,0.13365402970687862,133.65402970687862
136,140,-104.182044264181,87.41911491736937,24,0.1342057086426786,134.20570864267862
136,140,-104.182044264181,87.41911491736937,32,0.13059097749520104,130.59097749520103
136,140,-104.182044264181,87.41911491736937,40,0.12794844027076754,127.94844027076755
136,140,-104.182044264181,87.41911491736937,48,0.1281801027494568,128.18010274945678
136,140,-104.182044264181,87.41911491736937,56,0.12915491197288265,129.15491197288264
136,140,-104.182044264181,87.41911491736937,64,0.13019031576738926,130.19031576738925
136,140,-104.182044264181,87.41911491736937,72,0.1319945663036622,131.9945663036622
136,140,-104.182044264181,87.41911491736937,80,0.13401768483270826,134.01768483270826
136,140,-104.182044264181,87.41911491736937,88,0.13211538945195933,132.11538945195935
136,140,-104.182044264181,87.41911491736937,96,0.12882199995772275,128.82199995772277
136,140,-104.182044264181,87.41911491736937,104,0.12758531379597876,127.58531379597876
136,140,-104.182044264181,87.41911491736937,112,0.1287430842342996,128.7430842342996
136,140,-104.182044264181,87.41911491736937,120,0.12968980152346155,129.68980152346154
136,140,-104.182044264181,87.41911491736937,128,0.13116284032335956,131.16284032335957
136,140,-104.182044264181,87.41911491736937,136,0.13343372796670194,133.43372796670195
136,140,-104.182044264181,87.41911491736937,144,0.13400467153836876,134.00467153836877
136,140,-104.182044264181,87.41911491736937,152,0.13048118662837305,130.48118662837305
136,140,-104.182044264181,87.41911491736937,160,0.12795583259891366,127.95583259891366
136,140,-104.182044264181,87.41911491736937,168,0.1283300964587381,128.3300964587381
136,140,-104.182044264181,87.41911491736937,176,0.12941121062287708,129.4112106228771
136,140,-104.182044264181,87.41911491736937,184,0.13056946406104983,130.5694640610498
136,140,-104.182044264181,87.41911491736937,192,0.13248193623491883,132.48193623491883
136,140,-104.182044264181,87.41911491736937,200,0.13451441723361826,134.51441723361827
136,140,-104.182044264181,87.41911491736937,208,0.13249588444716598,132.495884447166
136,140,-104.182044264181,87.41911491736937,216,0.12902118398338097,129.02118398338098
136,140,-104.182044264181,87.41911491736937,224,0.12769519810799335,127.69519810799335
136,140,-104.182044264181,87.41911491736937,232,0.12873285488026315,128.73285488026315
136,140,-104.182044264181,87.41911491736937,240,0.1295980930702218,129.5980930702218
136,140,-104.182044264181,87.41911491736937,248,0.1309357125458817,130.9357125458817
136,140,-104.182044264181,87.41911491736937,256,0.13319337773215167,133.19337773215167
136,140,-104.182044264181,87.41911491736937,264,0.1337865486389006,133.7865486389006
136,140,-104.182044264181,87.41911491736937,272,0.13030450963509,130.30450963509
136,140,-104.182044264181,87.41911491736937,280,0.12780921905705311,127.80921905705311
136,140,-104.182044264181,87.41911491736937,288,0.12812674333937973,128.12674333937974
136,140,-104.182044264181,87.41911491736937,296,0.1291416711183431,129.1416711183431
136,140,-104.182044264181,87.41911491736937,304,0.13030584447611315,130.30584447611315
136,140,-104.182044264181,87.41911491736937,312,0.13221122442095018,132.21122442095017
136,140,-104.182044264181,87.41911491736937,320,0.13428307492057207,134.28307492057206
136,140,-104.182044264181,87.41911491736937,328,0.13227555605143837,132.27555605143837
136,140,-104.182044264181,87.41911491736937,336,0.1289288418822734,128.92884188227342
136,140,-104.182044264181,87.41911491736937,344,0.127767595284382,127.767595284382
136,140,-104.182044264181,87.41911491736937,352,0.1289429653587148,128.9429653587148
136,140,-104.182044264181,87.41911491736937,360,0.12994296220322704,129.94296220322704
136,145,-111.40467802330289,78.00639534374224,0,0.1160514325562594,116.0514325562594
136,145,-111.40467802330289,78.00639534374224,8,0.11769498929536826,117.69498929536826
136,145,-111.40467802330289,78.00639534374224,16,0.1201003377516694,120.1003377516694
136,145,-111.40467802330289,78.00639534374224,24,0.11941969911207119,119.41969911207119
136,145,-111.40467802330289,78.00639534374224,32,0.1160149496421681,116.0149496421681
136,145,-111.40467802330289,78.00639534374224,40,0.11345622506102977,113.45622506102977
136,145,-111.40467802330289,78.00639534374224,48,0.11386301284930612,113.86301284930613
136,145,-111.40467802330289,78.00639534374224,56,0.11517511047060641,115.17511047060641
136,145,-111.40467802330289,78.00639534374224,64,0.11641122760594957,116.41122760594958
136,145,-111.40467802330289,78.00639534374224,72,0.11839169970881436,118.39169970881436
136,145,-111.40467802330289,78.00639534374224,80,0.12002788920167229,120.0278892016723
136,145,-111.40467802330289,78.00639534374224,88,0.11746462358257301,117.46462358257301
136,145,-111.40467802330289,78.00639534374224,96,0.11429206647008716,114.29206647008716
136,145,-111.40467802330289,78.00639534374224,104,0.11329091526527398,113.29091526527398
136,145,-111.40467802330289,78.00639534374224,112,0.11455186145976007,114.55186145976006
136,145,-111.40467802330289,78.00639534374224,120,0.11583109440697655,115.83109440697655
136,145,-111.40467802330289,78.00639534374224,128,0.11747142495104809,117.47142495104809
136,145,-111.40467802330289,78.00639534374224,136,0.11990769967260946,119.90769967260947
136,145,-111.40467802330289,78.00639534374224,144,0.1192448804941281,119.2448804941281
136,145,-111.40467802330289,78.00639534374224,152,0.11591182093384331,115.9118209338433
136,145,-111.40467802330289,78.00639534374224,160,0.1134589869892361,113.4589869892361
136,145,-111.40467802330289,78.00639534374224,168,0.11400095612929534,114.00095612929533
136,145,-111.40467802330289,78.00639534374224,176,0.11541207105730922,115.41207105730922
136,145,-111.40467802330289,78.00639534374224,184,0.11676275765329935,116.76275765329936
136,145,-111.40467802330289,78.00639534374224,192,0.11883898819478189,118.83898819478189
136,145,-111.40467802330289,78.00639534374224,200,0.12047314878308157,120.47314878308157
136,145,-111.40467802330289,78.00639534374224,208,0.11779668478435823,117.79668478435823
136,145,-111.40467802330289,78.00639534374224,216,0.11444991774359498,114.44991774359498
136,145,-111.40467802330289,78.00639534374224,224,0.11336873070749305,113.36873070749306
136,145,-111.40467802330289,78.00639534374224,232,0.11451867539889049,114.5186753988905
136,145,-111.40467802330289,78.00639534374224,240,0.11573109404487876,115.73109404487876
136,145,-111.40467802330289,78.00639534374224,248,0.11724918137723356,117.24918137723355
136,145,-111.40467802330289,78.00639534374224,256,0.11968677456917794,119.68677456917794
136,145,-111.40467802330289,78.00639534374224,264,0.11905325545061125,119.05325545061126
136,145,-111.40467802330289,78.00639534374224,272,0.11577424997993052,115.77424997993052
136,145,-111.40467802330289,78.00639534374224,280,0.11335549009947761,113.3554900994776
136,145,-111.40467802330289,78.00639534374224,288,0.11383905670598174,113.83905670598173
136,145,-111.40467802330289,78.00639534374224,296,0.11517628299425406,115.17628299425405
136,145,-111.40467802330289,78.00639534374224,304,0.11653049069704509,116.5304906970451
136,145,-111.40467802330289,78.00639534374224,312,0.11860000174092636,118.60000174092636
136,145,-111.40467802330289,78.00639534374224,320,0.1202673899968942,120.2673899968942
136,145,-111.40467802330289,78.00639534374224,328,0.11759493466857182,117.59493466857182
136,145,-111.40467802330289,78.00639534374224,336,0.11435846635338529,114.35846635338528
136,145,-111.40467802330289,78.00639534374224,344,0.11342881481738905,113.42881481738905
136,145,-111.40467802330289,78.00639534374224,352,0.11471337820428519,114.71337820428519
136,145,-111.40467802330289,78.00639534374224,360,0.1160523477549592,116.0523477549592
136,150,-117.77945491468367,67.99999999999999,0,0.10140205515415496,101.40205515415495
136,150,-117.77945491468367,67.99999999999999,8,0.10323441867712257,103.23441867712258
136,150,-117.77945491468367,67.99999999999999,16,0.10495202268520146,104.95202268520146
136,150,-117.77945491468367,67.99999999999999,24,0.10391784065500745,103.91784065500745
136,150,-117.77945491468367,67.99999999999999,32,0.10062367316484717,100.62367316484718
136,150,-117.77945491468367,67.99999999999999,40,0.09815077226459758,98.15077226459758
136,150,-117.77945491468367,67.99999999999999,48,0.0987926040728709,98.7926040728709
136,150,-117.77945491468367,67.99999999999999,56,0.10046781337764307,100.46781337764307
136,150,-117.77945491468367,67.99999999999999,64,0.1018871307892611,101.8871307892611
136,150,-117.77945491468367,67.99999999999999,72,0.10408460289853518,104.08460289853518
136,150,-117.77945491468367,67.99999999999999,80,0.10443538578088002,104.43538578088003
136,150,-117.77945491468367,67.99999999999999,88,0.10212585033107019,102.12585033107018
136,150,-117.77945491468367,67.99999999999999,96,0.09896160292771883,98.96160292771883
136,150,-117.77945491468367,67.99999999999999,104,0.09808159935935859,98.08159935935859
136,150,-117.77945491468367,67.99999999999999,112,0.09977501777736955,99.77501777736956
136,150,-117.77945491468367,67.99999999999999,120,0.10121318868151348,101.21318868151349
136,150,-117.77945491468367,67.99999999999999,128,0.10304112634529419,103.04112634529419
136,150,-117.77945491468367,67.99999999999999,136,0.10479073467936564,104.79073467936564
136,150,-117.77945491468367,67.99999999999999,144,0.10376339837671833,103.76339837671833
136,150,-117.77945491468367,67.99999999999999,152,0.10052605131994315,100.52605131994315
136,150,-117.77945491468367,67.99999999999999,160,0.0981480472257592,98.1480472257592
136,150,-117.77945491468367,67.99999999999999,168,0.09891693758653854,98.91693758653854
136,150,-117.77945491468367,67.99999999999999,176,0.10068379161897113,100.68379161897113
136,150,-117.77945491468367,67.99999999999999,184,0.10220919920698791,102.20919920698792
136,150,-117.77945491468367,67.99999999999999,192,0.10449042176447995,104.49042176447995
136,150,-117.77945491468367,67.99999999999999,200,0.10482757539153495,104.82757539153495
136,150,-117.77945491468367,67.99999999999999,208,0.10241251584535745,102.41251584535745
136,150,-117.77945491468367,67.99999999999999,216,0.09907986757607345,99.07986757607345
136,150,-117.77945491468367,67.99999999999999,224,0.09812700942431575,98.12700942431574
136,150,-117.77945491468367,67.99999999999999,232,0.09972923211305831,99.72923211305832
136,150,-117.77945491468367,67.99999999999999,240,0.10110770953457911,101.1077095345791
136,150,-117.77945491468367,67.99999999999999,248,0.10282620947701589,102.8262094770159
136,150,-117.77945491468367,67.99999999999999,256,0.10459062824858475,104.59062824858475
136,150,-117.77945491468367,67.99999999999999,264,0.10360240409191696,103.60240409191695
136,150,-117.77945491468367,67.99999999999999,272,0.10042736736982108,100.42736736982108
136,150,-117.77945491468367,67.99999999999999,280,0.09808706662118044,98.08706662118044
136,150,-117.77945491468367,67.99999999999999,288,0.09879386850020562,98.79386850020562
136,150,-117.77945491468367,67.99999999999999,296,0.10047947630032401,100.47947630032401
136,150,-117.77945491468367,67.99999999999999,304,0.10200734884923736,102.00734884923736
136,150,-117.77945491468367,67.99999999999999,312,0.10428106419957381,104.2810641995738
136,150,-117.77945491468367,67.99999999999999,320,0.10465232848055857,104.65232848055857
136,150,-117.77945491468367,67.99999999999999,328,0.10222126505253233,102.22126505253233
136,150,-117.77945491468367,67.99999999999999,336,0.09898798420890821,98.98798420890822
136,150,-117.77945491468367,67.99999999999999,344,0.09817762914536887,98.17762914536887
136,150,-117.77945491468367,67.99999999999999,352,0.09990611086294812,99.90611086294813
136,150,-117.77945491468367,67.99999999999999,360,0.10140344804620356,101.40344804620356
136,155,-123.25785903698439,57.47608359673513,0,0.08610573528605067,86.10573528605067
136,155,-123.25785903698439,57.47608359673513,8,0.08808167728725953,88.08167728725954
136,155,-123.25785903698439,57.47608359673513,16,0.08858457125353461,88.5845712535346
136,155,-123.25785903698439,57.47608359673513,24,0.08781871190644311,87.81871190644311
136,155,-123.25785903698439,57.47608359673513,32,0.08453428497073734,84.53428497073733
136,155,-123.25785903698439,57.47608359673513,40,0.08211163998697574,82.11163998697573
136,155,-123.25785903698439,57.47608359673513,48,0.08332526438614041,83.3252643861404
136,155,-123.25785903698439,57.47608359673513,56,0.08510282509876727,85.10282509876727
136,155,-123.25785903698439,57.47608359673513,64,0.08672856246398819,86.7285624639882
136,155,-123.25785903698439,57.47608359673513,72,0.0879757400148984,87.97574001489839
136,155,-123.25785903698439,57.47608359673513,80,0.08831522778242713,88.31522778242713
136,155,-123.25785903698439,57.47608359673513,88,0.08607182380059963,86.07182380059963
136,155,-123.25785903698439,57.47608359673513,96,0.08290930580300848,82.90930580300848
136,155,-123.25785903698439,57.47608359673513,104,0.08233477020567948,82.33477020567948
136,155,-123.25785903698439,57.47608359673513,112,0.08435357056785177,84.35357056785176
136,155,-123.25785903698439,57.47608359673513,120,0.08594733543617586,85.94733543617586
136,155,-123.25785903698439,57.47608359673513,128,0.08791786701464739,87.91786701464738
136,155,-123.25785903698439,57.47608359673513,136,0.08845993514798514,88.45993514798514
136,155,-123.25785903698439,57.47608359673513,144,0.08767862444423946,87.67862444423946
136,155,-123.25785903698439,57.47608359673513,152,0.0844409727836159,84.44097278361589
136,155,-123.25785903698439,57.47608359673513,160,0.0821037089339397,82.1037089339397
136,155,-123.25785903698439,57.47608359673513,168,0.08343434464614807,83.43434464614808
136,155,-123.25785903698439,57.47608359673513,176,0.08529602694270329,85.29602694270329
136,155,-123.25785903698439,57.47608359673513,184,0.08701955008957074,87.01955008957074
136,155,-123.25785903698439,57.47608359673513,192,0.0883308289520577,88.3308289520577
136,155,-123.25785903698439,57.47608359673513,200,0.0886560385027193,88.6560385027193
136,155,-123.25785903698439,57.47608359673513,208,0.08631434870765292,86.31434870765293
136,155,-123.25785903698439,57.47608359673513,216,0.08298899706849257,82.98899706849257
136,155,-123.25785903698439,57.47608359673513,224,0.08235616890768867,82.35616890768867
136,155,-123.25785903698439,57.47608359673513,232,0.08429822951424262,84.29822951424262
136,155,-123.25785903698439,57.47608359673513,240,0.08583923232528706,85.83923232528706
136,155,-123.25785903698439,57.47608359673513,248,0.08771370609768955,87.71370609768955
136,155,-123.25785903698439,57.47608359673513,256,0.08827806677569122,88.27806677569122
136,155,-123.25785903698439,57.47608359673513,264,0.08755217923310493,87.55217923310494
136,155,-123.25785903698439,57.47608359673513,272,0.08438066084812564,84.38066084812563
136,155,-123.25785903698439,57.47608359673513,280,0.08208422006609557,82.08422006609557
136,155,-123.25785903698439,57.47608359673513,288,0.08333848661821343,83.33848661821342
136,155,-123.25785903698439,57.47608359673513,296,0.08512246486645576,85.12246486645576
136,155,-123.25785903698439,57.47608359673513,304,0.08684694881146454,86.84694881146454
136,155,-123.25785903698439,57.47608359673513,312,0.08816262871897602,88.16262871897602
136,155,-123.25785903698439,57.47608359673513,320,0.08850355242941511,88.50355242941511
136,155,-123.25785903698439,57.47608359673513,328,0.08613252763399289,86.1325276339929
136,155,-123.25785903698439,57.47608359673513,336,0.0828956822600653,82.8956822600653
136,155,-123.25785903698439,57.47608359673513,344,0.0823954915743691,82.39549157436909
136,155,-123.25785903698439,57.47608359673513,352,0.08445549013484784,84.45549013484784
136,155,-123.25785903698439,57.47608359673513,360,0.08610775004899121,86.1077500489912
136,160,-127.79819642688354,46.51473949229097,0,0.07027888718231323,70.27888718231323
136,160,-127.79819642688354,46.51473949229097,8,0.07112570051495895,71.12570051495895
136,160,-127.79819642688354,46.51473949229097,16,0.07190072824583273,71.90072824583272
136,160,-127.79819642688354,46.51473949229097,24,0.07111283298033441,71.11283298033442
136,160,-127.79819642688354,46.51473949229097,32,0.06781640269968225,67.81640269968226
136,160,-127.79819642688354,46.51473949229097,40,0.06580264580014557,65.80264580014557
136,160,-127.79819642688354,46.51473949229097,48,0.06730420494268079,67.30420494268078
136,160,-127.79819642688354,46.51473949229097,56,0.06919708247241471,69.1970824724147
136,160,-127.79819642688354,46.51473949229097,64,0.07072764208793292,70.72764208793292
136,160,-127.79819642688354,46.51473949229097,72,0.07108558659328566,71.08558659328567
136,160,-127.79819642688354,46.51473949229097,80,0.07166917873176565,71.66917873176565
136,160,-127.79819642688354,46.51473949229097,88,0.06942472482674455,69.42472482674455
136,160,-127.79819642688354,46.51473949229097,96,0.06625751542795016,66.25751542795017
136,160,-127.79819642688354,46.51473949229097,104,0.06631251165320269,66.31251165320269
136,160,-127.79819642688354,46.51473949229097,112,0.06837655975882552,68.37655975882552
136,160,-127.79819642688354,46.51473949229097,120,0.07014971703193493,70.14971703193493
136,160,-127.79819642688354,46.51473949229097,128,0.07100760326663681,71.0076032666368
136,160,-127.79819642688354,46.51473949229097,136,0.07180241624909087,71.80241624909087
136,160,-127.79819642688354,46.51473949229097,144,0.07098631468219642,70.98631468219642
136,160,-127.79819642688354,46.51473949229097,152,0.06772627605809414,67.72627605809414
136,160,-127.79819642688354,46.51473949229097,160,0.06578815099843134,65.78815099843135
136,160,-127.79819642688354,46.51473949229097,168,0.06739625099404449,67.3962509940445
136,160,-127.79819642688354,46.51473949229097,176,0.06936588720907844,69.36588720907844
136,160,-127.79819642688354,46.51473949229097,184,0.07098256608480855,70.98256608480854
136,160,-127.79819642688354,46.51473949229097,192,0.07138767613660543,71.38767613660544
136,160,-127.79819642688354,46.51473949229097,200,0.07195985204215549,71.95985204215549
136,160,-127.79819642688354,46.51473949229097,208,0.0696247001435016,69.6247001435016
136,160,-127.79819642688354,46.51473949229097,216,0.06629994482121246,66.29994482121246
136,160,-127.79819642688354,46.51473949229097,224,0.06632324939118156,66.32324939118156
136,160,-127.79819642688354,46.51473949229097,232,0.06831421232732295,68.31421232732295
136,160,-127.79819642688354,46.51473949229097,240,0.07004186474792397,70.04186474792397
136,160,-127.79819642688354,46.51473949229097,248,0.07080813542554404,70.80813542554404
136,160,-127.79819642688354,46.51473949229097,256,0.07164761459054989,71.64761459054988
136,160,-127.79819642688354,46.51473949229097,264,0.07089399792661903,70.89399792661904
136,160,-127.79819642688354,46.51473949229097,272,0.06770467794322199,67.704677943222
136,160,-127.79819642688354,46.51473949229097,280,0.06579772039062472,65.79772039062472
136,160,-127.79819642688354,46.51473949229097,288,0.06732755956302919,67.32755956302918
136,160,-127.79819642688354,46.51473949229097,296,0.06922212482247804,69.22212482247804
136,160,-127.79819642688354,46.51473949229097,304,0.07084394343011106,70.84394343011107
136,160,-127.79819642688354,46.51473949229097,312,0.07126214871369349,71.26214871369349
136,160,-127.79819642688354,46.51473949229097,320,0.0718264371011967,71.8264371011967
136,160,-127.79819642688354,46.51473949229097,328,0.06945116741935384,69.45116741935384
136,160,-127.79819642688354,46.51473949229097,336,0.06620420854681903,66.20420854681903
136,160,-127.79819642688354,46.51473949229097,344,0.0663495376780946,66.34953767809459
136,160,-127.79819642688354,46.51473949229097,352,0.06845005199927173,68.45005199927174
136,160,-127.79819642688354,46.51473949229097,360,0.07028166326087593,70.28166326087593
136,165,-131.3659123753133,35.199390133942856,0,0.05347421633570265,53.47421633570265
136,165,-131.3659123753133,35.199390133942856,8,0.053766744627273835,53.76674462727384
136,165,-131.3659123753133,35.199390133942856,16,0.054750176609832724,54.75017660983272
136,165,-131.3659123753133,35.199390133942856,24,0.0539188426063177,53.918842606317696
136,165,-131.3659123753133,35.199390133942856,32,0.050626769163004195,50.6267691630042
136,165,-131.3659123753133,35.199390133942856,40,0.04931113394372706,49.311133943727064
136,165,-131.3659123753133,35.199390133942856,48,0.05084018475660785,50.84018475660785
136,165,-131.3659123753133,35.199390133942856,56,0.05286992338847291,52.86992338847291
136,165,-131.3659123753133,35.199390133942856,64,0.05332611619061675,53.32611619061675
136,165,-131.3659123753133,35.199390133942856,72,0.054030548615048204,54.030548615048204
136,165,-131.3659123753133,35.199390133942856,80,0.054527515648919396,54.5275156489194
136,165,-131.3659123753133,35.199390133942856,88,0.052245060625863295,52.245060625863296
136,165,-131.3659123753133,35.199390133942856,96,0.04959929579043264,49.599295790432635
136,165,-131.3659123753133,35.199390133942856,104,0.049835484204994014,49.83548420499402
136,165,-131.3659123753133,35.199390133942856,112,0.051965580049730294,51.96558004973029
136,165,-131.3659123753133,35.199390133942856,120,0.053384883780623574,53.384883780623575
136,165,-131.3659123753133,35.199390133942856,128,0.053691479406527215,53.691479406527215
136,165,-131.3659123753133,35.199390133942856,136,0.054676727340778,54.676727340778
136,165,-131.3659123753133,35.199390133942856,144,0.053804915244241136,53.80491524424114
136,165,-131.3659123753133,35.199390133942856,152,0.05053862056424448,50.538620564244475
136,165,-131.3659123753133,35.199390133942856,160,0.04928881287312098,49.28881287312098
136,165,-131.3659123753133,35.199390133942856,168,0.050913493105859055,50.913493105859054
136,165,-131.3659123753133,35.199390133942856,176,0.05301282429421994,53.01282429421994
136,165,-131.3659123753133,35.199390133942856,184,0.05353605650382362,53.53605650382362
136,165,-131.3659123753133,35.199390133942856,192,0.054279174798083765,54.279174798083766
136,165,-131.3659123753133,35.199390133942856,200,0.05476900437981081,54.76900437981081
136,165,-131.3659123753133,35.199390133942856,208,0.052402894282331955,52.40289428233196
136,165,-131.3659123753133,35.199390133942856,216,0.049622882179082485,49.62288217908249
136,165,-131.3659123753133,35.199390133942856,224,0.0498367777714783,49.836777771478296
136,165,-131.3659123753133,35.199390133942856,232,0.051898828574505215,51.89882857450522
136,165,-131.3659123753133,35.199390133942856,240,0.05327276002322638,53.27276002322638
136,165,-131.3659123753133,35.199390133942856,248,0.05350112390694542,53.501123906945416
136,165,-131.3659123753133,35.199390133942856,256,0.05454995820263601,54.549958202636006
136,165,-131.3659123753133,35.199390133942856,264,0.05374625879515352,53.746258795153516
136,165,-131.3659123753133,35.199390133942856,272,0.05055514175873425,50.555141758734244
136,165,-131.3659123753133,35.199390133942856,280,0.0493175899206502,49.3175899206502
136,165,-131.3659123753133,35.199390133942856,288,0.05087180468268966,50.871804682689664
136,165,-131.3659123753133,35.199390133942856,296,0.05289775508233567,52.89775508233567
136,165,-131.3659123753133,35.199390133942856,304,0.053447741338384494,53.447741338384496
136,165,-131.3659123753133,35.199390133942856,312,0.05418722352519094,54.18722352519094
136,165,-131.3659123753133,35.199390133942856,320,0.05465420191562774,54.65420191562774
136,165,-131.3659123753133,35.199390133942856,328,0.0522364610362951,52.2364610362951
136,165,-131.3659123753133,35.199390133942856,336,0.04952385795453288,49.52385795453288
136,165,-131.3659123753133,35.199390133942856,344,0.049848603566125596,49.8486035661256
136,165,-131.3659123753133,35.199390133942856,352,0.052011607504779345,52.01160750477934
136,165,-131.3659123753133,35.199390133942856,360,0.05347742737136557,53.47742737136557
136,170,-133.93385440966028,23.616152162702516,0,0.035657670059531583,35.65767005953158
136,170,-133.93385440966028,23.616152162702516,8,0.036289806302214074,36.289806302214075
136,170,-133.93385440966028,23.616152162702516,16,0.037223391105107195,37.2233911051072
136,170,-133.93385440966028,23.616152162702516,24,0.03630872708757577,36.308727087575775
136,170,-133.93385440966028,23.616152162702516,32,0.03372614160588169,33.72614160588169
136,170,-133.93385440966028,23.616152162702516,40,0.03247184548987645,32.47184548987645
136,170,-133.93385440966028,23.616152162702516,48,0.03405850496278473,34.05850496278473
136,170,-133.93385440966028,23.616152162702516,56,0.03547601115717365,35.47601115717365
136,170,-133.93385440966028,23.616152162702516,64,0.035721537183416266,35.72153718341627
136,170,-133.93385440966028,23.616152162702516,72,0.036590579123602085,36.59057912360208
136,170,-133.93385440966028,23.616152162702516,80,0.03699207386059418,36.99207386059418
136,170,-133.93385440966028,23.616152162702516,88,0.034810379215966455,34.81037921596646
136,170,-133.93385440966028,23.616152162702516,96,0.03276641132677467,32.76641132677467
136,170,-133.93385440966028,23.616152162702516,104,0.033025543479322295,33.025543479322295
136,170,-133.93385440966028,23.616152162702516,112,0.0352361802556214,35.2361802556214
136,170,-133.93385440966028,23.616152162702516,120,0.03562098919138049,35.62098919138049
136,170,-133.93385440966028,23.616152162702516,128,0.03624993768235905,36.24993768235905
136,170,-133.93385440966028,23.616152162702516,136,0.037174463542998845,37.17446354299884
136,170,-133.93385440966028,23.616152162702516,144,0.03620569830454455,36.20569830454455
136,170,-133.93385440966028,23.616152162702516,152,0.033638843361965584,33.638843361965584
136,170,-133.93385440966028,23.616152162702516,160,0.03244022318989751,32.44022318989751
136,170,-133.93385440966028,23.616152162702516,168,0.034111514721682064,34.11151472168206
136,170,-133.93385440966028,23.616152162702516,176,0.03558778678590235,35.58778678590235
136,170,-133.93385440966028,23.616152162702516,184,0.03588374060854284,35.88374060854284
136,170,-133.93385440966028,23.616152162702516,192,0.036785378752829195,36.785378752829196
136,170,-133.93385440966028,23.616152162702516,200,0.03718582690769432,37.18582690769432
136,170,-133.93385440966028,23.616152162702516,208,0.03493124120101919,34.93124120101919
136,170,-133.93385440966028,23.616152162702516,216,0.032777861072628645,32.777861072628646
136,170,-133.93385440966028,23.616152162702516,224,0.033018671187012176,33.018671187012174
136,170,-133.93385440966028,23.616152162702516,232,0.03516764236194495,35.16764236194495
136,170,-133.93385440966028,23.616152162702516,240,0.03549733938443457,35.49733938443457
136,170,-133.93385440966028,23.616152162702516,248,0.03607756520844872,36.077565208448725
136,170,-133.93385440966028,23.616152162702516,256,0.03707537344916449,37.075373449164495
136,170,-133.93385440966028,23.616152162702516,264,0.036181447033146436,36.18144703314643
136,170,-133.93385440966028,23.616152162702516,272,0.033670775311149814,33.67077531114981
136,170,-133.93385440966028,23.616152162702516,280,0.0324887136470902,32.4887136470902
136,170,-133.93385440966028,23.616152162702516,288,0.03409646020809062,34.096460208090626
136,170,-133.93385440966028,23.616152162702516,296,0.035517308538068344,35.51730853806834
136,170,-133.93385440966028,23.616152162702516,304,0.03584219743040977,35.84219743040977
136,170,-133.93385440966028,23.616152162702516,312,0.03672685862327442,36.72685862327442
136,170,-133.93385440966028,23.616152162702516,320,0.037088236091298514,37.08823609129851
136,170,-133.93385440966028,23.616152162702516,328,0.03477057772800763,34.77057772800763
136,170,-133.93385440966028,23.616152162702516,336,0.0326744576552581,32.6744576552581
136,170,-133.93385440966028,23.616152162702516,344,0.03301470434697904,33.014704346979045
136,170,-133.93385440966028,23.616152162702516,352,0.03525578261193546,35.25578261193546
136,170,-133.93385440966028,23.616152162702516,360,0.0356608741917167,35.6608741917167
136,175,-135.4824789404774,11.853181013681514,0,0.01782970463170174,17.82970463170174
136,175,-135.4824789404774,11.853181013681514,8,0.018554180056694302,18.554180056694303
136,175,-135.4824789404774,11.853181013681514,16,0.01937458385983145,19.37458385983145
136,175,-135.4824789404774,11.853181013681514,24,0.018727355904127014,18.727355904127013
136,175,-135.4824789404774,11.853181013681514,32,0.016639822074463573,16.639822074463574
136,175,-135.4824789404774,11.853181013681514,40,0.015412937591568069,15.412937591568069
136,175,-135.4824789404774,11.853181013681514,48,0.017005157267677422,17.005157267677422
136,175,-135.4824789404774,11.853181013681514,56,0.017456399647912638,17.456399647912637
136,175,-135.4824789404774,11.853181013681514,64,0.018048774520231858,18.04877452023186
136,175,-135.4824789404774,11.853181013681514,72,0.018898406817318903,18.898406817318904
136,175,-135.4824789404774,11.853181013681514,80,0.0191604084542579,19.160408454257897
136,175,-135.4824789404774,11.853181013681514,88,0.017747283870013553,17.747283870013554
136,175,-135.4824789404774,11.853181013681514,96,0.015696112604205094,15.696112604205094
136,175,-135.4824789404774,11.853181013681514,104,0.0160106232752298,16.0106232752298
136,175,-135.4824789404774,11.853181013681514,112,0.01740923421953433,17.40923421953433
136,175,-135.4824789404774,11.853181013681514,120,0.017842679802302405,17.842679802302406
136,175,-135.4824789404774,11.853181013681514,128,0.01854957359520733,18.54957359520733
136,175,-135.4824789404774,11.853181013681514,136,0.01934714323126593,19.34714323126593
136,175,-135.4824789404774,11.853181013681514,144,0.018634389120441543,18.634389120441543
136,175,-135.4824789404774,11.853181013681514,152,0.01655212108830135,16.552121088301348
136,175,-135.4824789404774,11.853181013681514,160,0.015370609889707069,15.370609889707069
136,175,-135.4824789404774,11.853181013681514,168,0.017036404373998382,17.036404373998383
136,175,-135.4824789404774,11.853181013681514,176,0.01753410350638618,17.534103506386177
136,175,-135.4824789404774,11.853181013681514,184,0.01816084551121054,18.160845511210542
136,175,-135.4824789404774,11.853181013681514,192,0.019039426351789145,19.039426351789146
136,175,-135.4824789404774,11.853181013681514,200,0.019308390703031218,19.30839070303122
136,175,-135.4824789404774,11.853181013681514,208,0.017852787026791855,17.852787026791855
136,175,-135.4824789404774,11.853181013681514,216,0.015696103994850403,15.696103994850404
136,175,-135.4824789404774,11.853181013681514,224,0.015996925583941553,15.996925583941554
136,175,-135.4824789404774,11.853181013681514,232,0.017321697920003962,17.321697920003963
136,175,-135.4824789404774,11.853181013681514,240,0.017714963370491586,17.714963370491585
136,175,-135.4824789404774,11.853181013681514,248,0.018395824249319917,18.39582424931992
136,175,-135.4824789404774,11.853181013681514,256,0.01927650479388902,19.27650479388902
136,175,-135.4824789404774,11.853181013681514,264,0.018635056452110034,18.635056452110035
136,175,-135.4824789404774,11.853181013681514,272,0.016598588621502614,16.598588621502614
136,175,-135.4824789404774,11.853181013681514,280,0.015439169479939981,15.43916947993998
136,175,-135.4824789404774,11.853181013681514,288,0.017049100990652072,17.04910099065207
136,175,-135.4824789404774,11.853181013681514,296,0.017516602686757716,17.516602686757714
136,175,-135.4824789404774,11.853181013681514,304,0.01816216515164433,18.16216515164433
136,175,-135.4824789404774,11.853181013681514,312,0.019013937927704345,19.013937927704344
136,175,-135.4824789404774,11.853181013681514,320,0.019225475668619638,19.225475668619637
136,175,-135.4824789404774,11.853181013681514,328,0.01769613322553014,17.69613322553014
136,175,-135.4824789404774,11.853181013681514,336,0.015587062223385212,15.587062223385212
136,175,-135.4824789404774,11.853181013681514,344,0.015975956158299,15.975956158298999
136,175,-135.4824789404774,11.853181013681514,352,0.017381228533792398,17.3812285337924
136,175,-135.4824789404774,11.853181013681514,360,0.017833048559406834,17.833048559406834
136,180,-136.0,1.6655196468404002e-14,0,-1.8679702252261003e-05,-0.018679702252261003
136,180,-136.0,1.6655196468404002e-14,8,0.0006948447155066464,0.6948447155066464
136,180,-136.0,1.6655196468404002e-14,16,0.001339955039554766,1.339955039554766
136,180,-136.0,1.6655196468404002e-14,24,0.0015508505849423024,1.5508505849423024
136,180,-136.0,1.6655196468404002e-14,32,-0.0005691386203260396,-0.5691386203260397
136,180,-136.0,1.6655196468404002e-14,40,-0.0017357611616418672,-1.7357611616418671
136,180,-136.0,1.6655196468404002e-14,48,-0.00105559571967719,-1.05559571967719
136,180,-136.0,1.6655196468404002e-14,56,-0.00038970372877535986,-0.38970372877535986
136,180,-136.0,1.6655196468404002e-14,64,0.0002470105234138809,0.2470105234138809
136,180,-136.0,1.6655196468404002e-14,72,0.0009191313690223616,0.9191313690223616
136,180,-136.0,1.6655196468404002e-14,80,0.0016442826551777469,1.644282655177747
136,180,-136.0,1.6655196468404002e-14,88,0.0005594959285047547,0.5594959285047547
136,180,-136.0,1.6655196468404002e-14,96,-0.0014816850966692442,-1.481685096669244
136,180,-136.0,1.6655196468404002e-14,104,-0.0013384228469713576,-1.3384228469713575
136,180,-136.0,1.6655196468404002e-14,112,-0.0006627497044040143,-0.6627497044040143
136,180,-136.0,1.6655196468404002e-14,120,4.235891177609546e-05,0.04235891177609546
136,180,-136.0,1.6655196468404002e-14,128,0.0007250976035472316,0.7250976035472316
136,180,-136.0,1.6655196468404002e-14,136,0.001330814440785277,1.330814440785277
136,180,-136.0,1.6655196468404002e-14,144,0.0014671808268695288,1.4671808268695288
136,180,-136.0,1.6655196468404002e-14,152,-0.0006585214387942832,-0.6585214387942832
136,180,-136.0,1.6655196468404002e-14,160,-0.0017901169633217045,-1.7901169633217044
136,180,-136.0,1.6655196468404002e-14,168,-0.0010469806010021062,-1.0469806010021063
136,180,-136.0,1.6655196468404002e-14,176,-0.0003517071560393108,-0.3517071560393108
136,180,-136.0,1.6655196468404002e-14,184,0.00030817744047032604,0.308177440470326
136,180,-136.0,1.6655196468404002e-14,192,0.0010087723459011565,1.0087723459011564
136,180,-136.0,1.6655196468404002e-14,200,0.0017610268119667622,1.7610268119667623
136,180,-136.0,1.6655196468404002e-14,208,0.0006500431183743872,0.6500431183743872
136,180,-136.0,1.6655196468404002e-14,216,-0.0014923865686434998,-1.4923865686434998
136,180,-136.0,1.6655196468404002e-14,224,-0.001363740222286459,-1.363740222286459
136,180,-136.0,1.6655196468404002e-14,232,-0.0007711540469997435,-0.7711540469997435
136,180,-136.0,1.6655196468404002e-14,240,-8.547133931046103e-05,-0.08547133931046103
136,180,-136.0,1.6655196468404002e-14,248,0.0005904697547849509,0.5904697547849509
136,180,-136.0,1.6655196468404002e-14,256,0.00128917766047643,1.28917766047643
136,180,-136.0,1.6655196468404002e-14,264,0.0014762491414278735,1.4762491414278736
136,180,-136.0,1.6655196468404002e-14,272,-0.0005968273890854213,-0.5968273890854213
136,180,-136.0,1.6655196468404002e-14,280,-0.0017012852548922625,-1.7012852548922626
136,180,-136.0,1.6655196468404002e-14,288,-0.0009843774298819532,-0.9843774298819532
136,180,-136.0,1.6655196468404002e-14,296,-0.0003167305400415873,-0.3167305400415873
136,180,-136.0,1.6655196468404002e-14,304,0.0003520185994148669,0.3520185994148669
136,180,-136.0,1.6655196468404002e-14,312,0.001012056801057911,1.0120568010579112
136,180,-136.0,1.6655196468404002e-14,320,0.0016917925501629945,1.6917925501629945
136,180,-136.0,1.6655196468404002e-14,328,0.0004961134102334716,0.4961134102334716
136,180,-136.0,1.6655196468404002e-14,336,-0.0016082829441978295,-1.6082829441978295
136,180,-136.0,1.6655196468404002e-14,344,-0.0014031940473933796,-1.4031940473933795
136,180,-136.0,1.6655196468404002e-14,352,-0.000742399085107361,-0.742399085107361
136,180,-136.0,1.6655196468404002e-14,360,-1.5111007103912309e-05,-0.015111007103912309
170,90,1.0409497792752502e-14,170.0,0,0.2453338668065535,245.33386680655352
170,90,1.0409497792752502e-14,170.0,8,0.24623352340229002,246.23352340229002
170,90,1.0409497792752502e-14,170.0,16,0.24895762491708318,248.95762491708317
170,90,1.0409497792752502e-14,170.0,24,0.25118143755016964,251.18143755016965
170,90,1.0409497792752502e-14,170.0,32,0.24955423838638038,249.55423838638038
170,90,1.0409497792752502e-14,170.0,40,0.24772756948825383,247.72756948825383
170,90,1.0409497792752502e-14,170.0,48,0.24576483311753242,245.76483311753242
170,90,1.0409497792752502e-14,170.0,56,0.2451901266095845,245.1901266095845
170,90,1.0409497792752502e-14,170.0,64,0.24502325538239503,245.02325538239504
170,90,1.0409497792752502e-14,170.0,72,0.24670243645164006,246.70243645164007
170,90,1.0409497792752502e-14,170.0,80,0.24957598928317706,249.57598928317705
170,90,1.0409497792752502e-14,170.0,88,0.24947872448961533,249.47872448961533
170,90,1.0409497792752502e-14,170.0,96,0.24818096609243015,248.18096609243014
170,90,1.0409497792752502e-14,170.0,104,0.24581611233042958,245.81611233042958
170,90,1.0409497792752502e-14,170.0,112,0.24498462817313962,244.9846281731396
170,90,1.0409497792752502e-14,170.0,120,0.24472561486527045,244.72561486527044
170,90,1.0409497792752502e-14,170.0,128,0.24570005905948977,245.70005905948977
170,90,1.0409497792752502e-14,170.0,136,0.2485095115932004,248.5095115932004
170,90,1.0409497792752502e-14,170.0,144,0.2507189851559883,250.7189851559883
170,90,1.0409497792752502e-14,170.0,152,0.24918277443893347,249.18277443893348
170,90,1.0409497792752502e-14,170.0,160,0.24749034436079292,247.49034436079293
170,90,1.0409497792752502e-14,170.0,168,0.245781892663162,245.781892663162
170,90,1.0409497792752502e-14,170.0,176,0.24542288186526554,245.42288186526554
170,90,1.0409497792752502e-14,170.0,184,0.2455014003132734,245.5014003132734
170,90,1.0409497792752502e-14,170.0,192,0.2474192663922115,247.4192663922115
170,90,1.0409497792752502e-14,170.0,200,0.250465283592049,250.465283592049
170,90,1.0409497792752502e-14,170.0,208,0.2503895349150614,250.38953491506138
170,90,1.0409497792752502e-14,170.0,216,0.24899468424004828,248.9946842400483
170,90,1.0409497792752502e-14,170.0,224,0.24650998837713323,246.50998837713323
170,90,1.0409497792752502e-14,170.0,232,0.24544244127489295,245.44244127489296
170,90,1.0409497792752502e-14,170.0,240,0.2449313985918842,244.9313985918842
170,90,1.0409497792752502e-14,170.0,248,0.2455742361618996,245.57423616189962
170,90,1.0409497792752502e-14,170.0,256,0.24818694347160455,248.18694347160456
170,90,1.0409497792752502e-14,170.0,264,0.2502597435765267,250.2597435765267
170,90,1.0409497792752502e-14,170.0,272,0.24866766195907525,248.66766195907525
170,90,1.0409497792752502e-14,170.0,280,0.24695399538254598,246.95399538254597
170,90,1.0409497792752502e-14,170.0,288,0.24516763215737436,245.16763215737436
170,90,1.0409497792752502e-14,170.0,296,0.24476762422254605,244.76762422254606
170,90,1.0409497792752502e-14,170.0,304,0.2449166663305177,244.9166663305177
170,90,1.0409497792752502e-14,170.0,312,0.24686618699617413,246.86618699617412
170,90,1.0409497792752502e-14,170.0,320,0.2500076883626746,250.00768836267463
170,90,1.0409497792752502e-14,170.0,328,0.24990685370985033,249.90685370985034
170,90,1.0409497792752502e-14,170.0,336,0.24865693511299403,248.65693511299403
170,90,1.0409497792752502e-14,170.0,344,0.24641138894208764,246.41138894208763
170,90,1.0409497792752502e-14,170.0,352,0.24558591688063083,245.58591688063083
170,90,1.0409497792752502e-14,170.0,360,0.24533005747144168,245.33005747144168
170,95,-14.8164762671019,169.35309867559675,0,0.2445254975318687,244.5254975318687
170,95,-14.8164762671019,169.35309867559675,8,0.24587601882109733,245.87601882109732
170,95,-14.8164762671019,169.35309867559675,16,0.2489742504187583,248.97425041875832
170,95,-14.8164762671019,169.35309867559675,24,0.25025467919139355,250.25467919139354
170,95,-14.8164762671019,169.35309867559675,32,0.24848358464312037,248.48358464312037
170,95,-14.8164762671019,169.35309867559675,40,0.24584239145709055,245.84239145709054
170,95,-14.8164762671019,169.35309867559675,48,0.24423035140301314,244.23035140301315
170,95,-14.8164762671019,169.35309867559675,56,0.24412440954325967,244.12440954325967
170,95,-14.8164762671019,169.35309867559675,64,0.24438915559051513,244.38915559051514
170,95,-14.8164762671019,169.35309867559675,72,0.2465286990127592,246.5286990127592
170,95,-14.8164762671019,169.35309867559675,80,0.2494587112910202,249.4587112910202
170,95,-14.8164762671019,169.35309867559675,88,0.24859852359326645,248.59852359326646
170,95,-14.8164762671019,169.35309867559675,96,0.24632425190444152,246.32425190444152
170,95,-14.8164762671019,169.35309867559675,104,0.24412278096251264,244.12278096251265
170,95,-14.8164762671019,169.35309867559675,112,0.243770038212347,243.770038212347
170,95,-14.8164762671019,169.35309867559675,120,0.243959075964632,243.959075964632
170,95,-14.8164762671019,169.35309867559675,128,0.24537255757714954,245.37255757714954
170,95,-14.8164762671019,169.35309867559675,136,0.24854778402527478,248.54778402527478
170,95,-14.8164762671019,169.35309867559675,144,0.2498106897461801,249.8106897461801
170,95,-14.8164762671019,169.35309867559675,152,0.248130812009711,248.13081200971098
170,95,-14.8164762671019,169.35309867559675,160,0.24563009030428318,245.6300903042832
170,95,-14.8164762671019,169.35309867559675,168,0.24428374342590264,244.28374342590266
170,95,-14.8164762671019,169.35309867559675,176,0.24440241565671417,244.40241565671417
170,95,-14.8164762671019,169.35309867559675,184,0.2449066351259467,244.9066351259467
170,95,-14.8164762671019,169.35309867559675,192,0.24727692097197898,247.27692097197897
170,95,-14.8164762671019,169.35309867559675,200,0.25037555647980986,250.37555647980986
170,95,-14.8164762671019,169.35309867559675,208,0.24950020511466953,249.50020511466954
170,95,-14.8164762671019,169.35309867559675,216,0.24708563286143465,247.08563286143465
170,95,-14.8164762671019,169.35309867559675,224,0.244754972666756,244.754972666756
170,95,-14.8164762671019,169.35309867559675,232,0.24414476339505978,244.14476339505978
170,95,-14.8164762671019,169.35309867559675,240,0.24408125875605385,244.08125875605384
170,95,-14.8164762671019,169.35309867559675,248,0.24518527076373867,245.18527076373866
170,95,-14.8164762671019,169.35309867559675,256,0.2481700028461015,248.17000284610148
170,95,-14.8164762671019,169.35309867559675,264,0.24933744015238102,249.33744015238102
170,95,-14.8164762671019,169.35309867559675,272,0.2476195525623545,247.6195525623545
170,95,-14.8164762671019,169.35309867559675,280,0.24512854168258227,245.12854168258227
170,95,-14.8164762671019,169.35309867559675,288,0.24370131441661358,243.70131441661357
170,95,-14.8164762671019,169.35309867559675,296,0.24378637444369217,243.78637444369215
170,95,-14.8164762671019,169.35309867559675,304,0.244364531581233,244.364531581233
170,95,-14.8164762671019,169.35309867559675,312,0.24675461853775782,246.7546185377578
170,95,-14.8164762671019,169.35309867559675,320,0.24993647731140545,249.93647731140544
170,95,-14.8164762671019,169.35309867559675,328,0.24903526297255468,249.03526297255468
170,95,-14.8164762671019,169.35309867559675,336,0.24676490675023893,246.76490675023894
170,95,-14.8164762671019,169.35309867559675,344,0.2446843098201903,244.6843098201903
170,95,-14.8164762671019,169.35309867559675,352,0.24433426243301537,244.33426243301537
170,95,-14.8164762671019,169.35309867559675,360,0.24452135428331973,244.52135428331974
170,100,-29.520190203378153,167.41731801207536,0,0.2421052469619125,242.10524696191248
170,100,-29.520190203378153,167.41731801207536,8,0.24388806487827536,243.88806487827534
170,100,-29.520190203378153,167.41731801207536,16,0.24679317606179332,246.79317606179333
170,100,-29.520190203378153,167.41731801207536,24,0.2475915075327723,247.59150753277228
170,100,-29.520190203378153,167.41731801207536,32,0.24488979032204544,244.88979032204543
170,100,-29.520190203378153,167.41731801207536,40,0.24224988162009126,242.24988162009126
170,100,-29.520190203378153,167.41731801207536,48,0.24105394212498304,241.05394212498305
170,100,-29.520190203378153,167.41731801207536,56,0.24144770450767195,241.44770450767194
170,100,-29.520190203378153,167.41731801207536,64,0.24217408238018936,242.17408238018936
170,100,-29.520190203378153,167.41731801207536,72,0.24466241230082664,244.66241230082665
170,100,-29.520190203378153,167.41731801207536,80,0.24670317529572627,246.70317529572628
170,100,-29.520190203378153,167.41731801207536,88,0.24562372012538014,245.62372012538015
170,100,-29.520190203378153,167.41731801207536,96,0.24272617517451592,242.72617517451593
170,100,-29.520190203378153,167.41731801207536,104,0.24078813054547024,240.78813054547024
170,100,-29.520190203378153,167.41731801207536,112,0.2409405529499773,240.9405529499773
170,100,-29.520190203378153,167.41731801207536,120,0.24157729407673045,241.57729407673045
170,100,-29.520190203378153,167.41731801207536,128,0.24341242942300173,243.41242942300173
170,100,-29.520190203378153,167.41731801207536,136,0.24638641806933254,246.38641806933254
170,100,-29.520190203378153,167.41731801207536,144,0.2471659958938051,247.1659958938051
170,100,-29.520190203378153,167.41731801207536,152,0.24455506287213502,244.555062872135
170,100,-29.520190203378153,167.41731801207536,160,0.24206861173951144,242.06861173951145
170,100,-29.520190203378153,167.41731801207536,168,0.24115587318853662,241.15587318853662
170,100,-29.520190203378153,167.41731801207536,176,0.2417702749717524,241.7702749717524
170,100,-29.520190203378153,167.41731801207536,184,0.2427215386994246,242.7215386994246
170,100,-29.520190203378153,167.41731801207536,192,0.2454421288824509,245.4421288824509
170,100,-29.520190203378153,167.41731801207536,200,0.24761455419504866,247.61455419504867
170,100,-29.520190203378153,167.41731801207536,208,0.24649764106588423,246.49764106588424
170,100,-29.520190203378153,167.41731801207536,216,0.243429976799305,243.429976799305
170,100,-29.520190203378153,167.41731801207536,224,0.24134907470749295,241.34907470749295
170,100,-29.520190203378153,167.41731801207536,232,0.24123179220030772,241.23179220030772
170,100,-29.520190203378153,167.41731801207536,240,0.24162453580581073,241.62453580581072
170,100,-29.520190203378153,167.41731801207536,248,0.24316826845961684,243.16826845961683
170,100,-29.520190203378153,167.41731801207536,256,0.24597180591420065,245.97180591420064
170,100,-29.520190203378153,167.41731801207536,264,0.2466845501566058,246.68455015660578
170,100,-29.520190203378153,167.41731801207536,272,0.2440800374571414,244.0800374571414
170,100,-29.520190203378153,167.41731801207536,280,0.24160102852148269,241.60102852148268
170,100,-29.520190203378153,167.41731801207536,288,0.24060720964059806,240.60720964059806
170,100,-29.520190203378153,167.41731801207536,296,0.24119450118846358,241.1945011884636
170,100,-29.520190203378153,167.41731801207536,304,0.24220911179360763,242.20911179360763
170,100,-29.520190203378153,167.41731801207536,312,0.2449438780852188,244.9438780852188
170,100,-29.520190203378153,167.41731801207536,320,0.2471937778534818,247.19377785348178
170,100,-29.520190203378153,167.41731801207536,328,0.2460509902096415,246.0509902096415
170,100,-29.520190203378153,167.41731801207536,336,0.24313322200139553,243.13322200139552
170,100,-29.520190203378153,167.41731801207536,344,0.24131577167783624,241.31577167783624
170,100,-29.520190203378153,167.41731801207536,352,0.2414664781606123,241.46647816061233
170,100,-29.520190203378153,167.41731801207536,360,0.2421009728915299,242.1009728915299
170,105,-43.999237667428545,164.20739046914161,0,0.2380908314982222,238.0908314982222
170,105,-43.999237667428545,164.20739046914161,8,0.24025239043324986,240.25239043324987
170,105,-43.999237667428545,164.20739046914161,16,0.24214346754350552,242.14346754350552
170,105,-43.999237667428545,164.20739046914161,24,0.24268245702909658,242.68245702909658
170,105,-43.999237667428545,164.20739046914161,32,0.23949787988466714,239.49787988466713
170,105,-43.999237667428545,164.20739046914161,40,0.23701081707039445,237.01081707039447
170,105,-43.999237667428545,164.20739046914161,48,0.23627880300435872,236.2788030043587
170,105,-43.999237667428545,164.20739046914161,56,0.23717224750855373,237.17224750855374
170,105,-43.999237667428545,164.20739046914161,64,0.23835058032444334,238.35058032444334
170,105,-43.999237667428545,164.20739046914161,72,0.24033570530892606,240.33570530892607
170,105,-43.999237667428545,164.20739046914161,80,0.24223774641807,242.23774641807
170,105,-43.999237667428545,164.20739046914161,88,0.24041540136909448,240.41540136909447
170,105,-43.999237667428545,164.20739046914161,96,0.23744917738083637,237.44917738083637
170,105,-43.999237667428545,164.20739046914161,104,0.23583703227499445,235.83703227499444
170,105,-43.999237667428545,164.20739046914161,112,0.23651770647736703,236.51770647736703
170,105,-43.999237667428545,164.20739046914161,120,0.2375928725438267,237.5928725438267
170,105,-43.999237667428545,164.20739046914161,128,0.23979991644157087,239.79991644157087
170,105,-43.999237667428545,164.20739046914161,136,0.2417562553651246,241.7562553651246
170,105,-43.999237667428545,164.20739046914161,144,0.24227538358650974,242.27538358650975
170,105,-43.999237667428545,164.20739046914161,152,0.23919040505152211,239.1904050515221
170,105,-43.999237667428545,164.20739046914161,160,0.23687300462526042,236.87300462526042
170,105,-43.999237667428545,164.20739046914161,168,0.23642854361709523,236.42854361709522
170,105,-43.999237667428545,164.20739046914161,176,0.23753086635032572,237.5308663503257
170,105,-43.999237667428545,164.20739046914161,184,0.23892614827949324,238.92614827949325
170,105,-43.999237667428545,164.20739046914161,192,0.24112209511805172,241.1220951180517
170,105,-43.999237667428545,164.20739046914161,200,0.24313829779905963,243.13829779905961
170,105,-43.999237667428545,164.20739046914161,208,0.24123743570418169,241.23743570418168
170,105,-43.999237667428545,164.20739046914161,216,0.2380915029773123,238.0915029773123
170,105,-43.999237667428545,164.20739046914161,224,0.2363172998385078,236.3172998385078
170,105,-43.999237667428545,164.20739046914161,232,0.23672569716032912,236.72569716032913
170,105,-43.999237667428545,164.20739046914161,240,0.23758404632377342,237.5840463237734
170,105,-43.999237667428545,164.20739046914161,248,0.23950524462305173,239.50524462305174
170,105,-43.999237667428545,164.20739046914161,256,0.2413303739475267,241.3303739475267
170,105,-43.999237667428545,164.20739046914161,264,0.2418118686826109,241.8118686826109
170,105,-43.999237667428545,164.20739046914161,272,0.23874810898078697,238.74810898078695
170,105,-43.999237667428545,164.20739046914161,280,0.23643720395018622,236.43720395018622
170,105,-43.999237667428545,164.20739046914161,288,0.2359152920356829,235.9152920356829
170,105,-43.999237667428545,164.20739046914161,296,0.23699133494982433,236.99133494982433
170,105,-43.999237667428545,164.20739046914161,304,0.23844250188130017,238.44250188130016
170,105,-43.999237667428545,164.20739046914161,312,0.24064849163293647,240.64849163293647
170,105,-43.999237667428545,164.20739046914161,320,0.24273535438376226,242.73535438376226
170,105,-43.999237667428545,164.20739046914161,328,0.24081004089375568,240.81004089375568
170,105,-43.999237667428545,164.20739046914161,336,0.23782302763824406,237.82302763824407
170,105,-43.999237667428545,164.20739046914161,344,0.23633102358994013,236.33102358994012
170,105,-43.999237667428545,164.20739046914161,352,0.23700438963335038,237.00438963335037
170,105,-43.999237667428545,164.20739046914161,360,0.23808660110410096,238.08660110410096
170,110,-58.14342436536368,159.74774553360444,0,0.23251453311263587,232.51453311263586
170,110,-58.14342436536368,159.74774553360444,8,0.23378837619595574,233.78837619595575
170,110,-58.14342436536368,159.74774553360444,16,0.2358177949833467,235.81779498334672
170,110,-58.14342436536368,159.74774553360444,24,0.23570541719995997,235.70541719995995
170,110,-58.14342436536368,159.74774553360444,32,0.2324561134861133,232.4561134861133
170,110,-58.14342436536368,159.74774553360444,40,0.23017843726159995,230.17843726159995
170,110,-58.14342436536368,159.74774553360444,48,0.22994127573315581,229.9412757331558
170,110,-58.14342436536368,159.74774553360444,56,0.23133101229520095,231.33101229520096
170,110,-58.14342436536368,159.74774553360444,64,0.2329309444653821,232.93094446538208
170,110,-58.14342436536368,159.74774553360444,72,0.2338091477818245,233.8091477818245
170,110,-58.14342436536368,159.74774553360444,80,0.23551529346514138,235.51529346514138
170,110,-58.14342436536368,159.74774553360444,88,0.23334695304883002,233.34695304883002
170,110,-58.14342436536368,159.74774553360444,96,0.23052069220012333,230.52069220012334
170,110,-58.14342436536368,159.74774553360444,104,0.22931665967447093,229.31665967447094
170,110,-58.14342436536368,159.74774553360444,112,0.2305159378065135,230.5159378065135
170,110,-58.14342436536368,159.74774553360444,120,0.23204645295087978,232.04645295087977
170,110,-58.14342436536368,159.74774553360444,128,0.23336152141125935,233.36152141125936
170,110,-58.14342436536368,159.74774553360444,136,0.2354496111632816,235.44961116328162
170,110,-58.14342436536368,159.74774553360444,144,0.2353195017245851,235.3195017245851
170,110,-58.14342436536368,159.74774553360444,152,0.23217925469923575,232.17925469923574
170,110,-58.14342436536368,159.74774553360444,160,0.23008960408025797,230.08960408025797
170,110,-58.14342436536368,159.74774553360444,168,0.23013773254405673,230.13773254405672
170,110,-58.14342436536368,159.74774553360444,176,0.23171728964638472,231.71728964638473
170,110,-58.14342436536368,159.74774553360444,184,0.23353202890570682,233.53202890570682
170,110,-58.14342436536368,159.74774553360444,192,0.23458329973455228,234.58329973455227
170,110,-58.14342436536368,159.74774553360444,200,0.2363746566509719,236.3746566509719
170,110,-58.14342436536368,159.74774553360444,208,0.2341106717135847,234.1106717135847
170,110,-58.14342436536368,159.74774553360444,216,0.23109025444119918,231.0902544411992
170,110,-58.14342436536368,159.74774553360444,224,0.22971506876437747,229.71506876437746
170,110,-58.14342436536368,159.74774553360444,232,0.2306573798818146,230.6573798818146
170,110,-58.14342436536368,159.74774553360444,240,0.2319842799120542,231.9842799120542
170,110,-58.14342436536368,159.74774553360444,248,0.23304523395555468,233.0452339555547
170,110,-58.14342436536368,159.74774553360444,256,0.23501800585149046,235.01800585149047
170,110,-58.14342436536368,159.74774553360444,264,0.23488952730327706,234.88952730327705
170,110,-58.14342436536368,159.74774553360444,272,0.2317702751544334,231.77027515443342
170,110,-58.14342436536368,159.74774553360444,280,0.22968555550674946,229.68555550674947
170,110,-58.14342436536368,159.74774553360444,288,0.22966126992789884,229.66126992789884
170,110,-58.14342436536368,159.74774553360444,296,0.2312099547520487,231.2099547520487
170,110,-58.14342436536368,159.74774553360444,304,0.23307541988927888,233.0754198892789
170,110,-58.14342436536368,159.74774553360444,312,0.23413482790069176,234.13482790069176
170,110,-58.14342436536368,159.74774553360444,320,0.2359885027136971,235.9885027136971
170,110,-58.14342436536368,159.74774553360444,328,0.2337145177799568,233.7145177799568
170,110,-58.14342436536368,159.74774553360444,336,0.2308655137475945,230.86551374759452
170,110,-58.14342436536368,159.74774553360444,344,0.2297752511366733,229.7752511366733
170,110,-58.14342436536368,159.74774553360444,352,0.23096643862638847,230.96643862638845
170,110,-58.14342436536368,159.74774553360444,360,0.23251037932075153,232.51037932075153
170,115,-71.84510449591889,154.0723237962305,0,0.2250508200631547,225.05082006315467
170,115,-71.84510449591889,154.0723237962305,8,0.2254075555406363,225.40755554063628
170,115,-71.84510449591889,154.0723237962305,16,0.2272846450214947,227.2846450214947
170,115,-71.84510449591889,154.0723237962305,24,0.22689969131919266,226.89969131919267
170,115,-71.84510449591889,154.0723237962305,32,0.22374337983903905,223.74337983903905
170,115,-71.84510449591889,154.0723237962305,40,0.22181578050068324,221.81578050068325
170,115,-71.84510449591889,154.0723237962305,48,0.22211394275616686,222.11394275616686
170,115,-71.84510449591889,154.0723237962305,56,0.2240036435413525,224.0036435413525
170,115,-71.84510449591889,154.0723237962305,64,0.2243437982124892,224.3437982124892
170,115,-71.84510449591889,154.0723237962305,72,0.22558473147378166,225.58473147378166
170,115,-71.84510449591889,154.0723237962305,80,0.2268936371696112,226.8936371696112
170,115,-71.84510449591889,154.0723237962305,88,0.22466930112317768,224.6693011231777
170,115,-71.84510449591889,154.0723237962305,96,0.2220457956617236,222.04579566172362
170,115,-71.84510449591889,154.0723237962305,104,0.2212786709925554,221.27867099255542
170,115,-71.84510449591889,154.0723237962305,112,0.2229925424935122,222.9925424935122
170,115,-71.84510449591889,154.0723237962305,120,0.22461461219460035,224.61461219460037
170,115,-71.84510449591889,154.0723237962305,128,0.22500701984432883,225.00701984432882
170,115,-71.84510449591889,154.0723237962305,136,0.22693468873468686,226.93468873468686
170,115,-71.84510449591889,154.0723237962305,144,0.22654505455715346,226.54505455715346
170,115,-71.84510449591889,154.0723237962305,152,0.22351116911163044,223.51116911163044
170,115,-71.84510449591889,154.0723237962305,160,0.22177564653593076,221.77564653593078
170,115,-71.84510449591889,154.0723237962305,168,0.2223395814563003,222.33958145630032
170,115,-71.84510449591889,154.0723237962305,176,0.22441267450724312,224.4126745072431
170,115,-71.84510449591889,154.0723237962305,184,0.22492995361202683,224.92995361202682
170,115,-71.84510449591889,154.0723237962305,192,0.22633842347465807,226.33842347465807
170,115,-71.84510449591889,154.0723237962305,200,0.2277010113827116,227.70101138271158
170,115,-71.84510449591889,154.0723237962305,208,0.22537079273895735,225.37079273895736
170,115,-71.84510449591889,154.0723237962305,216,0.22253967182824735,222.53967182824735
170,115,-71.84510449591889,154.0723237962305,224,0.22159629851386214,221.59629851386214
170,115,-71.84510449591889,154.0723237962305,232,0.2230750745228153,223.0750745228153
170,115,-71.84510449591889,154.0723237962305,240,0.2245069278398473,224.5069278398473
170,115,-71.84510449591889,154.0723237962305,248,0.22467983704625727,224.67983704625726
170,115,-71.84510449591889,154.0723237962305,256,0.2265307235276486,226.5307235276486
170,115,-71.84510449591889,154.0723237962305,264,0.22614384572886992,226.1438457288699
170,115,-71.84510449591889,154.0723237962305,272,0.2231302197523734,223.1302197523734
170,115,-71.84510449591889,154.0723237962305,280,0.22140505541789202,221.40505541789202
170,115,-71.84510449591889,154.0723237962305,288,0.22190096579792173,221.90096579792174
170,115,-71.84510449591889,154.0723237962305,296,0.2239381841977835,223.9381841977835
170,115,-71.84510449591889,154.0723237962305,304,0.22450759845430257,224.50759845430258
170,115,-71.84510449591889,154.0723237962305,312,0.2259150868534594,225.9150868534594
170,115,-71.84510449591889,154.0723237962305,320,0.2273366447802684,227.33664478026841
170,115,-71.84510449591889,154.0723237962305,328,0.22500956028542274,225.00956028542274
170,115,-71.84510449591889,154.0723237962305,336,0.22236034687093148,222.3603468709315
170,115,-71.84510449591889,154.0723237962305,344,0.22169990108450657,221.69990108450656
170,115,-71.84510449591889,154.0723237962305,352,0.22340795711276443,223.40795711276442
170,115,-71.84510449591889,154.0723237962305,360,0.225046681860605,225.046681860605
170,120,-84.99999999999996,147.2243186433546,0,0.21464278517528146,214.64278517528146
170,120,-84.99999999999996,147.2243186433546,8,0.21535233196566195,215.35233196566196
170,120,-84.99999999999996,147.2243186433546,16,0.21694141576593373,216.94141576593373
170,120,-84.99999999999996,147.2243186433546,24,0.21648885452032318,216.48885452032317
170,120,-84.99999999999996,147.2243186433546,32,0.2135452103431709,213.5452103431709
170,120,-84.99999999999996,147.2243186433546,40,0.21199753142623157,211.99753142623157
170,120,-84.99999999999996,147.2243186433546,48,0.2128467677528362,212.8467677528362
170,120,-84.99999999999996,147.2243186433546,56,0.21446087873714054,214.46087873714055
170,120,-84.99999999999996,147.2243186433546,64,0.21419427687089443,214.19427687089444
170,120,-84.99999999999996,147.2243186433546,72,0.21549236669355298,215.49236669355298
170,120,-84.99999999999996,147.2243186433546,80,0.2165247496086704,216.52474960867042
170,120,-84.99999999999996,147.2243186433546,88,0.21437554997425437,214.37554997425437
170,120,-84.99999999999996,147.2243186433546,96,0.2120963329969373,212.09633299693732
170,120,-84.99999999999996,147.2243186433546,104,0.21179873570750762,211.79873570750763
170,120,-84.99999999999996,147.2243186433546,112,0.21406432608087114,214.06432608087115
170,120,-84.99999999999996,147.2243186433546,120,0.21424719480061305,214.24719480061304
170,120,-84.99999999999996,147.2243186433546,128,0.21497763300455763,214.97763300455765
170,120,-84.99999999999996,147.2243186433546,136,0.21661810236683748,216.6181023668375
170,120,-84.99999999999996,147.2243186433546,144,0.2161714001597186,216.17140015971862
170,120,-84.99999999999996,147.2243186433546,152,0.21335718404322668,213.35718404322668
170,120,-84.99999999999996,147.2243186433546,160,0.21200001688664571,212.0000168866457
170,120,-84.99999999999996,147.2243186433546,168,0.21309702193845695,213.09702193845695
170,120,-84.99999999999996,147.2243186433546,176,0.2148760709457765,214.8760709457765
170,120,-84.99999999999996,147.2243186433546,184,0.21476145010895742,214.76145010895743
170,120,-84.99999999999996,147.2243186433546,192,0.2162071534976782,216.20715349767818
170,120,-84.99999999999996,147.2243186433546,200,0.21727598431425946,217.27598431425946
170,120,-84.99999999999996,147.2243186433546,208,0.2150090714231491,215.0090714231491
170,120,-84.99999999999996,147.2243186433546,216,0.2125132725446342,212.5132725446342
170,120,-84.99999999999996,147.2243186433546,224,0.21204892940566206,212.04892940566205
170,120,-84.99999999999996,147.2243186433546,232,0.2140923327303899,214.0923327303899
170,120,-84.99999999999996,147.2243186433546,240,0.2141167065869586,214.1167065869586
170,120,-84.99999999999996,147.2243186433546,248,0.21464987525915474,214.64987525915475
170,120,-84.99999999999996,147.2243186433546,256,0.2162377305526725,216.2377305526725
170,120,-84.99999999999996,147.2243186433546,264,0.21579699200893834,215.79699200893833
170,120,-84.99999999999996,147.2243186433546,272,0.2130065276436627,213.0065276436627
170,120,-84.99999999999996,147.2243186433546,280,0.2116663113945007,211.6663113945007
170,120,-84.99999999999996,147.2243186433546,288,0.21269755120361866,212.69755120361867
170,120,-84.99999999999996,147.2243186433546,296,0.21443995932154336,214.43995932154337
170,120,-84.99999999999996,147.2243186433546,304,0.2143734458505256,214.3734458505256
170,120,-84.99999999999996,147.2243186433546,312,0.2158084566090761,215.8084566090761
170,120,-84.99999999999996,147.2243186433546,320,0.21694079896969948,216.94079896969947
170,120,-84.99999999999996,147.2243186433546,328,0.21469216070667613,214.69216070667613
170,120,-84.99999999999996,147.2243186433546,336,0.21237881245321533,212.37881245321532
170,120,-84.99999999999996,147.2243186433546,344,0.2121775005565288,212.1775005565288
170,120,-84.99999999999996,147.2243186433546,352,0.214442372387398,214.442372387398
170,120,-84.99999999999996,147.2243186433546,360,0.2146382794060951,214.63827940609508
170,125,-97.50799417967785,139.25584752912857,0,0.20273854132314628,202.73854132314628
170,125,-97.50799417967785,139.25584752912857,8,0.20364118456027183,203.64118456027182
170,125,-97.50799417967785,139.25584752912857,16,0.2049705227012279,204.9705227012279
170,125,-97.50799417967785,139.25584752912857,24,0.2045468935613881,204.54689356138812
170,125,-97.50799417967785,139.25584752912857,32,0.20193921922619523,201.93921922619523
170,125,-97.50799417967785,139.25584752912857,40,0.2008117798510655,200.8117798510655
170,125,-97.50799417967785,139.25584752912857,48,0.2022519105132093,202.25191051320928
170,125,-97.50799417967785,139.25584752912857,56,0.20233256216294063,202.33256216294063
170,125,-97.50799417967785,139.25584752912857,64,0.20247407605571566,202.47407605571567
170,125,-97.50799417967785,139.25584752912857,72,0.20354408488654574,203.54408488654573
170,125,-97.50799417967785,139.25584752912857,80,0.20458299000535218,204.58299000535217
170,125,-97.50799417967785,139.25584752912857,88,0.20266470903474987,202.66470903474988
170,125,-97.50799417967785,139.25584752912857,96,0.20078230545293851,200.78230545293852
170,125,-97.50799417967785,139.25584752912857,104,0.2009628323872044,200.9628323872044
170,125,-97.50799417967785,139.25584752912857,112,0.20252496267451614,202.52496267451613
170,125,-97.50799417967785,139.25584752912857,120,0.20238375043139406,202.38375043139405
170,125,-97.50799417967785,139.25584752912857,128,0.20329173125613959,203.2917312561396
170,125,-97.50799417967785,139.25584752912857,136,0.20467880080883177,204.67880080883177
170,125,-97.50799417967785,139.25584752912857,144,0.20427258454300945,204.27258454300946
170,125,-97.50799417967785,139.25584752912857,152,0.20179457745153861,201.7945774515386
170,125,-97.50799417967785,139.25584752912857,160,0.20084390698811544,200.84390698811544
170,125,-97.50799417967785,139.25584752912857,168,0.20251842359087746,202.51842359087746
170,125,-97.50799417967785,139.25584752912857,176,0.20273023425068576,202.73023425068575
170,125,-97.50799417967785,139.25584752912857,184,0.20301547777733353,203.01547777733353
170,125,-97.50799417967785,139.25584752912857,192,0.20421649957720334,204.21649957720334
170,125,-97.50799417967785,139.25584752912857,200,0.20527498423830798,205.27498423830798
170,125,-97.50799417967785,139.25584752912857,208,0.2032288484060002,203.2288484060002
170,125,-97.50799417967785,139.25584752912857,216,0.2011267584464368,201.12675844643678
170,125,-97.50799417967785,139.25584752912857,224,0.20114794239741432,201.1479423974143
170,125,-97.50799417967785,139.25584752912857,232,0.20250953251912707,202.50953251912708
170,125,-97.50799417967785,139.25584752912857,240,0.20223424519739513,202.23424519739513
170,125,-97.50799417967785,139.25584752912857,248,0.202975853621077,202.975853621077
170,125,-97.50799417967785,139.25584752912857,256,0.20432036900529665,204.32036900529664
170,125,-97.50799417967785,139.25584752912857,264,0.20392254691614187,203.92254691614187
170,125,-97.50799417967785,139.25584752912857,272,0.201476246238101,201.476246238101
170,125,-97.50799417967785,139.25584752912857,280,0.20055262887407466,200.55262887407466
170,125,-97.50799417967785,139.25584752912857,288,0.2021608211844383,202.16082118443828
170,125,-97.50799417967785,139.25584752912857,296,0.2023407062606908,202.3407062606908
170,125,-97.50799417967785,139.25584752912857,304,0.20266022104898818,202.66022104898818
170,125,-97.50799417967785,139.25584752912857,312,0.20385278019697783,203.85278019697785
170,125,-97.50799417967785,139.25584752912857,320,0.20497595838615082,204.9759583861508
170,125,-97.50799417967785,139.25584752912857,328,0.202955420119167,202.955420119167
170,125,-97.50799417967785,139.25584752912857,336,0.20102746864268584,201.02746864268585
170,125,-97.50799417967785,139.25584752912857,344,0.2012971610852639,201.29716108526392
170,125,-97.50799417967785,139.25584752912857,352,0.2028570665843068,202.8570665843068
170,125,-97.50799417967785,139.25584752912857,360,0.20273386139102445,202.73386139102445
170,130,-109.2738936467117,130.22755533022627,0,0.18942877533879646,189.42877533879647
170,130,-109.2738936467117,130.22755533022627,8,0.19006909539062705,190.06909539062704
170,130,-109.2738936467117,130.22755533022627,16,0.1914860774152665,191.4860774152665
170,130,-109.2738936467117,130.22755533022627,24,0.1912628177331336,191.2628177331336
170,130,-109.2738936467117,130.22755533022627,32,0.1891068767896451,189.1068767896451
170,130,-109.2738936467117,130.22755533022627,40,0.18837709202287578,188.3770920228758
170,130,-109.2738936467117,130.22755533022627,48,0.18866136147605322,188.66136147605323
170,130,-109.2738936467117,130.22755533022627,56,0.1887927082109956,188.7927082109956
170,130,-109.2738936467117,130.22755533022627,64,0.18919956574485514,189.19956574485514
170,130,-109.2738936467117,130.22755533022627,72,0.1901227048894899,190.1227048894899
170,130,-109.2738936467117,130.22755533022627,80,0.19122901226136213,191.22901226136213
170,130,-109.2738936467117,130.22755533022627,88,0.1896259048754131,189.62590487541308
170,130,-109.2738936467117,130.22755533022627,96,0.1881879869064243,188.1879869064243
170,130,-109.2738936467117,130.22755533022627,104,0.18885780149463108,188.85780149463108
170,130,-109.2738936467117,130.22755533022627,112,0.18878901439940746,188.78901439940745
170,130,-109.2738936467117,130.22755533022627,120,0.18911164722932,189.11164722932
170,130,-109.2738936467117,130.22755533022627,128,0.18975789791660574,189.75789791660574
170,130,-109.2738936467117,130.22755533022627,136,0.19123263140531557,191.23263140531557
170,130,-109.2738936467117,130.22755533022627,144,0.19103088733309317,191.03088733309318
170,130,-109.2738936467117,130.22755533022627,152,0.18899343028018328,188.99343028018328
170,130,-109.2738936467117,130.22755533022627,160,0.18843221252933665,188.43221252933665
170,130,-109.2738936467117,130.22755533022627,168,0.18892082739645882,188.92082739645883
170,130,-109.2738936467117,130.22755533022627,176,0.18916939154283263,189.16939154283264
170,130,-109.2738936467117,130.22755533022627,184,0.18971044303821755,189.71044303821753
170,130,-109.2738936467117,130.22755533022627,192,0.19074999666154074,190.74999666154073
170,130,-109.2738936467117,130.22755533022627,200,0.19185962309277205,191.85962309277204
170,130,-109.2738936467117,130.22755533022627,208,0.1901197782977644,190.1197782977644
170,130,-109.2738936467117,130.22755533022627,216,0.18846468160925248,188.46468160925247
170,130,-109.2738936467117,130.22755533022627,224,0.18898192900664781,188.98192900664782
170,130,-109.2738936467117,130.22755533022627,232,0.1887390488667551,188.7390488667551
170,130,-109.2738936467117,130.22755533022627,240,0.18895222079769794,188.95222079769795
170,130,-109.2738936467117,130.22755533022627,248,0.18944322528747426,189.44322528747426
170,130,-109.2738936467117,130.22755533022627,256,0.1908912966708169,190.8912966708169
170,130,-109.2738936467117,130.22755533022627,264,0.19070749150414362,190.70749150414363
170,130,-109.2738936467117,130.22755533022627,272,0.18871527482863337,188.71527482863337
170,130,-109.2738936467117,130.22755533022627,280,0.18818749123703152,188.1874912370315
170,130,-109.2738936467117,130.22755533022627,288,0.18861553724946595,188.61553724946594
170,130,-109.2738936467117,130.22755533022627,296,0.18882671229560782,188.82671229560782
170,130,-109.2738936467117,130.22755533022627,304,0.18938879759003613,189.38879759003612
170,130,-109.2738936467117,130.22755533022627,312,0.19042379993701208,190.4237999370121
170,130,-109.2738936467117,130.22755533022627,320,0.1915993241540111,191.5993241540111
170,130,-109.2738936467117,130.22755533022627,328,0.1898886622056042,189.8886622056042
170,130,-109.2738936467117,130.22755533022627,336,0.1883910704435157,188.3910704435157
170,130,-109.2738936467117,130.22755533022627,344,0.1891453253566326,189.14532535663258
170,130,-109.2738936467117,130.22755533022627,352,0.1890693311215587,189.0693311215587
170,130,-109.2738936467117,130.22755533022627,360,0.18942410849731534,189.42410849731533
170,135,-120.20815280171307,120.20815280171308,0,0.1746160998417591,174.6160998417591
170,135,-120.20815280171307,120.20815280171308,8,0.17519013549719964,175.19013549719963
170,135,-120.20815280171307,120.20815280171308,16,0.17671747163584564,176.71747163584564
170,135,-120.20815280171307,120.20815280171308,24,0.17675875474933733,176.75875474933733
170,135,-120.20815280171307,120.20815280171308,32,0.1750895452871767,175.08954528717672
170,135,-120.20815280171307,120.20815280171308,40,0.1743160199644454,174.3160199644454
170,135,-120.20815280171307,120.20815280171308,48,0.17334528859367043,173.34528859367043
170,135,-120.20815280171307,120.20815280171308,56,0.174092451953046,174.092451953046
170,135,-120.20815280171307,120.20815280171308,64,0.17425369425702764,174.25369425702763
170,135,-120.20815280171307,120.20815280171308,72,0.17532336708564666,175.32336708564665
170,135,-120.20815280171307,120.20815280171308,80,0.1766220709545787,176.6220709545787
170,135,-120.20815280171307,120.20815280171308,88,0.17551282652751315,175.51282652751314
170,135,-120.20815280171307,120.20815280171308,96,0.17447363956630813,174.47363956630812
170,135,-120.20815280171307,120.20815280171308,104,0.1733480266228952,173.3480266228952
170,135,-120.20815280171307,120.20815280171308,112,0.17378327162574206,173.78327162574206
170,135,-120.20815280171307,120.20815280171308,120,0.17433810270494599,174.33810270494598
170,135,-120.20815280171307,120.20815280171308,128,0.17491761438787906,174.91761438787907
170,135,-120.20815280171307,120.20815280171308,136,0.1765021916048889,176.50219160488888
170,135,-120.20815280171307,120.20815280171308,144,0.17656674192070398,176.56674192070398
170,135,-120.20815280171307,120.20815280171308,152,0.17500155210080387,175.00155210080388
170,135,-120.20815280171307,120.20815280171308,160,0.17438498665690863,174.38498665690864
170,135,-120.20815280171307,120.20815280171308,168,0.1735894912627305,173.5894912627305
170,135,-120.20815280171307,120.20815280171308,176,0.17444331363599141,174.44331363599142
170,135,-120.20815280171307,120.20815280171308,184,0.17473333463446666,174.73333463446667
170,135,-120.20815280171307,120.20815280171308,192,0.1759043692314534,175.9043692314534
170,135,-120.20815280171307,120.20815280171308,200,0.17719004149903078,177.19004149903077
170,135,-120.20815280171307,120.20815280171308,208,0.1759409667399683,175.9409667399683
170,135,-120.20815280171307,120.20815280171308,216,0.17468525674975327,174.68525674975328
170,135,-120.20815280171307,120.20815280171308,224,0.17342727295215093,173.42727295215093
170,135,-120.20815280171307,120.20815280171308,232,0.17370448719527024,173.70448719527025
170,135,-120.20815280171307,120.20815280171308,240,0.1741688698576689,174.1688698576689
170,135,-120.20815280171307,120.20815280171308,248,0.17460602638549952,174.60602638549952
170,135,-120.20815280171307,120.20815280171308,256,0.17617964254331753,176.17964254331753
170,135,-120.20815280171307,120.20815280171308,264,0.17627310366433807,176.27310366433807
170,135,-120.20815280171307,120.20815280171308,272,0.17476745161280008,174.76745161280007
170,135,-120.20815280171307,120.20815280171308,280,0.174190544596634,174.190544596634
170,135,-120.20815280171307,120.20815280171308,288,0.17333943118584574,173.33943118584574
170,135,-120.20815280171307,120.20815280171308,296,0.1741410965112713,174.1410965112713
170,135,-120.20815280171307,120.20815280171308,304,0.17445247912053943,174.45247912053944
170,135,-120.20815280171307,120.20815280171308,312,0.17561954031438334,175.61954031438336
170,135,-120.20815280171307,120.20815280171308,320,0.1769673265654534,176.9673265654534
170,135,-120.20815280171307,120.20815280171308,328,0.1757379956159391,175.73799561593913
170,135,-120.20815280171307,120.20815280171308,336,0.1746276332408925,174.6276332408925
170,135,-120.20815280171307,120.20815280171308,344,0.17357968099998505,173.57968099998504
170,135,-120.20815280171307,120.20815280171308,352,0.17401398184484135,174.01398184484134
170,135,-120.20815280171307,120.20815280171308,360,0.17461155605002135,174.61155605002136
170,140,-130.22755533022624,109.27389364671171,0,0.15832971286995473,158.32971286995473
170,140,-130.22755533022624,109.27389364671171,8,0.15908990644013457,159.08990644013457
170,140,-130.22755533022624,109.27389364671171,16,0.16079489361127167,160.79489361127168
170,140,-130.22755533022624,109.27389364671171,24,0.16129492648327504,161.29492648327505
170,140,-130.22755533022624,109.27389364671171,32,0.16013989913402793,160.13989913402793
170,140,-130.22755533022624,109.27389364671171,40,0.15731836526867138,157.31836526867139
170,140,-130.22755533022624,109.27389364671171,48,0.15697950021485993,156.97950021485994
170,140,-130.22755533022624,109.27389364671171,56,0.15790756533854905,157.90756533854906
170,140,-130.22755533022624,109.27389364671171,64,0.15810780617579784,158.10780617579783
170,140,-130.22755533022624,109.27389364671171,72,0.1593611655660427,159.3611655660427
170,140,-130.22755533022624,109.27389364671171,80,0.16093095647215372,160.93095647215372
170,140,-130.22755533022624,109.27389364671171,88,0.160337581912647,160.33758191264698
170,140,-130.22755533022624,109.27389364671171,96,0.1587510188619491,158.7510188619491
170,140,-130.22755533022624,109.27389364671171,104,0.15660649502381632,156.60649502381634
170,140,-130.22755533022624,109.27389364671171,112,0.1577798538971169,157.7798538971169
170,140,-130.22755533022624,109.27389364671171,120,0.15809385341232302,158.09385341232303
170,140,-130.22755533022624,109.27389364671171,128,0.15885719913690036,158.85719913690036
170,140,-130.22755533022624,109.27389364671171,136,0.1606164665739755,160.6164665739755
170,140,-130.22755533022624,109.27389364671171,144,0.16113029144850047,161.13029144850046
170,140,-130.22755533022624,109.27389364671171,152,0.16006506455787484,160.06506455787485
170,140,-130.22755533022624,109.27389364671171,160,0.15738375077679426,157.38375077679424
170,140,-130.22755533022624,109.27389364671171,168,0.1572055238168768,157.2055238168768
170,140,-130.22755533022624,109.27389364671171,176,0.15823370686338753,158.23370686338754
170,140,-130.22755533022624,109.27389364671171,184,0.1585544121539098,158.5544121539098
170,140,-130.22755533022624,109.27389364671171,192,0.15989378789561468,159.89378789561468
170,140,-130.22755533022624,109.27389364671171,200,0.16143592545339341,161.43592545339342
170,140,-130.22755533022624,109.27389364671171,208,0.16070124030163047,160.70124030163046
170,140,-130.22755533022624,109.27389364671171,216,0.15890317771620066,158.90317771620067
170,140,-130.22755533022624,109.27389364671171,224,0.15664331752193808,156.6433175219381
170,140,-130.22755533022624,109.27389364671171,232,0.1576850421006816,157.6850421006816
170,140,-130.22755533022624,109.27389364671171,240,0.1579115739449924,157.9115739449924
170,140,-130.22755533022624,109.27389364671171,248,0.15854861679708496,158.54861679708495
170,140,-130.22755533022624,109.27389364671171,256,0.16031518370461045,160.31518370461046
170,140,-130.22755533022624,109.27389364671171,264,0.16087676247615826,160.87676247615826
170,140,-130.22755533022624,109.27389364671171,272,0.15988398388858704,159.88398388858704
170,140,-130.22755533022624,109.27389364671171,280,0.15724344454379158,157.24344454379158
170,140,-130.22755533022624,109.27389364671171,288,0.15700329354618053,157.00329354618054
170,140,-130.22755533022624,109.27389364671171,296,0.1579724912726148,157.9724912726148
170,140,-130.22755533022624,109.27389364671171,304,0.15831370197800324,158.31370197800322
170,140,-130.22755533022624,109.27389364671171,312,0.15964962598257265,159.64962598257264
170,140,-130.22755533022624,109.27389364671171,320,0.16124594998580236,161.24594998580235
170,140,-130.22755533022624,109.27389364671171,328,0.16052135466676026,160.52135466676026
170,140,-130.22755533022624,109.27389364671171,336,0.15885406178470246,158.85406178470245
170,140,-130.22755533022624,109.27389364671171,344,0.15678210718881216,156.78210718881218
170,140,-130.22755533022624,109.27389364671171,352,0.15796991185536224,157.96991185536226
170,140,-130.22755533022624,109.27389364671171,360,0.15832536814394405,158.32536814394405
170,145,-139.25584752912863,97.50799417967781,0,0.14096512836317435,140.96512836317436
170,145,-139.25584752912863,97.50799417967781,8,0.14193666200140292,141.93666200140294
170,145,-139.25584752912863,97.50799417967781,16,0.14392253954385972,143.92253954385973
170,145,-139.25584752912863,97.50799417967781,24,0.14493897434969696,144.93897434969696
170,145,-139.25584752912863,97.50799417967781,32,0.1427949740641358,142.7949740641358
170,145,-139.25584752912863,97.50799417967781,40,0.13920309625649915,139.20309625649915
170,145,-139.25584752912863,97.50799417967781,48,0.13975281093056136,139.75281093056137
170,145,-139.25584752912863,97.50799417967781,56,0.14045924616091265,140.45924616091264
170,145,-139.25584752912863,97.50799417967781,64,0.14088394597399823,140.88394597399824
170,145,-139.25584752912863,97.50799417967781,72,0.14235758232248297,142.35758232248295
170,145,-139.25584752912863,97.50799417967781,80,0.1443448575703447,144.34485757034471
170,145,-139.25584752912863,97.50799417967781,88,0.14435974183253142,144.35974183253143
170,145,-139.25584752912863,97.50799417967781,96,0.14058860200240458,140.58860200240457
170,145,-139.25584752912863,97.50799417967781,104,0.13909590902212962,139.09590902212963
170,145,-139.25584752912863,97.50799417967781,112,0.14035346931633186,140.35346931633185
170,145,-139.25584752912863,97.50799417967781,120,0.1407699372137485,140.7699372137485
170,145,-139.25584752912863,97.50799417967781,128,0.14174292992151097,141.74292992151098
170,145,-139.25584752912863,97.50799417967781,136,0.14377511344259422,143.77511344259423
170,145,-139.25584752912863,97.50799417967781,144,0.14479528566095556,144.79528566095556
170,145,-139.25584752912863,97.50799417967781,152,0.14272979553395299,142.729795533953
170,145,-139.25584752912863,97.50799417967781,160,0.13926269376469735,139.26269376469736
170,145,-139.25584752912863,97.50799417967781,168,0.13995806776040692,139.95806776040692
170,145,-139.25584752912863,97.50799417967781,176,0.14076050525330963,140.76050525330965
170,145,-139.25584752912863,97.50799417967781,184,0.14129602914422174,141.29602914422173
170,145,-139.25584752912863,97.50799417967781,192,0.14284010284544346,142.84010284544345
170,145,-139.25584752912863,97.50799417967781,200,0.1447874503724973,144.7874503724973
170,145,-139.25584752912863,97.50799417967781,208,0.14466252737537105,144.66252737537104
170,145,-139.25584752912863,97.50799417967781,216,0.14068909491646822,140.68909491646824
170,145,-139.25584752912863,97.50799417967781,224,0.13910839232249617,139.10839232249617
170,145,-139.25584752912863,97.50799417967781,232,0.14024145353603243,140.24145353603242
170,145,-139.25584752912863,97.50799417967781,240,0.14057752880856922,140.5775288085692
170,145,-139.25584752912863,97.50799417967781,248,0.1414404528362747,141.44045283627472
170,145,-139.25584752912863,97.50799417967781,256,0.1435017779547127,143.5017779547127
170,145,-139.25584752912863,97.50799417967781,264,0.14458708582801627,144.58708582801626
170,145,-139.25584752912863,97.50799417967781,272,0.14259941965893297,142.59941965893296
170,145,-139.25584752912863,97.50799417967781,280,0.13917628334682222,139.17628334682223
170,145,-139.25584752912863,97.50799417967781,288,0.1397926344500217,139.79263445002172
170,145,-139.25584752912863,97.50799417967781,296,0.1405403599897043,140.54035998970429
170,145,-139.25584752912863,97.50799417967781,304,0.14109450975416818,141.09450975416817
170,145,-139.25584752912863,97.50799417967781,312,0.1426355976325429,142.6355976325429
170,145,-139.25584752912863,97.50799417967781,320,0.1446209850466353,144.6209850466353
170,145,-139.25584752912863,97.50799417967781,328,0.14449391141748158,144.49391141748157
170,145,-139.25584752912863,97.50799417967781,336,0.1406410923735923,140.6410923735923
170,145,-139.25584752912863,97.50799417967781,344,0.13923061654282884,139.23061654282884
170,145,-139.25584752912863,97.50799417967781,352,0.14050499935007948,140.5049993500795
170,145,-139.25584752912863,97.50799417967781,360,0.14096118806415237,140.96118806415237
170,150,-147.2243186433546,84.99999999999999,0,0.12265340661054377,122.65340661054377
170,150,-147.2243186433546,84.99999999999999,8,0.12386094872859589,123.86094872859589
170,150,-147.2243186433546,84.99999999999999,16,0.12622437995888108,126.22437995888109
170,150,-147.2243186433546,84.99999999999999,24,0.12787370164262907,127.87370164262907
170,150,-147.2243186433546,84.99999999999999,32,0.12355587846748461,123.55587846748462
170,150,-147.2243186433546,84.99999999999999,40,0.1207137256413472,120.71372564134721
170,150,-147.2243186433546,84.99999999999999,48,0.12123679121711674,121.23679121711673
170,150,-147.2243186433546,84.99999999999999,56,0.12207224851082718,122.07224851082718
170,150,-147.2243186433546,84.99999999999999,64,0.12272882495313764,122.72882495313763
170,150,-147.2243186433546,84.99999999999999,72,0.12452207290354977,124.52207290354977
170,150,-147.2243186433546,84.99999999999999,80,0.12708545020454415,127.08545020454414
170,150,-147.2243186433546,84.99999999999999,88,0.1256211371773041,125.6211371773041
170,150,-147.2243186433546,84.99999999999999,96,0.12142552257444414,121.42552257444414
170,150,-147.2243186433546,84.99999999999999,104,0.12077066117844859,120.77066117844859
170,150,-147.2243186433546,84.99999999999999,112,0.12188003535290123,121.88003535290123
170,150,-147.2243186433546,84.99999999999999,120,0.12249755505691964,122.49755505691964
170,150,-147.2243186433546,84.99999999999999,128,0.1237050566643186,123.70505666431859
170,150,-147.2243186433546,84.99999999999999,136,0.1261020944778921,126.10209447789211
170,150,-147.2243186433546,84.99999999999999,144,0.12774147846870001,127.74147846870001
170,150,-147.2243186433546,84.99999999999999,152,0.12349758351657776,123.49758351657776
170,150,-147.2243186433546,84.99999999999999,160,0.12076577456301558,120.76577456301558
170,150,-147.2243186433546,84.99999999999999,168,0.12142525403942298,121.42525403942298
170,150,-147.2243186433546,84.99999999999999,176,0.1223471593960185,122.34715939601851
170,150,-147.2243186433546,84.99999999999999,184,0.12310408108633243,123.10408108633243
170,150,-147.2243186433546,84.99999999999999,192,0.1249521542429789,124.95215424297889
170,150,-147.2243186433546,84.99999999999999,200,0.1274673892462303,127.4673892462303
170,150,-147.2243186433546,84.99999999999999,208,0.12586657467952597,125.86657467952597
170,150,-147.2243186433546,84.99999999999999,216,0.12147653220706629,121.4765322070663
170,150,-147.2243186433546,84.99999999999999,224,0.12077004029801017,120.77004029801017
170,150,-147.2243186433546,84.99999999999999,232,0.12175290630303244,121.75290630303245
170,150,-147.2243186433546,84.99999999999999,240,0.12229829817069462,122.29829817069462
170,150,-147.2243186433546,84.99999999999999,248,0.12341173796100263,123.41173796100263
170,150,-147.2243186433546,84.99999999999999,256,0.12586294163073486,125.86294163073487
170,150,-147.2243186433546,84.99999999999999,264,0.12758566375971225,127.58566375971225
170,150,-147.2243186433546,84.99999999999999,272,0.12341581639629617,123.41581639629618
170,150,-147.2243186433546,84.99999999999999,280,0.12070768915684063,120.70768915684063
170,150,-147.2243186433546,84.99999999999999,288,0.12129379708533042,121.29379708533043
170,150,-147.2243186433546,84.99999999999999,296,0.12216647893032909,122.16647893032909
170,150,-147.2243186433546,84.99999999999999,304,0.12294058244440853,122.94058244440853
170,150,-147.2243186433546,84.99999999999999,312,0.12478268807525719,124.7826880752572
170,150,-147.2243186433546,84.99999999999999,320,0.12731483220992645,127.31483220992645
170,150,-147.2243186433546,84.99999999999999,328,0.1257104591999414,125.7104591999414
170,150,-147.2243186433546,84.99999999999999,336,0.12142798969299597,121.42798969299596
170,150,-147.2243186433546,84.99999999999999,344,0.12087454784415093,120.87454784415092
170,150,-147.2243186433546,84.99999999999999,352,0.12199391022710393,121.99391022710392
170,150,-147.2243186433546,84.99999999999999,360,0.1226500634282078,122.6500634282078
170,155,-154.07232379623048,71.84510449591892,0,0.1035330067754134,103.5330067754134
170,155,-154.07232379623048,71.84510449591892,8,0.1050588574214963,105.0588574214963
170,155,-154.07232379623048,71.84510449591892,16,0.10810106074741857,108.10106074741857
170,155,-154.07232379623048,71.84510449591892,24,0.10774979070692366,107.74979070692366
170,155,-154.07232379623048,71.84510449591892,32,0.1036321199247093,103.6321199247093
170,155,-154.07232379623048,71.84510449591892,40,0.10144767637696742,101.44767637696742
170,155,-154.07232379623048,71.84510449591892,48,0.1018813044973354,101.8813044973354
170,155,-154.07232379623048,71.84510449591892,56,0.10286601316223239,102.86601316223239
170,155,-154.07232379623048,71.84510449591892,64,0.10378396347510616,103.78396347510616
170,155,-154.07232379623048,71.84510449591892,72,0.10594199118123401,105.94199118123402
170,155,-154.07232379623048,71.84510449591892,80,0.10875711819030905,108.75711819030904
170,155,-154.07232379623048,71.84510449591892,88,0.10555360401421601,105.553604014216
170,155,-154.07232379623048,71.84510449591892,96,0.1022499207068282,102.2499207068282
170,155,-154.07232379623048,71.84510449591892,104,0.10141874682261522,101.41874682261522
170,155,-154.07232379623048,71.84510449591892,112,0.10260322634100406,102.60322634100406
170,155,-154.07232379623048,71.84510449591892,120,0.10341523850024766,103.41523850024765
170,155,-154.07232379623048,71.84510449591892,128,0.10493724070253203,104.93724070253204
170,155,-154.07232379623048,71.84510449591892,136,0.10799066936906246,107.99066936906246
170,155,-154.07232379623048,71.84510449591892,144,0.10763551105310148,107.63551105310148
170,155,-154.07232379623048,71.84510449591892,152,0.1035792488467534,103.5792488467534
170,155,-154.07232379623048,71.84510449591892,160,0.10149165066394468,101.49165066394468
170,155,-154.07232379623048,71.84510449591892,168,0.10205060120422646,102.05060120422645
170,155,-154.07232379623048,71.84510449591892,176,0.10311245355068373,103.11245355068372
170,155,-154.07232379623048,71.84510449591892,184,0.10412013748321514,104.12013748321513
170,155,-154.07232379623048,71.84510449591892,192,0.10631829750554297,106.31829750554297
170,155,-154.07232379623048,71.84510449591892,200,0.10907916382787931,109.07916382787931
170,155,-154.07232379623048,71.84510449591892,208,0.10574386575739528,105.74386575739528
170,155,-154.07232379623048,71.84510449591892,216,0.10228605497572402,102.28605497572401
170,155,-154.07232379623048,71.84510449591892,224,0.101403248764172,101.403248764172
170,155,-154.07232379623048,71.84510449591892,232,0.10246415305451284,102.46415305451283
170,155,-154.07232379623048,71.84510449591892,240,0.10321270165907956,103.21270165907956
170,155,-154.07232379623048,71.84510449591892,248,0.10466016166897898,104.66016166897899
170,155,-154.07232379623048,71.84510449591892,256,0.10779700554240075,107.79700554240075
170,155,-154.07232379623048,71.84510449591892,264,0.10752288268619727,107.52288268619726
170,155,-154.07232379623048,71.84510449591892,272,0.10353859528023832,103.53859528023831
170,155,-154.07232379623048,71.84510449591892,280,0.1014562350392253,101.45623503922529
170,155,-154.07232379623048,71.84510449591892,288,0.10195332524895676,101.95332524895676
170,155,-154.07232379623048,71.84510449591892,296,0.10297021463799375,102.97021463799375
170,155,-154.07232379623048,71.84510449591892,304,0.10399321793055978,103.99321793055978
170,155,-154.07232379623048,71.84510449591892,312,0.10618098409741905,106.18098409741906
170,155,-154.07232379623048,71.84510449591892,320,0.10893697630461797,108.93697630461797
170,155,-154.07232379623048,71.84510449591892,328,0.10559953742676711,105.59953742676711
170,155,-154.07232379623048,71.84510449591892,336,0.1022360824813838,102.2360824813838
170,155,-154.07232379623048,71.84510449591892,344,0.10149321896193371,101.4932189619337
170,155,-154.07232379623048,71.84510449591892,352,0.10268063431697858,102.68063431697857
170,155,-154.07232379623048,71.84510449591892,360,0.10353044093169242,103.53044093169243
170,160,-159.74774553360442,58.14342436536371,0,0.08374854254963462,83.74854254963462
170,160,-159.74774553360442,58.14342436536371,8,0.08570699095559076,85.70699095559075
170,160,-159.74774553360442,58.14342436536371,16,0.08854723667931343,88.54723667931343
170,160,-159.74774553360442,58.14342436536371,24,0.08686744204928779,86.86744204928779
170,160,-159.74774553360442,58.14342436536371,32,0.08373261997916193,83.73261997916192
170,160,-159.74774553360442,58.14342436536371,40,0.0813675169378884,81.36751693788841
170,160,-159.74774553360442,58.14342436536371,48,0.08185498019301085,81.85498019301085
170,160,-159.74774553360442,58.14342436536371,56,0.08298383487929173,82.98383487929173
170,160,-159.74774553360442,58.14342436536371,64,0.0842174066541537,84.21740665415369
170,160,-159.74774553360442,58.14342436536371,72,0.08719320332972992,87.19320332972993
170,160,-159.74774553360442,58.14342436536371,80,0.08794955687698215,87.94955687698216
170,160,-159.74774553360442,58.14342436536371,88,0.08513421966361212,85.13421966361211
170,160,-159.74774553360442,58.14342436536371,96,0.0822565429740593,82.2565429740593
170,160,-159.74774553360442,58.14342436536371,104,0.08136760506283619,81.36760506283619
170,160,-159.74774553360442,58.14342436536371,112,0.08263196282972116,82.63196282972116
170,160,-159.74774553360442,58.14342436536371,120,0.08366768319197818,83.66768319197817
170,160,-159.74774553360442,58.14342436536371,128,0.08561537472851491,85.61537472851491
170,160,-159.74774553360442,58.14342436536371,136,0.08845391115848816,88.45391115848817
170,160,-159.74774553360442,58.14342436536371,144,0.08677012385054764,86.77012385054763
170,160,-159.74774553360442,58.14342436536371,152,0.08368378089104439,83.68378089104439
170,160,-159.74774553360442,58.14342436536371,160,0.08140347640957218,81.40347640957218
170,160,-159.74774553360442,58.14342436536371,168,0.08200298413909696,82.00298413909695
170,160,-159.74774553360442,58.14342436536371,176,0.08319977888365268,83.19977888365268
170,160,-159.74774553360442,58.14342436536371,184,0.08451089390218981,84.5108939021898
170,160,-159.74774553360442,58.14342436536371,192,0.08751562978536453,87.51562978536454
170,160,-159.74774553360442,58.14342436536371,200,0.08820893075217456,88.20893075217457
170,160,-159.74774553360442,58.14342436536371,208,0.08528496153011135,85.28496153011135
170,160,-159.74774553360442,58.14342436536371,216,0.08227696807253032,82.27696807253032
170,160,-159.74774553360442,58.14342436536371,224,0.08133871267153624,81.33871267153624
170,160,-159.74774553360442,58.14342436536371,232,0.08248413157086319,82.4841315708632
170,160,-159.74774553360442,58.14342436536371,240,0.0834656958326313,83.4656958326313
170,160,-159.74774553360442,58.14342436536371,248,0.08536032219742837,85.36032219742837
170,160,-159.74774553360442,58.14342436536371,256,0.08830371267231041,88.30371267231041
170,160,-159.74774553360442,58.14342436536371,264,0.08670015605308987,86.70015605308987
170,160,-159.74774553360442,58.14342436536371,272,0.08365612041685577,83.65612041685577
170,160,-159.74774553360442,58.14342436536371,280,0.0813915411994683,81.3915411994683
170,160,-159.74774553360442,58.14342436536371,288,0.08193966642997647,81.93966642997647
170,160,-159.74774553360442,58.14342436536371,296,0.0830947895830216,83.09478958302161
170,160,-159.74774553360442,58.14342436536371,304,0.0844189597979004,84.4189597979004
170,160,-159.74774553360442,58.14342436536371,312,0.08739640034595055,87.39640034595054
170,160,-159.74774553360442,58.14342436536371,320,0.08809058214434497,88.09058214434496
170,160,-159.74774553360442,58.14342436536371,328,0.08515067379202268,85.15067379202267
170,160,-159.74774553360442,58.14342436536371,336,0.0822243782244045,82.22437822440449
170,160,-159.74774553360442,58.14342436536371,344,0.08141231030302565,81.41231030302565
170,160,-159.74774553360442,58.14342436536371,352,0.08267383664750842,82.67383664750842
170,160,-159.74774553360442,58.14342436536371,360,0.08374692042709145,83.74692042709145
170,165,-164.2073904691416,43.999237667428574,0,0.063449490968158,63.449490968157995
170,165,-164.2073904691416,43.999237667428574,8,0.06625032579933485,66.25032579933485
170,165,-164.2073904691416,43.999237667428574,16,0.06710904713431343,67.10904713431343
170,165,-164.2073904691416,43.999237667428574,24,0.06603638067903878,66.03638067903877
170,165,-164.2073904691416,43.999237667428574,32,0.06312368054661857,63.12368054661857
170,165,-164.2073904691416,43.999237667428574,40,0.0607352142735178,60.7352142735178
170,165,-164.2073904691416,43.999237667428574,48,0.06127495496041966,61.27495496041966
170,165,-164.2073904691416,43.999237667428574,56,0.06256360725151382,62.563607251513815
170,165,-164.2073904691416,43.999237667428574,64,0.0643329359897647,64.33293598976469
170,165,-164.2073904691416,43.999237667428574,72,0.06667512723486713,66.67512723486712
170,165,-164.2073904691416,43.999237667428574,80,0.06652247802342431,66.52247802342431
170,165,-164.2073904691416,43.999237667428574,88,0.06468252923777942,64.68252923777942
170,165,-164.2073904691416,43.999237667428574,96,0.061612840808694905,61.612840808694905
170,165,-164.2073904691416,43.999237667428574,104,0.06077132075257537,60.77132075257537
170,165,-164.2073904691416,43.999237667428574,112,0.062118238193352146,62.11823819335215
170,165,-164.2073904691416,43.999237667428574,120,0.06340453543686642,63.40453543686642
170,165,-164.2073904691416,43.999237667428574,128,0.06617602616978897,66.17602616978897
170,165,-164.2073904691416,43.999237667428574,136,0.06704680002309708,67.04680002309708
170,165,-164.2073904691416,43.999237667428574,144,0.06595559533382434,65.95559533382433
170,165,-164.2073904691416,43.999237667428574,152,0.06307744899768306,63.07744899768306
170,165,-164.2073904691416,43.999237667428574,160,0.060761344039288595,60.761344039288595
170,165,-164.2073904691416,43.999237667428574,168,0.06139953677886517,61.39953677886517
170,165,-164.2073904691416,43.999237667428574,176,0.06274669983092471,62.746699830924705
170,165,-164.2073904691416,43.999237667428574,184,0.06458120171704121,64.58120171704121
170,165,-164.2073904691416,43.999237667428574,192,0.06693568392739356,66.93568392739355
170,165,-164.2073904691416,43.999237667428574,200,0.06672037117424377,66.72037117424377
170,165,-164.2073904691416,43.999237667428574,208,0.06481549121327748,64.81549121327748
170,165,-164.2073904691416,43.999237667428574,216,0.06161719837590729,61.61719837590729
170,165,-164.2073904691416,43.999237667428574,224,0.06073062314690719,60.73062314690719
170,165,-164.2073904691416,43.999237667428574,232,0.06196490187984103,61.96490187984103
170,165,-164.2073904691416,43.999237667428574,240,0.06320720850148148,63.20720850148148
170,165,-164.2073904691416,43.999237667428574,248,0.06595718252360644,65.95718252360643
170,165,-164.2073904691416,43.999237667428574,256,0.06693164218741804,66.93164218741803
170,165,-164.2073904691416,43.999237667428574,264,0.06590534506023354,65.90534506023354
170,165,-164.2073904691416,43.999237667428574,272,0.06306567892542955,63.06567892542955
170,165,-164.2073904691416,43.999237667428574,280,0.06077350761107407,60.77350761107407
170,165,-164.2073904691416,43.999237667428574,288,0.06136997282955207,61.36997282955207
170,165,-164.2073904691416,43.999237667428574,296,0.0626780627199845,62.678062719984496
170,165,-164.2073904691416,43.999237667428574,304,0.06451860876578963,64.51860876578964
170,165,-164.2073904691416,43.999237667428574,312,0.06684849596515699,66.84849596515699
170,165,-164.2073904691416,43.999237667428574,320,0.06662528816238379,66.6252881623838
170,165,-164.2073904691416,43.999237667428574,328,0.06468928518117208,64.68928518117208
170,165,-164.2073904691416,43.999237667428574,336,0.06156064279239458,61.56064279239458
170,165,-164.2073904691416,43.999237667428574,344,0.06078614266306446,60.78614266306446
170,165,-164.2073904691416,43.999237667428574,352,0.062125781029392924,62.125781029392925
170,165,-164.2073904691416,43.999237667428574,360,0.06344896217343671,63.448962173436705
170,170,-167.41731801207536,29.520190203378146,0,0.04306190477136732,43.061904771367324
170,170,-167.41731801207536,29.520190203378146,8,0.044787421166195066,44.78742116619507
170,170,-167.41731801207536,29.520190203378146,16,0.04520056525340655,45.20056525340655
170,170,-167.41731801207536,29.520190203378146,24,0.04513230174864692,45.132301748646924
170,170,-167.41731801207536,29.520190203378146,32,0.04202634938503673,42.02634938503673
170,170,-167.41731801207536,29.520190203378146,40,0.039686103706204526,39.68610370620453
170,170,-167.41731801207536,29.520190203378146,48,0.04029785521814079,40.29785521814079
170,170,-167.41731801207536,29.520190203378146,56,0.04176145811129932,41.76145811129932
170,170,-167.41731801207536,29.520190203378146,64,0.04437728037276296,44.37728037276296
170,170,-167.41731801207536,29.520190203378146,72,0.04487516537055948,44.87516537055948
170,170,-167.41731801207536,29.520190203378146,80,0.04554634846574726,45.54634846574726
170,170,-167.41731801207536,29.520190203378146,88,0.04364605028656519,43.646050286565185
170,170,-167.41731801207536,29.520190203378146,96,0.04056520970847132,40.56520970847132
170,170,-167.41731801207536,29.520190203378146,104,0.03975889484548571,39.75889484548571
170,170,-167.41731801207536,29.520190203378146,112,0.04118865290731805,41.18865290731805
170,170,-167.41731801207536,29.520190203378146,120,0.043047419341186534,43.04741934118653
170,170,-167.41731801207536,29.520190203378146,128,0.04475196883599106,44.75196883599106
170,170,-167.41731801207536,29.520190203378146,136,0.045168970275873147,45.16897027587315
170,170,-167.41731801207536,29.520190203378146,144,0.04506699806132236,45.06699806132236
170,170,-167.41731801207536,29.520190203378146,152,0.0419811685342503,41.9811685342503
170,170,-167.41731801207536,29.520190203378146,160,0.039700606935259265,39.700606935259266
170,170,-167.41731801207536,29.520190203378146,168,0.04039706379864394,40.39706379864394
170,170,-167.41731801207536,29.520190203378146,176,0.041909624250190805,41.9096242501908
170,170,-167.41731801207536,29.520190203378146,184,0.044577364427890495,44.577364427890494
170,170,-167.41731801207536,29.520190203378146,192,0.045068438870825345,45.06843887082535
170,170,-167.41731801207536,29.520190203378146,200,0.04571203417439,45.71203417439
170,170,-167.41731801207536,29.520190203378146,208,0.043759356202373284,43.75935620237328
170,170,-167.41731801207536,29.520190203378146,216,0.040554378449967066,40.55437844996707
170,170,-167.41731801207536,29.520190203378146,224,0.03970798991632452,39.70798991632452
170,170,-167.41731801207536,29.520190203378146,232,0.04103304879817787,41.033048798177866
170,170,-167.41731801207536,29.520190203378146,240,0.042864886897210915,42.864886897210916
170,170,-167.41731801207536,29.520190203378146,248,0.04455856970089647,44.55856970089647
170,170,-167.41731801207536,29.520190203378146,256,0.04508841124557866,45.08841124557866
170,170,-167.41731801207536,29.520190203378146,264,0.04502278350628414,45.02278350628414
170,170,-167.41731801207536,29.520190203378146,272,0.04198677021184594,41.98677021184594
170,170,-167.41731801207536,29.520190203378146,280,0.039737412269124056,39.73741226912406
170,170,-167.41731801207536,29.520190203378146,288,0.04040079223630325,40.40079223630325
170,170,-167.41731801207536,29.520190203378146,296,0.04187613434224419,41.876134342244185
170,170,-167.41731801207536,29.520190203378146,304,0.0445363168781546,44.536316878154594
170,170,-167.41731801207536,29.520190203378146,312,0.04502303983776136,45.02303983776136
170,170,-167.41731801207536,29.520190203378146,320,0.045639349002932275,45.63934900293228
170,170,-167.41731801207536,29.520190203378146,328,0.04363974085098622,43.63974085098622
170,170,-167.41731801207536,29.520190203378146,336,0.04049233710136439,40.49233710136439
170,170,-167.41731801207536,29.520190203378146,344,0.03974376863913125,39.74376863913125
170,170,-167.41731801207536,29.520190203378146,352,0.041162912770246286,41.16291277024629
170,170,-167.41731801207536,29.520190203378146,360,0.043062741450515474,43.062741450515475
170,175,-169.35309867559675,14.816476267101892,0,0.022289688838822933,22.289688838822933
170,175,-169.35309867559675,14.816476267101892,8,0.02261788835929532,22.617888359295318
170,175,-169.35309867559675,14.816476267101892,16,0.024238659059247342,24.238659059247343
170,175,-169.35309867559675,14.816476267101892,24,0.023799267689224357,23.799267689224358
170,175,-169.35309867559675,14.816476267101892,32,0.020668449970764093,20.668449970764094
170,175,-169.35309867559675,14.816476267101892,40,0.01836246883331904,18.36246883331904
170,175,-169.35309867559675,14.816476267101892,48,0.019038176058711005,19.038176058711006
170,175,-169.35309867559675,14.816476267101892,56,0.0210924637218545,21.0924637218545
170,175,-169.35309867559675,14.816476267101892,64,0.022286327043782445,22.286327043782446
170,175,-169.35309867559675,14.816476267101892,72,0.023022771765260366,23.022771765260366
170,175,-169.35309867559675,14.816476267101892,80,0.02439349591113387,24.393495911133872
170,175,-169.35309867559675,14.816476267101892,88,0.02229116939701163,22.291169397011632
170,175,-169.35309867559675,14.816476267101892,96,0.01922733630525933,19.22733630525933
170,175,-169.35309867559675,14.816476267101892,104,0.018484297948340476,18.484297948340476
170,175,-169.35309867559675,14.816476267101892,112,0.02002033797448747,20.020337974487468
170,175,-169.35309867559675,14.816476267101892,120,0.022308335032104804,22.308335032104804
170,175,-169.35309867559675,14.816476267101892,128,0.022626513727051413,22.626513727051414
170,175,-169.35309867559675,14.816476267101892,136,0.02423671640397611,24.23671640397611
170,175,-169.35309867559675,14.816476267101892,144,0.023747216586377802,23.747216586377803
170,175,-169.35309867559675,14.816476267101892,152,0.02062276569217001,20.62276569217001
170,175,-169.35309867559675,14.816476267101892,160,0.018363590310021202,18.363590310021202
170,175,-169.35309867559675,14.816476267101892,168,0.0191100424866814,19.1100424866814
170,175,-169.35309867559675,14.816476267101892,176,0.021199364136156244,21.199364136156245
170,175,-169.35309867559675,14.816476267101892,184,0.02242374555622512,22.42374555622512
170,175,-169.35309867559675,14.816476267101892,192,0.023155799948384723,23.155799948384722
170,175,-169.35309867559675,14.816476267101892,200,0.024534241983634287,24.53424198363429
170,175,-169.35309867559675,14.816476267101892,208,0.02238517590057526,22.38517590057526
170,175,-169.35309867559675,14.816476267101892,216,0.01920218210274425,19.20218210274425
170,175,-169.35309867559675,14.816476267101892,224,0.018424843896674085,18.424843896674087
170,175,-169.35309867559675,14.816476267101892,232,0.019865755377519657,19.86575537751966
170,175,-169.35309867559675,14.816476267101892,240,0.022143423196703305,22.143423196703306
170,175,-169.35309867559675,14.816476267101892,248,0.022456393501985448,22.45639350198545
170,175,-169.35309867559675,14.816476267101892,256,0.024156866227597166,24.156866227597167
170,175,-169.35309867559675,14.816476267101892,264,0.023712299312788607,23.712299312788605
170,175,-169.35309867559675,14.816476267101892,272,0.020646536849786946,20.646536849786944
170,175,-169.35309867559675,14.816476267101892,280,0.018425482060186293,18.425482060186294
170,175,-169.35309867559675,14.816476267101892,288,0.019146702753494914,19.146702753494914
170,175,-169.35309867559675,14.816476267101892,296,0.0211982915250672,21.198291525067198
170,175,-169.35309867559675,14.816476267101892,304,0.022436276529697766,22.436276529697768
170,175,-169.35309867559675,14.816476267101892,312,0.023151598597202297,23.151598597202298
170,175,-169.35309867559675,14.816476267101892,320,0.024481633598970882,24.481633598970884
170,175,-169.35309867559675,14.816476267101892,328,0.022270582481345048,22.27058248134505
170,175,-169.35309867559675,14.816476267101892,336,0.019133092811523304,19.133092811523305
170,175,-169.35309867559675,14.816476267101892,344,0.018439349090231656,18.439349090231655
170,175,-169.35309867559675,14.816476267101892,352,0.019962867898567948,19.962867898567946
170,175,-169.35309867559675,14.816476267101892,360,0.02229183031702739,22.29183031702739
170,180,-170.0,2.0818995585505004e-14,0,-2.0791578619583417e-05,-0.020791578619583417
170,180,-170.0,2.0818995585505004e-14,8,0.0008811746093859492,0.8811746093859493
170,180,-170.0,2.0818995585505004e-14,16,0.002935741210575516,2.9357412105755163
170,180,-170.0,2.0818995585505004e-14,24,0.002302948306719711,2.3029483067197107
170,180,-170.0,2.0818995585505004e-14,32,-0.0008427508977229391,-0.8427508977229391
170,180,-170.0,2.0818995585505004e-14,40,-0.0030913174520409183,-3.091317452040918
170,180,-170.0,2.0818995585505004e-14,48,-0.002246566676607356,-2.246566676607356
170,180,-170.0,2.0818995585505004e-14,56,-0.00021488788625667623,-0.21488788625667624
170,180,-170.0,2.0818995585505004e-14,64,3.41220477599521e-05,0.0341220477599521
170,180,-170.0,2.0818995585505004e-14,72,0.002063437325758103,2.063437325758103
170,180,-170.0,2.0818995585505004e-14,80,0.002960356807406463,2.960356807406463
170,180,-170.0,2.0818995585505004e-14,88,0.0008064344701256216,0.8064344701256215
170,180,-170.0,2.0818995585505004e-14,96,-0.002244910820833574,-2.244910820833574
170,180,-170.0,2.0818995585505004e-14,104,-0.002932931076132484,-2.9329310761324843
170,180,-170.0,2.0818995585505004e-14,112,-0.0008429264716432319,-0.8429264716432319
170,180,-170.0,2.0818995585505004e-14,120,5.7933918946871894e-05,0.057933918946871894
170,180,-170.0,2.0818995585505004e-14,128,0.0009323094718458707,0.9323094718458708
170,180,-170.0,2.0818995585505004e-14,136,0.0029586984678894833,2.958698467889483
170,180,-170.0,2.0818995585505004e-14,144,0.0022625529519448608,2.2625529519448606
170,180,-170.0,2.0818995585505004e-14,152,-0.0008905374666995679,-0.8905374666995679
170,180,-170.0,2.0818995585505004e-14,160,-0.0031052779699103986,-3.1052779699103987
170,180,-170.0,2.0818995585505004e-14,168,-0.0022048214247692164,-2.204821424769216
170,180,-170.0,2.0818995585505004e-14,176,-0.00015433044703976889,-0.1543304470397689
170,180,-170.0,2.0818995585505004e-14,184,0.00010791046779985742,0.10791046779985743
170,180,-170.0,2.0818995585505004e-14,192,0.0021644094083701493,2.1644094083701493
170,180,-170.0,2.0818995585505004e-14,200,0.0030762886890327943,3.0762886890327943
170,180,-170.0,2.0818995585505004e-14,208,0.0008817460150534053,0.8817460150534053
170,180,-170.0,2.0818995585505004e-14,216,-0.00228343110162311,-2.28343110162311
170,180,-170.0,2.0818995585505004e-14,224,-0.0029993347847550996,-2.9993347847550997
170,180,-170.0,2.0818995585505004e-14,232,-0.0009883417059816206,-0.9883417059816206
170,180,-170.0,2.0818995585505004e-14,240,-0.00010712019054927955,-0.10712019054927956
170,180,-170.0,2.0818995585505004e-14,248,0.0007735976477207287,0.7735976477207287
170,180,-170.0,2.0818995585505004e-14,256,0.0028828894740979744,2.8828894740979742
170,180,-170.0,2.0818995585505004e-14,264,0.00223820652524668,2.23820652524668
170,180,-170.0,2.0818995585505004e-14,272,-0.0008477331634481335,-0.8477331634481335
170,180,-170.0,2.0818995585505004e-14,280,-0.0030179568592801687,-3.0179568592801687
170,180,-170.0,2.0818995585505004e-14,288,-0.002135534865746017,-2.135534865746017
170,180,-170.0,2.0818995585505004e-14,296,-0.00011072591607785755,-0.11072591607785756
170,180,-170.0,2.0818995585505004e-14,304,0.00017359333941095097,0.17359333941095098
170,180,-170.0,2.0818995585505004e-14,312,0.0022002283508627384,2.2002283508627385
170,180,-170.0,2.0818995585505004e-14,320,0.0030407352339924254,3.040735233992425
170,180,-170.0,2.0818995585505004e-14,328,0.0007705577122241799,0.7705577122241799
170,180,-170.0,2.0818995585505004e-14,336,-0.0023610886479555173,-2.3610886479555173
170,180,-170.0,2.0818995585505004e-14,344,-0.0030076185828693818,-3.0076185828693816
170,180,-170.0,2.0818995585505004e-14,352,-0.0009326328731207916,-0.9326328731207916
170,180,-170.0,2.0818995585505004e-14,360,-1.836914111104978e-05,-0.01836914111104978
204,90,1.2491397351303002e-14,204.0,0,0.28783910737285046,287.83910737285044
204,90,1.2491397351303002e-14,204.0,8,0.2889634317362256,288.9634317362256
204,90,1.2491397351303002e-14,204.0,16,0.2922151916642508,292.2151916642508
204,90,1.2491397351303002e-14,204.0,24,0.2935633189992586,293.56331899925857
204,90,1.2491397351303002e-14,204.0,32,0.29246524905523935,292.4652490552393
204,90,1.2491397351303002e-14,204.0,40,0.2908835235019768,290.8835235019768
204,90,1.2491397351303002e-14,204.0,48,0.2887110363294924,288.7110363294924
204,90,1.2491397351303002e-14,204.0,56,0.2877386223313807,287.7386223313807
204,90,1.2491397351303002e-14,204.0,64,0.28755442450765634,287.55442450765634
204,90,1.2491397351303002e-14,204.0,72,0.28960468773389436,289.60468773389437
204,90,1.2491397351303002e-14,204.0,80,0.29264615319079335,292.64615319079337
204,90,1.2491397351303002e-14,204.0,88,0.29226946991129443,292.26946991129444
204,90,1.2491397351303002e-14,204.0,96,0.2904803320707402,290.4803320707402
204,90,1.2491397351303002e-14,204.0,104,0.28900904130572236,289.00904130572235
204,90,1.2491397351303002e-14,204.0,112,0.28767188097722607,287.67188097722607
204,90,1.2491397351303002e-14,204.0,120,0.2872062128553515,287.20621285535145
204,90,1.2491397351303002e-14,204.0,128,0.2884147696837643,288.4147696837643
204,90,1.2491397351303002e-14,204.0,136,0.29177129827364184,291.77129827364183
204,90,1.2491397351303002e-14,204.0,144,0.2930943472081381,293.0943472081381
204,90,1.2491397351303002e-14,204.0,152,0.2920916795260179,292.0916795260179
204,90,1.2491397351303002e-14,204.0,160,0.2906373229676187,290.6373229676187
204,90,1.2491397351303002e-14,204.0,168,0.2887363657523175,288.73636575231745
204,90,1.2491397351303002e-14,204.0,176,0.28798036822183604,287.98036822183604
204,90,1.2491397351303002e-14,204.0,184,0.28805854136167364,288.05854136167363
204,90,1.2491397351303002e-14,204.0,192,0.2903720010531045,290.3720010531045
204,90,1.2491397351303002e-14,204.0,200,0.29361029956940676,293.6102995694068
204,90,1.2491397351303002e-14,204.0,208,0.29329212504661817,293.2921250466182
204,90,1.2491397351303002e-14,204.0,216,0.29137845624836234,291.37845624836234
204,90,1.2491397351303002e-14,204.0,224,0.28976926333244263,289.7692633324426
204,90,1.2491397351303002e-14,204.0,232,0.2881515820056244,288.1515820056244
204,90,1.2491397351303002e-14,204.0,240,0.2874104307826295,287.41043078262953
204,90,1.2491397351303002e-14,204.0,248,0.28825533867743747,288.25533867743746
204,90,1.2491397351303002e-14,204.0,256,0.29137980771168376,291.3798077116838
204,90,1.2491397351303002e-14,204.0,264,0.2925551839273088,292.5551839273088
204,90,1.2491397351303002e-14,204.0,272,0.29145657134234426,291.45657134234426
204,90,1.2491397351303002e-14,204.0,280,0.2900253424738553,290.0253424738553
204,90,1.2491397351303002e-14,204.0,288,0.2880657318753524,288.0657318753524
204,90,1.2491397351303002e-14,204.0,296,0.28728964793311185,287.28964793311184
204,90,1.2491397351303002e-14,204.0,304,0.2874579283053771,287.4579283053771
204,90,1.2491397351303002e-14,204.0,312,0.28980121164588685,289.80121164588684
204,90,1.2491397351303002e-14,204.0,320,0.2931575964419903,293.1575964419903
204,90,1.2491397351303002e-14,204.0,328,0.2928095428968486,292.8095428968486
204,90,1.2491397351303002e-14,204.0,336,0.29103748688966236,291.0374868896624
204,90,1.2491397351303002e-14,204.0,344,0.28967341906651023,289.67341906651023
204,90,1.2491397351303002e-14,204.0,352,0.28831181048314625,288.31181048314625
204,90,1.2491397351303002e-14,204.0,360,0.28782938555283966,287.82938555283965
204,95,-17.77977152052228,203.2237184107161,0,0.2868690642432288,286.86906424322876
204,95,-17.77977152052228,203.2237184107161,8,0.2885364673228571,288.5364673228571
204,95,-17.77977152052228,203.2237184107161,16,0.2914471020971431,291.4471020971431
204,95,-17.77977152052228,203.2237184107161,24,0.2932385148669354,293.2385148669354
204,95,-17.77977152052228,203.2237184107161,32,0.2909220342888921,290.92203428889206
204,95,-17.77977152052228,203.2237184107161,40,0.2891572665564994,289.15726655649945
204,95,-17.77977152052228,203.2237184107161,48,0.2868788527386912,286.8788527386912
204,95,-17.77977152052228,203.2237184107161,56,0.28645976185179095,286.459761851791
204,95,-17.77977152052228,203.2237184107161,64,0.28680610600477263,286.80610600477263
204,95,-17.77977152052228,203.2237184107161,72,0.2893529907402025,289.3529907402025
204,95,-17.77977152052228,203.2237184107161,80,0.29155501015792334,291.55501015792333
204,95,-17.77977152052228,203.2237184107161,88,0.29110267450084926,291.1026745008493
204,95,-17.77977152052228,203.2237184107161,96,0.2896801687844583,289.6801687844583
204,95,-17.77977152052228,203.2237184107161,104,0.28701270351299146,287.01270351299144
204,95,-17.77977152052228,203.2237184107161,112,0.28620807179055086,286.20807179055083
204,95,-17.77977152052228,203.2237184107161,120,0.28628636617458525,286.2863661745852
204,95,-17.77977152052228,203.2237184107161,128,0.288021994793608,288.02199479360803
204,95,-17.77977152052228,203.2237184107161,136,0.29102625107395497,291.026251073955
204,95,-17.77977152052228,203.2237184107161,144,0.2927929638647566,292.79296386475664
204,95,-17.77977152052228,203.2237184107161,152,0.2905703591393737,290.5703591393737
204,95,-17.77977152052228,203.2237184107161,160,0.2889355876521127,288.9355876521127
204,95,-17.77977152052228,203.2237184107161,168,0.28694170735040214,286.94170735040217
204,95,-17.77977152052228,203.2237184107161,176,0.2867558087715743,286.7558087715743
204,95,-17.77977152052228,203.2237184107161,184,0.28735430876891777,287.35430876891775
204,95,-17.77977152052228,203.2237184107161,192,0.29015956912881863,290.15956912881865
204,95,-17.77977152052228,203.2237184107161,200,0.2925557927029866,292.5557927029866
204,95,-17.77977152052228,203.2237184107161,208,0.2921070566055537,292.1070566055537
204,95,-17.77977152052228,203.2237184107161,216,0.2905216543474925,290.5216543474925
204,95,-17.77977152052228,203.2237184107161,224,0.28770120715558406,287.7012071555841
204,95,-17.77977152052228,203.2237184107161,232,0.2865932564151514,286.59325641515136
204,95,-17.77977152052228,203.2237184107161,240,0.286390262979633,286.390262979633
204,95,-17.77977152052228,203.2237184107161,248,0.28779118558175204,287.791185581752
204,95,-17.77977152052228,203.2237184107161,256,0.29057350870230964,290.57350870230965
204,95,-17.77977152052228,203.2237184107161,264,0.29219270111878337,292.19270111878336
204,95,-17.77977152052228,203.2237184107161,272,0.28997097597848254,289.97097597848256
204,95,-17.77977152052228,203.2237184107161,280,0.28836637963679135,288.36637963679135
204,95,-17.77977152052228,203.2237184107161,288,0.2863092565354681,286.30925653546814
204,95,-17.77977152052228,203.2237184107161,296,0.2861121481984872,286.1121481984872
204,95,-17.77977152052228,203.2237184107161,304,0.28679974318678503,286.799743186785
204,95,-17.77977152052228,203.2237184107161,312,0.2896206621934117,289.6206621934117
204,95,-17.77977152052228,203.2237184107161,320,0.29212437920940526,292.1243792094053
204,95,-17.77977152052228,203.2237184107161,328,0.29164681931343145,291.6468193134314
204,95,-17.77977152052228,203.2237184107161,336,0.29020089905278434,290.20089905278434
204,95,-17.77977152052228,203.2237184107161,344,0.28763523786563283,287.6352378656328
204,95,-17.77977152052228,203.2237184107161,352,0.2868047381995179,286.8047381995179
204,95,-17.77977152052228,203.2237184107161,360,0.2868589417270933,286.8589417270933
204,100,-35.42422824405378,200.90078161449043,0,0.2839641211712901,283.9641211712901
204,100,-35.42422824405378,200.90078161449043,8,0.286116213593344,286.116213593344
204,100,-35.42422824405378,200.90078161449043,16,0.2884330786754018,288.4330786754018
204,100,-35.42422824405378,200.90078161449043,24,0.28970271455693414,289.70271455693415
204,100,-35.42422824405378,200.90078161449043,32,0.28797513359666854,287.97513359666857
204,100,-35.42422824405378,200.90078161449043,40,0.2848662963653295,284.8662963653295
204,100,-35.42422824405378,200.90078161449043,48,0.2830671616050551,283.06716160505505
204,100,-35.42422824405378,200.90078161449043,56,0.28324771580908564,283.24771580908566
204,100,-35.42422824405378,200.90078161449043,64,0.28414801815238167,284.14801815238167
204,100,-35.42422824405378,200.90078161449043,72,0.28613323036405264,286.1332303640526
204,100,-35.42422824405378,200.90078161449043,80,0.28917625304082895,289.17625304082895
204,100,-35.42422824405378,200.90078161449043,88,0.2877695091116453,287.7695091116453
204,100,-35.42422824405378,200.90078161449043,96,0.285589511713175,285.589511713175
204,100,-35.42422824405378,200.90078161449043,104,0.2830175046183936,283.0175046183936
204,100,-35.42422824405378,200.90078161449043,112,0.28281268947570715,282.81268947570715
204,100,-35.42422824405378,200.90078161449043,120,0.28342318187676174,283.42318187676176
204,100,-35.42422824405378,200.90078161449043,128,0.2856308503649195,285.63085036491947
204,100,-35.42422824405378,200.90078161449043,136,0.28803472526307217,288.0347252630722
204,100,-35.42422824405378,200.90078161449043,144,0.28928008513098735,289.28008513098735
204,100,-35.42422824405378,200.90078161449043,152,0.28764542481620975,287.64542481620975
204,100,-35.42422824405378,200.90078161449043,160,0.2846799039441339,284.6799039441339
204,100,-35.42422824405378,200.90078161449043,168,0.283188263065563,283.188263065563
204,100,-35.42422824405378,200.90078161449043,176,0.28359723994962016,283.5972399496202
204,100,-35.42422824405378,200.90078161449043,184,0.2847321930570911,284.7321930570911
204,100,-35.42422824405378,200.90078161449043,192,0.28697337264087586,286.9733726408759
204,100,-35.42422824405378,200.90078161449043,200,0.29020797917266505,290.20797917266503
204,100,-35.42422824405378,200.90078161449043,208,0.2887193925041536,288.71939250415363
204,100,-35.42422824405378,200.90078161449043,216,0.28636472294521953,286.3647229452195
204,100,-35.42422824405378,200.90078161449043,224,0.2836256427421399,283.6256427421399
204,100,-35.42422824405378,200.90078161449043,232,0.2830976909814489,283.09769098144886
204,100,-35.42422824405378,200.90078161449043,240,0.2834459588104802,283.4459588104802
204,100,-35.42422824405378,200.90078161449043,248,0.2853355488686779,285.3355488686779
204,100,-35.42422824405378,200.90078161449043,256,0.2875255847799467,287.5255847799467
204,100,-35.42422824405378,200.90078161449043,264,0.28869363403573356,288.69363403573357
204,100,-35.42422824405378,200.90078161449043,272,0.2870833930472771,287.08339304727707
204,100,-35.42422824405378,200.90078161449043,280,0.284152611240421,284.15261124042104
204,100,-35.42422824405378,200.90078161449043,288,0.2825963308042496,282.59633080424965
204,100,-35.42422824405378,200.90078161449043,296,0.2830019002922129,283.0019002922129
204,100,-35.42422824405378,200.90078161449043,304,0.28421323944163457,284.2132394416346
204,100,-35.42422824405378,200.90078161449043,312,0.28646370844550334,286.46370844550336
204,100,-35.42422824405378,200.90078161449043,320,0.28979794666719233,289.7979466671923
204,100,-35.42422824405378,200.90078161449043,328,0.2882824540997276,288.2824540997276
204,100,-35.42422824405378,200.90078161449043,336,0.2860648760323051,286.0648760323051
204,100,-35.42422824405378,200.90078161449043,344,0.28359786510917934,283.59786510917934
204,100,-35.42422824405378,200.90078161449043,352,0.2833633970726343,283.3633970726343
204,100,-35.42422824405378,200.90078161449043,360,0.28395381463737046,283.95381463737044
204,105,-52.799085200914256,197.04886856296994,0,0.27914696749134343,279.14696749134345
204,105,-52.799085200914256,197.04886856296994,8,0.28061963220052066,280.61963220052064
204,105,-52.799085200914256,197.04886856296994,16,0.28388447663284877,283.88447663284876
204,105,-52.799085200914256,197.04886856296994,24,0.2844667335557927,284.4667335557927
204,105,-52.799085200914256,197.04886856296994,32,0.2816397146900058,281.6397146900058
204,105,-52.799085200914256,197.04886856296994,40,0.2785916305280255,278.5916305280255
204,105,-52.799085200914256,197.04886856296994,48,0.27733699466030587,277.3369946603059
204,105,-52.799085200914256,197.04886856296994,56,0.27811169829829696,278.111698298297
204,105,-52.799085200914256,197.04886856296994,64,0.27943141700052054,279.4314170005205
204,105,-52.799085200914256,197.04886856296994,72,0.2811251437752111,281.1251437752111
204,105,-52.799085200914256,197.04886856296994,80,0.28348829096272843,283.48829096272846
204,105,-52.799085200914256,197.04886856296994,88,0.28263078644682005,282.63078644682
204,105,-52.799085200914256,197.04886856296994,96,0.2792571143607595,279.2571143607595
204,105,-52.799085200914256,197.04886856296994,104,0.27707618669382256,277.07618669382254
204,105,-52.799085200914256,197.04886856296994,112,0.27750527370857486,277.50527370857486
204,105,-52.799085200914256,197.04886856296994,120,0.27864188994199157,278.64188994199156
204,105,-52.799085200914256,197.04886856296994,128,0.2801623115295556,280.1623115295556
204,105,-52.799085200914256,197.04886856296994,136,0.28350887586645723,283.50887586645723
204,105,-52.799085200914256,197.04886856296994,144,0.284066646130103,284.06664613010304
204,105,-52.799085200914256,197.04886856296994,152,0.28133471606411814,281.33471606411814
204,105,-52.799085200914256,197.04886856296994,160,0.27845138162524186,278.4513816252419
204,105,-52.799085200914256,197.04886856296994,168,0.27751546757983336,277.51546757983334
204,105,-52.799085200914256,197.04886856296994,176,0.2784994450132386,278.4994450132386
204,105,-52.799085200914256,197.04886856296994,184,0.2800479660622238,280.0479660622238
204,105,-52.799085200914256,197.04886856296994,192,0.28199655249189176,281.99655249189175
204,105,-52.799085200914256,197.04886856296994,200,0.28447416586667373,284.47416586667373
204,105,-52.799085200914256,197.04886856296994,208,0.28352320942906417,283.5232094290642
204,105,-52.799085200914256,197.04886856296994,216,0.2799585543588282,279.9585543588282
204,105,-52.799085200914256,197.04886856296994,224,0.2775875128993578,277.5875128993578
204,105,-52.799085200914256,197.04886856296994,232,0.27769037693347454,277.6903769334745
204,105,-52.799085200914256,197.04886856296994,240,0.2785978539898353,278.5978539898353
204,105,-52.799085200914256,197.04886856296994,248,0.27981119129308607,279.8111912930861
204,105,-52.799085200914256,197.04886856296994,256,0.28295903137728984,282.9590313772898
204,105,-52.799085200914256,197.04886856296994,264,0.28351397403729617,283.5139740372962
204,105,-52.799085200914256,197.04886856296994,272,0.2808177558653515,280.8177558653515
204,105,-52.799085200914256,197.04886856296994,280,0.2779644153234615,277.9644153234615
204,105,-52.799085200914256,197.04886856296994,288,0.27696602967835143,276.96602967835145
204,105,-52.799085200914256,197.04886856296994,296,0.27794438978237457,277.94438978237457
204,105,-52.799085200914256,197.04886856296994,304,0.2795614478946853,279.5614478946853
204,105,-52.799085200914256,197.04886856296994,312,0.28151659112664845,281.51659112664845
204,105,-52.799085200914256,197.04886856296994,320,0.2840850969653076,284.08509696530757
204,105,-52.799085200914256,197.04886856296994,328,0.28310913422576767,283.10913422576766
204,105,-52.799085200914256,197.04886856296994,336,0.27969264279652345,279.69264279652344
204,105,-52.799085200914256,197.04886856296994,344,0.277616167403704,277.61616740370397
204,105,-52.799085200914256,197.04886856296994,352,0.27800889083992,278.00889083991996
204,105,-52.799085200914256,197.04886856296994,360,0.27913664589773535,279.1366458977353
204,110,-69.77210923843641,191.6972946403253,0,0.27209357582864413,272.09357582864413
204,110,-69.77210923843641,191.6972946403253,8,0.2737232381935058,273.7232381935058
204,110,-69.77210923843641,191.6972946403253,16,0.27610796182950037,276.10796182950037
204,110,-69.77210923843641,191.6972946403253,24,0.2769970540349026,276.9970540349026
204,110,-69.77210923843641,191.6972946403253,32,0.2732040789231499,273.2040789231499
204,110,-69.77210923843641,191.6972946403253,40,0.27039277475747214,270.3927747574721
204,110,-69.77210923843641,191.6972946403253,48,0.2697381981969557,269.7381981969557
204,110,-69.77210923843641,191.6972946403253,56,0.2711177765239571,271.1177765239571
204,110,-69.77210923843641,191.6972946403253,64,0.27181811908368525,271.81811908368525
204,110,-69.77210923843641,191.6972946403253,72,0.2742067628484032,274.2067628484032
204,110,-69.77210923843641,191.6972946403253,80,0.2764769666171941,276.47696661719414
204,110,-69.77210923843641,191.6972946403253,88,0.27432278987249714,274.32278987249714
204,110,-69.77210923843641,191.6972946403253,96,0.27096597731633876,270.96597731633875
204,110,-69.77210923843641,191.6972946403253,104,0.26925173957319437,269.25173957319436
204,110,-69.77210923843641,191.6972946403253,112,0.27029386104565506,270.29386104565504
204,110,-69.77210923843641,191.6972946403253,120,0.2716241775708703,271.6241775708703
204,110,-69.77210923843641,191.6972946403253,128,0.27329408407245304,273.294084072453
204,110,-69.77210923843641,191.6972946403253,136,0.27575554398175833,275.7555439817583
204,110,-69.77210923843641,191.6972946403253,144,0.2766190884166827,276.6190884166827
204,110,-69.77210923843641,191.6972946403253,152,0.2729340998062486,272.9340998062486
204,110,-69.77210923843641,191.6972946403253,160,0.270311300971239,270.311300971239
204,110,-69.77210923843641,191.6972946403253,168,0.26996861093436186,269.9686109343619
204,110,-69.77210923843641,191.6972946403253,176,0.27153666806621557,271.53666806621555
204,110,-69.77210923843641,191.6972946403253,184,0.2724605163597713,272.4605163597713
204,110,-69.77210923843641,191.6972946403253,192,0.2750844463749427,275.08444637494273
204,110,-69.77210923843641,191.6972946403253,200,0.2774106571876992,277.4106571876992
204,110,-69.77210923843641,191.6972946403253,208,0.2751478083952214,275.14780839522143
204,110,-69.77210923843641,191.6972946403253,216,0.2715835399801536,271.5835399801536
204,110,-69.77210923843641,191.6972946403253,224,0.26966483561040133,269.6648356104013
204,110,-69.77210923843641,191.6972946403253,232,0.2704067565175089,270.4067565175089
204,110,-69.77210923843641,191.6972946403253,240,0.27151861027387036,271.51861027387037
204,110,-69.77210923843641,191.6972946403253,248,0.2728878473361198,272.8878473361198
204,110,-69.77210923843641,191.6972946403253,256,0.27523196438966213,275.23196438966215
204,110,-69.77210923843641,191.6972946403253,264,0.27610571693745134,276.10571693745135
204,110,-69.77210923843641,191.6972946403253,272,0.2724580624716649,272.4580624716649
204,110,-69.77210923843641,191.6972946403253,280,0.26986243719133746,269.86243719133745
204,110,-69.77210923843641,191.6972946403253,288,0.2694633097978232,269.4633097978232
204,110,-69.77210923843641,191.6972946403253,296,0.27102042111751296,271.02042111751297
204,110,-69.77210923843641,191.6972946403253,304,0.272006800250559,272.006800250559
204,110,-69.77210923843641,191.6972946403253,312,0.27463387997540156,274.63387997540156
204,110,-69.77210923843641,191.6972946403253,320,0.27704248627290917,277.0424862729092
204,110,-69.77210923843641,191.6972946403253,328,0.27476264809498296,274.762648094983
204,110,-69.77210923843641,191.6972946403253,336,0.2713641925305275,271.36419253052753
204,110,-69.77210923843641,191.6972946403253,344,0.26974924045978377,269.7492404597838
204,110,-69.77210923843641,191.6972946403253,352,0.27075584966459737,270.75584966459735
204,110,-69.77210923843641,191.6972946403253,360,0.2720831467556469,272.08314675564685
204,115,-86.21412539510267,184.8867885554766,0,0.26264447024234605,262.6444702423461
204,115,-86.21412539510267,184.8867885554766,8,0.2644909001236575,264.4909001236575
204,115,-86.21412539510267,184.8867885554766,16,0.26722032883040997,267.22032883041
204,115,-86.21412539510267,184.8867885554766,24,0.26657388840350327,266.57388840350325
204,115,-86.21412539510267,184.8867885554766,32,0.2627793324285518,262.77933242855175
204,115,-86.21412539510267,184.8867885554766,40,0.26035758664437203,260.357586644372
204,115,-86.21412539510267,184.8867885554766,48,0.2603483568290976,260.3483568290976
204,115,-86.21412539510267,184.8867885554766,56,0.26177675076177415,261.77675076177417
204,115,-86.21412539510267,184.8867885554766,64,0.26303200360764,263.03200360764004
204,115,-86.21412539510267,184.8867885554766,72,0.2646112635316753,264.6112635316753
204,115,-86.21412539510267,184.8867885554766,80,0.26681217901625953,266.8121790162595
204,115,-86.21412539510267,184.8867885554766,88,0.2639679294164392,263.96792941643923
204,115,-86.21412539510267,184.8867885554766,96,0.2607961014702591,260.7961014702591
204,115,-86.21412539510267,184.8867885554766,104,0.25961253476074875,259.61253476074876
204,115,-86.21412539510267,184.8867885554766,112,0.2613021481475776,261.30214814757755
204,115,-86.21412539510267,184.8867885554766,120,0.26221107410515004,262.21107410515003
204,115,-86.21412539510267,184.8867885554766,128,0.2640903795645765,264.0903795645765
204,115,-86.21412539510267,184.8867885554766,136,0.2668910594139082,266.89105941390824
204,115,-86.21412539510267,184.8867885554766,144,0.2662276383044955,266.2276383044955
204,115,-86.21412539510267,184.8867885554766,152,0.26255930554399426,262.55930554399424
204,115,-86.21412539510267,184.8867885554766,160,0.2603345519180463,260.33455191804626
204,115,-86.21412539510267,184.8867885554766,168,0.26061183366967544,260.61183366967543
204,115,-86.21412539510267,184.8867885554766,176,0.2622191104050576,262.21911040505756
204,115,-86.21412539510267,184.8867885554766,184,0.26370109075343307,263.70109075343305
204,115,-86.21412539510267,184.8867885554766,192,0.26544932677991084,265.44932677991085
204,115,-86.21412539510267,184.8867885554766,200,0.26768693413865324,267.68693413865327
204,115,-86.21412539510267,184.8867885554766,208,0.2647201188432595,264.7201188432595
204,115,-86.21412539510267,184.8867885554766,216,0.2613228408446113,261.32284084461133
204,115,-86.21412539510267,184.8867885554766,224,0.25993382444745444,259.93382444745447
204,115,-86.21412539510267,184.8867885554766,232,0.2613463602654886,261.34636026548856
204,115,-86.21412539510267,184.8867885554766,240,0.26204803498981716,262.04803498981715
204,115,-86.21412539510267,184.8867885554766,248,0.26366263938971407,263.66263938971406
204,115,-86.21412539510267,184.8867885554766,256,0.26639453530409624,266.3945353040962
204,115,-86.21412539510267,184.8867885554766,264,0.2657532228457581,265.7532228457581
204,115,-86.21412539510267,184.8867885554766,272,0.2621188924627405,262.1188924627405
204,115,-86.21412539510267,184.8867885554766,280,0.2599258370847085,259.9258370847085
204,115,-86.21412539510267,184.8867885554766,288,0.2601519441420669,260.1519441420669
204,115,-86.21412539510267,184.8867885554766,296,0.26174320248804955,261.7432024880496
204,115,-86.21412539510267,184.8867885554766,304,0.26327982140434514,263.2798214043451
204,115,-86.21412539510267,184.8867885554766,312,0.26502799454320536,265.02799454320535
204,115,-86.21412539510267,184.8867885554766,320,0.26733827827336454,267.33827827336455
204,115,-86.21412539510267,184.8867885554766,328,0.26437207830597087,264.3720783059709
204,115,-86.21412539510267,184.8867885554766,336,0.2611579922785319,261.15799227853194
204,115,-86.21412539510267,184.8867885554766,344,0.260063693411555,260.063693411555
204,115,-86.21412539510267,184.8867885554766,352,0.2617205447980465,261.7205447980465
204,115,-86.21412539510267,184.8867885554766,360,0.2626341782886906,262.63417828869063
204,120,-101.99999999999996,176.6691823720255,0,0.25205823975805375,252.05823975805376
204,120,-101.99999999999996,176.6691823720255,8,0.2529905033585119,252.99050335851192
204,120,-101.99999999999996,176.6691823720255,16,0.25525577539997935,255.25577539997934
204,120,-101.99999999999996,176.6691823720255,24,0.25414684953674105,254.14684953674106
204,120,-101.99999999999996,176.6691823720255,32,0.25054152903351,250.54152903351002
204,120,-101.99999999999996,176.6691823720255,40,0.2485878993773622,248.5878993773622
204,120,-101.99999999999996,176.6691823720255,48,0.24927760171936153,249.27760171936154
204,120,-101.99999999999996,176.6691823720255,56,0.25048826984701833,250.48826984701833
204,120,-101.99999999999996,176.6691823720255,64,0.25155565893117193,251.55565893117193
204,120,-101.99999999999996,176.6691823720255,72,0.2537047851697194,253.7047851697194
204,120,-101.99999999999996,176.6691823720255,80,0.254446942389143,254.446942389143
204,120,-101.99999999999996,176.6691823720255,88,0.2516154280377312,251.6154280377312
204,120,-101.99999999999996,176.6691823720255,96,0.24885674627251553,248.85674627251552
204,120,-101.99999999999996,176.6691823720255,104,0.24823661241869133,248.23661241869132
204,120,-101.99999999999996,176.6691823720255,112,0.2498889479760924,249.8889479760924
204,120,-101.99999999999996,176.6691823720255,120,0.25165971614358124,251.65971614358125
204,120,-101.99999999999996,176.6691823720255,128,0.2526199482576939,252.6199482576939
204,120,-101.99999999999996,176.6691823720255,136,0.2549482223436959,254.9482223436959
204,120,-101.99999999999996,176.6691823720255,144,0.2538409149396705,253.84091493967048
204,120,-101.99999999999996,176.6691823720255,152,0.25037452346190964,250.37452346190963
204,120,-101.99999999999996,176.6691823720255,160,0.24861000255711332,248.61000255711332
204,120,-101.99999999999996,176.6691823720255,168,0.2495647026381132,249.5647026381132
204,120,-101.99999999999996,176.6691823720255,176,0.2509515383363238,250.95153833632378
204,120,-101.99999999999996,176.6691823720255,184,0.2522130039155328,252.2130039155328
204,120,-101.99999999999996,176.6691823720255,192,0.25450143997840663,254.50143997840664
204,120,-101.99999999999996,176.6691823720255,200,0.25525486837497924,255.25486837497922
204,120,-101.99999999999996,176.6691823720255,208,0.25228605326428954,252.28605326428954
204,120,-101.99999999999996,176.6691823720255,216,0.2492911617042755,249.2911617042755
204,120,-101.99999999999996,176.6691823720255,224,0.24847698151761427,248.47698151761426
204,120,-101.99999999999996,176.6691823720255,232,0.2498702204383844,249.8702204383844
204,120,-101.99999999999996,176.6691823720255,240,0.2514406250048352,251.44062500483523
204,120,-101.99999999999996,176.6691823720255,248,0.2521990986694708,252.19909866947083
204,120,-101.99999999999996,176.6691823720255,256,0.25448816733168816,254.48816733168817
204,120,-101.99999999999996,176.6691823720255,264,0.25340194559330054,253.40194559330052
204,120,-101.99999999999996,176.6691823720255,272,0.2499704619322876,249.9704619322876
204,120,-101.99999999999996,176.6691823720255,280,0.24824773782523518,248.2477378252352
204,120,-101.99999999999996,176.6691823720255,288,0.24915373096946797,249.15373096946797
204,120,-101.99999999999996,176.6691823720255,296,0.25051636199788063,250.51636199788064
204,120,-101.99999999999996,176.6691823720255,304,0.25182696822477263,251.82696822477263
204,120,-101.99999999999996,176.6691823720255,312,0.25410897728444026,254.10897728444027
204,120,-101.99999999999996,176.6691823720255,320,0.2549385185286628,254.93851852866277
204,120,-101.99999999999996,176.6691823720255,328,0.25199119881147497,251.99119881147496
204,120,-101.99999999999996,176.6691823720255,336,0.24918015097727242,249.18015097727243
204,120,-101.99999999999996,176.6691823720255,344,0.2486368127779817,248.6368127779817
204,120,-101.99999999999996,176.6691823720255,352,0.250261575378504,250.261575378504
204,120,-101.99999999999996,176.6691823720255,360,0.25204841147741636,252.04841147741635
204,125,-117.00959301561342,167.1070170349543,0,0.23838065081321758,238.38065081321758
204,125,-117.00959301561342,167.1070170349543,8,0.23987061651465674,239.87061651465675
204,125,-117.00959301561342,167.1070170349543,16,0.24089070372233246,240.89070372233246
204,125,-117.00959301561342,167.1070170349543,24,0.23981649638601898,239.816496386019
204,125,-117.00959301561342,167.1070170349543,32,0.23661433969313922,236.61433969313921
204,125,-117.00959301561342,167.1070170349543,40,0.23518503910039223,235.18503910039223
204,125,-117.00959301561342,167.1070170349543,48,0.23578460218341302,235.78460218341303
204,125,-117.00959301561342,167.1070170349543,56,0.23800475771945753,238.00475771945753
204,125,-117.00959301561342,167.1070170349543,64,0.23827815651080042,238.27815651080041
204,125,-117.00959301561342,167.1070170349543,72,0.23970857873789422,239.70857873789421
204,125,-117.00959301561342,167.1070170349543,80,0.2401805701563216,240.1805701563216
204,125,-117.00959301561342,167.1070170349543,88,0.23756241891032584,237.56241891032585
204,125,-117.00959301561342,167.1070170349543,96,0.2353029583921519,235.3029583921519
204,125,-117.00959301561342,167.1070170349543,104,0.2352193431111106,235.2193431111106
204,125,-117.00959301561342,167.1070170349543,112,0.2369153180476087,236.9153180476087
204,125,-117.00959301561342,167.1070170349543,120,0.23802429850208684,238.02429850208685
204,125,-117.00959301561342,167.1070170349543,128,0.23952981587829908,239.52981587829908
204,125,-117.00959301561342,167.1070170349543,136,0.2406210604740892,240.6210604740892
204,125,-117.00959301561342,167.1070170349543,144,0.23956233619961959,239.56233619961958
204,125,-117.00959301561342,167.1070170349543,152,0.23649939555188404,236.49939555188405
204,125,-117.00959301561342,167.1070170349543,160,0.2352407612486244,235.24076124862438
204,125,-117.00959301561342,167.1070170349543,168,0.23608761009125723,236.08761009125723
204,125,-117.00959301561342,167.1070170349543,176,0.23848598363456233,238.48598363456233
204,125,-117.00959301561342,167.1070170349543,184,0.23890600774451914,238.90600774451914
204,125,-117.00959301561342,167.1070170349543,192,0.2404546860258867,240.4546860258867
204,125,-117.00959301561342,167.1070170349543,200,0.24091787091694994,240.91787091694994
204,125,-117.00959301561342,167.1070170349543,208,0.23814978564371092,238.1497856437109
204,125,-117.00959301561342,167.1070170349543,216,0.23565382865109974,235.65382865109973
204,125,-117.00959301561342,167.1070170349543,224,0.23538535304833202,235.38535304833204
204,125,-117.00959301561342,167.1070170349543,232,0.23683552467640923,236.83552467640922
204,125,-117.00959301561342,167.1070170349543,240,0.23778552495417538,237.78552495417537
204,125,-117.00959301561342,167.1070170349543,248,0.2391196882869468,239.1196882869468
204,125,-117.00959301561342,167.1070170349543,256,0.24018733347483723,240.18733347483723
204,125,-117.00959301561342,167.1070170349543,264,0.2391526114819448,239.1526114819448
204,125,-117.00959301561342,167.1070170349543,272,0.23613412424561364,236.13412424561363
204,125,-117.00959301561342,167.1070170349543,280,0.23493056619767308,234.93056619767307
204,125,-117.00959301561342,167.1070170349543,288,0.23572848104477118,235.72848104477117
204,125,-117.00959301561342,167.1070170349543,296,0.23808891157216744,238.08891157216743
204,125,-117.00959301561342,167.1070170349543,304,0.23855773306428096,238.55773306428097
204,125,-117.00959301561342,167.1070170349543,312,0.2400952027059574,240.0952027059574
204,125,-117.00959301561342,167.1070170349543,320,0.24064113430854364,240.64113430854366
204,125,-117.00959301561342,167.1070170349543,328,0.23790711010646404,237.90711010646405
204,125,-117.00959301561342,167.1070170349543,336,0.23557910480742078,235.57910480742078
204,125,-117.00959301561342,167.1070170349543,344,0.23556390033045027,235.56390033045028
204,125,-117.00959301561342,167.1070170349543,352,0.2372425175810863,237.2425175810863
204,125,-117.00959301561342,167.1070170349543,360,0.2383707474314826,238.37074743148258
204,130,-131.12867237605403,156.2730663962715,0,0.22334301821894847,223.3430182189485
204,130,-131.12867237605403,156.2730663962715,8,0.2239151564793021,223.9151564793021
204,130,-131.12867237605403,156.2730663962715,16,0.22476517808045848,224.7651780804585
204,130,-131.12867237605403,156.2730663962715,24,0.22387560539211362,223.8756053921136
204,130,-131.12867237605403,156.2730663962715,32,0.22126054656257876,221.26054656257875
204,130,-131.12867237605403,156.2730663962715,40,0.2200841477256814,220.08414772568142
204,130,-131.12867237605403,156.2730663962715,48,0.22106516965902726,221.06516965902725
204,130,-131.12867237605403,156.2730663962715,56,0.2223545552060539,222.3545552060539
204,130,-131.12867237605403,156.2730663962715,64,0.22311227036496334,223.11227036496334
204,130,-131.12867237605403,156.2730663962715,72,0.2236153705313435,223.6153705313435
204,130,-131.12867237605403,156.2730663962715,80,0.22415579686353349,224.15579686353348
204,130,-131.12867237605403,156.2730663962715,88,0.22195541144723002,221.95541144723003
204,130,-131.12867237605403,156.2730663962715,96,0.22024552288102256,220.24552288102257
204,130,-131.12867237605403,156.2730663962715,104,0.21996394170816258,219.9639417081626
204,130,-131.12867237605403,156.2730663962715,112,0.2223969332242497,222.3969332242497
204,130,-131.12867237605403,156.2730663962715,120,0.223030474310634,223.030474310634
204,130,-131.12867237605403,156.2730663962715,128,0.22361110680328355,223.61110680328355
204,130,-131.12867237605403,156.2730663962715,136,0.2245386029788572,224.5386029788572
204,130,-131.12867237605403,156.2730663962715,144,0.22367229954772,223.67229954772
204,130,-131.12867237605403,156.2730663962715,152,0.2211776915540038,221.1776915540038
204,130,-131.12867237605403,156.2730663962715,160,0.22016194851290494,220.16194851290493
204,130,-131.12867237605403,156.2730663962715,168,0.22138382773542875,221.38382773542875
204,130,-131.12867237605403,156.2730663962715,176,0.222810529830188,222.81052983018802
204,130,-131.12867237605403,156.2730663962715,184,0.22370553718284295,223.70553718284293
204,130,-131.12867237605403,156.2730663962715,192,0.22430717532743996,224.30717532743995
204,130,-131.12867237605403,156.2730663962715,200,0.22481943754230674,224.81943754230673
204,130,-131.12867237605403,156.2730663962715,208,0.22245970932587755,222.45970932587755
204,130,-131.12867237605403,156.2730663962715,216,0.22051645740324,220.51645740324
204,130,-131.12867237605403,156.2730663962715,224,0.22005713033951996,220.05713033951994
204,130,-131.12867237605403,156.2730663962715,232,0.22227027953990747,222.27027953990748
204,130,-131.12867237605403,156.2730663962715,240,0.2227781618031868,222.7781618031868
204,130,-131.12867237605403,156.2730663962715,248,0.2232122142194917,223.2122142194917
204,130,-131.12867237605403,156.2730663962715,256,0.22412832523651696,224.12832523651696
204,130,-131.12867237605403,156.2730663962715,264,0.22329454498754692,223.2945449875469
204,130,-131.12867237605403,156.2730663962715,272,0.22086356222573783,220.86356222573784
204,130,-131.12867237605403,156.2730663962715,280,0.21991100702128996,219.91100702128995
204,130,-131.12867237605403,156.2730663962715,288,0.2210759848992956,221.0759848992956
204,130,-131.12867237605403,156.2730663962715,296,0.22246097426728675,222.46097426728676
204,130,-131.12867237605403,156.2730663962715,304,0.22339479770914217,223.39479770914215
204,130,-131.12867237605403,156.2730663962715,312,0.22399220516955776,223.99220516955776
204,130,-131.12867237605403,156.2730663962715,320,0.22458917322997599,224.58917322997598
204,130,-131.12867237605403,156.2730663962715,328,0.22226456224889413,222.26456224889412
204,130,-131.12867237605403,156.2730663962715,336,0.22046766503670326,220.46766503670327
204,130,-131.12867237605403,156.2730663962715,344,0.2202507395460201,220.2507395460201
204,130,-131.12867237605403,156.2730663962715,352,0.22268253325993015,222.68253325993015
204,130,-131.12867237605403,156.2730663962715,360,0.22333319473541607,223.33319473541607
204,135,-144.2497833620557,144.2497833620557,0,0.2061683469845837,206.1683469845837
204,135,-144.2497833620557,144.2497833620557,8,0.20608250290239363,206.08250290239363
204,135,-144.2497833620557,144.2497833620557,16,0.20704285114515342,207.0428511451534
204,135,-144.2497833620557,144.2497833620557,24,0.2065366951034393,206.5366951034393
204,135,-144.2497833620557,144.2497833620557,32,0.2045698185539836,204.5698185539836
204,135,-144.2497833620557,144.2497833620557,40,0.20316043028100142,203.16043028100142
204,135,-144.2497833620557,144.2497833620557,48,0.20451082643251153,204.51082643251152
204,135,-144.2497833620557,144.2497833620557,56,0.20570088497879171,205.70088497879172
204,135,-144.2497833620557,144.2497833620557,64,0.2053898565580257,205.38985655802568
204,135,-144.2497833620557,144.2497833620557,72,0.205882406651948,205.882406651948
204,135,-144.2497833620557,144.2497833620557,80,0.2066274672953934,206.62746729539342
204,135,-144.2497833620557,144.2497833620557,88,0.20503848175636655,205.03848175636654
204,135,-144.2497833620557,144.2497833620557,96,0.20347684067233887,203.47684067233888
204,135,-144.2497833620557,144.2497833620557,104,0.20368915514163627,203.68915514163626
204,135,-144.2497833620557,144.2497833620557,112,0.20515015471517567,205.15015471517566
204,135,-144.2497833620557,144.2497833620557,120,0.20589966478781255,205.89966478781255
204,135,-144.2497833620557,144.2497833620557,128,0.20582405625161554,205.82405625161553
204,135,-144.2497833620557,144.2497833620557,136,0.20686207521834513,206.86207521834513
204,135,-144.2497833620557,144.2497833620557,144,0.20637698696494988,206.37698696494988
204,135,-144.2497833620557,144.2497833620557,152,0.20450979923552182,204.50979923552183
204,135,-144.2497833620557,144.2497833620557,160,0.2032584713009995,203.2584713009995
204,135,-144.2497833620557,144.2497833620557,168,0.20482946503955035,204.82946503955034
204,135,-144.2497833620557,144.2497833620557,176,0.20613045389729662,206.1304538972966
204,135,-144.2497833620557,144.2497833620557,184,0.20594428657928135,205.94428657928134
204,135,-144.2497833620557,144.2497833620557,192,0.20651833715931694,206.51833715931696
204,135,-144.2497833620557,144.2497833620557,200,0.20721593962981727,207.21593962981726
204,135,-144.2497833620557,144.2497833620557,208,0.20546449286206347,205.46449286206348
204,135,-144.2497833620557,144.2497833620557,216,0.2036702402946649,203.6702402946649
204,135,-144.2497833620557,144.2497833620557,224,0.20371067915743596,203.71067915743595
204,135,-144.2497833620557,144.2497833620557,232,0.20499916013166541,204.9991601316654
204,135,-144.2497833620557,144.2497833620557,240,0.20564013282303817,205.64013282303816
204,135,-144.2497833620557,144.2497833620557,248,0.20543041255438566,205.43041255438567
204,135,-144.2497833620557,144.2497833620557,256,0.20647434028351777,206.47434028351776
204,135,-144.2497833620557,144.2497833620557,264,0.20603822679124056,206.03822679124056
204,135,-144.2497833620557,144.2497833620557,272,0.2042541257704215,204.25412577042152
204,135,-144.2497833620557,144.2497833620557,280,0.2030677323387932,203.06773233879318
204,135,-144.2497833620557,144.2497833620557,288,0.20456150837282483,204.56150837282482
204,135,-144.2497833620557,144.2497833620557,296,0.20582795150088753,205.82795150088754
204,135,-144.2497833620557,144.2497833620557,304,0.20567825575658605,205.67825575658605
204,135,-144.2497833620557,144.2497833620557,312,0.2062519247423679,206.2519247423679
204,135,-144.2497833620557,144.2497833620557,320,0.2070307761237068,207.0307761237068
204,135,-144.2497833620557,144.2497833620557,328,0.2053015799070193,205.30157990701932
204,135,-144.2497833620557,144.2497833620557,336,0.20363723745148277,203.63723745148278
204,135,-144.2497833620557,144.2497833620557,344,0.2039191211722862,203.9191211722862
204,135,-144.2497833620557,144.2497833620557,352,0.20538794910849362,205.38794910849361
204,135,-144.2497833620557,144.2497833620557,360,0.20615879691687272,206.15879691687272
204,140,-156.2730663962715,131.12867237605406,0,0.1867173256424557,186.71732564245568
204,140,-156.2730663962715,131.12867237605406,8,0.18676222803391562,186.76222803391562
204,140,-156.2730663962715,131.12867237605406,16,0.18793575751566466,187.93575751566465
204,140,-156.2730663962715,131.12867237605406,24,0.18798010118416447,187.98010118416448
204,140,-156.2730663962715,131.12867237605406,32,0.18621571900760492,186.21571900760492
204,140,-156.2730663962715,131.12867237605406,40,0.18542952559167217,185.42952559167216
204,140,-156.2730663962715,131.12867237605406,48,0.1857239880022558,185.72398800225582
204,140,-156.2730663962715,131.12867237605406,56,0.18668808685555804,186.68808685555805
204,140,-156.2730663962715,131.12867237605406,64,0.18602529658420636,186.02529658420636
204,140,-156.2730663962715,131.12867237605406,72,0.1867277648284233,186.7277648284233
204,140,-156.2730663962715,131.12867237605406,80,0.18786186920764386,187.86186920764385
204,140,-156.2730663962715,131.12867237605406,88,0.18700876113445455,187.00876113445455
204,140,-156.2730663962715,131.12867237605406,96,0.1852459607702171,185.2459607702171
204,140,-156.2730663962715,131.12867237605406,104,0.18531027830337182,185.31027830337183
204,140,-156.2730663962715,131.12867237605406,112,0.1868083639312244,186.80836393122442
204,140,-156.2730663962715,131.12867237605406,120,0.18649806826474974,186.49806826474975
204,140,-156.2730663962715,131.12867237605406,128,0.1865515579504411,186.5515579504411
204,140,-156.2730663962715,131.12867237605406,136,0.18779920518124907,187.79920518124908
204,140,-156.2730663962715,131.12867237605406,144,0.18785324639830572,187.8532463983057
204,140,-156.2730663962715,131.12867237605406,152,0.1861706716918962,186.1706716918962
204,140,-156.2730663962715,131.12867237605406,160,0.18554752008690445,185.54752008690446
204,140,-156.2730663962715,131.12867237605406,168,0.18602350510568502,186.02350510568502
204,140,-156.2730663962715,131.12867237605406,176,0.18708378446123258,187.0837844612326
204,140,-156.2730663962715,131.12867237605406,184,0.18653936024676981,186.5393602467698
204,140,-156.2730663962715,131.12867237605406,192,0.18730563955631052,187.30563955631052
204,140,-156.2730663962715,131.12867237605406,200,0.18837520300816485,188.37520300816485
204,140,-156.2730663962715,131.12867237605406,208,0.1873600634742753,187.3600634742753
204,140,-156.2730663962715,131.12867237605406,216,0.18536254820696832,185.3625482069683
204,140,-156.2730663962715,131.12867237605406,224,0.18530550563347706,185.30550563347705
204,140,-156.2730663962715,131.12867237605406,232,0.1866351624533566,186.6351624533566
204,140,-156.2730663962715,131.12867237605406,240,0.18622514554821767,186.22514554821768
204,140,-156.2730663962715,131.12867237605406,248,0.1861615210482881,186.16152104828808
204,140,-156.2730663962715,131.12867237605406,256,0.18743698967706926,187.43698967706925
204,140,-156.2730663962715,131.12867237605406,264,0.18756261736542484,187.56261736542484
204,140,-156.2730663962715,131.12867237605406,272,0.18597975849395557,185.97975849395556
204,140,-156.2730663962715,131.12867237605406,280,0.18541075906412732,185.41075906412732
204,140,-156.2730663962715,131.12867237605406,288,0.18579754929765874,185.79754929765875
204,140,-156.2730663962715,131.12867237605406,296,0.18682970812136437,186.82970812136438
204,140,-156.2730663962715,131.12867237605406,304,0.18632155947989332,186.32155947989332
204,140,-156.2730663962715,131.12867237605406,312,0.1870880275441951,187.08802754419509
204,140,-156.2730663962715,131.12867237605406,320,0.18822554870826483,188.22554870826482
204,140,-156.2730663962715,131.12867237605406,328,0.18721596229096685,187.21596229096684
204,140,-156.2730663962715,131.12867237605406,336,0.18534403461662435,185.34403461662436
204,140,-156.2730663962715,131.12867237605406,344,0.18550700353493338,185.50700353493338
204,140,-156.2730663962715,131.12867237605406,352,0.18699844912243224,186.99844912243225
204,140,-156.2730663962715,131.12867237605406,360,0.18670805329772416,186.70805329772418
204,145,-167.10701703495434,117.00959301561338,0,0.16587882417008928,165.87882417008927
204,145,-167.10701703495434,117.00959301561338,8,0.16617833470743765,166.17833470743764
204,145,-167.10701703495434,117.00959301561338,16,0.16774474133605005,167.74474133605005
204,145,-167.10701703495434,117.00959301561338,24,0.1685425321276094,168.54253212760938
204,145,-167.10701703495434,117.00959301561338,32,0.1667160578965438,166.71605789654382
204,145,-167.10701703495434,117.00959301561338,40,0.1652347260491026,165.23472604910262
204,145,-167.10701703495434,117.00959301561338,48,0.16569274966067693,165.69274966067692
204,145,-167.10701703495434,117.00959301561338,56,0.16575010384239441,165.75010384239442
204,145,-167.10701703495434,117.00959301561338,64,0.16535666434204682,165.35666434204683
204,145,-167.10701703495434,117.00959301561338,72,0.16632346493615158,166.32346493615157
204,145,-167.10701703495434,117.00959301561338,80,0.1680359789714856,168.03597897148558
204,145,-167.10701703495434,117.00959301561338,88,0.1673781295601701,167.3781295601701
204,145,-167.10701703495434,117.00959301561338,96,0.16633486349723933,166.33486349723933
204,145,-167.10701703495434,117.00959301561338,104,0.165153119719074,165.153119719074
204,145,-167.10701703495434,117.00959301561338,112,0.16616744211926804,166.16744211926803
204,145,-167.10701703495434,117.00959301561338,120,0.16570878002052042,165.7087800205204
204,145,-167.10701703495434,117.00959301561338,128,0.16601443489197387,166.01443489197388
204,145,-167.10701703495434,117.00959301561338,136,0.16764252721257894,167.64252721257893
204,145,-167.10701703495434,117.00959301561338,144,0.16843136275688333,168.43136275688335
204,145,-167.10701703495434,117.00959301561338,152,0.16668467985392313,166.68467985392314
204,145,-167.10701703495434,117.00959301561338,160,0.16535012829489024,165.35012829489023
204,145,-167.10701703495434,117.00959301561338,168,0.16597010460349906,165.97010460349907
204,145,-167.10701703495434,117.00959301561338,176,0.1661159425291391,166.11594252913912
204,145,-167.10701703495434,117.00959301561338,184,0.16582930063514412,165.8293006351441
204,145,-167.10701703495434,117.00959301561338,192,0.1668412174961051,166.8412174961051
204,145,-167.10701703495434,117.00959301561338,200,0.16847499962955803,168.47499962955803
204,145,-167.10701703495434,117.00959301561338,208,0.16765579196150254,167.65579196150253
204,145,-167.10701703495434,117.00959301561338,216,0.16639135514140221,166.39135514140222
204,145,-167.10701703495434,117.00959301561338,224,0.16513176290584788,165.1317629058479
204,145,-167.10701703495434,117.00959301561338,232,0.1659771334253768,165.9771334253768
204,145,-167.10701703495434,117.00959301561338,240,0.16542396357225972,165.4239635722597
204,145,-167.10701703495434,117.00959301561338,248,0.16563172429531586,165.63172429531588
204,145,-167.10701703495434,117.00959301561338,256,0.16731678134024752,167.31678134024753
204,145,-167.10701703495434,117.00959301561338,264,0.16820240553885418,168.20240553885418
204,145,-167.10701703495434,117.00959301561338,272,0.16655887576234604,166.55887576234605
204,145,-167.10701703495434,117.00959301561338,280,0.1652365614199066,165.23656141990662
204,145,-167.10701703495434,117.00959301561338,288,0.16578709299301944,165.78709299301943
204,145,-167.10701703495434,117.00959301561338,296,0.16591115058187172,165.91115058187174
204,145,-167.10701703495434,117.00959301561338,304,0.16565852881129123,165.65852881129123
204,145,-167.10701703495434,117.00959301561338,312,0.1666711935241595,166.6711935241595
204,145,-167.10701703495434,117.00959301561338,320,0.16835084600924524,168.35084600924523
204,145,-167.10701703495434,117.00959301561338,328,0.16752390361446157,167.52390361446157
204,145,-167.10701703495434,117.00959301561338,336,0.16638595953858681,166.3859595385868
204,145,-167.10701703495434,117.00959301561338,344,0.16531465681239801,165.31465681239803
204,145,-167.10701703495434,117.00959301561338,352,0.16630948625330388,166.30948625330387
204,145,-167.10701703495434,117.00959301561338,360,0.16587002837334555,165.87002837334555
204,150,-176.6691823720255,101.99999999999999,0,0.1439047580669326,143.9047580669326
204,150,-176.6691823720255,101.99999999999999,8,0.14450246722544394,144.50246722544395
204,150,-176.6691823720255,101.99999999999999,16,0.14670467449428962,146.7046744942896
204,150,-176.6691823720255,101.99999999999999,24,0.14765226022070455,147.65226022070453
204,150,-176.6691823720255,101.99999999999999,32,0.14634124583737979,146.34124583737977
204,150,-176.6691823720255,101.99999999999999,40,0.1438380256981779,143.83802569817792
204,150,-176.6691823720255,101.99999999999999,48,0.14368097836136257,143.68097836136258
204,150,-176.6691823720255,101.99999999999999,56,0.1436766836440113,143.6766836440113
204,150,-176.6691823720255,101.99999999999999,64,0.14357051911701413,143.57051911701413
204,150,-176.6691823720255,101.99999999999999,72,0.1449595429085644,144.9595429085644
204,150,-176.6691823720255,101.99999999999999,80,0.14739396331408883,147.39396331408884
204,150,-176.6691823720255,101.99999999999999,88,0.1468752488409422,146.8752488409422
204,150,-176.6691823720255,101.99999999999999,96,0.14467527384224535,144.67527384224536
204,150,-176.6691823720255,101.99999999999999,104,0.1436376474518838,143.6376474518838
204,150,-176.6691823720255,101.99999999999999,112,0.14399473067290963,143.99473067290964
204,150,-176.6691823720255,101.99999999999999,120,0.14378192143232585,143.78192143232584
204,150,-176.6691823720255,101.99999999999999,128,0.14438342697723408,144.38342697723408
204,150,-176.6691823720255,101.99999999999999,136,0.14662616399550313,146.62616399550313
204,150,-176.6691823720255,101.99999999999999,144,0.14755364220754208,147.55364220754208
204,150,-176.6691823720255,101.99999999999999,152,0.14632138037235287,146.32138037235288
204,150,-176.6691823720255,101.99999999999999,160,0.14394577365985786,143.94577365985785
204,150,-176.6691823720255,101.99999999999999,168,0.14393357049230743,143.93357049230744
204,150,-176.6691823720255,101.99999999999999,176,0.1440105271730659,144.0105271730659
204,150,-176.6691823720255,101.99999999999999,184,0.14399896296567696,143.99896296567695
204,150,-176.6691823720255,101.99999999999999,192,0.14541388672147784,145.41388672147784
204,150,-176.6691823720255,101.99999999999999,200,0.14776136166987885,147.76136166987885
204,150,-176.6691823720255,101.99999999999999,208,0.14708065029694756,147.08065029694757
204,150,-176.6691823720255,101.99999999999999,216,0.14471383531045412,144.71383531045413
204,150,-176.6691823720255,101.99999999999999,224,0.1436013577085096,143.6013577085096
204,150,-176.6691823720255,101.99999999999999,232,0.1437862771054252,143.7862771054252
204,150,-176.6691823720255,101.99999999999999,240,0.1434888868068101,143.48888680681011
204,150,-176.6691823720255,101.99999999999999,248,0.14401275593784904,144.01275593784905
204,150,-176.6691823720255,101.99999999999999,256,0.14634689707268494,146.34689707268495
204,150,-176.6691823720255,101.99999999999999,264,0.14738923072298554,147.38923072298553
204,150,-176.6691823720255,101.99999999999999,272,0.1462342690840337,146.23426908403368
204,150,-176.6691823720255,101.99999999999999,280,0.14385710547381514,143.85710547381512
204,150,-176.6691823720255,101.99999999999999,288,0.14379372567045523,143.79372567045522
204,150,-176.6691823720255,101.99999999999999,296,0.14385348156033412,143.85348156033413
204,150,-176.6691823720255,101.99999999999999,304,0.14387381603957963,143.87381603957962
204,150,-176.6691823720255,101.99999999999999,312,0.14528431195094055,145.28431195094055
204,150,-176.6691823720255,101.99999999999999,320,0.14764654868087268,147.64654868087268
204,150,-176.6691823720255,101.99999999999999,328,0.14695981041163553,146.95981041163552
204,150,-176.6691823720255,101.99999999999999,336,0.14470909078447175,144.70909078447175
204,150,-176.6691823720255,101.99999999999999,344,0.14376239608097552,143.76239608097552
204,150,-176.6691823720255,101.99999999999999,352,0.14409152385625013,144.09152385625012
204,150,-176.6691823720255,101.99999999999999,360,0.1438966788102121,143.89667881021208
204,155,-184.88678855547658,86.2141253951027,0,0.12096027826477618,120.96027826477618
204,155,-184.88678855547658,86.2141253951027,8,0.12194706750675416,121.94706750675415
204,155,-184.88678855547658,86.2141253951027,16,0.12488704961348247,124.88704961348247
204,155,-184.88678855547658,86.2141253951027,24,0.12608984764760037,126.08984764760037
204,155,-184.88678855547658,86.2141253951027,32,0.1236920422314148,123.6920422314148
204,155,-184.88678855547658,86.2141253951027,40,0.12101041899453657,121.01041899453658
204,155,-184.88678855547658,86.2141253951027,48,0.12043734460853034,120.43734460853034
204,155,-184.88678855547658,86.2141253951027,56,0.12062920122569755,120.62920122569754
204,155,-184.88678855547658,86.2141253951027,64,0.12084719106703276,120.84719106703277
204,155,-184.88678855547658,86.2141253951027,72,0.1229930050426767,122.9930050426767
204,155,-184.88678855547658,86.2141253951027,80,0.1256135386564884,125.61353865648839
204,155,-184.88678855547658,86.2141253951027,88,0.1252771063161463,125.2771063161463
204,155,-184.88678855547658,86.2141253951027,96,0.12228133737532512,122.28133737532512
204,155,-184.88678855547658,86.2141253951027,104,0.12050272343955093,120.50272343955093
204,155,-184.88678855547658,86.2141253951027,112,0.12085288211415623,120.85288211415623
204,155,-184.88678855547658,86.2141253951027,120,0.12088314156431945,120.88314156431946
204,155,-184.88678855547658,86.2141253951027,128,0.12186889751200317,121.86889751200317
204,155,-184.88678855547658,86.2141253951027,136,0.12481801665706066,124.81801665706065
204,155,-184.88678855547658,86.2141253951027,144,0.1260028611557905,126.00286115579051
204,155,-184.88678855547658,86.2141253951027,152,0.12367924490560885,123.67924490560884
204,155,-184.88678855547658,86.2141253951027,160,0.12110716650972103,121.10716650972103
204,155,-184.88678855547658,86.2141253951027,168,0.12066685776230486,120.66685776230486
204,155,-184.88678855547658,86.2141253951027,176,0.12092888015866413,120.92888015866413
204,155,-184.88678855547658,86.2141253951027,184,0.12122801128609287,121.22801128609287
204,155,-184.88678855547658,86.2141253951027,192,0.12338310720281145,123.38310720281146
204,155,-184.88678855547658,86.2141253951027,200,0.12590961717031296,125.90961717031296
204,155,-184.88678855547658,86.2141253951027,208,0.1254467720464552,125.44677204645521
204,155,-184.88678855547658,86.2141253951027,216,0.12230278687978333,122.30278687978333
204,155,-184.88678855547658,86.2141253951027,224,0.12045032862065531,120.45032862065531
204,155,-184.88678855547658,86.2141253951027,232,0.12063007659478295,120.63007659478295
204,155,-184.88678855547658,86.2141253951027,240,0.12058617099287207,120.58617099287207
204,155,-184.88678855547658,86.2141253951027,248,0.12151821191182469,121.5182119118247
204,155,-184.88678855547658,86.2141253951027,256,0.12459799335082801,124.597993350828
204,155,-184.88678855547658,86.2141253951027,264,0.12590252519275785,125.90252519275785
204,155,-184.88678855547658,86.2141253951027,272,0.12360551824903317,123.60551824903317
204,155,-184.88678855547658,86.2141253951027,280,0.12104545846638307,121.04545846638307
204,155,-184.88678855547658,86.2141253951027,288,0.12056816387970005,120.56816387970005
204,155,-184.88678855547658,86.2141253951027,296,0.12081796440953174,120.81796440953174
204,155,-184.88678855547658,86.2141253951027,304,0.12114681491731183,121.14681491731183
204,155,-184.88678855547658,86.2141253951027,312,0.12328344243612217,123.28344243612217
204,155,-184.88678855547658,86.2141253951027,320,0.12580181414352898,125.80181414352897
204,155,-184.88678855547658,86.2141253951027,328,0.12533720770896242,125.33720770896242
204,155,-184.88678855547658,86.2141253951027,336,0.1222971115950672,122.29711159506721
204,155,-184.88678855547658,86.2141253951027,344,0.12059094634949832,120.59094634949832
204,155,-184.88678855547658,86.2141253951027,352,0.12090577849910925,120.90577849910925
204,155,-184.88678855547658,86.2141253951027,360,0.1209531318143936,120.9531318143936
204,160,-191.6972946403253,69.77210923843646,0,0.0972179211296117,97.2179211296117
204,160,-191.6972946403253,69.77210923843646,8,0.09906810116185494,99.06810116185494
204,160,-191.6972946403253,69.77210923843646,16,0.10222734908475357,102.22734908475357
204,160,-191.6972946403253,69.77210923843646,24,0.10336220891704553,103.36220891704554
204,160,-191.6972946403253,69.77210923843646,32,0.10032869693758996,100.32869693758995
204,160,-191.6972946403253,69.77210923843646,40,0.09693787205951312,96.93787205951313
204,160,-191.6972946403253,69.77210923843646,48,0.0964057554433409,96.40575544334091
204,160,-191.6972946403253,69.77210923843646,56,0.09677058728616873,96.77058728616873
204,160,-191.6972946403253,69.77210923843646,64,0.09736732288188985,97.36732288188985
204,160,-191.6972946403253,69.77210923843646,72,0.10029578379718025,100.29578379718025
204,160,-191.6972946403253,69.77210923843646,80,0.10348179396294455,103.48179396294455
204,160,-191.6972946403253,69.77210923843646,88,0.10183134866601108,101.83134866601108
204,160,-191.6972946403253,69.77210923843646,96,0.09841407882975046,98.41407882975047
204,160,-191.6972946403253,69.77210923843646,104,0.09642269847246968,96.42269847246968
204,160,-191.6972946403253,69.77210923843646,112,0.09688736590061686,96.88736590061686
204,160,-191.6972946403253,69.77210923843646,120,0.09718548638845614,97.18548638845614
204,160,-191.6972946403253,69.77210923843646,128,0.09901643756479575,99.01643756479575
204,160,-191.6972946403253,69.77210923843646,136,0.10216555254036347,102.16555254036346
204,160,-191.6972946403253,69.77210923843646,144,0.10329393626582806,103.29393626582805
204,160,-191.6972946403253,69.77210923843646,152,0.10032139473658544,100.32139473658545
204,160,-191.6972946403253,69.77210923843646,160,0.09702430015369651,97.0243001536965
204,160,-191.6972946403253,69.77210923843646,168,0.09660971728414948,96.60971728414948
204,160,-191.6972946403253,69.77210923843646,176,0.09703367055822688,97.03367055822689
204,160,-191.6972946403253,69.77210923843646,184,0.09769691898886254,97.69691898886254
204,160,-191.6972946403253,69.77210923843646,192,0.1006188492761605,100.61884927616049
204,160,-191.6972946403253,69.77210923843646,200,0.10371408227370649,103.71408227370648
204,160,-191.6972946403253,69.77210923843646,208,0.1019800682263022,101.98006822630221
204,160,-191.6972946403253,69.77210923843646,216,0.09841853073169327,98.41853073169327
204,160,-191.6972946403253,69.77210923843646,224,0.09635417595189091,96.35417595189091
204,160,-191.6972946403253,69.77210923843646,232,0.09665405081440344,96.65405081440343
204,160,-191.6972946403253,69.77210923843646,240,0.09688943618888393,96.88943618888393
204,160,-191.6972946403253,69.77210923843646,248,0.09870233430187025,98.70233430187025
204,160,-191.6972946403253,69.77210923843646,256,0.10200651661226856,102.00651661226856
204,160,-191.6972946403253,69.77210923843646,264,0.10320394218944043,103.20394218944043
204,160,-191.6972946403253,69.77210923843646,272,0.10026211522458195,100.26211522458195
204,160,-191.6972946403253,69.77210923843646,280,0.09699083302898699,96.990833028987
204,160,-191.6972946403253,69.77210923843646,288,0.09655177329692372,96.55177329692371
204,160,-191.6972946403253,69.77210923843646,296,0.09696745434356516,96.96745434356515
204,160,-191.6972946403253,69.77210923843646,304,0.09765770515812063,97.65770515812062
204,160,-191.6972946403253,69.77210923843646,312,0.10053912518880133,100.53912518880134
204,160,-191.6972946403253,69.77210923843646,320,0.1036121043444872,103.6121043444872
204,160,-191.6972946403253,69.77210923843646,328,0.10188284425787644,101.88284425787644
204,160,-191.6972946403253,69.77210923843646,336,0.09840923018814265,98.40923018814266
204,160,-191.6972946403253,69.77210923843646,344,0.09647508292795677,96.47508292795678
204,160,-191.6972946403253,69.77210923843646,352,0.0968976212957451,96.8976212957451
204,160,-191.6972946403253,69.77210923843646,360,0.0972118983802438,97.2118983802438
204,165,-197.04886856296991,52.799085200914284,0,0.07295170225587697,72.95170225587697
204,165,-197.04886856296991,52.799085200914284,8,0.0755307380169164,75.5307380169164
204,165,-197.04886856296991,52.799085200914284,16,0.07951263292870282,79.51263292870283
204,165,-197.04886856296991,52.799085200914284,24,0.07924557190234671,79.24557190234671
204,165,-197.04886856296991,52.799085200914284,32,0.0756642279349944,75.6642279349944
204,165,-197.04886856296991,52.799085200914284,40,0.0721592946033085,72.1592946033085
204,165,-197.04886856296991,52.799085200914284,48,0.0717097251642315,71.7097251642315
204,165,-197.04886856296991,52.799085200914284,56,0.07225729111455474,72.25729111455475
204,165,-197.04886856296991,52.799085200914284,64,0.07383754589766463,73.83754589766463
204,165,-197.04886856296991,52.799085200914284,72,0.0770229561080116,77.0229561080116
204,165,-197.04886856296991,52.799085200914284,80,0.07971677116974982,79.71677116974982
204,165,-197.04886856296991,52.799085200914284,88,0.07766314672087676,77.66314672087677
204,165,-197.04886856296991,52.799085200914284,96,0.07364163623131317,73.64163623131317
204,165,-197.04886856296991,52.799085200914284,104,0.07170715730015667,71.70715730015667
204,165,-197.04886856296991,52.799085200914284,112,0.072270896336974,72.270896336974
204,165,-197.04886856296991,52.799085200914284,120,0.07296121171040679,72.96121171040679
204,165,-197.04886856296991,52.799085200914284,128,0.07549764105490345,75.49764105490345
204,165,-197.04886856296991,52.799085200914284,136,0.07945908351109722,79.45908351109722
204,165,-197.04886856296991,52.799085200914284,144,0.07919859760277509,79.1985976027751
204,165,-197.04886856296991,52.799085200914284,152,0.07565992197862545,75.65992197862545
204,165,-197.04886856296991,52.799085200914284,160,0.07223387520545618,72.23387520545619
204,165,-197.04886856296991,52.799085200914284,168,0.07188558045187127,71.88558045187126
204,165,-197.04886856296991,52.799085200914284,176,0.0724805753676295,72.4805753676295
204,165,-197.04886856296991,52.799085200914284,184,0.07411028459061872,74.11028459061872
204,165,-197.04886856296991,52.799085200914284,192,0.07727921325037854,77.27921325037853
204,165,-197.04886856296991,52.799085200914284,200,0.07992092077341574,79.92092077341574
204,165,-197.04886856296991,52.799085200914284,208,0.07779106430281939,77.7910643028194
204,165,-197.04886856296991,52.799085200914284,216,0.07362680709574554,73.62680709574553
204,165,-197.04886856296991,52.799085200914284,224,0.07162446852233605,71.62446852233604
204,165,-197.04886856296991,52.799085200914284,232,0.07203097518517684,72.03097518517684
204,165,-197.04886856296991,52.799085200914284,240,0.07267301921189542,72.67301921189542
204,165,-197.04886856296991,52.799085200914284,248,0.075232386775947,75.232386775947
204,165,-197.04886856296991,52.799085200914284,256,0.07934455893134176,79.34455893134177
204,165,-197.04886856296991,52.799085200914284,264,0.0791122897559733,79.1122897559733
204,165,-197.04886856296991,52.799085200914284,272,0.07561827017368908,75.61827017368908
204,165,-197.04886856296991,52.799085200914284,280,0.07222942530149787,72.22942530149787
204,165,-197.04886856296991,52.799085200914284,288,0.07186814097641443,71.86814097641444
204,165,-197.04886856296991,52.799085200914284,296,0.07245837035763332,72.45837035763331
204,165,-197.04886856296991,52.799085200914284,304,0.07409918808601731,74.09918808601732
204,165,-197.04886856296991,52.799085200914284,312,0.07721778092314986,77.21778092314986
204,165,-197.04886856296991,52.799085200914284,320,0.07984400437279847,79.84400437279847
204,165,-197.04886856296991,52.799085200914284,328,0.07770460293052084,77.70460293052084
204,165,-197.04886856296991,52.799085200914284,336,0.07361274766973068,73.61274766973068
204,165,-197.04886856296991,52.799085200914284,344,0.0717236817600033,71.72368176000329
204,165,-197.04886856296991,52.799085200914284,352,0.0722399545540065,72.2399545540065
204,165,-197.04886856296991,52.799085200914284,360,0.07294703034400236,72.94703034400237
204,170,-200.90078161449043,35.42422824405378,0,0.04872501505088141,48.72501505088141
204,170,-200.90078161449043,35.42422824405378,8,0.0516436722325619,51.643672232561904
204,170,-200.90078161449043,35.42422824405378,16,0.05496968300947584,54.969683009475844
204,170,-200.90078161449043,35.42422824405378,24,0.054428842380690706,54.4288423806907
204,170,-200.90078161449043,35.42422824405378,32,0.05034071479339458,50.34071479339458
204,170,-200.90078161449043,35.42422824405378,40,0.046900361922532594,46.900361922532596
204,170,-200.90078161449043,35.42422824405378,48,0.04652564130842046,46.52564130842046
204,170,-200.90078161449043,35.42422824405378,56,0.04749075896114097,47.490758961140976
204,170,-200.90078161449043,35.42422824405378,64,0.049803712474638426,49.803712474638424
204,170,-200.90078161449043,35.42422824405378,72,0.05367669847090057,53.67669847090057
204,170,-200.90078161449043,35.42422824405378,80,0.05517304381222813,55.17304381222813
204,170,-200.90078161449043,35.42422824405378,88,0.052481721357163946,52.48172135716395
204,170,-200.90078161449043,35.42422824405378,96,0.048364008090167984,48.364008090167985
204,170,-200.90078161449043,35.42422824405378,104,0.046492246211649116,46.49224621164912
204,170,-200.90078161449043,35.42422824405378,112,0.04714112555901474,47.141125559014746
204,170,-200.90078161449043,35.42422824405378,120,0.048766816661864866,48.766816661864866
204,170,-200.90078161449043,35.42422824405378,128,0.05162812622038401,51.62812622038401
204,170,-200.90078161449043,35.42422824405378,136,0.054953122846467174,54.953122846467174
204,170,-200.90078161449043,35.42422824405378,144,0.054401362970482994,54.40136297048299
204,170,-200.90078161449043,35.42422824405378,152,0.050337663774439385,50.337663774439385
204,170,-200.90078161449043,35.42422824405378,160,0.046960990680621026,46.96099068062102
204,170,-200.90078161449043,35.42422824405378,168,0.04667099469460304,46.670994694603046
204,170,-200.90078161449043,35.42422824405378,176,0.047669236411452334,47.66923641145233
204,170,-200.90078161449043,35.42422824405378,184,0.05001434503970967,50.01434503970967
204,170,-200.90078161449043,35.42422824405378,192,0.053888345874664983,53.888345874664985
204,170,-200.90078161449043,35.42422824405378,200,0.055348022752800326,55.348022752800325
204,170,-200.90078161449043,35.42422824405378,208,0.05258747120372738,52.58747120372738
204,170,-200.90078161449043,35.42422824405378,216,0.048330895827305494,48.3308958273055
204,170,-200.90078161449043,35.42422824405378,224,0.04639730864563688,46.39730864563688
204,170,-200.90078161449043,35.42422824405378,232,0.04689845523441079,46.89845523441079
204,170,-200.90078161449043,35.42422824405378,240,0.04850483012995938,48.50483012995938
204,170,-200.90078161449043,35.42422824405378,248,0.05141172852102505,51.411728521025054
204,170,-200.90078161449043,35.42422824405378,256,0.05483641681074631,54.83641681074631
204,170,-200.90078161449043,35.42422824405378,264,0.054320751975371145,54.320751975371145
204,170,-200.90078161449043,35.42422824405378,272,0.050316882878860894,50.316882878860895
204,170,-200.90078161449043,35.42422824405378,280,0.046986110891157874,46.98611089115787
204,170,-200.90078161449043,35.42422824405378,288,0.04669359679479005,46.693596794790054
204,170,-200.90078161449043,35.42422824405378,296,0.04768881132589274,47.68881132589274
204,170,-200.90078161449043,35.42422824405378,304,0.05002584634145679,50.02584634145679
204,170,-200.90078161449043,35.42422824405378,312,0.05385297546217003,53.85297546217003
204,170,-200.90078161449043,35.42422824405378,320,0.055298909733569546,55.298909733569545
204,170,-200.90078161449043,35.42422824405378,328,0.05250890397396479,52.50890397396479
204,170,-200.90078161449043,35.42422824405378,336,0.04831021654747071,48.31021654747071
204,170,-200.90078161449043,35.42422824405378,344,0.04647283293128344,46.472832931283435
204,170,-200.90078161449043,35.42422824405378,352,0.047070042928557126,47.07004292855713
204,170,-200.90078161449043,35.42422824405378,360,0.048722099313781166,48.722099313781165
204,175,-203.2237184107161,17.77977152052227,0,0.024239864832894975,24.239864832894973
204,175,-203.2237184107161,17.77977152052227,8,0.02779681962901588,27.796819629015882
204,175,-203.2237184107161,17.77977152052227,16,0.030159888424988682,30.159888424988683
204,175,-203.2237184107161,17.77977152052227,24,0.028871179474321745,28.871179474321746
204,175,-203.2237184107161,17.77977152052227,32,0.02469707786706462,24.697077867064618
204,175,-203.2237184107161,17.77977152052227,40,0.02131200007507001,21.31200007507001
204,175,-203.2237184107161,17.77977152052227,48,0.02100854079308648,21.008540793086482
204,175,-203.2237184107161,17.77977152052227,56,0.02286832724811133,22.86832724811133
204,175,-203.2237184107161,17.77977152052227,64,0.02557709568115073,25.57709568115073
204,175,-203.2237184107161,17.77977152052227,72,0.028954334229974912,28.95433422997491
204,175,-203.2237184107161,17.77977152052227,80,0.029978677952711835,29.978677952711834
204,175,-203.2237184107161,17.77977152052227,88,0.026835054924009713,26.835054924009714
204,175,-203.2237184107161,17.77977152052227,96,0.022758560006313603,22.7585600063136
204,175,-203.2237184107161,17.77977152052227,104,0.020944075079728414,20.944075079728414
204,175,-203.2237184107161,17.77977152052227,112,0.022000244328690993,22.000244328690993
204,175,-203.2237184107161,17.77977152052227,120,0.024309214492182707,24.309214492182708
204,175,-203.2237184107161,17.77977152052227,128,0.027812819550777863,27.812819550777863
204,175,-203.2237184107161,17.77977152052227,136,0.030180469125126515,30.180469125126514
204,175,-203.2237184107161,17.77977152052227,144,0.028860044052314078,28.860044052314077
204,175,-203.2237184107161,17.77977152052227,152,0.024693410296038654,24.693410296038653
204,175,-203.2237184107161,17.77977152052227,160,0.02135657073033532,21.356570730335317
204,175,-203.2237184107161,17.77977152052227,168,0.021121057973484014,21.121057973484014
204,175,-203.2237184107161,17.77977152052227,176,0.02299375378431286,22.99375378431286
204,175,-203.2237184107161,17.77977152052227,184,0.02572750261606491,25.72750261606491
204,175,-203.2237184107161,17.77977152052227,192,0.0291313131194543,29.1313131194543
204,175,-203.2237184107161,17.77977152052227,200,0.030123700347471458,30.12370034747146
204,175,-203.2237184107161,17.77977152052227,208,0.02691756477435866,26.91756477435866
204,175,-203.2237184107161,17.77977152052227,216,0.02270826021063812,22.70826021063812
204,175,-203.2237184107161,17.77977152052227,224,0.02083882406445487,20.838824064454872
204,175,-203.2237184107161,17.77977152052227,232,0.021762211385077376,21.762211385077375
204,175,-203.2237184107161,17.77977152052227,240,0.024081326556908082,24.08132655690808
204,175,-203.2237184107161,17.77977152052227,248,0.027604668233190566,27.604668233190566
204,175,-203.2237184107161,17.77977152052227,256,0.030061958451930083,30.061958451930085
204,175,-203.2237184107161,17.77977152052227,264,0.02878954217346718,28.78954217346718
204,175,-203.2237184107161,17.77977152052227,272,0.02469448507807124,24.69448507807124
204,175,-203.2237184107161,17.77977152052227,280,0.021411794640432545,21.411794640432547
204,175,-203.2237184107161,17.77977152052227,288,0.021183221298039113,21.18322129803911
204,175,-203.2237184107161,17.77977152052227,296,0.023049682302275776,23.049682302275777
204,175,-203.2237184107161,17.77977152052227,304,0.025760804047765394,25.760804047765394
204,175,-203.2237184107161,17.77977152052227,312,0.02914590393502055,29.145903935020552
204,175,-203.2237184107161,17.77977152052227,320,0.030100707180615027,30.10070718061503
204,175,-203.2237184107161,17.77977152052227,328,0.026845031737159936,26.845031737159935
204,175,-203.2237184107161,17.77977152052227,336,0.0226791233996614,22.6791233996614
204,175,-203.2237184107161,17.77977152052227,344,0.02088875644175202,20.88875644175202
204,175,-203.2237184107161,17.77977152052227,352,0.02188934260367463,21.88934260367463
204,175,-203.2237184107161,17.77977152052227,360,0.024238905333442383,24.238905333442382
204,180,-204.0,2.4982794702606005e-14,0,-2.2458007533452534e-05,-0.022458007533452534
204,180,-204.0,2.4982794702606005e-14,8,0.0029636114352186806,2.963611435218681
204,180,-204.0,2.4982794702606005e-14,16,0.004766784146816775,4.766784146816775
204,180,-204.0,2.4982794702606005e-14,24,0.0030550460284971557,3.0550460284971557
204,180,-204.0,2.4982794702606005e-14,32,-0.0011163631751198177,-1.1163631751198178
204,180,-204.0,2.4982794702606005e-14,40,-0.004452357726321794,-4.452357726321794
204,180,-204.0,2.4982794702606005e-14,48,-0.004318036364584846,-4.318036364584846
204,180,-204.0,2.4982794702606005e-14,56,-0.0018105546960694953,-1.8105546960694952
204,180,-204.0,2.4982794702606005e-14,64,0.0015658610624276507,1.5658610624276508
204,180,-204.0,2.4982794702606005e-14,72,0.004062616556990239,4.062616556990239
204,180,-204.0,2.4982794702606005e-14,80,0.004281898818914051,4.281898818914051
204,180,-204.0,2.4982794702606005e-14,88,0.0010533730117464751,1.053373011746475
204,180,-204.0,2.4982794702606005e-14,96,-0.003008136544997906,-3.008136544997906
204,180,-204.0,2.4982794702606005e-14,104,-0.0047565997496391375,-4.756599749639138
204,180,-204.0,2.4982794702606005e-14,112,-0.002874952596304589,-2.874952596304589
204,180,-204.0,2.4982794702606005e-14,120,7.209001967475638e-05,0.07209001967475638
204,180,-204.0,2.4982794702606005e-14,128,0.0030301144976784856,3.0301144976784857
204,180,-204.0,2.4982794702606005e-14,136,0.004821775229246037,4.821775229246037
204,180,-204.0,2.4982794702606005e-14,144,0.0030579250770202183,3.057925077020218
204,180,-204.0,2.4982794702606005e-14,152,-0.0011225534946048285,-1.1225534946048286
204,180,-204.0,2.4982794702606005e-14,160,-0.004425937309482582,-4.425937309482582
204,180,-204.0,2.4982794702606005e-14,168,-0.004246444858055077,-4.246444858055077
204,180,-204.0,2.4982794702606005e-14,176,-0.0017397356922832438,-1.7397356922832439
204,180,-204.0,2.4982794702606005e-14,184,0.0016907097183668552,1.6907097183668554
204,180,-204.0,2.4982794702606005e-14,192,0.0042040712609602605,4.20407126096026
204,180,-204.0,2.4982794702606005e-14,200,0.004397046411931952,4.397046411931952
204,180,-204.0,2.4982794702606005e-14,208,0.0011134489117324512,1.1134489117324513
204,180,-204.0,2.4982794702606005e-14,216,-0.003074475634602721,-3.074475634602721
204,180,-204.0,2.4982794702606005e-14,224,-0.004870190353260133,-4.870190353260133
204,180,-204.0,2.4982794702606005e-14,232,-0.0030966481017994244,-3.0966481017994245
204,180,-204.0,2.4982794702606005e-14,240,-0.00012678453049281006,-0.12678453049281008
204,180,-204.0,2.4982794702606005e-14,248,0.0028081081029640766,2.8081081029640766
204,180,-204.0,2.4982794702606005e-14,256,0.004705549120862806,4.7055491208628055
204,180,-204.0,2.4982794702606005e-14,264,0.0030001639090655318,3.000163909065532
204,180,-204.0,2.4982794702606005e-14,272,-0.0010986389378108332,-1.0986389378108332
204,180,-204.0,2.4982794702606005e-14,280,-0.004340099484343157,-4.340099484343157
204,180,-204.0,2.4982794702606005e-14,288,-0.004142646362096354,-4.142646362096354
204,180,-204.0,2.4982794702606005e-14,296,-0.00165097745626499,-1.6509774562649902
204,180,-204.0,2.4982794702606005e-14,304,0.0017658644088421685,1.7658644088421684
204,180,-204.0,2.4982794702606005e-14,312,0.0042684582928664925,4.268458292866493
204,180,-204.0,2.4982794702606005e-14,320,0.004395162075873975,4.395162075873975
204,180,-204.0,2.4982794702606005e-14,328,0.001045002014214882,1.0450020142148821
204,180,-204.0,2.4982794702606005e-14,336,-0.003113894351713182,-3.113894351713182
204,180,-204.0,2.4982794702606005e-14,344,-0.004847604765969229,-4.847604765969229
204,180,-204.0,2.4982794702606005e-14,352,-0.0030214118614240353,-3.0214118614240353
204,180,-204.0,2.4982794702606005e-14,360,-2.1210267282029356e-05,-0.021210267282029356
238,90,1.4573296909853505e-14,238.0,0,0.32542735236725273,325.42735236725275
238,90,1.4573296909853505e-14,238.0,8,0.3222432977182792,322.2432977182792
238,90,1.4573296909853505e-14,238.0,16,0.31950262119900563,319.50262119900566
238,90,1.4573296909853505e-14,238.0,24,0.3189845586642243,318.9845586642243
238,90,1.4573296909853505e-14,238.0,32,0.31698359576672175,316.98359576672175
238,90,1.4573296909853505e-14,238.0,40,0.31651805314151954,316.51805314151954
238,90,1.4573296909853505e-14,238.0,48,0.3188041409338716,318.8041409338716
238,90,1.4573296909853505e-14,238.0,56,0.32432895152663554,324.32895152663554
238,90,1.4573296909853505e-14,238.0,64,0.32415129288555433,324.1512928855543
238,90,1.4573296909853505e-14,238.0,72,0.31970689637452065,319.7068963745207
238,90,1.4573296909853505e-14,238.0,80,0.318281337795858,318.281337795858
238,90,1.4573296909853505e-14,238.0,88,0.3168016331465687,316.8016331465687
238,90,1.4573296909853505e-14,238.0,96,0.31588530062926984,315.88530062926986
238,90,1.4573296909853505e-14,238.0,104,0.3162933090222803,316.2933090222803
238,90,1.4573296909853505e-14,238.0,112,0.32095055399839006,320.9505539983901
238,90,1.4573296909853505e-14,238.0,120,0.3247813716164567,324.7813716164567
238,90,1.4573296909853505e-14,238.0,128,0.3216800002689183,321.6800002689183
238,90,1.4573296909853505e-14,238.0,136,0.3190460953110429,319.0460953110429
238,90,1.4573296909853505e-14,238.0,144,0.31850379264305273,318.50379264305275
238,90,1.4573296909853505e-14,238.0,152,0.3166033511872151,316.6033511872151
238,90,1.4573296909853505e-14,238.0,160,0.3162761844796633,316.2761844796633
238,90,1.4573296909853505e-14,238.0,168,0.3188340206339311,318.8340206339311
238,90,1.4573296909853505e-14,238.0,176,0.3245778536750757,324.5778536750757
238,90,1.4573296909853505e-14,238.0,184,0.32465461669626805,324.654616696268
238,90,1.4573296909853505e-14,238.0,192,0.32046860016324685,320.46860016324683
238,90,1.4573296909853505e-14,238.0,200,0.319245585470025,319.245585470025
238,90,1.4573296909853505e-14,238.0,208,0.3178035065591108,317.8035065591108
238,90,1.4573296909853505e-14,238.0,216,0.31679210472092045,316.79210472092046
238,90,1.4573296909853505e-14,238.0,224,0.3170450698801472,317.0450698801472
238,90,1.4573296909853505e-14,238.0,232,0.32141446874994184,321.4144687499418
238,90,1.4573296909853505e-14,238.0,240,0.3249834131869462,324.98341318694617
238,90,1.4573296909853505e-14,238.0,248,0.3215289110183639,321.5289110183639
238,90,1.4573296909853505e-14,238.0,256,0.3186613402435455,318.66134024354545
238,90,1.4573296909853505e-14,238.0,264,0.3179604504668223,317.9604504668223
238,90,1.4573296909853505e-14,238.0,272,0.3159862872819128,315.9862872819128
238,90,1.4573296909853505e-14,238.0,280,0.31565961336170906,315.65961336170903
238,90,1.4573296909853505e-14,238.0,288,0.31816295922909216,318.16295922909217
238,90,1.4573296909853505e-14,238.0,296,0.3238783616517913,323.8783616517913
238,90,1.4573296909853505e-14,238.0,304,0.32404030267158956,324.0403026715896
238,90,1.4573296909853505e-14,238.0,312,0.3198875206027291,319.8875206027291
238,90,1.4573296909853505e-14,238.0,320,0.31878526571240756,318.7852657124076
238,90,1.4573296909853505e-14,238.0,328,0.3173223177767355,317.3223177767355
238,90,1.4573296909853505e-14,238.0,336,0.3164503031875741,316.4503031875741
238,90,1.4573296909853505e-14,238.0,344,0.3169531918859656,316.9531918859656
238,90,1.4573296909853505e-14,238.0,352,0.32158493522412607,321.58493522412607
238,90,1.4573296909853505e-14,238.0,360,0.32541076244273787,325.41076244273785
238,95,-20.74306677394266,237.09433814583545,0,0.3228991217617015,322.8991217617015
238,95,-20.74306677394266,237.09433814583545,8,0.3185636281077415,318.5636281077415
238,95,-20.74306677394266,237.09433814583545,16,0.31736712998233707,317.3671299823371
238,95,-20.74306677394266,237.09433814583545,24,0.3174387752687594,317.4387752687594
238,95,-20.74306677394266,237.09433814583545,32,0.3161386520770216,316.13865207702156
238,95,-20.74306677394266,237.09433814583545,40,0.31635556199794207,316.35556199794206
238,95,-20.74306677394266,237.09433814583545,48,0.3202135146196889,320.2135146196889
238,95,-20.74306677394266,237.09433814583545,56,0.32402289622724056,324.02289622724055
238,95,-20.74306677394266,237.09433814583545,64,0.3197574485228031,319.7574485228031
238,95,-20.74306677394266,237.09433814583545,72,0.3166807022770876,316.6807022770876
238,95,-20.74306677394266,237.09433814583545,80,0.31697179678716736,316.97179678716736
238,95,-20.74306677394266,237.09433814583545,88,0.31577264801315935,315.77264801315937
238,95,-20.74306677394266,237.09433814583545,96,0.3149517767952743,314.9517767952743
238,95,-20.74306677394266,237.09433814583545,104,0.31704154847792,317.04154847792
238,95,-20.74306677394266,237.09433814583545,112,0.3231553150941735,323.1553150941735
238,95,-20.74306677394266,237.09433814583545,120,0.3223029653492321,322.30296534923207
238,95,-20.74306677394266,237.09433814583545,128,0.3180393989194586,318.0393989194586
238,95,-20.74306677394266,237.09433814583545,136,0.3169363207934662,316.93632079346617
238,95,-20.74306677394266,237.09433814583545,144,0.31698552328631135,316.9855232863114
238,95,-20.74306677394266,237.09433814583545,152,0.3157841379962208,315.7841379962208
238,95,-20.74306677394266,237.09433814583545,160,0.3161408957345166,316.1408957345166
238,95,-20.74306677394266,237.09433814583545,168,0.32028800357312776,320.28800357312775
238,95,-20.74306677394266,237.09433814583545,176,0.3243222108261615,324.32221082616155
238,95,-20.74306677394266,237.09433814583545,184,0.32029368259819985,320.29368259819984
238,95,-20.74306677394266,237.09433814583545,192,0.31747778220763534,317.47778220763536
238,95,-20.74306677394266,237.09433814583545,200,0.3179772094982333,317.9772094982333
238,95,-20.74306677394266,237.09433814583545,208,0.3167645011229312,316.7645011229312
238,95,-20.74306677394266,237.09433814583545,216,0.3157925025032391,315.7925025032391
238,95,-20.74306677394266,237.09433814583545,224,0.31772675895972957,317.7267589597296
238,95,-20.74306677394266,237.09433814583545,232,0.32353017531162487,323.5301753116249
238,95,-20.74306677394266,237.09433814583545,240,0.32241087321719697,322.410873217197
238,95,-20.74306677394266,237.09433814583545,248,0.31781976594154027,317.81976594154025
238,95,-20.74306677394266,237.09433814583545,256,0.3164858911373748,316.4858911373748
238,95,-20.74306677394266,237.09433814583545,264,0.31641550910045896,316.41550910045896
238,95,-20.74306677394266,237.09433814583545,272,0.3151739277283842,315.17392772838423
238,95,-20.74306677394266,237.09433814583545,280,0.3155667190056507,315.5667190056507
238,95,-20.74306677394266,237.09433814583545,288,0.31964605116372313,319.64605116372314
238,95,-20.74306677394266,237.09433814583545,296,0.3236631173030009,323.6631173030009
238,95,-20.74306677394266,237.09433814583545,304,0.319730129202532,319.730129202532
238,95,-20.74306677394266,237.09433814583545,312,0.3169310975506149,316.9310975506149
238,95,-20.74306677394266,237.09433814583545,320,0.31754170011592836,317.54170011592834
238,95,-20.74306677394266,237.09433814583545,328,0.3163095044741008,316.3095044741008
238,95,-20.74306677394266,237.09433814583545,336,0.31547428404454986,315.47428404454985
238,95,-20.74306677394266,237.09433814583545,344,0.31766497417522094,317.66497417522095
238,95,-20.74306677394266,237.09433814583545,352,0.3237589220905977,323.7589220905977
238,95,-20.74306677394266,237.09433814583545,360,0.3228825698137297,322.88256981372973
238,100,-41.32826628472941,234.3842452169055,0,0.3163145464443171,316.3145464443171
238,100,-41.32826628472941,234.3842452169055,8,0.3133461724282883,313.34617242828836
238,100,-41.32826628472941,234.3842452169055,16,0.31363296765732396,313.63296765732395
238,100,-41.32826628472941,234.3842452169055,24,0.3143657308786971,314.36573087869715
238,100,-41.32826628472941,234.3842452169055,32,0.3129948390365718,312.9948390365718
238,100,-41.32826628472941,234.3842452169055,40,0.3147665576473422,314.7665576473422
238,100,-41.32826628472941,234.3842452169055,48,0.3195569824979325,319.5569824979325
238,100,-41.32826628472941,234.3842452169055,56,0.3185203348948066,318.5203348948066
238,100,-41.32826628472941,234.3842452169055,64,0.31383044318629144,313.83044318629146
238,100,-41.32826628472941,234.3842452169055,72,0.31222811963737,312.22811963737
238,100,-41.32826628472941,234.3842452169055,80,0.31318876313088806,313.18876313088805
238,100,-41.32826628472941,234.3842452169055,88,0.31255640992286504,312.55640992286504
238,100,-41.32826628472941,234.3842452169055,96,0.31267192758664364,312.6719275866436
238,100,-41.32826628472941,234.3842452169055,104,0.316295282062995,316.295282062995
238,100,-41.32826628472941,234.3842452169055,112,0.32032203516313545,320.32203516313547
238,100,-41.32826628472941,234.3842452169055,120,0.3157648650214965,315.76486502149646
238,100,-41.32826628472941,234.3842452169055,128,0.31285437271158706,312.8543727115871
238,100,-41.32826628472941,234.3842452169055,136,0.31322835362114143,313.2283536211414
238,100,-41.32826628472941,234.3842452169055,144,0.3139404419107101,313.9404419107101
238,100,-41.32826628472941,234.3842452169055,152,0.3126660196406268,312.6660196406268
238,100,-41.32826628472941,234.3842452169055,160,0.3145847004281551,314.58470042815514
238,100,-41.32826628472941,234.3842452169055,168,0.31969315513087315,319.69315513087315
238,100,-41.32826628472941,234.3842452169055,176,0.3188663939174935,318.8663939174935
238,100,-41.32826628472941,234.3842452169055,184,0.3143953077635718,314.3953077635718
238,100,-41.32826628472941,234.3842452169055,192,0.3130613065388413,313.0613065388413
238,100,-41.32826628472941,234.3842452169055,200,0.31418677776042236,314.1867777604224
238,100,-41.32826628472941,234.3842452169055,208,0.31350827752086885,313.50827752086883
238,100,-41.32826628472941,234.3842452169055,216,0.3134466153916139,313.4466153916139
238,100,-41.32826628472941,234.3842452169055,224,0.3169091276710782,316.9091276710782
238,100,-41.32826628472941,234.3842452169055,232,0.3206098004012726,320.60980040127265
238,100,-41.32826628472941,234.3842452169055,240,0.315796757590029,315.796757590029
238,100,-41.32826628472941,234.3842452169055,248,0.3125713522584631,312.5713522584631
238,100,-41.32826628472941,234.3842452169055,256,0.31272256246312163,312.7225624631216
238,100,-41.32826628472941,234.3842452169055,264,0.3133512438508276,313.3512438508276
238,100,-41.32826628472941,234.3842452169055,272,0.3120980653717864,312.0980653717864
238,100,-41.32826628472941,234.3842452169055,280,0.31404925608342693,314.04925608342694
238,100,-41.32826628472941,234.3842452169055,288,0.3190806701811699,319.0806701811699
238,100,-41.32826628472941,234.3842452169055,296,0.31826110108184735,318.26110108184736
238,100,-41.32826628472941,234.3842452169055,304,0.31387271102560915,313.87271102560914
238,100,-41.32826628472941,234.3842452169055,312,0.31254914197863526,312.54914197863525
238,100,-41.32826628472941,234.3842452169055,320,0.31377545354768,313.77545354768
238,100,-41.32826628472941,234.3842452169055,328,0.31307991069520336,313.07991069520335
238,100,-41.32826628472941,234.3842452169055,336,0.31315184485960457,313.1518448596046
238,100,-41.32826628472941,234.3842452169055,344,0.3168865211238532,316.8865211238532
238,100,-41.32826628472941,234.3842452169055,352,0.32088925286736264,320.88925286736264
238,100,-41.32826628472941,234.3842452169055,360,0.31629752947781775,316.29752947781776
238,105,-61.59893273439996,229.89034665679827,0,0.3081844386076379,308.1844386076379
238,105,-61.59893273439996,229.89034665679827,8,0.306689216356828,306.689216356828
238,105,-61.59893273439996,229.89034665679827,16,0.30784517172680576,307.84517172680575
238,105,-61.59893273439996,229.89034665679827,24,0.3086607639432316,308.6607639432316
238,105,-61.59893273439996,229.89034665679827,32,0.30853155649860164,308.5315564986016
238,105,-61.59893273439996,229.89034665679827,40,0.3117290530261365,311.7290530261365
238,105,-61.59893273439996,229.89034665679827,48,0.3146054003385925,314.6054003385925
238,105,-61.59893273439996,229.89034665679827,56,0.3096730122926736,309.6730122926736
238,105,-61.59893273439996,229.89034665679827,64,0.30638414819560766,306.3841481956077
238,105,-61.59893273439996,229.89034665679827,72,0.30611168117463383,306.1116811746338
238,105,-61.59893273439996,229.89034665679827,80,0.30812648156806133,308.1264815680613
238,105,-61.59893273439996,229.89034665679827,88,0.30734721399540066,307.34721399540064
238,105,-61.59893273439996,229.89034665679827,96,0.3089488495569088,308.94884955690884
238,105,-61.59893273439996,229.89034665679827,104,0.3129877416239777,312.9877416239777
238,105,-61.59893273439996,229.89034665679827,112,0.3118495527177428,311.84955271774277
238,105,-61.59893273439996,229.89034665679827,120,0.30767732658553126,307.67732658553126
238,105,-61.59893273439996,229.89034665679827,128,0.30623018656281564,306.2301865628156
238,105,-61.59893273439996,229.89034665679827,136,0.3074669163958028,307.4669163958028
238,105,-61.59893273439996,229.89034665679827,144,0.30826219734868493,308.26219734868494
238,105,-61.59893273439996,229.89034665679827,152,0.30822838747731457,308.2283874773146
238,105,-61.59893273439996,229.89034665679827,160,0.3115927803043207,311.5927803043207
238,105,-61.59893273439996,229.89034665679827,168,0.31479507772601545,314.79507772601545
238,105,-61.59893273439996,229.89034665679827,176,0.3100461831159912,310.0461831159912
238,105,-61.59893273439996,229.89034665679827,184,0.30697795758451735,306.97795758451736
238,105,-61.59893273439996,229.89034665679827,192,0.3069691384329678,306.9691384329678
238,105,-61.59893273439996,229.89034665679827,200,0.30911889407028037,309.11889407028036
238,105,-61.59893273439996,229.89034665679827,208,0.30823539405549566,308.23539405549565
238,105,-61.59893273439996,229.89034665679827,216,0.30965522604272055,309.6552260427205
238,105,-61.59893273439996,229.89034665679827,224,0.3135114128383377,313.5114128383377
238,105,-61.59893273439996,229.89034665679827,232,0.31204078307165234,312.04078307165236
238,105,-61.59893273439996,229.89034665679827,240,0.30764153232288405,307.6415323228841
238,105,-61.59893273439996,229.89034665679827,248,0.30588307720286223,305.88307720286224
238,105,-61.59893273439996,229.89034665679827,256,0.30693966012029333,306.93966012029335
238,105,-61.59893273439996,229.89034665679827,264,0.3076987045013861,307.6987045013861
238,105,-61.59893273439996,229.89034665679827,272,0.30770294441955315,307.70294441955315
238,105,-61.59893273439996,229.89034665679827,280,0.3110888822375777,311.0888822375777
238,105,-61.59893273439996,229.89034665679827,288,0.3142172387519053,314.2172387519053
238,105,-61.59893273439996,229.89034665679827,296,0.3094894149571823,309.4894149571823
238,105,-61.59893273439996,229.89034665679827,304,0.30649375317845545,306.49375317845545
238,105,-61.59893273439996,229.89034665679827,312,0.30649126521584913,306.4912652158491
238,105,-61.59893273439996,229.89034665679827,320,0.30873182384180664,308.73182384180666
238,105,-61.59893273439996,229.89034665679827,328,0.30783375262124546,307.8337526212455
238,105,-61.59893273439996,229.89034665679827,336,0.3093935974498033,309.39359744980334
238,105,-61.59893273439996,229.89034665679827,344,0.3135515884886877,313.5515884886877
238,105,-61.59893273439996,229.89034665679827,352,0.312363276688789,312.36327668878897
238,105,-61.59893273439996,229.89034665679827,360,0.3081670241937918,308.1670241937918
238,110,-81.40079411150916,223.6468437470462,0,0.29857104899881276,298.5710489988128
238,110,-81.40079411150916,223.6468437470462,8,0.2983609159823145,298.3609159823145
238,110,-81.40079411150916,223.6468437470462,16,0.30044063902855633,300.44063902855635
238,110,-81.40079411150916,223.6468437470462,24,0.30126320118187633,301.26320118187635
238,110,-81.40079411150916,223.6468437470462,32,0.30255514920368926,302.55514920368927
238,110,-81.40079411150916,223.6468437470462,40,0.30575254559320403,305.75254559320405
238,110,-81.40079411150916,223.6468437470462,48,0.3030419919824004,303.0419919824004
238,110,-81.40079411150916,223.6468437470462,56,0.2993251034093928,299.3251034093928
238,110,-81.40079411150916,223.6468437470462,64,0.2975019672926332,297.5019672926332
238,110,-81.40079411150916,223.6468437470462,72,0.2983088255481703,298.30882554817026
238,110,-81.40079411150916,223.6468437470462,80,0.3000036604666951,300.00366046669507
238,110,-81.40079411150916,223.6468437470462,88,0.300847824283652,300.84782428365196
238,110,-81.40079411150916,223.6468437470462,96,0.303815217245714,303.815217245714
238,110,-81.40079411150916,223.6468437470462,104,0.3052426252319784,305.2426252319784
238,110,-81.40079411150916,223.6468437470462,112,0.3009070687664952,300.9070687664952
238,110,-81.40079411150916,223.6468437470462,120,0.29810618078531964,298.1061807853196
238,110,-81.40079411150916,223.6468437470462,128,0.29793360264140645,297.9336026414064
238,110,-81.40079411150916,223.6468437470462,136,0.30008897642989296,300.08897642989297
238,110,-81.40079411150916,223.6468437470462,144,0.3008908525665265,300.89085256652646
238,110,-81.40079411150916,223.6468437470462,152,0.3022908806354474,302.2908806354474
238,110,-81.40079411150916,223.6468437470462,160,0.3056775741817804,305.67757418178036
238,110,-81.40079411150916,223.6468437470462,168,0.30327468991986484,303.27468991986484
238,110,-81.40079411150916,223.6468437470462,176,0.299721578925414,299.721578925414
238,110,-81.40079411150916,223.6468437470462,184,0.298125932931656,298.125932931656
238,110,-81.40079411150916,223.6468437470462,192,0.29917544911723565,299.17544911723564
238,110,-81.40079411150916,223.6468437470462,200,0.3009369276476872,300.9369276476872
238,110,-81.40079411150916,223.6468437470462,208,0.3016725577856172,301.6725577856172
238,110,-81.40079411150916,223.6468437470462,216,0.3044468144171173,304.4468144171173
238,110,-81.40079411150916,223.6468437470462,224,0.30567288906336837,305.67288906336836
238,110,-81.40079411150916,223.6468437470462,232,0.3010230261682074,301.0230261682074
238,110,-81.40079411150916,223.6468437470462,240,0.29800348927316456,298.0034892731646
238,110,-81.40079411150916,223.6468437470462,248,0.2975365441496834,297.5365441496834
238,110,-81.40079411150916,223.6468437470462,256,0.29954808359888097,299.54808359888096
238,110,-81.40079411150916,223.6468437470462,264,0.30036734502274376,300.36734502274373
238,110,-81.40079411150916,223.6468437470462,272,0.30179809806784363,301.7980980678436
238,110,-81.40079411150916,223.6468437470462,280,0.30520000409908926,305.20000409908926
238,110,-81.40079411150916,223.6468437470462,288,0.3027538900226985,302.7538900226985
238,110,-81.40079411150916,223.6468437470462,296,0.299213571145028,299.213571145028
238,110,-81.40079411150916,223.6468437470462,304,0.29767999759364144,297.6799975936414
238,110,-81.40079411150916,223.6468437470462,312,0.2987312861048245,298.7312861048245
238,110,-81.40079411150916,223.6468437470462,320,0.3005742310232229,300.57423102322286
238,110,-81.40079411150916,223.6468437470462,328,0.30129744137296977,301.2974413729698
238,110,-81.40079411150916,223.6468437470462,336,0.30423393802984006,304.23393802984003
238,110,-81.40079411150916,223.6468437470462,344,0.3057702504420623,305.7702504420623
238,110,-81.40079411150916,223.6468437470462,352,0.3013691358113745,301.36913581137446
238,110,-81.40079411150916,223.6468437470462,360,0.2985534104798747,298.55341047987474
238,115,-100.58314629428644,215.70125331472272,0,0.2875470980368462,287.5470980368462
238,115,-100.58314629428644,215.70125331472272,8,0.288556812300238,288.556812300238
238,115,-100.58314629428644,215.70125331472272,16,0.2900717338629508,290.0717338629508
238,115,-100.58314629428644,215.70125331472272,24,0.29252720297175006,292.52720297175006
238,115,-100.58314629428644,215.70125331472272,32,0.2951729283651783,295.1729283651783
238,115,-100.58314629428644,215.70125331472272,40,0.2948759525185215,294.8759525185215
238,115,-100.58314629428644,215.70125331472272,48,0.2899267804619914,289.92678046199137
238,115,-100.58314629428644,215.70125331472272,56,0.28752703551687797,287.52703551687796
238,115,-100.58314629428644,215.70125331472272,64,0.2870630617760218,287.0630617760218
238,115,-100.58314629428644,215.70125331472272,72,0.2884499826239753,288.4499826239753
238,115,-100.58314629428644,215.70125331472272,80,0.29057041564156594,290.57041564156594
238,115,-100.58314629428644,215.70125331472272,88,0.2927565272521799,292.75652725217986
238,115,-100.58314629428644,215.70125331472272,96,0.2954669833901077,295.46698339010766
238,115,-100.58314629428644,215.70125331472272,104,0.29165514405242904,291.655144052429
238,115,-100.58314629428644,215.70125331472272,112,0.2885184129631167,288.5184129631167
238,115,-100.58314629428644,215.70125331472272,120,0.28712404314168843,287.12404314168845
238,115,-100.58314629428644,215.70125331472272,128,0.2881604559714389,288.1604559714389
238,115,-100.58314629428644,215.70125331472272,136,0.2897470777674012,289.7470777674012
238,115,-100.58314629428644,215.70125331472272,144,0.2921850765384813,292.1850765384813
238,115,-100.58314629428644,215.70125331472272,152,0.29496356707188653,294.96356707188653
238,115,-100.58314629428644,215.70125331472272,160,0.29486140351020074,294.8614035102007
238,115,-100.58314629428644,215.70125331472272,168,0.29018588696087505,290.18588696087505
238,115,-100.58314629428644,215.70125331472272,176,0.2879466953729831,287.94669537298313
238,115,-100.58314629428644,215.70125331472272,184,0.2877118202763052,287.7118202763052
238,115,-100.58314629428644,215.70125331472272,192,0.2893058604184477,289.3058604184477
238,115,-100.58314629428644,215.70125331472272,200,0.29144282365595997,291.44282365595996
238,115,-100.58314629428644,215.70125331472272,208,0.29351334655572725,293.51334655572725
238,115,-100.58314629428644,215.70125331472272,216,0.2960153074523416,296.01530745234163
238,115,-100.58314629428644,215.70125331472272,224,0.29198405302178154,291.98405302178156
238,115,-100.58314629428644,215.70125331472272,232,0.28856263109357283,288.5626310935728
238,115,-100.58314629428644,215.70125331472272,240,0.2869546259052006,286.9546259052006
238,115,-100.58314629428644,215.70125331472272,248,0.2877212536882175,287.7212536882175
238,115,-100.58314629428644,215.70125331472272,256,0.2892377496657208,289.2377496657208
238,115,-100.58314629428644,215.70125331472272,264,0.2916985590526505,291.6985590526505
238,115,-100.58314629428644,215.70125331472272,272,0.29449350310348843,294.4935031034884
238,115,-100.58314629428644,215.70125331472272,280,0.2944216997731888,294.42169977318883
238,115,-100.58314629428644,215.70125331472272,288,0.2897232293903673,289.7232293903673
238,115,-100.58314629428644,215.70125331472272,296,0.28748707550057007,287.4870755005701
238,115,-100.58314629428644,215.70125331472272,304,0.2873005698522725,287.3005698522725
238,115,-100.58314629428644,215.70125331472272,312,0.28889533655360256,288.89533655360253
238,115,-100.58314629428644,215.70125331472272,320,0.2911042163772505,291.10421637725045
238,115,-100.58314629428644,215.70125331472272,328,0.29318164376168054,293.18164376168056
238,115,-100.58314629428644,215.70125331472272,336,0.29586282872498226,295.86282872498225
238,115,-100.58314629428644,215.70125331472272,344,0.2921222184366679,292.12221843666794
238,115,-100.58314629428644,215.70125331472272,352,0.288925934074026,288.92593407402603
238,115,-100.58314629428644,215.70125331472272,360,0.2875296190204043,287.5296190204043
238,120,-118.99999999999994,206.1140461006964,0,0.2751966490258791,275.1966490258791
238,120,-118.99999999999994,206.1140461006964,8,0.27615392675527506,276.15392675527505
238,120,-118.99999999999994,206.1140461006964,16,0.27848543776487256,278.48543776487253
238,120,-118.99999999999994,206.1140461006964,24,0.2822548045311323,282.25480453113227
238,120,-118.99999999999994,206.1140461006964,32,0.2844160770870464,284.4160770870464
238,120,-118.99999999999994,206.1140461006964,40,0.2791187724924878,279.1187724924878
238,120,-118.99999999999994,206.1140461006964,48,0.27540111487772667,275.4011148777267
238,120,-118.99999999999994,206.1140461006964,56,0.2744127844128169,274.4127844128169
238,120,-118.99999999999994,206.1140461006964,64,0.2753054831094665,275.30548310946654
238,120,-118.99999999999994,206.1140461006964,72,0.27598524409559433,275.98524409559434
238,120,-118.99999999999994,206.1140461006964,80,0.2797157191170874,279.7157191170874
238,120,-118.99999999999994,206.1140461006964,88,0.28295535015199713,282.95535015199715
238,120,-118.99999999999994,206.1140461006964,96,0.281576171493085,281.576171493085
238,120,-118.99999999999994,206.1140461006964,104,0.27655893311263946,276.55893311263947
238,120,-118.99999999999994,206.1140461006964,112,0.27470454301613034,274.70454301613034
238,120,-118.99999999999994,206.1140461006964,120,0.27480906171503505,274.80906171503506
238,120,-118.99999999999994,206.1140461006964,128,0.2757906919326654,275.7906919326654
238,120,-118.99999999999994,206.1140461006964,136,0.27818754240133037,278.18754240133035
238,120,-118.99999999999994,206.1140461006964,144,0.28195742255647277,281.95742255647275
238,120,-118.99999999999994,206.1140461006964,152,0.28426717492301806,284.26717492301805
238,120,-118.99999999999994,206.1140461006964,160,0.27914752101494833,279.1475210149483
238,120,-118.99999999999994,206.1140461006964,168,0.2756773909566935,275.6773909566935
238,120,-118.99999999999994,206.1140461006964,176,0.27485626529173485,274.85626529173487
238,120,-118.99999999999994,206.1140461006964,184,0.27597882315776656,275.97882315776656
238,120,-118.99999999999994,206.1140461006964,192,0.27679394917587025,276.79394917587024
238,120,-118.99999999999994,206.1140461006964,200,0.28052608609530805,280.5260860953081
238,120,-118.99999999999994,206.1140461006964,208,0.283638939185896,283.638939185896
238,120,-118.99999999999994,206.1140461006964,216,0.2820248616774364,282.0248616774364
238,120,-118.99999999999994,206.1140461006964,224,0.27679741034009425,276.79741034009425
238,120,-118.99999999999994,206.1140461006964,232,0.2746770507394909,274.6770507394909
238,120,-118.99999999999994,206.1140461006964,240,0.2745832067077967,274.5832067077967
238,120,-118.99999999999994,206.1140461006964,248,0.27533795864320987,275.33795864320984
238,120,-118.99999999999994,206.1140461006964,256,0.27771046115174725,277.71046115174727
238,120,-118.99999999999994,206.1140461006964,264,0.2814964221802615,281.4964221802615
238,120,-118.99999999999994,206.1140461006964,272,0.28381892734288433,283.8189273428843
238,120,-118.99999999999994,206.1140461006964,280,0.2787674424132941,278.7674424132941
238,120,-118.99999999999994,206.1140461006964,288,0.27527609238449596,275.27609238449594
238,120,-118.99999999999994,206.1140461006964,296,0.2744418002222532,274.44180022225316
238,120,-118.99999999999994,206.1140461006964,304,0.2756010773602971,275.6010773602971
238,120,-118.99999999999994,206.1140461006964,312,0.27641695602668054,276.41695602668057
238,120,-118.99999999999994,206.1140461006964,320,0.28021949354934617,280.21949354934617
238,120,-118.99999999999994,206.1140461006964,328,0.28336480514717366,283.3648051471737
238,120,-118.99999999999994,206.1140461006964,336,0.28193213930217853,281.93213930217854
238,120,-118.99999999999994,206.1140461006964,344,0.27696075896353545,276.96075896353545
238,120,-118.99999999999994,206.1140461006964,352,0.27505804611408524,275.05804611408524
238,120,-118.99999999999994,206.1140461006964,360,0.27517969799649666,275.17969799649666
238,125,-136.51119185154897,194.95818654078002,0,0.26161351915374037,261.61351915374036
238,125,-136.51119185154897,194.95818654078002,8,0.26150278372639085,261.5027837263909
238,125,-136.51119185154897,194.95818654078002,16,0.2653646873530944,265.3646873530944
238,125,-136.51119185154897,194.95818654078002,24,0.26996050874182687,269.96050874182686
238,125,-136.51119185154897,194.95818654078002,32,0.2673542580439173,267.3542580439173
238,125,-136.51119185154897,194.95818654078002,40,0.26194187404430286,261.94187404430284
238,125,-136.51119185154897,194.95818654078002,48,0.2594914051977643,259.4914051977643
238,125,-136.51119185154897,194.95818654078002,56,0.26020565033625076,260.20565033625076
238,125,-136.51119185154897,194.95818654078002,64,0.2603936263069534,260.3936263069534
238,125,-136.51119185154897,194.95818654078002,72,0.2623453804282974,262.3453804282974
238,125,-136.51119185154897,194.95818654078002,80,0.26737641632272313,267.3764163227231
238,125,-136.51119185154897,194.95818654078002,88,0.270236253072763,270.236253072763
238,125,-136.51119185154897,194.95818654078002,96,0.26401777991875247,264.01777991875247
238,125,-136.51119185154897,194.95818654078002,104,0.26008570078553794,260.08570078553794
238,125,-136.51119185154897,194.95818654078002,112,0.25975437613240804,259.754376132408
238,125,-136.51119185154897,194.95818654078002,120,0.2612608168040911,261.26081680409106
238,125,-136.51119185154897,194.95818654078002,128,0.26117411862292705,261.17411862292704
238,125,-136.51119185154897,194.95818654078002,136,0.26510635372438907,265.10635372438907
238,125,-136.51119185154897,194.95818654078002,144,0.2697233582478755,269.7233582478755
238,125,-136.51119185154897,194.95818654078002,152,0.2672596762741448,267.2596762741448
238,125,-136.51119185154897,194.95818654078002,160,0.2620006110106072,262.0006110106072
238,125,-136.51119185154897,194.95818654078002,168,0.25978546299657695,259.78546299657694
238,125,-136.51119185154897,194.95818654078002,176,0.2606721367505377,260.6721367505377
238,125,-136.51119185154897,194.95818654078002,184,0.26104618848903505,261.04618848903505
238,125,-136.51119185154897,194.95818654078002,192,0.26310632275104057,263.1063227510406
238,125,-136.51119185154897,194.95818654078002,200,0.26812300199557115,268.12300199557114
238,125,-136.51119185154897,194.95818654078002,208,0.27084396521267606,270.84396521267604
238,125,-136.51119185154897,194.95818654078002,216,0.26437046826359245,264.37046826359244
238,125,-136.51119185154897,194.95818654078002,224,0.26023851693391997,260.23851693392
238,125,-136.51119185154897,194.95818654078002,232,0.2596637037803304,259.66370378033037
238,125,-136.51119185154897,194.95818654078002,240,0.2609788843659656,260.9788843659656
238,125,-136.51119185154897,194.95818654078002,248,0.2607311229307454,260.7311229307454
238,125,-136.51119185154897,194.95818654078002,256,0.26465076606212856,264.6507660621286
238,125,-136.51119185154897,194.95818654078002,264,0.26927631776140976,269.27631776140976
238,125,-136.51119185154897,194.95818654078002,272,0.2668586205257536,266.8586205257536
238,125,-136.51119185154897,194.95818654078002,280,0.26168756154554595,261.687561545546
238,125,-136.51119185154897,194.95818654078002,288,0.2594449923481881,259.44499234818807
238,125,-136.51119185154897,194.95818654078002,296,0.26029400009605985,260.29400009605985
238,125,-136.51119185154897,194.95818654078002,304,0.2607099200770713,260.7099200770713
238,125,-136.51119185154897,194.95818654078002,312,0.2627620293208608,262.7620293208608
238,125,-136.51119185154897,194.95818654078002,320,0.2678625268038527,267.8625268038527
238,125,-136.51119185154897,194.95818654078002,328,0.27062566697997725,270.62566697997727
238,125,-136.51119185154897,194.95818654078002,336,0.2643128953693306,264.3128953693306
238,125,-136.51119185154897,194.95818654078002,344,0.26041957136911476,260.41957136911475
238,125,-136.51119185154897,194.95818654078002,352,0.260062402766986,260.062402766986
238,125,-136.51119185154897,194.95818654078002,360,0.2615974755703488,261.5974755703488
238,130,-152.98345110539637,182.31857746231677,0,0.24415569155326092,244.1556915532609
238,130,-152.98345110539637,182.31857746231677,8,0.2457113834338383,245.7113834338383
238,130,-152.98345110539637,182.31857746231677,16,0.2508682813377024,250.8682813377024
238,130,-152.98345110539637,182.31857746231677,24,0.2542191717075989,254.2191717075989
238,130,-152.98345110539637,182.31857746231677,32,0.24792953995991074,247.92953995991073
238,130,-152.98345110539637,182.31857746231677,40,0.24344190339669375,243.44190339669376
238,130,-152.98345110539637,182.31857746231677,48,0.24273575420999963,242.73575420999964
238,130,-152.98345110539637,182.31857746231677,56,0.2443297654533203,244.3297654533203
238,130,-152.98345110539637,182.31857746231677,64,0.24372502226467865,243.72502226467864
238,130,-152.98345110539637,182.31857746231677,72,0.24705746533599765,247.05746533599765
238,130,-152.98345110539637,182.31857746231677,80,0.2529291346869138,252.9291346869138
238,130,-152.98345110539637,182.31857746231677,88,0.2504888902655074,250.48889026550742
238,130,-152.98345110539637,182.31857746231677,96,0.24515769684740388,245.15769684740388
238,130,-152.98345110539637,182.31857746231677,104,0.24228773248209873,242.28773248209873
238,130,-152.98345110539637,182.31857746231677,112,0.2438285964051118,243.82859640511182
238,130,-152.98345110539637,182.31857746231677,120,0.2438535799864067,243.8535799864067
238,130,-152.98345110539637,182.31857746231677,128,0.24541712583737496,245.41712583737495
238,130,-152.98345110539637,182.31857746231677,136,0.25066182568891604,250.66182568891605
238,130,-152.98345110539637,182.31857746231677,144,0.25403841357327306,254.03841357327306
238,130,-152.98345110539637,182.31857746231677,152,0.24787029659079157,247.87029659079158
238,130,-152.98345110539637,182.31857746231677,160,0.2435245099937017,243.5245099937017
238,130,-152.98345110539637,182.31857746231677,168,0.24304835313646472,243.04835313646473
238,130,-152.98345110539637,182.31857746231677,176,0.2448110209155733,244.8110209155733
238,130,-152.98345110539637,182.31857746231677,184,0.24434185861434576,244.34185861434577
238,130,-152.98345110539637,182.31857746231677,192,0.24776991371881557,247.76991371881556
238,130,-152.98345110539637,182.31857746231677,200,0.2536102679096208,253.61026790962083
238,130,-152.98345110539637,182.31857746231677,208,0.2509991672365044,250.9991672365044
238,130,-152.98345110539637,182.31857746231677,216,0.2454178815924168,245.4178815924168
238,130,-152.98345110539637,182.31857746231677,224,0.24235559044030586,242.35559044030586
238,130,-152.98345110539637,182.31857746231677,232,0.2436857914283389,243.68579142833892
238,130,-152.98345110539637,182.31857746231677,240,0.24355465144615362,243.55465144615363
238,130,-152.98345110539637,182.31857746231677,248,0.2449849674125273,244.98496741252728
238,130,-152.98345110539637,182.31857746231677,256,0.2502161048038103,250.21610480381028
238,130,-152.98345110539637,182.31857746231677,264,0.25361482576079397,253.61482576079396
238,130,-152.98345110539637,182.31857746231677,272,0.24753235794128103,247.53235794128102
238,130,-152.98345110539637,182.31857746231677,280,0.24328215420989488,243.28215420989488
238,130,-152.98345110539637,182.31857746231677,288,0.24274885729169285,242.74885729169284
238,130,-152.98345110539637,182.31857746231677,296,0.24447161200709944,244.47161200709942
238,130,-152.98345110539637,182.31857746231677,304,0.2440490050899995,244.0490050899995
238,130,-152.98345110539637,182.31857746231677,312,0.24747241852779647,247.47241852779646
238,130,-152.98345110539637,182.31857746231677,320,0.25340515419125137,253.40515419125137
238,130,-152.98345110539637,182.31857746231677,328,0.2508277786291318,250.8277786291318
238,130,-152.98345110539637,182.31857746231677,336,0.24538228398489648,245.38228398489647
238,130,-152.98345110539637,182.31857746231677,344,0.24255421712061298,242.55421712061298
238,130,-152.98345110539637,182.31857746231677,352,0.24410193396982383,244.10193396982382
238,130,-152.98345110539637,182.31857746231677,360,0.24413977726284936,244.13977726284935
238,135,-168.2914139223983,168.29141392239833,0,0.2255030077821779,225.50300778217792
238,135,-168.2914139223983,168.29141392239833,8,0.22823231057693194,228.23231057693195
238,135,-168.2914139223983,168.29141392239833,16,0.234264432259205,234.26443225920502
238,135,-168.2914139223983,168.29141392239833,24,0.23269507514509605,232.69507514509604
238,135,-168.2914139223983,168.29141392239833,32,0.22741455205241756,227.41455205241755
238,135,-168.2914139223983,168.29141392239833,40,0.22373564956116013,223.73564956116013
238,135,-168.2914139223983,168.29141392239833,48,0.22506659947707308,225.06659947707308
238,135,-168.2914139223983,168.29141392239833,56,0.22490048352151443,224.90048352151442
238,135,-168.2914139223983,168.29141392239833,64,0.22584852081991594,225.84852081991593
238,135,-168.2914139223983,168.29141392239833,72,0.23058359838134593,230.58359838134592
238,135,-168.2914139223983,168.29141392239833,80,0.23436828615878202,234.368286158782
238,135,-168.2914139223983,168.29141392239833,88,0.22953827637448512,229.53827637448512
238,135,-168.2914139223983,168.29141392239833,96,0.22503693427625918,225.0369342762592
238,135,-168.2914139223983,168.29141392239833,104,0.22403902317628657,224.03902317628658
238,135,-168.2914139223983,168.29141392239833,112,0.2256427001893455,225.6427001893455
238,135,-168.2914139223983,168.29141392239833,120,0.22525145024368523,225.25145024368524
238,135,-168.2914139223983,168.29141392239833,128,0.22799050069856366,227.99050069856366
238,135,-168.2914139223983,168.29141392239833,136,0.2341113752336368,234.11137523363678
238,135,-168.2914139223983,168.29141392239833,144,0.23255797872028267,232.55797872028268
238,135,-168.2914139223983,168.29141392239833,152,0.2273738198041526,227.37381980415262
238,135,-168.2914139223983,168.29141392239833,160,0.2238418950522424,223.8418950522424
238,135,-168.2914139223983,168.29141392239833,168,0.22539822562997572,225.3982256299757
238,135,-168.2914139223983,168.29141392239833,176,0.22535093232720008,225.35093232720007
238,135,-168.2914139223983,168.29141392239833,184,0.2264295826836106,226.4295826836106
238,135,-168.2914139223983,168.29141392239833,192,0.23124878673217264,231.24878673217265
238,135,-168.2914139223983,168.29141392239833,200,0.2349733811303082,234.97338113030818
238,135,-168.2914139223983,168.29141392239833,208,0.22995650701669562,229.9565070166956
238,135,-168.2914139223983,168.29141392239833,216,0.22520622016421632,225.20622016421632
238,135,-168.2914139223983,168.29141392239833,224,0.22405698345359673,224.05698345359673
238,135,-168.2914139223983,168.29141392239833,232,0.22545700036628818,225.45700036628818
238,135,-168.2914139223983,168.29141392239833,240,0.22493920968374065,224.93920968374064
238,135,-168.2914139223983,168.29141392239833,248,0.22755045599586504,227.55045599586504
238,135,-168.2914139223983,168.29141392239833,256,0.23367551629901764,233.67551629901763
238,135,-168.2914139223983,168.29141392239833,264,0.23218769534018105,232.18769534018105
238,135,-168.2914139223983,168.29141392239833,272,0.22711147135711807,227.11147135711806
238,135,-168.2914139223983,168.29141392239833,280,0.22366820853431182,223.66820853431182
238,135,-168.2914139223983,168.29141392239833,288,0.2251283619602895,225.1283619602895
238,135,-168.2914139223983,168.29141392239833,296,0.22506641877963368,225.0664187796337
238,135,-168.2914139223983,168.29141392239833,304,0.22618229558398478,226.1822955839848
238,135,-168.2914139223983,168.29141392239833,312,0.23100418646015997,231.00418646015996
238,135,-168.2914139223983,168.29141392239833,320,0.23481925437745643,234.81925437745645
238,135,-168.2914139223983,168.29141392239833,328,0.22981591495514087,229.81591495514087
238,135,-168.2914139223983,168.29141392239833,336,0.22518833190265525,225.18833190265525
238,135,-168.2914139223983,168.29141392239833,344,0.22427198855303337,224.27198855303337
238,135,-168.2914139223983,168.29141392239833,352,0.2258740410343907,225.8740410343907
238,135,-168.2914139223983,168.29141392239833,360,0.2254875111893626,225.4875111893626
238,140,-182.31857746231674,152.9834511053964,0,0.20559648947860612,205.59648947860612
238,140,-182.31857746231674,152.9834511053964,8,0.2096569106714913,209.65691067149132
238,140,-182.31857746231674,152.9834511053964,16,0.2128607335209058,212.8607335209058
238,140,-182.31857746231674,152.9834511053964,24,0.21014596820268497,210.14596820268497
238,140,-182.31857746231674,152.9834511053964,32,0.20570312384632217,205.70312384632217
238,140,-182.31857746231674,152.9834511053964,40,0.20409995085289956,204.09995085289955
238,140,-182.31857746231674,152.9834511053964,48,0.2045208839532091,204.5208839532091
238,140,-182.31857746231674,152.9834511053964,56,0.2044483578240957,204.4483578240957
238,140,-182.31857746231674,152.9834511053964,64,0.206511010393026,206.511010393026
238,140,-182.31857746231674,152.9834511053964,72,0.21214144442912575,212.14144442912576
238,140,-182.31857746231674,152.9834511053964,80,0.2113822191881491,211.3822191881491
238,140,-182.31857746231674,152.9834511053964,88,0.20763152481303207,207.63152481303206
238,140,-182.31857746231674,152.9834511053964,96,0.20408406200950205,204.08406200950205
238,140,-182.31857746231674,152.9834511053964,104,0.2048568366922975,204.85683669229752
238,140,-182.31857746231674,152.9834511053964,112,0.20442973408185589,204.42973408185588
238,140,-182.31857746231674,152.9834511053964,120,0.20539807846187988,205.3980784618799
238,140,-182.31857746231674,152.9834511053964,128,0.20946765704117976,209.46765704117976
238,140,-182.31857746231674,152.9834511053964,136,0.21275571769193885,212.75571769193886
238,140,-182.31857746231674,152.9834511053964,144,0.2100372457316705,210.0372457316705
238,140,-182.31857746231674,152.9834511053964,152,0.20567947929927666,205.67947929927666
238,140,-182.31857746231674,152.9834511053964,160,0.20423017288873674,204.23017288873675
238,140,-182.31857746231674,152.9834511053964,168,0.20484788673910384,204.84788673910384
238,140,-182.31857746231674,152.9834511053964,176,0.20486688761337063,204.86688761337064
238,140,-182.31857746231674,152.9834511053964,184,0.2070590128370118,207.0590128370118
238,140,-182.31857746231674,152.9834511053964,192,0.2127486262614927,212.74862626149272
238,140,-182.31857746231674,152.9834511053964,200,0.2118980756168897,211.89807561688968
238,140,-182.31857746231674,152.9834511053964,208,0.20796263286660532,207.96263286660533
238,140,-182.31857746231674,152.9834511053964,216,0.20417577574950385,204.17577574950386
238,140,-182.31857746231674,152.9834511053964,224,0.20483196545629834,204.83196545629835
238,140,-182.31857746231674,152.9834511053964,232,0.20421748543790244,204.21748543790244
238,140,-182.31857746231674,152.9834511053964,240,0.20506809292632236,205.06809292632235
238,140,-182.31857746231674,152.9834511053964,248,0.20901977183692044,209.01977183692046
238,140,-182.31857746231674,152.9834511053964,256,0.21234840702727859,212.3484070272786
238,140,-182.31857746231674,152.9834511053964,264,0.20973254935742838,209.73254935742838
238,140,-182.31857746231674,152.9834511053964,272,0.2054933461285885,205.49334612858848
238,140,-182.31857746231674,152.9834511053964,280,0.2040762413364428,204.07624133644282
238,140,-182.31857746231674,152.9834511053964,288,0.2046186404432065,204.6186404432065
238,140,-182.31857746231674,152.9834511053964,296,0.20463631108470007,204.63631108470005
238,140,-182.31857746231674,152.9834511053964,304,0.20686684921266596,206.86684921266595
238,140,-182.31857746231674,152.9834511053964,312,0.2125508335246264,212.5508335246264
238,140,-182.31857746231674,152.9834511053964,320,0.21177893107154214,211.77893107154213
238,140,-182.31857746231674,152.9834511053964,328,0.20783697643343707,207.83697643343706
238,140,-182.31857746231674,152.9834511053964,336,0.20417507689603212,204.17507689603212
238,140,-182.31857746231674,152.9834511053964,344,0.20506281034104595,205.06281034104595
238,140,-182.31857746231674,152.9834511053964,352,0.20460564548527205,204.60564548527205
238,140,-182.31857746231674,152.9834511053964,360,0.20558161154611104,205.58161154611105
238,145,-194.95818654078008,136.51119185154894,0,0.1844790107841169,184.47901078411692
238,145,-194.95818654078008,136.51119185154894,8,0.18949896081398632,189.49896081398632
238,145,-194.95818654078008,136.51119185154894,16,0.1883832980898002,188.3832980898002
238,145,-194.95818654078008,136.51119185154894,24,0.18674363393548155,186.74363393548154
238,145,-194.95818654078008,136.51119185154894,32,0.18360897860923936,183.60897860923936
238,145,-194.95818654078008,136.51119185154894,40,0.18346959967639623,183.46959967639623
238,145,-194.95818654078008,136.51119185154894,48,0.18160151568813732,181.6015156881373
238,145,-194.95818654078008,136.51119185154894,56,0.18272723808632674,182.72723808632674
238,145,-194.95818654078008,136.51119185154894,64,0.1861946631349887,186.1946631349887
238,145,-194.95818654078008,136.51119185154894,72,0.18832349955225408,188.32349955225408
238,145,-194.95818654078008,136.51119185154894,80,0.1875820362863201,187.5820362863201
238,145,-194.95818654078008,136.51119185154894,88,0.18463060985383667,184.63060985383666
238,145,-194.95818654078008,136.51119185154894,96,0.1831609460839189,183.1609460839189
238,145,-194.95818654078008,136.51119185154894,104,0.1821122847300594,182.1122847300594
238,145,-194.95818654078008,136.51119185154894,112,0.18228648694161345,182.28648694161345
238,145,-194.95818654078008,136.51119185154894,120,0.18433693179198585,184.33693179198585
238,145,-194.95818654078008,136.51119185154894,128,0.1893541281463317,189.3541281463317
238,145,-194.95818654078008,136.51119185154894,136,0.18831144268779557,188.31144268779556
238,145,-194.95818654078008,136.51119185154894,144,0.18665051641322586,186.65051641322586
238,145,-194.95818654078008,136.51119185154894,152,0.18360140986857626,183.60140986857627
238,145,-194.95818654078008,136.51119185154894,160,0.18362314684421804,183.62314684421804
238,145,-194.95818654078008,136.51119185154894,168,0.18190474577467514,181.90474577467515
238,145,-194.95818654078008,136.51119185154894,176,0.18311891295584362,183.11891295584363
238,145,-194.95818654078008,136.51119185154894,184,0.18670546761542528,186.70546761542528
238,145,-194.95818654078008,136.51119185154894,192,0.18885344961574702,188.85344961574702
238,145,-194.95818654078008,136.51119185154894,200,0.1880112540534789,188.0112540534789
238,145,-194.95818654078008,136.51119185154894,208,0.18487567698329102,184.87567698329102
238,145,-194.95818654078008,136.51119185154894,216,0.1832157305197739,183.2157305197739
238,145,-194.95818654078008,136.51119185154894,224,0.1820628103556567,182.0628103556567
238,145,-194.95818654078008,136.51119185154894,232,0.18204974042412128,182.04974042412127
238,145,-194.95818654078008,136.51119185154894,240,0.18398200434993486,183.98200434993487
238,145,-194.95818654078008,136.51119185154894,248,0.18891744077691175,188.91744077691175
238,145,-194.95818654078008,136.51119185154894,256,0.18795604069426214,187.95604069426213
238,145,-194.95818654078008,136.51119185154894,264,0.18642109887130243,186.42109887130243
238,145,-194.95818654078008,136.51119185154894,272,0.18346734682503246,183.46734682503245
238,145,-194.95818654078008,136.51119185154894,280,0.18348988500424313,183.48988500424312
238,145,-194.95818654078008,136.51119185154894,288,0.18172467577879042,181.7246757787904
238,145,-194.95818654078008,136.51119185154894,296,0.18294171769751882,182.9417176975188
238,145,-194.95818654078008,136.51119185154894,304,0.18656215005092505,186.56215005092506
238,145,-194.95818654078008,136.51119185154894,312,0.18870299194717305,188.70299194717305
238,145,-194.95818654078008,136.51119185154894,320,0.18791119723289088,187.91119723289088
238,145,-194.95818654078008,136.51119185154894,328,0.18476398644477027,184.76398644477027
238,145,-194.95818654078008,136.51119185154894,336,0.18323220345513658,183.23220345513658
238,145,-194.95818654078008,136.51119185154894,344,0.1822803868642903,182.2803868642903
238,145,-194.95818654078008,136.51119185154894,352,0.18240773456271434,182.40773456271432
238,145,-194.95818654078008,136.51119185154894,360,0.18446490932540152,184.46490932540152
238,150,-206.1140461006964,118.99999999999999,0,0.16269820243352456,162.69820243352456
238,150,-206.1140461006964,118.99999999999999,8,0.16357126086301155,163.57126086301156
238,150,-206.1140461006964,118.99999999999999,16,0.1633510810100314,163.3510810100314
238,150,-206.1140461006964,118.99999999999999,24,0.1623716500440926,162.3716500440926
238,150,-206.1140461006964,118.99999999999999,32,0.16146579180151563,161.46579180151562
238,150,-206.1140461006964,118.99999999999999,40,0.15861302572321526,158.61302572321526
238,150,-206.1140461006964,118.99999999999999,48,0.15784406577968216,157.84406577968215
238,150,-206.1140461006964,118.99999999999999,56,0.16006897226218017,160.06897226218018
238,150,-206.1140461006964,118.99999999999999,64,0.1638757629030293,163.8757629030293
238,150,-206.1140461006964,118.99999999999999,72,0.16263919667352547,162.63919667352548
238,150,-206.1140461006964,118.99999999999999,80,0.16300310585078848,163.00310585078847
238,150,-206.1140461006964,118.99999999999999,88,0.1616908304534505,161.6908304534505
238,150,-206.1140461006964,118.99999999999999,96,0.16075693283696899,160.75693283696899
238,150,-206.1140461006964,118.99999999999999,104,0.15769211331334354,157.69211331334355
238,150,-206.1140461006964,118.99999999999999,112,0.15892456024488055,158.92456024488055
238,150,-206.1140461006964,118.99999999999999,120,0.16260039517345448,162.60039517345447
238,150,-206.1140461006964,118.99999999999999,128,0.16347040450233585,163.47040450233584
238,150,-206.1140461006964,118.99999999999999,136,0.16329473314681434,163.29473314681434
238,150,-206.1140461006964,118.99999999999999,144,0.1622931757723277,162.29317577232771
238,150,-206.1140461006964,118.99999999999999,152,0.16147319703122717,161.47319703122716
238,150,-206.1140461006964,118.99999999999999,160,0.15875859825392846,158.75859825392845
238,150,-206.1140461006964,118.99999999999999,168,0.15812248696095835,158.12248696095835
238,150,-206.1140461006964,118.99999999999999,176,0.16043745891679256,160.43745891679256
238,150,-206.1140461006964,118.99999999999999,184,0.16433416506582743,164.33416506582742
238,150,-206.1140461006964,118.99999999999999,192,0.16308652304825194,163.08652304825193
238,150,-206.1140461006964,118.99999999999999,200,0.1633479136407275,163.3479136407275
238,150,-206.1140461006964,118.99999999999999,208,0.1618859898748041,161.8859898748041
238,150,-206.1140461006964,118.99999999999999,216,0.1607775760553404,160.7775760553404
238,150,-206.1140461006964,118.99999999999999,224,0.15762478871304966,157.62478871304967
238,150,-206.1140461006964,118.99999999999999,232,0.15865958296707272,158.6595829670727
238,150,-206.1140461006964,118.99999999999999,240,0.16224008344607846,162.24008344607847
238,150,-206.1140461006964,118.99999999999999,248,0.1630677993517574,163.06779935175737
238,150,-206.1140461006964,118.99999999999999,256,0.1630062197229608,163.00621972296082
238,150,-206.1140461006964,118.99999999999999,264,0.16213906158612232,162.13906158612232
238,150,-206.1140461006964,118.99999999999999,272,0.16136062952169594,161.36062952169596
238,150,-206.1140461006964,118.99999999999999,280,0.15865415319513615,158.65415319513616
238,150,-206.1140461006964,118.99999999999999,288,0.15799126589438608,157.9912658943861
238,150,-206.1140461006964,118.99999999999999,296,0.16031172392977322,160.31172392977322
238,150,-206.1140461006964,118.99999999999999,304,0.16423149495633768,164.23149495633768
238,150,-206.1140461006964,118.99999999999999,312,0.16297800814143618,162.97800814143616
238,150,-206.1140461006964,118.99999999999999,320,0.16325732567899387,163.25732567899388
238,150,-206.1140461006964,118.99999999999999,328,0.16178638423942143,161.78638423942144
238,150,-206.1140461006964,118.99999999999999,336,0.16080747257328964,160.80747257328966
238,150,-206.1140461006964,118.99999999999999,344,0.15781881287215294,157.81881287215293
238,150,-206.1140461006964,118.99999999999999,352,0.15899537632995536,158.99537632995535
238,150,-206.1140461006964,118.99999999999999,360,0.16268533178438804,162.68533178438804
238,155,-215.7012533147227,100.58314629428648,0,0.138388999599525,138.388999599525
238,155,-215.7012533147227,100.58314629428648,8,0.1368487531348649,136.8487531348649
238,155,-215.7012533147227,100.58314629428648,16,0.13759158819523534,137.59158819523535
238,155,-215.7012533147227,100.58314629428648,24,0.13864901468968516,138.64901468968515
238,155,-215.7012533147227,100.58314629428648,32,0.13724415504860016,137.24415504860016
238,155,-215.7012533147227,100.58314629428648,40,0.13286308194608015,132.86308194608014
238,155,-215.7012533147227,100.58314629428648,48,0.13301098928321375,133.01098928321375
238,155,-215.7012533147227,100.58314629428648,56,0.1372301000286656,137.2301000286656
238,155,-215.7012533147227,100.58314629428648,64,0.13705474430931092,137.0547443093109
238,155,-215.7012533147227,100.58314629428648,72,0.13671565322511806,136.71565322511805
238,155,-215.7012533147227,100.58314629428648,80,0.1376496677186784,137.6496677186784
238,155,-215.7012533147227,100.58314629428648,88,0.13852820984842942,138.5282098484294
238,155,-215.7012533147227,100.58314629428648,96,0.13463067362556208,134.63067362556208
238,155,-215.7012533147227,100.58314629428648,104,0.1324899707103164,132.4899707103164
238,155,-215.7012533147227,100.58314629428648,112,0.13490837147100898,134.908371471009
238,155,-215.7012533147227,100.58314629428648,120,0.13832916893782857,138.32916893782857
238,155,-215.7012533147227,100.58314629428648,128,0.13678603251201152,136.78603251201153
238,155,-215.7012533147227,100.58314629428648,136,0.13754487170521226,137.54487170521227
238,155,-215.7012533147227,100.58314629428648,144,0.13858561398041275,138.58561398041275
238,155,-215.7012533147227,100.58314629428648,152,0.1372631495626952,137.2631495626952
238,155,-215.7012533147227,100.58314629428648,160,0.13299770940400166,132.99770940400165
238,155,-215.7012533147227,100.58314629428648,168,0.13327305080824128,133.2730508082413
238,155,-215.7012533147227,100.58314629428648,176,0.137566265370765,137.566265370765
238,155,-215.7012533147227,100.58314629428648,184,0.13744315828545428,137.44315828545427
238,155,-215.7012533147227,100.58314629428648,192,0.13708169381145502,137.081693811455
238,155,-215.7012533147227,100.58314629428648,200,0.13791300542744434,137.91300542744435
238,155,-215.7012533147227,100.58314629428648,208,0.13869388373634414,138.69388373634413
238,155,-215.7012533147227,100.58314629428648,216,0.13463135288622452,134.63135288622453
238,155,-215.7012533147227,100.58314629428648,224,0.13240514288143387,132.40514288143387
238,155,-215.7012533147227,100.58314629428648,232,0.13461629913763035,134.61629913763034
238,155,-215.7012533147227,100.58314629428648,240,0.1379835228834903,137.9835228834903
238,155,-215.7012533147227,100.58314629428648,248,0.1364254253957683,136.4254253957683
238,155,-215.7012533147227,100.58314629428648,256,0.13732766000886176,137.32766000886176
238,155,-215.7012533147227,100.58314629428648,264,0.13845759118196377,138.45759118196378
238,155,-215.7012533147227,100.58314629428648,272,0.13717078359557688,137.1707835955769
238,155,-215.7012533147227,100.58314629428648,280,0.1329231533163362,132.9231533163362
238,155,-215.7012533147227,100.58314629428648,288,0.13318514939017712,133.18514939017712
238,155,-215.7012533147227,100.58314629428648,296,0.13747623540196732,137.47623540196733
238,155,-215.7012533147227,100.58314629428648,304,0.13738236357105377,137.38236357105376
238,155,-215.7012533147227,100.58314629428648,312,0.1369966139997108,136.9966139997108
238,155,-215.7012533147227,100.58314629428648,320,0.1378305883746407,137.8305883746407
238,155,-215.7012533147227,100.58314629428648,328,0.13860476660548798,138.60476660548798
238,155,-215.7012533147227,100.58314629428648,336,0.1346601635189843,134.6601635189843
238,155,-215.7012533147227,100.58314629428648,344,0.13257613749104927,132.57613749104928
238,155,-215.7012533147227,100.58314629428648,352,0.13493153484704493,134.93153484704493
238,155,-215.7012533147227,100.58314629428648,360,0.13837758064656147,138.37758064656148
238,160,-223.64684374704618,81.4007941115092,0,0.11068948324657246,110.68948324657246
238,160,-223.64684374704618,81.4007941115092,8,0.10992418263137023,109.92418263137023
238,160,-223.64684374704618,81.4007941115092,16,0.11162499930442366,111.62499930442365
238,160,-223.64684374704618,81.4007941115092,24,0.11454970456007786,114.54970456007786
238,160,-223.64684374704618,81.4007941115092,32,0.11009810584427678,110.09810584427677
238,160,-223.64684374704618,81.4007941115092,40,0.10644873234513272,106.44873234513271
238,160,-223.64684374704618,81.4007941115092,48,0.10796537544278392,107.96537544278392
238,160,-223.64684374704618,81.4007941115092,56,0.11127993688753701,111.27993688753702
238,160,-223.64684374704618,81.4007941115092,64,0.10966616093256515,109.66616093256515
238,160,-223.64684374704618,81.4007941115092,72,0.11008556388498093,110.08556388498093
238,160,-223.64684374704618,81.4007941115092,80,0.11340297310450112,113.40297310450111
238,160,-223.64684374704618,81.4007941115092,88,0.1126911538670965,112.69115386709649
238,160,-223.64684374704618,81.4007941115092,96,0.10784651307497331,107.84651307497332
238,160,-223.64684374704618,81.4007941115092,104,0.1065383100957042,106.5383100957042
238,160,-223.64684374704618,81.4007941115092,112,0.11126491630435038,111.26491630435038
238,160,-223.64684374704618,81.4007941115092,120,0.11067034374129828,110.67034374129828
238,160,-223.64684374704618,81.4007941115092,128,0.10988319309525191,109.88319309525191
238,160,-223.64684374704618,81.4007941115092,136,0.11158659744686268,111.58659744686268
238,160,-223.64684374704618,81.4007941115092,144,0.11450042757066126,114.50042757066126
238,160,-223.64684374704618,81.4007941115092,152,0.11012365283510966,110.12365283510967
238,160,-223.64684374704618,81.4007941115092,160,0.10657265668518812,106.57265668518812
238,160,-223.64684374704618,81.4007941115092,168,0.10820895454401143,108.20895454401143
238,160,-223.64684374704618,81.4007941115092,176,0.11156932062160818,111.56932062160818
238,160,-223.64684374704618,81.4007941115092,184,0.10998216874024482,109.98216874024482
238,160,-223.64684374704618,81.4007941115092,192,0.1103716936926062,110.3716936926062
238,160,-223.64684374704618,81.4007941115092,200,0.11363977988158466,113.63977988158466
238,160,-223.64684374704618,81.4007941115092,208,0.11283028644121186,112.83028644121185
238,160,-223.64684374704618,81.4007941115092,216,0.1078283348966037,107.8283348966037
238,160,-223.64684374704618,81.4007941115092,224,0.10643326431565214,106.43326431565214
238,160,-223.64684374704618,81.4007941115092,232,0.11097454815073954,110.97454815073954
238,160,-223.64684374704618,81.4007941115092,240,0.1103491448260259,110.34914482602589
238,160,-223.64684374704618,81.4007941115092,248,0.1095814512146116,109.5814512146116
238,160,-223.64684374704618,81.4007941115092,256,0.11142806873097023,111.42806873097024
238,160,-223.64684374704618,81.4007941115092,264,0.1143900448910874,114.3900448910874
238,160,-223.64684374704618,81.4007941115092,272,0.11004789526654768,110.04789526654768
238,160,-223.64684374704618,81.4007941115092,280,0.10652840301583007,106.52840301583007
238,160,-223.64684374704618,81.4007941115092,288,0.10816134671567348,108.16134671567349
238,160,-223.64684374704618,81.4007941115092,296,0.11151487019549847,111.51487019549846
238,160,-223.64684374704618,81.4007941115092,304,0.10995768038212203,109.95768038212204
238,160,-223.64684374704618,81.4007941115092,312,0.11030885375785465,110.30885375785465
238,160,-223.64684374704618,81.4007941115092,320,0.11356395522208414,113.56395522208413
238,160,-223.64684374704618,81.4007941115092,328,0.11275339170245392,112.75339170245392
238,160,-223.64684374704618,81.4007941115092,336,0.10785422243358792,107.85422243358792
238,160,-223.64684374704618,81.4007941115092,344,0.10658737181191692,106.58737181191692
238,160,-223.64684374704618,81.4007941115092,352,0.11125881857388734,111.25881857388734
238,160,-223.64684374704618,81.4007941115092,360,0.11067952388996516,110.67952388996515
238,165,-229.89034665679824,61.5989327344,0,0.0826552844802014,82.6552844802014
238,165,-229.89034665679824,61.5989327344,8,0.08242312584822697,82.42312584822697
238,165,-229.89034665679824,61.5989327344,16,0.08669143522849501,86.69143522849501
238,165,-229.89034665679824,61.5989327344,24,0.08722036588283912,87.22036588283912
238,165,-229.89034665679824,61.5989327344,32,0.0824366761349333,82.43667613493331
238,165,-229.89034665679824,61.5989327344,40,0.07955993466355987,79.55993466355987
238,165,-229.89034665679824,61.5989327344,48,0.08343149673229872,83.43149673229871
238,165,-229.89034665679824,61.5989327344,56,0.08298915609402907,82.98915609402907
238,165,-229.89034665679824,61.5989327344,64,0.08206499985301029,82.06499985301029
238,165,-229.89034665679824,61.5989327344,72,0.08385036964362211,83.8503696436221
238,165,-229.89034665679824,61.5989327344,80,0.08862773534345081,88.62773534345081
238,165,-229.89034665679824,61.5989327344,88,0.08475922221756922,84.75922221756922
238,165,-229.89034665679824,61.5989327344,96,0.08052355890695384,80.52355890695384
238,165,-229.89034665679824,61.5989327344,104,0.08083762162015806,80.83762162015806
238,165,-229.89034665679824,61.5989327344,112,0.08384290972716085,83.84290972716086
238,165,-229.89034665679824,61.5989327344,120,0.08267240947496735,82.67240947496734
238,165,-229.89034665679824,61.5989327344,128,0.08240332052186035,82.40332052186035
238,165,-229.89034665679824,61.5989327344,136,0.08665968424118309,86.65968424118309
238,165,-229.89034665679824,61.5989327344,144,0.08719318521106974,87.19318521106973
238,165,-229.89034665679824,61.5989327344,152,0.08246703204851297,82.46703204851296
238,165,-229.89034665679824,61.5989327344,160,0.07967435258166278,79.67435258166277
238,165,-229.89034665679824,61.5989327344,168,0.08364810941893326,83.64810941893326
238,165,-229.89034665679824,61.5989327344,176,0.08322269216670339,83.22269216670338
238,165,-229.89034665679824,61.5989327344,184,0.08230690804013605,82.30690804013605
238,165,-229.89034665679824,61.5989327344,192,0.08408289438868155,84.08289438868155
238,165,-229.89034665679824,61.5989327344,200,0.0888377704710527,88.83777047105269
238,165,-229.89034665679824,61.5989327344,208,0.08487442833260558,84.87442833260559
238,165,-229.89034665679824,61.5989327344,216,0.0804854658933938,80.4854658933938
238,165,-229.89034665679824,61.5989327344,224,0.0807191440878344,80.7191440878344
238,165,-229.89034665679824,61.5989327344,232,0.08356572867146708,83.56572867146708
238,165,-229.89034665679824,61.5989327344,240,0.08238531719894888,82.38531719894888
238,165,-229.89034665679824,61.5989327344,248,0.08215973222238677,82.15973222238678
238,165,-229.89034665679824,61.5989327344,256,0.08651909995180973,86.51909995180974
238,165,-229.89034665679824,61.5989327344,264,0.08709048545455313,87.09048545455313
238,165,-229.89034665679824,61.5989327344,272,0.0824087494734216,82.4087494734216
238,165,-229.89034665679824,61.5989327344,280,0.07966042401358547,79.66042401358547
238,165,-229.89034665679824,61.5989327344,288,0.08363238304158363,83.63238304158364
238,165,-229.89034665679824,61.5989327344,296,0.08320811691189307,83.20811691189307
238,165,-229.89034665679824,61.5989327344,304,0.08230951376510445,82.30951376510446
238,165,-229.89034665679824,61.5989327344,312,0.08404107421876611,84.04107421876611
238,165,-229.89034665679824,61.5989327344,320,0.08876714490963496,88.76714490963495
238,165,-229.89034665679824,61.5989327344,328,0.08481084766710223,84.81084766710222
238,165,-229.89034665679824,61.5989327344,336,0.08050732921384482,80.50732921384481
238,165,-229.89034665679824,61.5989327344,344,0.08085295992243702,80.85295992243702
238,165,-229.89034665679824,61.5989327344,352,0.08380353718773283,83.80353718773283
238,165,-229.89034665679824,61.5989327344,360,0.08264713926152992,82.64713926152992
238,170,-234.3842452169055,41.32826628472941,0,0.054391133997933036,54.39113399793304
238,170,-234.3842452169055,41.32826628472941,8,0.05603336199666387,56.03336199666387
238,170,-234.3842452169055,41.32826628472941,16,0.06081338634090406,60.81338634090406
238,170,-234.3842452169055,41.32826628472941,24,0.05865943838316372,58.65943838316372
238,170,-234.3842452169055,41.32826628472941,32,0.054358563254505506,54.358563254505505
238,170,-234.3842452169055,41.32826628472941,40,0.0534343269096271,53.4343269096271
238,170,-234.3842452169055,41.32826628472941,48,0.05495474273925534,54.95474273925534
238,170,-234.3842452169055,41.32826628472941,56,0.05460166026356698,54.60166026356698
238,170,-234.3842452169055,41.32826628472941,64,0.05402552752614641,54.025527526146405
238,170,-234.3842452169055,41.32826628472941,72,0.058441167789262324,58.44116778926232
238,170,-234.3842452169055,41.32826628472941,80,0.06010036858586396,60.10036858586396
238,170,-234.3842452169055,41.32826628472941,88,0.056457979081699264,56.457979081699264
238,170,-234.3842452169055,41.32826628472941,96,0.052936062756741266,52.936062756741265
238,170,-234.3842452169055,41.32826628472941,104,0.05498915804327405,54.989158043274045
238,170,-234.3842452169055,41.32826628472941,112,0.05506964262639173,55.06964262639173
238,170,-234.3842452169055,41.32826628472941,120,0.05444081832815936,54.44081832815936
238,170,-234.3842452169055,41.32826628472941,128,0.05603135321230228,56.03135321230228
238,170,-234.3842452169055,41.32826628472941,136,0.06079350606135712,60.79350606135712
238,170,-234.3842452169055,41.32826628472941,144,0.05865605129809946,58.65605129809946
238,170,-234.3842452169055,41.32826628472941,152,0.054392172065986844,54.39217206598684
238,170,-234.3842452169055,41.32826628472941,160,0.05353478885975485,53.53478885975485
238,170,-234.3842452169055,41.32826628472941,168,0.05512819531009628,55.12819531009628
238,170,-234.3842452169055,41.32826628472941,176,0.05477199651626905,54.77199651626905
238,170,-234.3842452169055,41.32826628472941,184,0.05419497856407547,54.19497856407547
238,170,-234.3842452169055,41.32826628472941,192,0.05865294732247574,58.65294732247574
238,170,-234.3842452169055,41.32826628472941,200,0.060276590878410724,60.27659087841072
238,170,-234.3842452169055,41.32826628472941,208,0.05654987546863086,56.549875468630866
238,170,-234.3842452169055,41.32826628472941,216,0.0528781133743534,52.8781133743534
238,170,-234.3842452169055,41.32826628472941,224,0.05486667678037277,54.86667678037277
238,170,-234.3842452169055,41.32826628472941,232,0.0548080591350334,54.8080591350334
238,170,-234.3842452169055,41.32826628472941,240,0.054194333594525884,54.19433359452589
238,170,-234.3842452169055,41.32826628472941,248,0.05581332129010694,55.813321290106934
238,170,-234.3842452169055,41.32826628472941,256,0.0606685479758451,60.6685479758451
238,170,-234.3842452169055,41.32826628472941,264,0.05855852540908073,58.55852540908073
238,170,-234.3842452169055,41.32826628472941,272,0.05435452965189464,54.354529651894644
238,170,-234.3842452169055,41.32826628472941,280,0.05354940468256662,53.549404682566625
238,170,-234.3842452169055,41.32826628472941,288,0.055151862105441804,55.1518621054418
238,170,-234.3842452169055,41.32826628472941,296,0.054796493432564215,54.79649343256421
238,170,-234.3842452169055,41.32826628472941,304,0.05422394839645052,54.22394839645052
238,170,-234.3842452169055,41.32826628472941,312,0.058630685864238266,58.630685864238266
238,170,-234.3842452169055,41.32826628472941,320,0.060237530991381794,60.237530991381796
238,170,-234.3842452169055,41.32826628472941,328,0.0564984253109639,56.498425310963896
238,170,-234.3842452169055,41.32826628472941,336,0.052894675075826764,52.89467507582676
238,170,-234.3842452169055,41.32826628472941,344,0.05497331910909055,54.973319109090546
238,170,-234.3842452169055,41.32826628472941,352,0.0549949473150317,54.994947315031695
238,170,-234.3842452169055,41.32826628472941,360,0.0543851052112055,54.3851052112055
238,175,-237.09433814583545,20.74306677394265,0,0.025911202503116598,25.9112025031166
238,175,-237.09433814583545,20.74306677394265,8,0.0302640969469562,30.2640969469562
238,175,-237.09433814583545,20.74306677394265,16,0.0318686259923357,31.868625992335698
238,175,-237.09433814583545,20.74306677394265,24,0.02986011544188379,29.86011544188379
238,175,-237.09433814583545,20.74306677394265,32,0.026215682903093816,26.215682903093814
238,175,-237.09433814583545,20.74306677394265,40,0.026537935966319683,26.537935966319683
238,175,-237.09433814583545,20.74306677394265,48,0.026000562709906937,26.000562709906937
238,175,-237.09433814583545,20.74306677394265,56,0.02597514462182015,25.97514462182015
238,175,-237.09433814583545,20.74306677394265,64,0.027815694208985345,27.815694208985345
238,175,-237.09433814583545,20.74306677394265,72,0.031613626560901616,31.613626560901615
238,175,-237.09433814583545,20.74306677394265,80,0.031203520584996928,31.203520584996927
238,175,-237.09433814583545,20.74306677394265,88,0.027877078732333117,27.877078732333118
238,175,-237.09433814583545,20.74306677394265,96,0.02668890322669116,26.68890322669116
238,175,-237.09433814583545,20.74306677394265,104,0.026216849492179926,26.216849492179925
238,175,-237.09433814583545,20.74306677394265,112,0.0263803115681943,26.3803115681943
238,175,-237.09433814583545,20.74306677394265,120,0.02599250720254072,25.99250720254072
238,175,-237.09433814583545,20.74306677394265,128,0.030277615101672418,30.277615101672417
238,175,-237.09433814583545,20.74306677394265,136,0.03189207671979302,31.89207671979302
238,175,-237.09433814583545,20.74306677394265,144,0.02987896172390503,29.87896172390503
238,175,-237.09433814583545,20.74306677394265,152,0.02625083775604406,26.25083775604406
238,175,-237.09433814583545,20.74306677394265,160,0.026618410205073724,26.618410205073722
238,175,-237.09433814583545,20.74306677394265,168,0.026127971233403036,26.127971233403038
238,175,-237.09433814583545,20.74306677394265,176,0.026080714223893745,26.080714223893747
238,175,-237.09433814583545,20.74306677394265,184,0.02796328931243296,27.96328931243296
238,175,-237.09433814583545,20.74306677394265,192,0.03179744116725162,31.79744116725162
238,175,-237.09433814583545,20.74306677394265,200,0.0313456441986527,31.345644198652696
238,175,-237.09433814583545,20.74306677394265,208,0.027943596851810963,27.943596851810963
238,175,-237.09433814583545,20.74306677394265,216,0.026618675913819695,26.618675913819693
238,175,-237.09433814583545,20.74306677394265,224,0.026092102478981544,26.092102478981545
238,175,-237.09433814583545,20.74306677394265,232,0.026141436794156182,26.14143679415618
238,175,-237.09433814583545,20.74306677394265,240,0.02578460351564076,25.784603515640757
238,175,-237.09433814583545,20.74306677394265,248,0.030067056945596127,30.06705694559613
238,175,-237.09433814583545,20.74306677394265,256,0.031765013223892836,31.765013223892836
238,175,-237.09433814583545,20.74306677394265,264,0.029788215005730687,29.788215005730688
238,175,-237.09433814583545,20.74306677394265,272,0.02623478318417736,26.23478318417736
238,175,-237.09433814583545,20.74306677394265,280,0.02666286366645692,26.662863666456918
238,175,-237.09433814583545,20.74306677394265,288,0.02619268803592688,26.19268803592688
238,175,-237.09433814583545,20.74306677394265,296,0.02614389905224493,26.14389905224493
238,175,-237.09433814583545,20.74306677394265,304,0.02800854091033367,28.00854091033367
238,175,-237.09433814583545,20.74306677394265,312,0.03180847970774729,31.808479707747292
238,175,-237.09433814583545,20.74306677394265,320,0.031338486017063884,31.338486017063882
238,175,-237.09433814583545,20.74306677394265,328,0.02790303090867681,27.90303090867681
238,175,-237.09433814583545,20.74306677394265,336,0.026624540046402596,26.624540046402597
238,175,-237.09433814583545,20.74306677394265,344,0.026163700567062454,26.163700567062453
238,175,-237.09433814583545,20.74306677394265,352,0.026266441085855064,26.266441085855064
238,175,-237.09433814583545,20.74306677394265,360,0.025907492072055036,25.907492072055035
238,180,-238.0,2.914659381970701e-14,0,-2.078358054643144e-05,-0.02078358054643144
238,180,-238.0,2.914659381970701e-14,8,0.002628445871882615,2.6284458718826147
238,180,-238.0,2.914659381970701e-14,16,0.002832833971207112,2.832833971207112
238,180,-238.0,2.914659381970701e-14,24,0.0009653015859109488,0.9653015859109488
238,180,-238.0,2.914659381970701e-14,32,0.00010502797815482162,0.10502797815482162
238,180,-238.0,2.914659381970701e-14,40,-0.002385022954817589,-2.3850229548175887
238,180,-238.0,2.914659381970701e-14,48,-0.0028891669779772715,-2.8891669779772715
238,180,-238.0,2.914659381970701e-14,56,-0.0021459196249930547,-2.1459196249930548
238,180,-238.0,2.914659381970701e-14,64,0.0019056850215189883,1.9056850215189882
238,180,-238.0,2.914659381970701e-14,72,0.002629196537280948,2.629196537280948
238,180,-238.0,2.914659381970701e-14,80,0.0021928780754366596,2.1928780754366595
238,180,-238.0,2.914659381970701e-14,88,-0.0001883779294764067,-0.1883779294764067
238,180,-238.0,2.914659381970701e-14,96,-0.0009351989400329686,-0.9351989400329687
238,180,-238.0,2.914659381970701e-14,104,-0.002825911816282114,-2.825911816282114
238,180,-238.0,2.914659381970701e-14,112,-0.002533274267639757,-2.533274267639757
238,180,-238.0,2.914659381970701e-14,120,7.560432208099607e-05,0.07560432208099607
238,180,-238.0,2.914659381970701e-14,128,0.002682060397199581,2.682060397199581
238,180,-238.0,2.914659381970701e-14,136,0.002899462807182591,2.8994628071825908
238,180,-238.0,2.914659381970701e-14,144,0.0010038447461917799,1.0038447461917799
238,180,-238.0,2.914659381970701e-14,152,0.00013630055494204146,0.13630055494204146
238,180,-238.0,2.914659381970701e-14,160,-0.002329585632887372,-2.329585632887372
238,180,-238.0,2.914659381970701e-14,168,-0.002816330438520655,-2.8163304385206547
238,180,-238.0,2.914659381970701e-14,176,-0.0020916039435619205,-2.0916039435619203
238,180,-238.0,2.914659381970701e-14,184,0.00204144801620032,2.04144801620032
238,180,-238.0,2.914659381970701e-14,192,0.0027722003761014254,2.7722003761014253
238,180,-238.0,2.914659381970701e-14,200,0.0023013991887844963,2.3013991887844965
238,180,-238.0,2.914659381970701e-14,208,-0.00014501322085262378,-0.14501322085262378
238,180,-238.0,2.914659381970701e-14,216,-0.0010166425688615463,-1.0166425688615464
238,180,-238.0,2.914659381970701e-14,224,-0.002950454942783739,-2.950454942783739
238,180,-238.0,2.914659381970701e-14,232,-0.0027493818464178394,-2.7493818464178394
238,180,-238.0,2.914659381970701e-14,240,-0.0001315650357214958,-0.1315650357214958
238,180,-238.0,2.914659381970701e-14,248,0.00246567923915773,2.4656792391577302
238,180,-238.0,2.914659381970701e-14,256,0.002770749545910011,2.770749545910011
238,180,-238.0,2.914659381970701e-14,264,0.0009233456559381419,0.9233456559381419
238,180,-238.0,2.914659381970701e-14,272,0.00014024556345603595,0.14024556345603595
238,180,-238.0,2.914659381970701e-14,280,-0.0022514098194631876,-2.2514098194631877
238,180,-238.0,2.914659381970701e-14,288,-0.0027063364832670593,-2.7063364832670596
238,180,-238.0,2.914659381970701e-14,296,-0.0019948228028842177,-1.9948228028842176
238,180,-238.0,2.914659381970701e-14,304,0.002100477993737193,2.100477993737193
238,180,-238.0,2.914659381970701e-14,312,0.002841716260709301,2.841716260709301
238,180,-238.0,2.914659381970701e-14,320,0.0023233725585703733,2.3233725585703735
238,180,-238.0,2.914659381970701e-14,328,-0.0001766054845555297,-0.17660548455552968
238,180,-238.0,2.914659381970701e-14,336,-0.0010258622485676463,-1.0258622485676463
238,180,-238.0,2.914659381970701e-14,344,-0.002918466206218065,-2.918466206218065
238,180,-238.0,2.914659381970701e-14,352,-0.0026863588583041055,-2.6863588583041054
238,180,-238.0,2.914659381970701e-14,360,-2.0923834681852806e-05,-0.020923834681852806
272,90,1.6655196468404002e-14,272.0,0,0.34425264970374175,344.2526497037418
272,90,1.6655196468404002e-14,272.0,8,0.3455661617527408,345.5661617527408
272,90,1.6655196468404002e-14,272.0,16,0.3457277192580094,345.72771925800936
272,90,1.6655196468404002e-14,272.0,24,0.34359939098229547,343.59939098229546
272,90,1.6655196468404002e-14,272.0,32,0.3411576888294833,341.1576888294833
272,90,1.6655196468404002e-14,272.0,40,0.3421525827810622,342.1525827810622
272,90,1.6655196468404002e-14,272.0,48,0.3452745548478429,345.2745548478429
272,90,1.6655196468404002e-14,272.0,56,0.34423844502100837,344.2384450210084
272,90,1.6655196468404002e-14,272.0,64,0.3440614928831254,344.06149288312537
272,90,1.6655196468404002e-14,272.0,72,0.34619975665161706,346.19975665161707
272,90,1.6655196468404002e-14,272.0,80,0.34391652240092246,343.9165224009225
272,90,1.6655196468404002e-14,272.0,88,0.3410016019210037,341.0016019210037
272,90,1.6655196468404002e-14,272.0,96,0.34051354852939497,340.513548529395
272,90,1.6655196468404002e-14,272.0,104,0.3425194073684233,342.5194073684233
272,90,1.6655196468404002e-14,272.0,112,0.344300203258432,344.300203258432
272,90,1.6655196468404002e-14,272.0,120,0.3436376810016455,343.6376810016455
272,90,1.6655196468404002e-14,272.0,128,0.34500992572795797,345.009925727958
272,90,1.6655196468404002e-14,272.0,136,0.3452575613902079,345.2575613902079
272,90,1.6655196468404002e-14,272.0,144,0.3431069618915551,343.1069618915551
272,90,1.6655196468404002e-14,272.0,152,0.3407707018041948,340.7707018041948
272,90,1.6655196468404002e-14,272.0,160,0.3419150459917081,341.9150459917081
272,90,1.6655196468404002e-14,272.0,168,0.3453089116020913,345.3089116020913
272,90,1.6655196468404002e-14,272.0,176,0.34444779349205523,344.4477934920552
272,90,1.6655196468404002e-14,272.0,184,0.3445240923417721,344.52409234177213
272,90,1.6655196468404002e-14,272.0,192,0.34694279414107065,346.94279414107064
272,90,1.6655196468404002e-14,272.0,200,0.34488087137064316,344.88087137064315
272,90,1.6655196468404002e-14,272.0,208,0.34197072730068845,341.97072730068845
272,90,1.6655196468404002e-14,272.0,216,0.3413994790143402,341.3994790143402
272,90,1.6655196468404002e-14,272.0,224,0.3432578029356941,343.2578029356941
272,90,1.6655196468404002e-14,272.0,232,0.34474682424757375,344.7468242475737
272,90,1.6655196468404002e-14,272.0,240,0.34383521636628245,343.83521636628245
272,90,1.6655196468404002e-14,272.0,248,0.34487434366611597,344.874343666116
272,90,1.6655196468404002e-14,272.0,256,0.34488450112234925,344.88450112234926
272,90,1.6655196468404002e-14,272.0,264,0.3425902712974638,342.5902712974638
272,90,1.6655196468404002e-14,272.0,272,0.3401842296986479,340.1842296986479
272,90,1.6655196468404002e-14,272.0,280,0.3412938842495628,341.2938842495628
272,90,1.6655196468404002e-14,272.0,288,0.3446502329556887,344.6502329556887
272,90,1.6655196468404002e-14,272.0,296,0.3437855310726612,343.7855310726612
272,90,1.6655196468404002e-14,272.0,304,0.3439412549048542,343.94125490485425
272,90,1.6655196468404002e-14,272.0,312,0.3463529868018109,346.3529868018109
272,90,1.6655196468404002e-14,272.0,320,0.34441293498282477,344.41293498282477
272,90,1.6655196468404002e-14,272.0,328,0.3414915441039492,341.4915441039492
272,90,1.6655196468404002e-14,272.0,336,0.3410561451756511,341.05614517565107
272,90,1.6655196468404002e-14,272.0,344,0.3431698493301199,343.1698493301199
272,90,1.6655196468404002e-14,272.0,352,0.34489987455168547,344.89987455168546
272,90,1.6655196468404002e-14,272.0,360,0.34422554509006204,344.22554509006204
272,95,-23.70636202736304,270.9649578809548,0,0.3436802348386895,343.6802348386895
272,95,-23.70636202736304,270.9649578809548,8,0.34632955679989347,346.32955679989345
272,95,-23.70636202736304,270.9649578809548,16,0.343287157867531,343.287157867531
272,95,-23.70636202736304,270.9649578809548,24,0.34155569481002096,341.55569481002095
272,95,-23.70636202736304,270.9649578809548,32,0.34084400579216023,340.84400579216026
272,95,-23.70636202736304,270.9649578809548,40,0.3419668786169736,341.9668786169736
272,95,-23.70636202736304,270.9649578809548,48,0.3421747211862414,342.1747211862414
272,95,-23.70636202736304,270.9649578809548,56,0.34273736772452534,342.73736772452537
272,95,-23.70636202736304,270.9649578809548,64,0.3443556385994021,344.3556385994021
272,95,-23.70636202736304,270.9649578809548,72,0.3434116747846504,343.4116747846504
272,95,-23.70636202736304,270.9649578809548,80,0.3415247402566949,341.5247402566949
272,95,-23.70636202736304,270.9649578809548,88,0.33982561891139296,339.82561891139295
272,95,-23.70636202736304,270.9649578809548,96,0.3402233848060904,340.2233848060904
272,95,-23.70636202736304,270.9649578809548,104,0.34190743399877743,341.90743399877744
272,95,-23.70636202736304,270.9649578809548,112,0.34202096169388413,342.02096169388415
272,95,-23.70636202736304,270.9649578809548,120,0.34311235138272966,343.1123513827297
272,95,-23.70636202736304,270.9649578809548,128,0.34579430428938185,345.79430428938184
272,95,-23.70636202736304,270.9649578809548,136,0.34284639051297733,342.84639051297734
272,95,-23.70636202736304,270.9649578809548,144,0.3410947554025219,341.09475540252186
272,95,-23.70636202736304,270.9649578809548,152,0.3404865526884837,340.4865526884837
272,95,-23.70636202736304,270.9649578809548,160,0.34176043028296893,341.7604302829689
272,95,-23.70636202736304,270.9649578809548,168,0.3422342473222556,342.2342473222556
272,95,-23.70636202736304,270.9649578809548,176,0.3429989651653389,342.9989651653389
272,95,-23.70636202736304,270.9649578809548,184,0.3448580022035047,344.8580022035047
272,95,-23.70636202736304,270.9649578809548,192,0.3441966412011427,344.1966412011427
272,95,-23.70636202736304,270.9649578809548,200,0.34249749833424936,342.49749833424937
272,95,-23.70636202736304,270.9649578809548,208,0.3407832925164832,340.7832925164832
272,95,-23.70636202736304,270.9649578809548,216,0.34106335065898574,341.06335065898577
272,95,-23.70636202736304,270.9649578809548,224,0.34257265157871464,342.5726515787146
272,95,-23.70636202736304,270.9649578809548,232,0.34238779922679385,342.38779922679385
272,95,-23.70636202736304,270.9649578809548,240,0.34321106339081686,343.2110633908169
272,95,-23.70636202736304,270.9649578809548,248,0.3455968930996991,345.5968930996991
272,95,-23.70636202736304,270.9649578809548,256,0.3423982735724399,342.3982735724399
272,95,-23.70636202736304,270.9649578809548,264,0.3405581760554613,340.5581760554613
272,95,-23.70636202736304,270.9649578809548,272,0.33988415011078393,339.88415011078393
272,95,-23.70636202736304,270.9649578809548,280,0.3411877192712105,341.1877192712105
272,95,-23.70636202736304,270.9649578809548,288,0.3416198536131852,341.61985361318517
272,95,-23.70636202736304,270.9649578809548,296,0.34238456794527444,342.38456794527445
272,95,-23.70636202736304,270.9649578809548,304,0.34430596212377884,344.30596212377884
272,95,-23.70636202736304,270.9649578809548,312,0.3436425247368867,343.64252473688674
272,95,-23.70636202736304,270.9649578809548,320,0.3420572422204514,342.0572422204514
272,95,-23.70636202736304,270.9649578809548,328,0.3403340431866525,340.3340431866525
272,95,-23.70636202736304,270.9649578809548,336,0.34074766903631537,340.74766903631536
272,95,-23.70636202736304,270.9649578809548,344,0.34251174323249256,342.51174323249256
272,95,-23.70636202736304,270.9649578809548,352,0.3425807751292887,342.58077512928867
272,95,-23.70636202736304,270.9649578809548,360,0.34365390903120363,343.6539090312036
272,100,-47.23230432540504,267.86770881932057,0,0.3419631450052827,341.9631450052827
272,100,-47.23230432540504,267.86770881932057,8,0.34036675030909,340.36675030909004
272,100,-47.23230432540504,267.86770881932057,16,0.33830135050763854,338.3013505076385
272,100,-47.23230432540504,267.86770881932057,24,0.3380436440785211,338.0436440785211
272,100,-47.23230432540504,267.86770881932057,32,0.33776234067606575,337.7623406760658
272,100,-47.23230432540504,267.86770881932057,40,0.3380587223719194,338.05872237191943
272,100,-47.23230432540504,267.86770881932057,48,0.3378664963942838,337.8664963942838
272,100,-47.23230432540504,267.86770881932057,56,0.34009310928625763,340.09310928625763
272,100,-47.23230432540504,267.86770881932057,64,0.34184693080861905,341.84693080861905
272,100,-47.23230432540504,267.86770881932057,72,0.3382586519198876,338.2586519198876
272,100,-47.23230432540504,267.86770881932057,80,0.3372012732209471,337.20127322094714
272,100,-47.23230432540504,267.86770881932057,88,0.33718517484485055,337.18517484485056
272,100,-47.23230432540504,267.86770881932057,96,0.3376178428533696,337.6178428533696
272,100,-47.23230432540504,267.86770881932057,104,0.33687800355443187,336.87800355443187
272,100,-47.23230432540504,267.86770881932057,112,0.338625367716304,338.625367716304
272,100,-47.23230432540504,267.86770881932057,120,0.34142051965270787,341.42051965270787
272,100,-47.23230432540504,267.86770881932057,128,0.33986856005181443,339.8685600518144
272,100,-47.23230432540504,267.86770881932057,136,0.3378903488045052,337.8903488045052
272,100,-47.23230432540504,267.86770881932057,144,0.33761466240183463,337.6146624018346
272,100,-47.23230432540504,267.86770881932057,152,0.3374343530181032,337.4343530181032
272,100,-47.23230432540504,267.86770881932057,160,0.33788020287082343,337.88020287082344
272,100,-47.23230432540504,267.86770881932057,168,0.3379756939999039,337.9756939999039
272,100,-47.23230432540504,267.86770881932057,176,0.34040579600677534,340.40579600677535
272,100,-47.23230432540504,267.86770881932057,184,0.34238492074001603,342.384920740016
272,100,-47.23230432540504,267.86770881932057,192,0.33908201278565314,339.08201278565315
272,100,-47.23230432540504,267.86770881932057,200,0.3381655763481797,338.1655763481797
272,100,-47.23230432540504,267.86770881932057,208,0.3381334776886963,338.1334776886963
272,100,-47.23230432540504,267.86770881932057,216,0.33838233681712837,338.38233681712836
272,100,-47.23230432540504,267.86770881932057,224,0.3374651409128401,337.46514091284007
272,100,-47.23230432540504,267.86770881932057,232,0.33889321154383834,338.89321154383833
272,100,-47.23230432540504,267.86770881932057,240,0.34146060543706014,341.46060543706017
272,100,-47.23230432540504,267.86770881932057,248,0.3395987060333252,339.5987060333252
272,100,-47.23230432540504,267.86770881932057,256,0.3374133748882071,337.4133748882071
272,100,-47.23230432540504,267.86770881932057,264,0.3370561586273112,337.0561586273112
272,100,-47.23230432540504,267.86770881932057,272,0.3368616082136027,336.8616082136027
272,100,-47.23230432540504,267.86770881932057,280,0.3373585102234027,337.3585102234027
272,100,-47.23230432540504,267.86770881932057,288,0.3374022892505554,337.4022892505554
272,100,-47.23230432540504,267.86770881932057,296,0.33983434192917233,339.83434192917235
272,100,-47.23230432540504,267.86770881932057,304,0.34185915314468707,341.85915314468707
272,100,-47.23230432540504,267.86770881932057,312,0.3385672627416432,338.5672627416432
272,100,-47.23230432540504,267.86770881932057,320,0.3377529604281676,337.7529604281676
272,100,-47.23230432540504,267.86770881932057,328,0.33771381230123093,337.7138123012309
272,100,-47.23230432540504,267.86770881932057,336,0.3380934528249493,338.0934528249493
272,100,-47.23230432540504,267.86770881932057,344,0.33743574810739957,337.43574810739955
272,100,-47.23230432540504,267.86770881932057,352,0.339143397239278,339.143397239278
272,100,-47.23230432540504,267.86770881932057,360,0.34193811206699354,341.93811206699354
272,105,-70.39878026788567,262.7318247506266,0,0.3360352531504958,336.0352531504958
272,105,-70.39878026788567,262.7318247506266,8,0.33260763372404084,332.60763372404085
272,105,-70.39878026788567,262.7318247506266,16,0.33168672658704623,331.6867265870462
272,105,-70.39878026788567,262.7318247506266,24,0.3328547943306706,332.8547943306706
272,105,-70.39878026788567,262.7318247506266,32,0.33266144634695693,332.66144634695695
272,105,-70.39878026788567,262.7318247506266,40,0.33089441672595565,330.89441672595564
272,105,-70.39878026788567,262.7318247506266,48,0.3324285158003383,332.4285158003383
272,105,-70.39878026788567,262.7318247506266,56,0.33631234849051017,336.31234849051015
272,105,-70.39878026788567,262.7318247506266,64,0.3333368793906948,333.3368793906948
272,105,-70.39878026788567,262.7318247506266,72,0.3308471153504314,330.84711535043135
272,105,-70.39878026788567,262.7318247506266,80,0.3314158085777166,331.4158085777166
272,105,-70.39878026788567,262.7318247506266,88,0.33138994395983973,331.38994395983974
272,105,-70.39878026788567,262.7318247506266,96,0.3307866667920836,330.78666679208357
272,105,-70.39878026788567,262.7318247506266,104,0.330687339358407,330.687339358407
272,105,-70.39878026788567,262.7318247506266,112,0.33410023817646894,334.10023817646896
272,105,-70.39878026788567,262.7318247506266,120,0.33552663634286783,335.52663634286785
272,105,-70.39878026788567,262.7318247506266,128,0.3321462823851291,332.1462823851291
272,105,-70.39878026788567,262.7318247506266,136,0.3313058491184039,331.3058491184039
272,105,-70.39878026788567,262.7318247506266,144,0.3324577485672668,332.4577485672668
272,105,-70.39878026788567,262.7318247506266,152,0.3323627734028892,332.3627734028892
272,105,-70.39878026788567,262.7318247506266,160,0.3307557797173263,330.7557797173263
272,105,-70.39878026788567,262.7318247506266,168,0.3325989256441504,332.59892564415037
272,105,-70.39878026788567,262.7318247506266,176,0.3366572032266842,336.6572032266842
272,105,-70.39878026788567,262.7318247506266,184,0.3339079491068109,333.90794910681086
272,105,-70.39878026788567,262.7318247506266,192,0.3316794206256611,331.67942062566107
272,105,-70.39878026788567,262.7318247506266,200,0.3323737092737316,332.3737092737316
272,105,-70.39878026788567,262.7318247506266,208,0.33227101000572895,332.27101000572895
272,105,-70.39878026788567,262.7318247506266,216,0.3314725748099223,331.4725748099223
272,105,-70.39878026788567,262.7318247506266,224,0.3311764612878336,331.1764612878336
272,105,-70.39878026788567,262.7318247506266,232,0.33428276929523065,334.28276929523065
272,105,-70.39878026788567,262.7318247506266,240,0.3355032746149953,335.5032746149953
272,105,-70.39878026788567,262.7318247506266,248,0.33181086428606354,331.8108642860635
272,105,-70.39878026788567,262.7318247506266,256,0.33080434363926037,330.80434363926037
272,105,-70.39878026788567,262.7318247506266,264,0.33188343496547595,331.88343496547594
272,105,-70.39878026788567,262.7318247506266,272,0.33183861283962185,331.8386128396219
272,105,-70.39878026788567,262.7318247506266,280,0.3302782664308757,330.2782664308757
272,105,-70.39878026788567,262.7318247506266,288,0.33206415447465476,332.06415447465474
272,105,-70.39878026788567,262.7318247506266,296,0.3361128308159548,336.1128308159548
272,105,-70.39878026788567,262.7318247506266,304,0.3334260584622257,333.42605846222574
272,105,-70.39878026788567,262.7318247506266,312,0.33120330344592686,331.20330344592685
272,105,-70.39878026788567,262.7318247506266,320,0.3319888121928838,331.9888121928838
272,105,-70.39878026788567,262.7318247506266,328,0.3318817580632987,331.8817580632987
272,105,-70.39878026788567,262.7318247506266,336,0.3312125970763157,331.21259707631566
272,105,-70.39878026788567,262.7318247506266,344,0.3312073640793246,331.20736407932463
272,105,-70.39878026788567,262.7318247506266,352,0.33458239622439745,334.5823962243974
272,105,-70.39878026788567,262.7318247506266,360,0.3360106613057221,336.0106613057221
272,110,-93.02947898458189,255.5963928537671,0,0.32504852216898145,325.04852216898144
272,110,-93.02947898458189,255.5963928537671,8,0.32289680739210624,322.89680739210627
272,110,-93.02947898458189,255.5963928537671,16,0.3236205136391671,323.6205136391671
272,110,-93.02947898458189,255.5963928537671,24,0.3244004368891217,324.4004368891217
272,110,-93.02947898458189,255.5963928537671,32,0.32294316339869417,322.94316339869414
272,110,-93.02947898458189,255.5963928537671,40,0.3225875935947918,322.58759359479177
272,110,-93.02947898458189,255.5963928537671,48,0.32594078899871237,325.9407889987124
272,110,-93.02947898458189,255.5963928537671,56,0.3267608264348558,326.7608264348558
272,110,-93.02947898458189,255.5963928537671,64,0.3230555862751066,323.05558627510663
272,110,-93.02947898458189,255.5963928537671,72,0.32192956606304457,321.92956606304455
272,110,-93.02947898458189,255.5963928537671,80,0.32353035431619603,323.53035431619605
272,110,-93.02947898458189,255.5963928537671,88,0.3235789565863193,323.5789565863193
272,110,-93.02947898458189,255.5963928537671,96,0.3216626348679,321.66263486789995
272,110,-93.02947898458189,255.5963928537671,104,0.32341465814885784,323.4146581488578
272,110,-93.02947898458189,255.5963928537671,112,0.32849139624418977,328.4913962441898
272,110,-93.02947898458189,255.5963928537671,120,0.32458818399976896,324.58818399976894
272,110,-93.02947898458189,255.5963928537671,128,0.3224709224642938,322.47092246429384
272,110,-93.02947898458189,255.5963928537671,136,0.3232699200534215,323.26992005342146
272,110,-93.02947898458189,255.5963928537671,144,0.3240333545305143,324.0333545305143
272,110,-93.02947898458189,255.5963928537671,152,0.32267944080574273,322.67944080574273
272,110,-93.02947898458189,255.5963928537671,160,0.322515854222303,322.515854222303
272,110,-93.02947898458189,255.5963928537671,168,0.3261579717889883,326.15797178898833
272,110,-93.02947898458189,255.5963928537671,176,0.32713129011511544,327.13129011511546
272,110,-93.02947898458189,255.5963928537671,184,0.3236567350231029,323.6567350231029
272,110,-93.02947898458189,255.5963928537671,192,0.3227723471219671,322.77234712196713
272,110,-93.02947898458189,255.5963928537671,200,0.3244631981076752,324.4631981076752
272,110,-93.02947898458189,255.5963928537671,208,0.3243871597004706,324.3871597004706
272,110,-93.02947898458189,255.5963928537671,216,0.3222629438793305,322.2629438793305
272,110,-93.02947898458189,255.5963928537671,224,0.3238043461579988,323.8043461579988
272,110,-93.02947898458189,255.5963928537671,232,0.3286152784359411,328.61527843594115
272,110,-93.02947898458189,255.5963928537671,240,0.32448836827245875,324.48836827245873
272,110,-93.02947898458189,255.5963928537671,248,0.3220882137136407,322.0882137136407
272,110,-93.02947898458189,255.5963928537671,256,0.3227423151785598,322.7423151785598
272,110,-93.02947898458189,255.5963928537671,264,0.3235047384184562,323.50473841845616
272,110,-93.02947898458189,255.5963928537671,272,0.3222033660146612,322.2033660146612
272,110,-93.02947898458189,255.5963928537671,280,0.32207104840573286,322.0710484057329
272,110,-93.02947898458189,255.5963928537671,288,0.32565912290233817,325.6591229023382
272,110,-93.02947898458189,255.5963928537671,296,0.3266326578210426,326.63265782104264
272,110,-93.02947898458189,255.5963928537671,304,0.32321638991679796,323.21638991679794
272,110,-93.02947898458189,255.5963928537671,312,0.32233475589047,322.33475589047
272,110,-93.02947898458189,255.5963928537671,320,0.3241059757735367,324.1059757735367
272,110,-93.02947898458189,255.5963928537671,328,0.32402656782637496,324.02656782637496
272,110,-93.02947898458189,255.5963928537671,336,0.3220502754106032,322.0502754106032
272,110,-93.02947898458189,255.5963928537671,344,0.323900666560876,323.900666560876
272,110,-93.02947898458189,255.5963928537671,352,0.3289454237375977,328.9454237375977
272,110,-93.02947898458189,255.5963928537671,360,0.3250236742041027,325.02367420410275
272,115,-114.95216719347022,246.5157180739688,0,0.31244985716338114,312.4498571633811
272,115,-114.95216719347022,246.5157180739688,8,0.3116921174697332,311.6921174697332
272,115,-114.95216719347022,246.5157180739688,16,0.31292313889549167,312.92313889549166
272,115,-114.95216719347022,246.5157180739688,24,0.31367603548013884,313.67603548013886
272,115,-114.95216719347022,246.5157180739688,32,0.3116704962990977,311.6704962990977
272,115,-114.95216719347022,246.5157180739688,40,0.3132557714190519,313.25577141905194
272,115,-114.95216719347022,246.5157180739688,48,0.3179814942283751,317.9814942283751
272,115,-114.95216719347022,246.5157180739688,56,0.31327732027198174,313.27732027198175
272,115,-114.95216719347022,246.5157180739688,64,0.3110806609700445,311.0806609700445
272,115,-114.95216719347022,246.5157180739688,72,0.3115738719923675,311.5738719923675
272,115,-114.95216719347022,246.5157180739688,80,0.3127495030874769,312.7495030874769
272,115,-114.95216719347022,246.5157180739688,88,0.3116667179431345,311.6667179431345
272,115,-114.95216719347022,246.5157180739688,96,0.3114090477102184,311.4090477102184
272,115,-114.95216719347022,246.5157180739688,104,0.3151420890853819,315.1420890853819
272,115,-114.95216719347022,246.5157180739688,112,0.31530741799558115,315.30741799558115
272,115,-114.95216719347022,246.5157180739688,120,0.3120326717740927,312.0326717740927
272,115,-114.95216719347022,246.5157180739688,128,0.3113016119843308,311.3016119843308
272,115,-114.95216719347022,246.5157180739688,136,0.31260309612089415,312.6030961208942
272,115,-114.95216719347022,246.5157180739688,144,0.3133362892789424,313.3362892789424
272,115,-114.95216719347022,246.5157180739688,152,0.3114620570399347,311.4620570399347
272,115,-114.95216719347022,246.5157180739688,160,0.3132507329005608,313.2507329005608
272,115,-114.95216719347022,246.5157180739688,168,0.31822665757538016,318.22665757538016
272,115,-114.95216719347022,246.5157180739688,176,0.3136742803409087,313.6742803409087
272,115,-114.95216719347022,246.5157180739688,184,0.3117086376161013,311.70863761610127
272,115,-114.95216719347022,246.5157180739688,192,0.31242858048217254,312.42858048217255
272,115,-114.95216719347022,246.5157180739688,200,0.31361279354570126,313.61279354570127
272,115,-114.95216719347022,246.5157180739688,208,0.31239544683953496,312.39544683953494
272,115,-114.95216719347022,246.5157180739688,216,0.31191362283925567,311.91362283925565
272,115,-114.95216719347022,246.5157180739688,224,0.3154532153095327,315.4532153095327
272,115,-114.95216719347022,246.5157180739688,232,0.3153531157309768,315.3531157309768
272,115,-114.95216719347022,246.5157180739688,240,0.31186455320779116,311.8645532077912
272,115,-114.95216719347022,246.5157180739688,248,0.31087073890053685,310.8707389005368
272,115,-114.95216719347022,246.5157180739688,256,0.3120809640273454,312.08096402734543
272,115,-114.95216719347022,246.5157180739688,264,0.31285691774057767,312.85691774057767
272,115,-114.95216719347022,246.5157180739688,272,0.31102040096180955,311.02040096180957
272,115,-114.95216719347022,246.5157180739688,280,0.312836639707081,312.83663970708096
272,115,-114.95216719347022,246.5157180739688,288,0.3177652031283813,317.7652031283813
272,115,-114.95216719347022,246.5157180739688,296,0.3132309485130907,313.2309485130907
272,115,-114.95216719347022,246.5157180739688,304,0.31130717972850425,311.30717972850425
272,115,-114.95216719347022,246.5157180739688,312,0.3120291150771453,312.0291150771453
272,115,-114.95216719347022,246.5157180739688,320,0.3132831018924253,313.2831018924253
272,115,-114.95216719347022,246.5157180739688,328,0.3120706659210114,312.0706659210114
272,115,-114.95216719347022,246.5157180739688,336,0.31176906996944964,311.7690699694496
272,115,-114.95216719347022,246.5157180739688,344,0.31559171296820177,315.59171296820176
272,115,-114.95216719347022,246.5157180739688,352,0.3157035316610274,315.7035316610274
272,115,-114.95216719347022,246.5157180739688,360,0.31242517997147135,312.4251799714713
272,120,-135.99999999999994,235.55890982936734,0,0.29833505829370444,298.33505829370444
272,120,-135.99999999999994,235.55890982936734,8,0.29907883841280763,299.0788384128076
272,120,-135.99999999999994,235.55890982936734,16,0.2996816576405451,299.6816576405451
272,120,-135.99999999999994,235.55890982936734,24,0.29957255672808203,299.572556728082
272,120,-135.99999999999994,235.55890982936734,32,0.29928265943606147,299.28265943606146
272,120,-135.99999999999994,235.55890982936734,40,0.3030242695010009,303.0242695010009
272,120,-135.99999999999994,235.55890982936734,48,0.30138073356064404,301.38073356064405
272,120,-135.99999999999994,235.55890982936734,56,0.29847308652223875,298.47308652223876
272,120,-135.99999999999994,235.55890982936734,64,0.297643428208267,297.643428208267
272,120,-135.99999999999994,235.55890982936734,72,0.29804328625526844,298.0432862552684
272,120,-135.99999999999994,235.55890982936734,80,0.29933537685390077,299.33537685390075
272,120,-135.99999999999994,235.55890982936734,88,0.29841537269005003,298.41537269005005
272,120,-135.99999999999994,235.55890982936734,96,0.30020064768534444,300.20064768534445
272,120,-135.99999999999994,235.55890982936734,104,0.30377860969093873,303.7786096909387
272,120,-135.99999999999994,235.55890982936734,112,0.2995638158157482,299.5638158157482
272,120,-135.99999999999994,235.55890982936734,120,0.2979584072864888,297.9584072864888
272,120,-135.99999999999994,235.55890982936734,128,0.2987233561422067,298.7233561422067
272,120,-135.99999999999994,235.55890982936734,136,0.2993921985596703,299.3921985596703
272,120,-135.99999999999994,235.55890982936734,144,0.29927560027729994,299.27560027729993
272,120,-135.99999999999994,235.55890982936734,152,0.2991431963268645,299.1431963268645
272,120,-135.99999999999994,235.55890982936734,160,0.30305852462617877,303.0585246261788
272,120,-135.99999999999994,235.55890982936734,168,0.30164551928488703,301.64551928488703
272,120,-135.99999999999994,235.55890982936734,176,0.29889538238720986,298.89538238720985
272,120,-135.99999999999994,235.55890982936734,184,0.29829949805205724,298.29949805205723
272,120,-135.99999999999994,235.55890982936734,192,0.29886306692261033,298.86306692261036
272,120,-135.99999999999994,235.55890982936734,200,0.3001270704312117,300.1270704312117
272,120,-135.99999999999994,235.55890982936734,208,0.2990590159242829,299.0590159242829
272,120,-135.99999999999994,235.55890982936734,216,0.30061451271928585,300.61451271928587
272,120,-135.99999999999994,235.55890982936734,224,0.3040161304265643,304.0161304265643
272,120,-135.99999999999994,235.55890982936734,232,0.29952945500543743,299.52945500543746
272,120,-135.99999999999994,235.55890982936734,240,0.2977257884107581,297.72578841075807
272,120,-135.99999999999994,235.55890982936734,248,0.2982438116033762,298.24381160337623
272,120,-135.99999999999994,235.55890982936734,256,0.29890692001137553,298.9069200113755
272,120,-135.99999999999994,235.55890982936734,264,0.29883588785865134,298.83588785865135
272,120,-135.99999999999994,235.55890982936734,272,0.29872668239691175,298.72668239691177
272,120,-135.99999999999994,235.55890982936734,280,0.302682641435287,302.682641435287
272,120,-135.99999999999994,235.55890982936734,288,0.3012541894073854,301.2541894073854
272,120,-135.99999999999994,235.55890982936734,296,0.2984958563179311,298.4958563179311
272,120,-135.99999999999994,235.55890982936734,304,0.2979363311662466,297.93633116624665
272,120,-135.99999999999994,235.55890982936734,312,0.2985016722475174,298.5016722475174
272,120,-135.99999999999994,235.55890982936734,320,0.2998235773359551,299.8235773359551
272,120,-135.99999999999994,235.55890982936734,328,0.29879061288579845,298.79061288579845
272,120,-135.99999999999994,235.55890982936734,336,0.30053353144340494,300.53353144340497
272,120,-135.99999999999994,235.55890982936734,344,0.30417945680140296,304.179456801403
272,120,-135.99999999999994,235.55890982936734,352,0.2998999636670876,299.8999636670876
272,120,-135.99999999999994,235.55890982936734,360,0.2983109845155769,298.31098451557693
272,125,-156.01279068748457,222.80935604660573,0,0.2828114812969745,282.8114812969745
272,125,-156.01279068748457,222.80935604660573,8,0.28257318669045617,282.57318669045617
272,125,-156.01279068748457,222.80935604660573,16,0.28346547882314715,283.4654788231472
272,125,-156.01279068748457,222.80935604660573,24,0.28417778240875907,284.1777824087591
272,125,-156.01279068748457,222.80935604660573,32,0.28606303837637337,286.06303837637336
272,125,-156.01279068748457,222.80935604660573,40,0.2879424826649736,287.94248266497357
272,125,-156.01279068748457,222.80935604660573,48,0.28342135148497666,283.42135148497664
272,125,-156.01279068748457,222.80935604660573,56,0.28223636186330603,282.236361863306
272,125,-156.01279068748457,222.80935604660573,64,0.2825090961031063,282.50909610310634
272,125,-156.01279068748457,222.80935604660573,72,0.28245487063550045,282.45487063550047
272,125,-156.01279068748457,222.80935604660573,80,0.2831954167936507,283.1954167936507
272,125,-156.01279068748457,222.80935604660573,88,0.2841276999082415,284.1276999082415
272,125,-156.01279068748457,222.80935604660573,96,0.2882163918306547,288.2163918306547
272,125,-156.01279068748457,222.80935604660573,104,0.2849520584599654,284.95205845996543
272,125,-156.01279068748457,222.80935604660573,112,0.2827638527854929,282.7638527854929
272,125,-156.01279068748457,222.80935604660573,120,0.28247469881683857,282.47469881683855
272,125,-156.01279068748457,222.80935604660573,128,0.28225678039650737,282.2567803965074
272,125,-156.01279068748457,222.80935604660573,136,0.2832070663781201,283.2070663781201
272,125,-156.01279068748457,222.80935604660573,144,0.28394298751507463,283.9429875150746
272,125,-156.01279068748457,222.80935604660573,152,0.28598326571425015,285.98326571425014
272,125,-156.01279068748457,222.80935604660573,160,0.2880026154938189,288.0026154938189
272,125,-156.01279068748457,222.80935604660573,168,0.2837066103898668,283.7066103898668
272,125,-156.01279068748457,222.80935604660573,176,0.28268494976869885,282.68494976869886
272,125,-156.01279068748457,222.80935604660573,184,0.283186369233551,283.186369233551
272,125,-156.01279068748457,222.80935604660573,192,0.2832200652942336,283.2200652942336
272,125,-156.01279068748457,222.80935604660573,200,0.28391097956015243,283.91097956015244
272,125,-156.01279068748457,222.80935604660573,208,0.28468568545931566,284.68568545931566
272,125,-156.01279068748457,222.80935604660573,216,0.28855711776159426,288.55711776159427
272,125,-156.01279068748457,222.80935604660573,224,0.28509168081950775,285.09168081950776
272,125,-156.01279068748457,222.80935604660573,232,0.28266969992234664,282.66969992234664
272,125,-156.01279068748457,222.80935604660573,240,0.2821779914486654,282.1779914486654
272,125,-156.01279068748457,222.80935604660573,248,0.2817832920884182,281.7832920884182
272,125,-156.01279068748457,222.80935604660573,256,0.2827629589665339,282.7629589665339
272,125,-156.01279068748457,222.80935604660573,264,0.28352670419735476,283.5267041973548
272,125,-156.01279068748457,222.80935604660573,272,0.2855947385665079,285.5947385665079
272,125,-156.01279068748457,222.80935604660573,280,0.28768805263924385,287.68805263924384
272,125,-156.01279068748457,222.80935604660573,288,0.2833747068244059,283.3747068244059
272,125,-156.01279068748457,222.80935604660573,296,0.28232694188799595,282.32694188799593
272,125,-156.01279068748457,222.80935604660573,304,0.2828621070898616,282.8621070898616
272,125,-156.01279068748457,222.80935604660573,312,0.2828960417265805,282.8960417265805
272,125,-156.01279068748457,222.80935604660573,320,0.2836514997841413,283.65149978414127
272,125,-156.01279068748457,222.80935604660573,328,0.2844811110986002,284.4811110986002
272,125,-156.01279068748457,222.80935604660573,336,0.28851350847256496,288.513508472565
272,125,-156.01279068748457,222.80935604660573,344,0.28527524240777935,285.27524240777933
272,125,-156.01279068748457,222.80935604660573,352,0.2830596088968287,283.0596088968287
272,125,-156.01279068748457,222.80935604660573,360,0.2827884445999794,282.7884445999794
272,130,-174.8382298347387,208.36408852836203,0,0.26496836488757325,264.9683648875733
272,130,-174.8382298347387,208.36408852836203,8,0.26438306501921055,264.38306501921056
272,130,-174.8382298347387,208.36408852836203,16,0.26514299604554104,265.14299604554105
272,130,-174.8382298347387,208.36408852836203,24,0.26787211661894267,267.87211661894264
272,130,-174.8382298347387,208.36408852836203,32,0.2722651543463033,272.2651543463033
272,130,-174.8382298347387,208.36408852836203,40,0.2667996590677061,266.7996590677061
272,130,-174.8382298347387,208.36408852836203,48,0.2645565896585571,264.55658965855713
272,130,-174.8382298347387,208.36408852836203,56,0.2646583010665477,264.6583010665477
272,130,-174.8382298347387,208.36408852836203,64,0.2634592629119353,263.4592629119353
272,130,-174.8382298347387,208.36408852836203,72,0.26372641877508807,263.72641877508806
272,130,-174.8382298347387,208.36408852836203,80,0.2658531793045338,265.8531793045338
272,130,-174.8382298347387,208.36408852836203,88,0.2691574305532032,269.1574305532032
272,130,-174.8382298347387,208.36408852836203,96,0.26959218510434485,269.5921851043449
272,130,-174.8382298347387,208.36408852836203,104,0.2651219297971916,265.1219297971916
272,130,-174.8382298347387,208.36408852836203,112,0.26456296166858295,264.56296166858294
272,130,-174.8382298347387,208.36408852836203,120,0.2646766856621794,264.6766856621794
272,130,-174.8382298347387,208.36408852836203,128,0.26410351441425883,264.1035144142588
272,130,-174.8382298347387,208.36408852836203,136,0.26493345311637473,264.9334531163747
272,130,-174.8382298347387,208.36408852836203,144,0.26770229347987007,267.7022934798701
272,130,-174.8382298347387,208.36408852836203,152,0.27222243164940574,272.22243164940573
272,130,-174.8382298347387,208.36408852836203,160,0.2668870714744984,266.88707147449844
272,130,-174.8382298347387,208.36408852836203,168,0.26486323125400046,264.8632312540005
272,130,-174.8382298347387,208.36408852836203,176,0.2651342707600431,265.1342707600431
272,130,-174.8382298347387,208.36408852836203,184,0.2640957065196204,264.09570651962036
272,130,-174.8382298347387,208.36408852836203,192,0.26441938466433423,264.41938466433425
272,130,-174.8382298347387,208.36408852836203,200,0.2664925156927867,266.4925156927867
272,130,-174.8382298347387,208.36408852836203,208,0.26963758173775054,269.63758173775057
272,130,-174.8382298347387,208.36408852836203,216,0.26984124166599677,269.8412416659968
272,130,-174.8382298347387,208.36408852836203,224,0.2651877547974515,265.1877547974515
272,130,-174.8382298347387,208.36408852836203,232,0.2644092286629278,264.40922866292783
272,130,-174.8382298347387,208.36408852836203,240,0.2643311410891205,264.3311410891205
272,130,-174.8382298347387,208.36408852836203,248,0.2636476606236149,263.6476606236149
272,130,-174.8382298347387,208.36408852836203,256,0.264515546327742,264.515546327742
272,130,-174.8382298347387,208.36408852836203,264,0.26730531175810474,267.3053117581047
272,130,-174.8382298347387,208.36408852836203,272,0.27187252301389253,271.87252301389253
272,130,-174.8382298347387,208.36408852836203,280,0.26665330139849985,266.6533013984999
272,130,-174.8382298347387,208.36408852836203,288,0.26456528753224107,264.5652875322411
272,130,-174.8382298347387,208.36408852836203,296,0.26481655553093586,264.8165555309359
272,130,-174.8382298347387,208.36408852836203,304,0.263821061390351,263.821061390351
272,130,-174.8382298347387,208.36408852836203,312,0.26413217374900544,264.13217374900546
272,130,-174.8382298347387,208.36408852836203,320,0.26629391540586084,266.29391540586084
272,130,-174.8382298347387,208.36408852836203,328,0.26948369642931813,269.4836964293181
272,130,-174.8382298347387,208.36408852836203,336,0.2698182287335319,269.8182287335319
272,130,-174.8382298347387,208.36408852836203,344,0.26539075863038974,265.39075863038977
272,130,-174.8382298347387,208.36408852836203,352,0.2648190731286432,264.8190731286432
272,130,-174.8382298347387,208.36408852836203,360,0.2649463597902827,264.9463597902827
272,135,-192.33304448274092,192.33304448274095,0,0.24365101200633554,243.65101200633555
272,135,-192.33304448274092,192.33304448274095,8,0.24347913250464398,243.47913250464399
272,135,-192.33304448274092,192.33304448274095,16,0.2457763307721166,245.7763307721166
272,135,-192.33304448274092,192.33304448274095,24,0.2510564709701497,251.05647097014972
272,135,-192.33304448274092,192.33304448274095,32,0.25000358949200563,250.00358949200563
272,135,-192.33304448274092,192.33304448274095,40,0.24521117463785339,245.2111746378534
272,135,-192.33304448274092,192.33304448274095,48,0.24436326996378394,244.36326996378395
272,135,-192.33304448274092,192.33304448274095,56,0.2441000820642371,244.1000820642371
272,135,-192.33304448274092,192.33304448274095,64,0.2430042912382398,243.0042912382398
272,135,-192.33304448274092,192.33304448274095,72,0.24348468437932227,243.4846843793223
272,135,-192.33304448274092,192.33304448274095,80,0.24772406354908397,247.72406354908398
272,135,-192.33304448274092,192.33304448274095,88,0.253206137599673,253.20613759967299
272,135,-192.33304448274092,192.33304448274095,96,0.24659702788017945,246.59702788017944
272,135,-192.33304448274092,192.33304448274095,104,0.2444416408796255,244.4416408796255
272,135,-192.33304448274092,192.33304448274095,112,0.24509966223641655,245.09966223641655
272,135,-192.33304448274092,192.33304448274095,120,0.24341710881335482,243.41710881335482
272,135,-192.33304448274092,192.33304448274095,128,0.24323982819413328,243.23982819413328
272,135,-192.33304448274092,192.33304448274095,136,0.24562599139222865,245.62599139222866
272,135,-192.33304448274092,192.33304448274095,144,0.2509358766778593,250.9358766778593
272,135,-192.33304448274092,192.33304448274095,152,0.2499818189122296,249.98181891222958
272,135,-192.33304448274092,192.33304448274095,160,0.2453262224488612,245.32622244886122
272,135,-192.33304448274092,192.33304448274095,168,0.24469165696087017,244.69165696087018
272,135,-192.33304448274092,192.33304448274095,176,0.24457141075710345,244.57141075710345
272,135,-192.33304448274092,192.33304448274095,184,0.24358989426313116,243.58989426313116
272,135,-192.33304448274092,192.33304448274095,192,0.24410693809588419,244.10693809588417
272,135,-192.33304448274092,192.33304448274095,200,0.2482897183522707,248.2897183522707
272,135,-192.33304448274092,192.33304448274095,208,0.2536165106146848,253.6165106146848
272,135,-192.33304448274092,192.33304448274095,216,0.24674220003376768,246.7422000337677
272,135,-192.33304448274092,192.33304448274095,224,0.24445844519863516,244.45844519863516
272,135,-192.33304448274092,192.33304448274095,232,0.24488701443943897,244.88701443943899
272,135,-192.33304448274092,192.33304448274095,240,0.24305635050350563,243.05635050350563
272,135,-192.33304448274092,192.33304448274095,248,0.24281447447037324,242.81447447037326
272,135,-192.33304448274092,192.33304448274095,256,0.24522214881392618,245.22214881392617
272,135,-192.33304448274092,192.33304448274095,264,0.2505677085256587,250.56770852565867
272,135,-192.33304448274092,192.33304448274095,272,0.24971336259582666,249.71336259582665
272,135,-192.33304448274092,192.33304448274095,280,0.2451325432634658,245.1325432634658
272,135,-192.33304448274092,192.33304448274095,288,0.24442757858206576,244.42757858206576
272,135,-192.33304448274092,192.33304448274095,296,0.2443048860583798,244.3048860583798
272,135,-192.33304448274092,192.33304448274095,304,0.24335773183514542,243.35773183514542
272,135,-192.33304448274092,192.33304448274095,312,0.2438691901157259,243.8691901157259
272,135,-192.33304448274092,192.33304448274095,320,0.24815160098526048,248.15160098526047
272,135,-192.33304448274092,192.33304448274095,328,0.2534919875726454,253.4919875726454
272,135,-192.33304448274092,192.33304448274095,336,0.24673942635382776,246.73942635382775
272,135,-192.33304448274092,192.33304448274095,344,0.24467994720652766,244.67994720652766
272,135,-192.33304448274092,192.33304448274095,352,0.2453171778536638,245.3171778536638
272,135,-192.33304448274092,192.33304448274095,360,0.24362948427772638,243.6294842777264
272,140,-208.364088528362,174.83822983473874,0,0.22113788919309632,221.13788919309633
272,140,-208.364088528362,174.83822983473874,8,0.22139960140516762,221.39960140516763
272,140,-208.364088528362,174.83822983473874,16,0.22574706972155884,225.74706972155883
272,140,-208.364088528362,174.83822983473874,24,0.23169026062015774,231.69026062015774
272,140,-208.364088528362,174.83822983473874,32,0.2253446678837746,225.3446678837746
272,140,-208.364088528362,174.83822983473874,40,0.22277037611412698,222.77037611412698
272,140,-208.364088528362,174.83822983473874,48,0.2229950757565941,222.9950757565941
272,140,-208.364088528362,174.83822983473874,56,0.22072622412433007,220.72622412433006
272,140,-208.364088528362,174.83822983473874,64,0.22039986466132191,220.3998646613219
272,140,-208.364088528362,174.83822983473874,72,0.22236052463412773,222.36052463412773
272,140,-208.364088528362,174.83822983473874,80,0.2292294573085728,229.2294573085728
272,140,-208.364088528362,174.83822983473874,88,0.22816985010086954,228.16985010086955
272,140,-208.364088528362,174.83822983473874,96,0.2236944948518912,223.6944948518912
272,140,-208.364088528362,174.83822983473874,104,0.22251914204078083,222.51914204078082
272,140,-208.364088528362,174.83822983473874,112,0.2218918558263843,221.8918558263843
272,140,-208.364088528362,174.83822983473874,120,0.22094938919912205,220.94938919912204
272,140,-208.364088528362,174.83822983473874,128,0.2212096587053725,221.2096587053725
272,140,-208.364088528362,174.83822983473874,136,0.22565380347227632,225.6538034722763
272,140,-208.364088528362,174.83822983473874,144,0.23159736071921944,231.59736071921944
272,140,-208.364088528362,174.83822983473874,152,0.225342456281653,225.342456281653
272,140,-208.364088528362,174.83822983473874,160,0.22291282569056903,222.91282569056904
272,140,-208.364088528362,174.83822983473874,168,0.22334540537077613,223.34540537077612
272,140,-208.364088528362,174.83822983473874,176,0.22116107394129836,221.16107394129835
272,140,-208.364088528362,174.83822983473874,184,0.2209225897539019,220.9225897539019
272,140,-208.364088528362,174.83822983473874,192,0.22291594742255727,222.91594742255728
272,140,-208.364088528362,174.83822983473874,200,0.22972659631308515,229.72659631308514
272,140,-208.364088528362,174.83822983473874,208,0.22848065444315296,228.48065444315296
272,140,-208.364088528362,174.83822983473874,216,0.22379072141628065,223.79072141628063
272,140,-208.364088528362,174.83822983473874,224,0.22248699605886552,222.48699605886551
272,140,-208.364088528362,174.83822983473874,232,0.2216411092541844,221.64110925418439
272,140,-208.364088528362,174.83822983473874,240,0.22059850686589638,220.59850686589638
272,140,-208.364088528362,174.83822983473874,248,0.2208011453302981,220.8011453302981
272,140,-208.364088528362,174.83822983473874,256,0.2252640886986698,225.26408869866978
272,140,-208.364088528362,174.83822983473874,264,0.23128144990218039,231.28144990218038
272,140,-208.364088528362,174.83822983473874,272,0.2251554849990939,225.15548499909391
272,140,-208.364088528362,174.83822983473874,280,0.22274172360875835,222.74172360875835
272,140,-208.364088528362,174.83822983473874,288,0.22311484009847188,223.1148400984719
272,140,-208.364088528362,174.83822983473874,296,0.22095619154988425,220.95619154988424
272,140,-208.364088528362,174.83822983473874,304,0.22073527962360553,220.73527962360552
272,140,-208.364088528362,174.83822983473874,312,0.2227313700165953,222.7313700165953
272,140,-208.364088528362,174.83822983473874,320,0.2296313055759423,229.6313055759423
272,140,-208.364088528362,174.83822983473874,328,0.22837320069069825,228.37320069069824
272,140,-208.364088528362,174.83822983473874,336,0.223808533474113,223.808533474113
272,140,-208.364088528362,174.83822983473874,344,0.222726600678542,222.72660067854198
272,140,-208.364088528362,174.83822983473874,352,0.22205339518986644,222.05339518986645
272,140,-208.364088528362,174.83822983473874,360,0.22111733175699802,221.11733175699803
272,145,-222.80935604660579,156.01279068748448,0,0.19700424736469827,197.00424736469827
272,145,-222.80935604660579,156.01279068748448,8,0.19856910514925732,198.56910514925733
272,145,-222.80935604660579,156.01279068748448,16,0.20545358042343945,205.45358042343943
272,145,-222.80935604660579,156.01279068748448,24,0.2049447357433538,204.94473574335382
272,145,-222.80935604660579,156.01279068748448,32,0.20110330795226994,201.10330795226994
272,145,-222.80935604660579,156.01279068748448,40,0.1991928319124089,199.1928319124089
272,145,-222.80935604660579,156.01279068748448,48,0.1971242161726518,197.1242161726518
272,145,-222.80935604660579,156.01279068748448,56,0.19659896194640897,196.59896194640896
272,145,-222.80935604660579,156.01279068748448,64,0.19685992847345593,196.85992847345594
272,145,-222.80935604660579,156.01279068748448,72,0.20067722953550832,200.6772295355083
272,145,-222.80935604660579,156.01279068748448,80,0.20670245459952413,206.70245459952415
272,145,-222.80935604660579,156.01279068748448,88,0.20240761083710995,202.40761083710996
272,145,-222.80935604660579,156.01279068748448,96,0.1997823623655104,199.78236236551038
272,145,-222.80935604660579,156.01279068748448,104,0.1990714497410448,199.0714497410448
272,145,-222.80935604660579,156.01279068748448,112,0.1965852876661072,196.5852876661072
272,145,-222.80935604660579,156.01279068748448,120,0.19685896092019975,196.85896092019976
272,145,-222.80935604660579,156.01279068748448,128,0.19842988380344417,198.42988380344417
272,145,-222.80935604660579,156.01279068748448,136,0.2054033281937178,205.40332819371778
272,145,-222.80935604660579,156.01279068748448,144,0.20486967006956838,204.86967006956837
272,145,-222.80935604660579,156.01279068748448,152,0.20111966625300887,201.11966625300886
272,145,-222.80935604660579,156.01279068748448,160,0.19936193878254763,199.36193878254764
272,145,-222.80935604660579,156.01279068748448,168,0.19745153584174693,197.45153584174693
272,145,-222.80935604660579,156.01279068748448,176,0.19698618630602263,196.98618630602263
272,145,-222.80935604660579,156.01279068748448,184,0.1973254207774391,197.3254207774391
272,145,-222.80935604660579,156.01279068748448,192,0.2011681876699726,201.1681876699726
272,145,-222.80935604660579,156.01279068748448,200,0.20712114036900622,207.1211403690062
272,145,-222.80935604660579,156.01279068748448,208,0.20263848803049012,202.63848803049012
272,145,-222.80935604660579,156.01279068748448,216,0.19983638401087495,199.83638401087495
272,145,-222.80935604660579,156.01279068748448,224,0.19899385780546544,198.99385780546544
272,145,-222.80935604660579,156.01279068748448,232,0.19630654352414878,196.3065435241488
272,145,-222.80935604660579,156.01279068748448,240,0.1965218578962397,196.52185789623968
272,145,-222.80935604660579,156.01279068748448,248,0.19803329195088237,198.0332919508824
272,145,-222.80935604660579,156.01279068748448,256,0.20503911739209207,205.03911739209207
272,145,-222.80935604660579,156.01279068748448,264,0.20463979220375061,204.6397922037506
272,145,-222.80935604660579,156.01279068748448,272,0.20095542382854248,200.95542382854248
272,145,-222.80935604660579,156.01279068748448,280,0.19921445922910147,199.21445922910146
272,145,-222.80935604660579,156.01279068748448,288,0.19727520054370723,197.27520054370723
272,145,-222.80935604660579,156.01279068748448,296,0.19682421124900978,196.82421124900978
272,145,-222.80935604660579,156.01279068748448,304,0.19718425283955998,197.18425283955997
272,145,-222.80935604660579,156.01279068748448,312,0.20103337254257791,201.03337254257792
272,145,-222.80935604660579,156.01279068748448,320,0.2070439558815688,207.0439558815688
272,145,-222.80935604660579,156.01279068748448,328,0.20254656456991307,202.54656456991307
272,145,-222.80935604660579,156.01279068748448,336,0.19987382097023232,199.87382097023232
272,145,-222.80935604660579,156.01279068748448,344,0.19924611691618258,199.2461169161826
272,145,-222.80935604660579,156.01279068748448,352,0.19668435413551477,196.68435413551478
272,145,-222.80935604660579,156.01279068748448,360,0.1969848545249208,196.9848545249208
272,150,-235.55890982936734,135.99999999999997,0,0.1721124270307357,172.11242703073572
272,150,-235.55890982936734,135.99999999999997,8,0.17525422610581526,175.25422610581526
272,150,-235.55890982936734,135.99999999999997,16,0.17973554713675516,179.73554713675514
272,150,-235.55890982936734,135.99999999999997,24,0.17808174119627973,178.08174119627972
272,150,-235.55890982936734,135.99999999999997,32,0.17579680874344272,175.7968087434427
272,150,-235.55890982936734,135.99999999999997,40,0.17338802574825252,173.38802574825252
272,150,-235.55890982936734,135.99999999999997,48,0.17021344558718976,170.21344558718977
272,150,-235.55890982936734,135.99999999999997,56,0.17128271051758473,171.28271051758472
272,150,-235.55890982936734,135.99999999999997,64,0.1726634288262371,172.6634288262371
272,150,-235.55890982936734,135.99999999999997,72,0.17887919366688868,178.87919366688868
272,150,-235.55890982936734,135.99999999999997,80,0.17861224838748813,178.61224838748814
272,150,-235.55890982936734,135.99999999999997,88,0.17685959190151862,176.85959190151863
272,150,-235.55890982936734,135.99999999999997,96,0.1748582377656221,174.8582377656221
272,150,-235.55890982936734,135.99999999999997,104,0.17116268240765523,171.16268240765524
272,150,-235.55890982936734,135.99999999999997,112,0.17115457665442052,171.1545766544205
272,150,-235.55890982936734,135.99999999999997,120,0.17200917680677552,172.0091768067755
272,150,-235.55890982936734,135.99999999999997,128,0.17516330309175357,175.16330309175356
272,150,-235.55890982936734,135.99999999999997,136,0.17970013982948052,179.70013982948052
272,150,-235.55890982936734,135.99999999999997,144,0.17802444970391718,178.02444970391718
272,150,-235.55890982936734,135.99999999999997,152,0.17583028015318136,175.83028015318135
272,150,-235.55890982936734,135.99999999999997,160,0.17357142284799912,173.57142284799912
272,150,-235.55890982936734,135.99999999999997,168,0.1705102676797577,170.51026767975767
272,150,-235.55890982936734,135.99999999999997,176,0.17162628365613308,171.62628365613307
272,150,-235.55890982936734,135.99999999999997,184,0.17307494482296354,173.07494482296354
272,150,-235.55890982936734,135.99999999999997,192,0.17930804928847627,179.30804928847627
272,150,-235.55890982936734,135.99999999999997,200,0.17893446561157614,178.93446561157614
272,150,-235.55890982936734,135.99999999999997,208,0.1770569023045523,177.0569023045523
272,150,-235.55890982936734,135.99999999999997,216,0.17487010093433156,174.87010093433156
272,150,-235.55890982936734,135.99999999999997,224,0.17106469021391457,171.06469021391456
272,150,-235.55890982936734,135.99999999999997,232,0.17088318053844234,170.88318053844233
272,150,-235.55890982936734,135.99999999999997,240,0.17168271275297126,171.68271275297127
272,150,-235.55890982936734,135.99999999999997,248,0.17478012310729618,174.7801231072962
272,150,-235.55890982936734,135.99999999999997,256,0.17940425205443727,179.40425205443728
272,150,-235.55890982936734,135.99999999999997,264,0.1778470015240065,177.84700152400652
272,150,-235.55890982936734,135.99999999999997,272,0.17569060405330073,175.69060405330072
272,150,-235.55890982936734,135.99999999999997,280,0.17345120091645716,173.45120091645717
272,150,-235.55890982936734,135.99999999999997,288,0.17038806293220243,170.38806293220244
272,150,-235.55890982936734,135.99999999999997,296,0.17150152008326036,171.50152008326037
272,150,-235.55890982936734,135.99999999999997,304,0.1729797500024274,172.9797500024274
272,150,-235.55890982936734,135.99999999999997,312,0.17921102622068763,179.21102622068764
272,150,-235.55890982936734,135.99999999999997,320,0.1788681026771151,178.86810267711508
272,150,-235.55890982936734,135.99999999999997,328,0.17697824089173264,176.97824089173264
272,150,-235.55890982936734,135.99999999999997,336,0.17492588640416562,174.92588640416562
272,150,-235.55890982936734,135.99999999999997,344,0.17129003235373988,171.2900323537399
272,150,-235.55890982936734,135.99999999999997,352,0.17121742291090364,171.21742291090365
272,150,-235.55890982936734,135.99999999999997,360,0.17209455389903416,172.09455389903417
272,155,-246.51571807396877,114.95216719347026,0,0.14664742322758118,146.64742322758119
272,155,-246.51571807396877,114.95216719347026,8,0.15151623057855232,151.51623057855232
272,155,-246.51571807396877,114.95216719347026,16,0.15029612677698817,150.29612677698816
272,155,-246.51571807396877,114.95216719347026,24,0.15131056906941076,151.31056906941075
272,155,-246.51571807396877,114.95216719347026,32,0.14961776799675408,149.61776799675408
272,155,-246.51571807396877,114.95216719347026,40,0.14395951857438385,143.95951857438385
272,155,-246.51571807396877,114.95216719347026,48,0.14358451116630827,143.58451116630826
272,155,-246.51571807396877,114.95216719347026,56,0.14530859376370253,145.30859376370253
272,155,-246.51571807396877,114.95216719347026,64,0.14803860173553213,148.03860173553213
272,155,-246.51571807396877,114.95216719347026,72,0.15030973179008117,150.30973179008117
272,155,-246.51571807396877,114.95216719347026,80,0.151034660376546,151.03466037654601
272,155,-246.51571807396877,114.95216719347026,88,0.1503880254957803,150.38802549578028
272,155,-246.51571807396877,114.95216719347026,96,0.14698000987579898,146.98000987579897
272,155,-246.51571807396877,114.95216719347026,104,0.14310316335701492,143.10316335701492
272,155,-246.51571807396877,114.95216719347026,112,0.14473060784003278,144.73060784003277
272,155,-246.51571807396877,114.95216719347026,120,0.14658654061809331,146.58654061809332
272,155,-246.51571807396877,114.95216719347026,128,0.15146067083470433,151.46067083470433
272,155,-246.51571807396877,114.95216719347026,136,0.15027172675336387,150.27172675336388
272,155,-246.51571807396877,114.95216719347026,144,0.15127086152552865,151.27086152552866
272,155,-246.51571807396877,114.95216719347026,152,0.1496667654805388,149.6667654805388
272,155,-246.51571807396877,114.95216719347026,160,0.14413040701951127,144.13040701951127
272,155,-246.51571807396877,114.95216719347026,168,0.14384634281249425,143.84634281249424
272,155,-246.51571807396877,114.95216719347026,176,0.14561155271602824,145.61155271602823
272,155,-246.51571807396877,114.95216719347026,184,0.14839676598712842,148.39676598712842
272,155,-246.51571807396877,114.95216719347026,192,0.15065025253059347,150.65025253059346
272,155,-246.51571807396877,114.95216719347026,200,0.15130630668473108,151.30630668473108
272,155,-246.51571807396877,114.95216719347026,208,0.15055163814631228,150.55163814631229
272,155,-246.51571807396877,114.95216719347026,216,0.14695991889266571,146.9599188926657
272,155,-246.51571807396877,114.95216719347026,224,0.14299289686829664,142.99289686829664
272,155,-246.51571807396877,114.95216719347026,232,0.14446386407051623,144.46386407051622
272,155,-246.51571807396877,114.95216719347026,240,0.1462686547245755,146.2686547245755
272,155,-246.51571807396877,114.95216719347026,248,0.1511050127241197,151.1050127241197
272,155,-246.51571807396877,114.95216719347026,256,0.15005732666689547,150.05732666689548
272,155,-246.51571807396877,114.95216719347026,264,0.15111167615346158,151.1116761534616
272,155,-246.51571807396877,114.95216719347026,272,0.1495533062071733,149.5533062071733
272,155,-246.51571807396877,114.95216719347026,280,0.14404434391211432,144.04434391211433
272,155,-246.51571807396877,114.95216719347026,288,0.14376224285322314,143.76224285322314
272,155,-246.51571807396877,114.95216719347026,296,0.14552283133788155,145.52283133788154
272,155,-246.51571807396877,114.95216719347026,304,0.1483472588552234,148.3472588552234
272,155,-246.51571807396877,114.95216719347026,312,0.15057887974617212,150.57887974617213
272,155,-246.51571807396877,114.95216719347026,320,0.15124910113117432,151.2491011311743
272,155,-246.51571807396877,114.95216719347026,328,0.15048496359580868,150.4849635958087
272,155,-246.51571807396877,114.95216719347026,336,0.1470232154429014,147.0232154429014
272,155,-246.51571807396877,114.95216719347026,344,0.14318614046558617,143.18614046558616
272,155,-246.51571807396877,114.95216719347026,352,0.1447606710737902,144.7606710737902
272,155,-246.51571807396877,114.95216719347026,360,0.14663137437925877,146.63137437925877
272,160,-255.59639285376707,93.02947898458194,0,0.12079859326390525,120.79859326390526
272,160,-255.59639285376707,93.02947898458194,8,0.12074529286027272,120.74529286027271
272,160,-255.59639285376707,93.02947898458194,16,0.12216893791176882,122.16893791176882
272,160,-255.59639285376707,93.02947898458194,24,0.1237685003498595,123.76850034985951
272,160,-255.59639285376707,93.02947898458194,32,0.1197722116322731,119.7722116322731
272,160,-255.59639285376707,93.02947898458194,40,0.11504467273311697,115.04467273311697
272,160,-255.59639285376707,93.02947898458194,48,0.11615925873897417,116.15925873897417
272,160,-255.59639285376707,93.02947898458194,56,0.11883642635363224,118.83642635363225
272,160,-255.59639285376707,93.02947898458194,64,0.12183663789927579,121.83663789927579
272,160,-255.59639285376707,93.02947898458194,72,0.12009085546028077,120.09085546028076
272,160,-255.59639285376707,93.02947898458194,80,0.12332415224605764,123.32415224605764
272,160,-255.59639285376707,93.02947898458194,88,0.12319437622421127,123.19437622421127
272,160,-255.59639285376707,93.02947898458194,96,0.11636954067512617,116.36954067512617
272,160,-255.59639285376707,93.02947898458194,104,0.11534264660658906,115.34264660658907
272,160,-255.59639285376707,93.02947898458194,112,0.11774348837259746,117.74348837259745
272,160,-255.59639285376707,93.02947898458194,120,0.12078191586358733,120.78191586358733
272,160,-255.59639285376707,93.02947898458194,128,0.12071456864412185,120.71456864412185
272,160,-255.59639285376707,93.02947898458194,136,0.1221536187501994,122.1536187501994
272,160,-255.59639285376707,93.02947898458194,144,0.12374493420009838,123.74493420009838
272,160,-255.59639285376707,93.02947898458194,152,0.11983048653111236,119.83048653111236
272,160,-255.59639285376707,93.02947898458194,160,0.11519751900050593,115.19751900050592
272,160,-255.59639285376707,93.02947898458194,168,0.11639001987757747,116.39001987757747
272,160,-255.59639285376707,93.02947898458194,176,0.11910053391969047,119.10053391969048
272,160,-255.59639285376707,93.02947898458194,184,0.12213240086120628,122.13240086120628
272,160,-255.59639285376707,93.02947898458194,192,0.12034577297067775,120.34577297067776
272,160,-255.59639285376707,93.02947898458194,200,0.12356547748946281,123.56547748946281
272,160,-255.59639285376707,93.02947898458194,208,0.12332441662033046,123.32441662033045
272,160,-255.59639285376707,93.02947898458194,216,0.11632789833309905,116.32789833309904
272,160,-255.59639285376707,93.02947898458194,224,0.115227311881349,115.22731188134901
272,160,-255.59639285376707,93.02947898458194,232,0.11747986392417697,117.47986392417698
272,160,-255.59639285376707,93.02947898458194,240,0.12047164253373469,120.47164253373468
272,160,-255.59639285376707,93.02947898458194,248,0.12042618508851201,120.42618508851201
272,160,-255.59639285376707,93.02947898458194,256,0.12196516897118732,121.96516897118732
272,160,-255.59639285376707,93.02947898458194,264,0.12360590896388851,123.60590896388851
272,160,-255.59639285376707,93.02947898458194,272,0.11973846228037291,119.73846228037291
272,160,-255.59639285376707,93.02947898458194,280,0.1151440661538454,115.1440661538454
272,160,-255.59639285376707,93.02947898458194,288,0.11634227288141592,116.34227288141592
272,160,-255.59639285376707,93.02947898458194,296,0.11904804176217776,119.04804176217776
272,160,-255.59639285376707,93.02947898458194,304,0.12211774414935453,122.11774414935454
272,160,-255.59639285376707,93.02947898458194,312,0.12029974179039918,120.29974179039918
272,160,-255.59639285376707,93.02947898458194,320,0.12351580609968105,123.51580609968104
272,160,-255.59639285376707,93.02947898458194,328,0.12326836251944145,123.26836251944145
272,160,-255.59639285376707,93.02947898458194,336,0.1163878542024484,116.38785420244841
272,160,-255.59639285376707,93.02947898458194,344,0.11539118660382898,115.39118660382898
272,160,-255.59639285376707,93.02947898458194,352,0.11774082776063657,117.74082776063658
272,160,-255.59639285376707,93.02947898458194,360,0.12078462041981136,120.78462041981136
272,165,-262.7318247506266,70.39878026788571,0,0.09235913921043423,92.35913921043424
272,165,-262.7318247506266,70.39878026788571,8,0.09010663290330281,90.10663290330281
272,165,-262.7318247506266,70.39878026788571,16,0.09367343611070744,93.67343611070744
272,165,-262.7318247506266,70.39878026788571,24,0.09519515986333149,95.1951598633315
272,165,-262.7318247506266,70.39878026788571,32,0.0881591491073091,88.1591491073091
272,165,-262.7318247506266,70.39878026788571,40,0.0863947740712567,86.3947740712567
272,165,-262.7318247506266,70.39878026788571,48,0.08826290886246702,88.26290886246701
272,165,-262.7318247506266,70.39878026788571,56,0.09209745604517774,92.09745604517775
272,165,-262.7318247506266,70.39878026788571,64,0.09029245380835595,90.29245380835594
272,165,-262.7318247506266,70.39878026788571,72,0.09151864954925368,91.51864954925368
272,165,-262.7318247506266,70.39878026788571,80,0.09500959480485728,95.00959480485729
272,165,-262.7318247506266,70.39878026788571,88,0.0916287514687222,91.6287514687222
272,165,-262.7318247506266,70.39878026788571,96,0.08704369210002978,87.04369210002979
272,165,-262.7318247506266,70.39878026788571,104,0.0870374411744785,87.03744117447849
272,165,-262.7318247506266,70.39878026788571,112,0.09033866898477116,90.33866898477116
272,165,-262.7318247506266,70.39878026788571,120,0.09237949559080579,92.37949559080579
272,165,-262.7318247506266,70.39878026788571,128,0.09009868540427451,90.09868540427452
272,165,-262.7318247506266,70.39878026788571,136,0.09366571794370837,93.66571794370837
272,165,-262.7318247506266,70.39878026788571,144,0.09518777281936436,95.18777281936435
272,165,-262.7318247506266,70.39878026788571,152,0.08822291991785904,88.22291991785903
272,165,-262.7318247506266,70.39878026788571,160,0.08652977682183523,86.52977682183523
272,165,-262.7318247506266,70.39878026788571,168,0.08846350969949893,88.46350969949893
272,165,-262.7318247506266,70.39878026788571,176,0.09232263276003345,92.32263276003346
272,165,-262.7318247506266,70.39878026788571,184,0.09050353148965341,90.50353148965341
272,165,-262.7318247506266,70.39878026788571,192,0.09174977292391308,91.74977292391308
272,165,-262.7318247506266,70.39878026788571,200,0.09522032387742631,95.22032387742631
272,165,-262.7318247506266,70.39878026788571,208,0.09173095253200006,91.73095253200006
272,165,-262.7318247506266,70.39878026788571,216,0.08698888750036478,86.98888750036478
272,165,-262.7318247506266,70.39878026788571,224,0.08691681451121969,86.91681451121968
272,165,-262.7318247506266,70.39878026788571,232,0.09007649023662402,90.07649023662402
272,165,-262.7318247506266,70.39878026788571,240,0.09210210403557584,92.10210403557583
272,165,-262.7318247506266,70.39878026788571,248,0.08985993827646044,89.85993827646044
272,165,-262.7318247506266,70.39878026788571,256,0.09349777608071815,93.49777608071814
272,165,-262.7318247506266,70.39878026788571,264,0.09506868115313288,95.06868115313289
272,165,-262.7318247506266,70.39878026788571,272,0.08815086708822883,88.15086708822884
272,165,-262.7318247506266,70.39878026788571,280,0.08650727729140559,86.50727729140559
272,165,-262.7318247506266,70.39878026788571,288,0.08845190618353505,88.45190618353504
272,165,-262.7318247506266,70.39878026788571,296,0.09230745261059789,92.30745261059789
272,165,-262.7318247506266,70.39878026788571,304,0.09051983944419162,90.51983944419162
272,165,-262.7318247506266,70.39878026788571,312,0.09172727072859005,91.72727072859004
272,165,-262.7318247506266,70.39878026788571,320,0.09517659431402488,95.17659431402488
272,165,-262.7318247506266,70.39878026788571,328,0.09168960310662946,91.68960310662946
272,165,-262.7318247506266,70.39878026788571,336,0.0870385922068518,87.0385922068518
272,165,-262.7318247506266,70.39878026788571,344,0.08705217250116133,87.05217250116134
272,165,-262.7318247506266,70.39878026788571,352,0.09030274723465126,90.30274723465126
272,165,-262.7318247506266,70.39878026788571,360,0.09234757859471483,92.34757859471483
272,170,-267.86770881932057,47.23230432540503,0,0.06005725294498466,60.05725294498466
272,170,-267.86770881932057,47.23230432540503,8,0.0609557425828709,60.9557425828709
272,170,-267.86770881932057,47.23230432540503,16,0.06475283636915768,64.75283636915769
272,170,-267.86770881932057,47.23230432540503,24,0.06255409986370246,62.55409986370246
272,170,-267.86770881932057,47.23230432540503,32,0.05877109742341741,58.77109742341741
272,170,-267.86770881932057,47.23230432540503,40,0.05737233547058557,57.37233547058557
272,170,-267.86770881932057,47.23230432540503,48,0.0600361488216489,60.0361488216489
272,170,-267.86770881932057,47.23230432540503,56,0.0617979798718111,61.7979798718111
272,170,-267.86770881932057,47.23230432540503,64,0.05966724517364375,59.66724517364375
272,170,-267.86770881932057,47.23230432540503,72,0.0624795617156996,62.4795617156996
272,170,-267.86770881932057,47.23230432540503,80,0.06502769335949982,65.02769335949982
272,170,-267.86770881932057,47.23230432540503,88,0.059732123080977806,59.73212308097781
272,170,-267.86770881932057,47.23230432540503,96,0.05779799473515804,57.797994735158035
272,170,-267.86770881932057,47.23230432540503,104,0.05836756450962567,58.36756450962567
272,170,-267.86770881932057,47.23230432540503,112,0.06288164802716986,62.88164802716986
272,170,-267.86770881932057,47.23230432540503,120,0.06011481999445379,60.11481999445379
272,170,-267.86770881932057,47.23230432540503,128,0.06096630558836948,60.96630558836948
272,170,-267.86770881932057,47.23230432540503,136,0.06475125596253703,64.75125596253703
272,170,-267.86770881932057,47.23230432540503,144,0.06257390549025547,62.57390549025548
272,170,-267.86770881932057,47.23230432540503,152,0.058833334278734585,58.83333427873458
272,170,-267.86770881932057,47.23230432540503,160,0.05748861944822249,57.488619448222494
272,170,-267.86770881932057,47.23230432540503,168,0.0602073945623424,60.2073945623424
272,170,-267.86770881932057,47.23230432540503,176,0.06195771156904639,61.957711569046396
272,170,-267.86770881932057,47.23230432540503,184,0.05982896899486938,59.82896899486938
272,170,-267.86770881932057,47.23230432540503,192,0.06268697627682068,62.68697627682068
272,170,-267.86770881932057,47.23230432540503,200,0.06520515900402109,65.20515900402108
272,170,-267.86770881932057,47.23230432540503,208,0.059808874403107795,59.808874403107794
272,170,-267.86770881932057,47.23230432540503,216,0.05773075621156133,57.730756211561335
272,170,-267.86770881932057,47.23230432540503,224,0.05824181416535652,58.24181416535652
272,170,-267.86770881932057,47.23230432540503,232,0.06262150827769114,62.62150827769114
272,170,-267.86770881932057,47.23230432540503,240,0.0598838370590924,59.8838370590924
272,170,-267.86770881932057,47.23230432540503,248,0.0607353106569275,60.735310656927496
272,170,-267.86770881932057,47.23230432540503,256,0.06460548767680209,64.60548767680208
272,170,-267.86770881932057,47.23230432540503,264,0.062460726815450174,62.46072681545017
272,170,-267.86770881932057,47.23230432540503,272,0.05878111639445639,58.78111639445639
272,170,-267.86770881932057,47.23230432540503,280,0.057497236496541954,57.49723649654195
272,170,-267.86770881932057,47.23230432540503,288,0.060232011775546546,60.232011775546546
272,170,-267.86770881932057,47.23230432540503,296,0.06198393795115044,61.98393795115044
272,170,-267.86770881932057,47.23230432540503,304,0.05986908259986923,59.86908259986923
272,170,-267.86770881932057,47.23230432540503,312,0.06268682689484394,62.68682689484394
272,170,-267.86770881932057,47.23230432540503,320,0.06517615224919408,65.17615224919409
272,170,-267.86770881932057,47.23230432540503,328,0.05978077635325618,59.78077635325618
272,170,-267.86770881932057,47.23230432540503,336,0.05776786274571011,57.767862745710104
272,170,-267.86770881932057,47.23230432540503,344,0.05834860523092709,58.348605230927085
272,170,-267.86770881932057,47.23230432540503,352,0.06281070810289699,62.81070810289699
272,170,-267.86770881932057,47.23230432540503,360,0.060048111108629794,60.0481111086298
272,175,-270.9649578809548,23.706362027363028,0,0.029617446370626896,29.617446370626897
272,175,-270.9649578809548,23.706362027363028,8,0.03150515395463356,31.50515395463356
272,175,-270.9649578809548,23.706362027363028,16,0.03357736355968275,33.57736355968275
272,175,-270.9649578809548,23.706362027363028,24,0.030903148251502727,30.903148251502728
272,175,-270.9649578809548,23.706362027363028,32,0.029143243089286848,29.143243089286848
272,175,-270.9649578809548,23.706362027363028,40,0.028110131886046736,28.110131886046737
272,175,-270.9649578809548,23.706362027363028,48,0.031605402523568416,31.605402523568415
272,175,-270.9649578809548,23.706362027363028,56,0.029081961995529003,29.081961995529003
272,175,-270.9649578809548,23.706362027363028,64,0.030201037312896074,30.201037312896073
272,175,-270.9649578809548,23.706362027363028,72,0.03319459695231284,33.19459695231284
272,175,-270.9649578809548,23.706362027363028,80,0.03200272421565175,32.00272421565175
272,175,-270.9649578809548,23.706362027363028,88,0.03024768901958353,30.24768901958353
272,175,-270.9649578809548,23.706362027363028,96,0.02830148276735054,28.30148276735054
272,175,-270.9649578809548,23.706362027363028,104,0.029472928761356522,29.47292876135652
272,175,-270.9649578809548,23.706362027363028,112,0.03085250215912113,30.85250215912113
272,175,-270.9649578809548,23.706362027363028,120,0.029698436202155468,29.698436202155467
272,175,-270.9649578809548,23.706362027363028,128,0.03153346203336396,31.533462033363964
272,175,-270.9649578809548,23.706362027363028,136,0.033603684314459537,33.603684314459535
272,175,-270.9649578809548,23.706362027363028,144,0.03094613681730924,30.94613681730924
272,175,-270.9649578809548,23.706362027363028,152,0.02920227825226078,29.20227825226078
272,175,-270.9649578809548,23.706362027363028,160,0.02820673376927855,28.20673376927855
272,175,-270.9649578809548,23.706362027363028,168,0.03174145279278755,31.74145279278755
272,175,-270.9649578809548,23.706362027363028,176,0.02916767466347464,29.167674663474642
272,175,-270.9649578809548,23.706362027363028,184,0.030349278032322558,30.34927803232256
272,175,-270.9649578809548,23.706362027363028,192,0.033378568460481706,33.3785684604817
272,175,-270.9649578809548,23.706362027363028,200,0.03214121994144052,32.14121994144052
272,175,-270.9649578809548,23.706362027363028,208,0.03030419711352932,30.30419711352932
272,175,-270.9649578809548,23.706362027363028,216,0.028222454862901557,28.222454862901557
272,175,-270.9649578809548,23.706362027363028,224,0.029342033275038808,29.34203327503881
272,175,-270.9649578809548,23.706362027363028,232,0.03061596285533404,30.61596285533404
272,175,-270.9649578809548,23.706362027363028,240,0.029482132803463835,29.482132803463834
272,175,-270.9649578809548,23.706362027363028,248,0.03131100854891515,31.31100854891515
272,175,-270.9649578809548,23.706362027363028,256,0.0334680679958556,33.4680679958556
272,175,-270.9649578809548,23.706362027363028,264,0.03084051517114101,30.84051517114101
272,175,-270.9649578809548,23.706362027363028,272,0.02917216888997276,29.17216888997276
272,175,-270.9649578809548,23.706362027363028,280,0.028246832630715438,28.24683263071544
272,175,-270.9649578809548,23.706362027363028,288,0.03180550158015294,31.80550158015294
272,175,-270.9649578809548,23.706362027363028,296,0.029238115802214127,29.23811580221413
272,175,-270.9649578809548,23.706362027363028,304,0.03040582614318381,30.40582614318381
272,175,-270.9649578809548,23.706362027363028,312,0.03339942560183538,33.399425601835375
272,175,-270.9649578809548,23.706362027363028,320,0.032148672278545024,32.14867227854502
272,175,-270.9649578809548,23.706362027363028,328,0.030284208350373057,30.284208350373056
272,175,-270.9649578809548,23.706362027363028,336,0.02824591754755647,28.24591754755647
272,175,-270.9649578809548,23.706362027363028,344,0.0294201574385843,29.4201574385843
272,175,-270.9649578809548,23.706362027363028,352,0.03073760836671205,30.73760836671205
272,175,-270.9649578809548,23.706362027363028,360,0.029611837919903326,29.611837919903326
272,180,-272.0,3.3310392936808004e-14,0,-1.9109153559457765e-05,-0.019109153559457765
272,180,-272.0,3.3310392936808004e-14,8,0.0019790037808030724,1.9790037808030725
272,180,-272.0,3.3310392936808004e-14,16,0.0003936012498214833,0.3936012498214833
272,180,-272.0,3.3310392936808004e-14,24,0.0013254558132638043,1.3254558132638043
272,180,-272.0,3.3310392936808004e-14,32,-0.0006136564385938563,-0.6136564385938563
272,180,-272.0,3.3310392936808004e-14,40,-0.0012572369711155774,-1.2572369711155773
272,180,-272.0,3.3310392936808004e-14,48,-0.0014114314054420943,-1.4114314054420942
272,180,-272.0,3.3310392936808004e-14,56,-0.0008439148687705988,-0.8439148687705988
272,180,-272.0,3.3310392936808004e-14,64,0.0005895982415059554,0.5895982415059554
272,180,-272.0,3.3310392936808004e-14,72,0.0011478560076904215,1.1478560076904214
272,180,-272.0,3.3310392936808004e-14,80,0.0010489615194707244,1.0489615194707245
272,180,-272.0,3.3310392936808004e-14,88,0.0005155069669419687,0.5155069669419686
272,180,-272.0,3.3310392936808004e-14,96,-0.0013072609477010864,-1.3072609477010864
272,180,-272.0,3.3310392936808004e-14,104,-0.0003914553759541602,-0.3914553759541602
272,180,-272.0,3.3310392936808004e-14,112,-0.001879381550933694,-1.879381550933694
272,180,-272.0,3.3310392936808004e-14,120,7.911862448724966e-05,0.07911862448724966
272,180,-272.0,3.3310392936808004e-14,128,0.0020241564507481116,2.024156450748112
272,180,-272.0,3.3310392936808004e-14,136,0.0004692684143332929,0.4692684143332929
272,180,-272.0,3.3310392936808004e-14,144,0.001383824395139269,1.383824395139269
272,180,-272.0,3.3310392936808004e-14,152,-0.0005592210868835513,-0.5592210868835513
272,180,-272.0,3.3310392936808004e-14,160,-0.0011813612376269794,-1.1813612376269793
272,180,-272.0,3.3310392936808004e-14,168,-0.0013377491179823939,-1.337749117982394
272,180,-272.0,3.3310392936808004e-14,176,-0.0007757086271128037,-0.7757086271128038
272,180,-272.0,3.3310392936808004e-14,184,0.0007243165509138217,0.7243165509138217
272,180,-272.0,3.3310392936808004e-14,192,0.0012918654537344234,1.2918654537344234
272,180,-272.0,3.3310392936808004e-14,200,0.0011532703212808887,1.1532703212808886
272,180,-272.0,3.3310392936808004e-14,208,0.0005513550411609576,0.5513550411609576
272,180,-272.0,3.3310392936808004e-14,216,-0.0013975812141673119,-1.3975812141673118
272,180,-272.0,3.3310392936808004e-14,224,-0.0005221441041678686,-0.5221441041678686
272,180,-272.0,3.3310392936808004e-14,232,-0.0020922399135973276,-2.0922399135973277
272,180,-272.0,3.3310392936808004e-14,240,-0.00013634554095016306,-0.13634554095016307
272,180,-272.0,3.3310392936808004e-14,248,0.0018109686583445798,1.8109686583445799
272,180,-272.0,3.3310392936808004e-14,256,0.00033176664958948013,0.3317666495894801
272,180,-272.0,3.3310392936808004e-14,264,0.0012915292406930415,1.2915292406930414
272,180,-272.0,3.3310392936808004e-14,272,-0.0005665598714919978,-0.5665598714919978
272,180,-272.0,3.3310392936808004e-14,280,-0.0011092161365081597,-1.1092161365081596
272,180,-272.0,3.3310392936808004e-14,288,-0.0012219550132115467,-1.2219550132115466
272,180,-272.0,3.3310392936808004e-14,296,-0.0006823863573483014,-0.6823863573483014
272,180,-272.0,3.3310392936808004e-14,304,0.0007966113813592616,0.7966113813592616
272,180,-272.0,3.3310392936808004e-14,312,0.0013661829695734936,1.3661829695734937
272,180,-272.0,3.3310392936808004e-14,320,0.001191920609905684,1.191920609905684
272,180,-272.0,3.3310392936808004e-14,328,0.0005383812203386292,0.5383812203386291
272,180,-272.0,3.3310392936808004e-14,336,-0.0013888592146336282,-1.3888592146336283
272,180,-272.0,3.3310392936808004e-14,344,-0.000483481742633902,-0.483481742633902
272,180,-272.0,3.3310392936808004e-14,352,-0.0020368690055318954,-2.0368690055318956
272,180,-272.0,3.3310392936808004e-14,360,-2.0637402081691292e-05,-0.020637402081691292
306,90,1.8737096026954503e-14,306.0,0,0.3630779470402308,363.07794704023075
306,90,1.8737096026954503e-14,306.0,8,0.36455212093594325,364.55212093594326
306,90,1.8737096026954503e-14,306.0,16,0.3683812295906421,368.38122959064214
306,90,1.8737096026954503e-14,306.0,24,0.3679717725450913,367.97177254509126
306,90,1.8737096026954503e-14,306.0,32,0.365331781892245,365.33178189224503
306,90,1.8737096026954503e-14,306.0,40,0.36748290452357635,367.48290452357634
306,90,1.8737096026954503e-14,306.0,48,0.3644731702003375,364.4731702003375
306,90,1.8737096026954503e-14,306.0,56,0.36314055118035343,363.14055118035344
306,90,1.8737096026954503e-14,306.0,64,0.36296067911474866,362.96067911474864
306,90,1.8737096026954503e-14,306.0,72,0.3653992680698693,365.39926806986927
306,90,1.8737096026954503e-14,306.0,80,0.3692598196139572,369.25981961395723
306,90,1.8737096026954503e-14,306.0,88,0.3652015706954388,365.2015706954388
306,90,1.8737096026954503e-14,306.0,96,0.3649082711386192,364.90827113861917
306,90,1.8737096026954503e-14,306.0,104,0.36518332064960357,365.18332064960356
306,90,1.8737096026954503e-14,306.0,112,0.36331869666555133,363.31869666555133
306,90,1.8737096026954503e-14,306.0,120,0.36249399038683416,362.4939903868342
306,90,1.8737096026954503e-14,306.0,128,0.36402084416503044,364.02084416503044
306,90,1.8737096026954503e-14,306.0,136,0.36790639920988977,367.90639920988974
306,90,1.8737096026954503e-14,306.0,144,0.3674677198188947,367.4677198188947
306,90,1.8737096026954503e-14,306.0,152,0.3649380524211745,364.9380524211745
306,90,1.8737096026954503e-14,306.0,160,0.3672494975972076,367.2494975972076
306,90,1.8737096026954503e-14,306.0,168,0.36447868950099177,364.4786895009918
306,90,1.8737096026954503e-14,306.0,176,0.36330565137207227,363.30565137207225
306,90,1.8737096026954503e-14,306.0,184,0.3633817201650938,363.3817201650938
306,90,1.8737096026954503e-14,306.0,192,0.36610854473424137,366.1085447342414
306,90,1.8737096026954503e-14,306.0,200,0.3702116715704183,370.2116715704183
306,90,1.8737096026954503e-14,306.0,208,0.3661379480422662,366.1379480422662
306,90,1.8737096026954503e-14,306.0,216,0.36576444259009466,365.7644425900947
306,90,1.8737096026954503e-14,306.0,224,0.3659105914943577,365.9105914943577
306,90,1.8737096026954503e-14,306.0,232,0.363762961779199,363.762961779199
306,90,1.8737096026954503e-14,306.0,240,0.36268701954561877,362.6870195456188
306,90,1.8737096026954503e-14,306.0,248,0.3638887637557165,363.88876375571647
306,90,1.8737096026954503e-14,306.0,256,0.3675424387110638,367.54243871106377
306,90,1.8737096026954503e-14,306.0,264,0.36698695015771643,366.9869501577164
306,90,1.8737096026954503e-14,306.0,272,0.3643821721153828,364.38217211538284
306,90,1.8737096026954503e-14,306.0,280,0.3666362625506323,366.6362625506323
306,90,1.8737096026954503e-14,306.0,288,0.36384722605721986,363.84722605721987
306,90,1.8737096026954503e-14,306.0,296,0.3626821021058582,362.68210210585823
306,90,1.8737096026954503e-14,306.0,304,0.3628348489416042,362.8348489416042
306,90,1.8737096026954503e-14,306.0,312,0.36554557457703807,365.54557457703805
306,90,1.8737096026954503e-14,306.0,320,0.3697358986365536,369.7358986365536
306,90,1.8737096026954503e-14,306.0,328,0.36566077043116296,365.660770431163
306,90,1.8737096026954503e-14,306.0,336,0.3654193659479608,365.41936594796084
306,90,1.8737096026954503e-14,306.0,344,0.36581638747654033,365.81638747654034
306,90,1.8737096026954503e-14,306.0,352,0.363878266067007,363.878266067007
306,90,1.8737096026954503e-14,306.0,360,0.36304032773738615,363.0403277373861
306,95,-26.66965728078342,304.83557761607415,0,0.3624337658034896,362.4337658034896
306,95,-26.66965728078342,304.83557761607415,8,0.3658091551373451,365.8091551373451
306,95,-26.66965728078342,304.83557761607415,16,0.36872151367061,368.72151367061
306,95,-26.66965728078342,304.83557761607415,24,0.3656726143512824,365.6726143512824
306,95,-26.66965728078342,304.83557761607415,32,0.3649788884752565,364.9788884752565
306,95,-26.66965728078342,304.83557761607415,40,0.36338219090129475,363.38219090129473
306,95,-26.66965728078342,304.83557761607415,48,0.3610170166399487,361.0170166399487
306,95,-26.66965728078342,304.83557761607415,56,0.36145183922181007,361.4518392218101
306,95,-26.66965728078342,304.83557761607415,64,0.3632994688251677,363.2994688251677
306,95,-26.66965728078342,304.83557761607415,72,0.3674030970361076,367.40309703610757
306,95,-26.66965728078342,304.83557761607415,80,0.36607768372622257,366.0776837262226
306,95,-26.66965728078342,304.83557761607415,88,0.36387858980962673,363.8785898096267
306,95,-26.66965728078342,304.83557761607415,96,0.3653201081335314,365.3201081335314
306,95,-26.66965728078342,304.83557761607415,104,0.36096978085119413,360.9697808511941
306,95,-26.66965728078342,304.83557761607415,112,0.3607487434942503,360.7487434942503
306,95,-26.66965728078342,304.83557761607415,120,0.3619013095366262,361.9013095366262
306,95,-26.66965728078342,304.83557761607415,128,0.3652970758874746,365.29707588747465
306,95,-26.66965728078342,304.83557761607415,136,0.3682706720627458,368.2706720627458
306,95,-26.66965728078342,304.83557761607415,144,0.3652039875187323,365.2039875187323
306,95,-26.66965728078342,304.83557761607415,152,0.36461838466599944,364.61838466599943
306,95,-26.66965728078342,304.83557761607415,160,0.3631749775451555,363.1749775451555
306,95,-26.66965728078342,304.83557761607415,168,0.36104715492983286,361.04715492983286
306,95,-26.66965728078342,304.83557761607415,176,0.36167571950451627,361.6757195045163
306,95,-26.66965728078342,304.83557761607415,184,0.36376329727956547,363.76329727956545
306,95,-26.66965728078342,304.83557761607415,192,0.36817024616193506,368.17024616193504
306,95,-26.66965728078342,304.83557761607415,200,0.3670177871702654,367.0177871702654
306,95,-26.66965728078342,304.83557761607415,208,0.3648020839100352,364.8020839100352
306,95,-26.66965728078342,304.83557761607415,216,0.36615917559373823,366.1591755937382
306,95,-26.66965728078342,304.83557761607415,224,0.36161694368323194,361.61694368323197
306,95,-26.66965728078342,304.83557761607415,232,0.3611080338297289,361.10803382972887
306,95,-26.66965728078342,304.83557761607415,240,0.36198610415622445,361.9861041562244
306,95,-26.66965728078342,304.83557761607415,248,0.36509894804436854,365.09894804436857
306,95,-26.66965728078342,304.83557761607415,256,0.36784813954688206,367.84813954688207
306,95,-26.66965728078342,304.83557761607415,264,0.3647008430104637,364.7008430104637
306,95,-26.66965728078342,304.83557761607415,272,0.36404458257903594,364.04458257903593
306,95,-26.66965728078342,304.83557761607415,280,0.362611173071916,362.61117307191597
306,95,-26.66965728078342,304.83557761607415,288,0.3604667270097564,360.4667270097564
306,95,-26.66965728078342,304.83557761607415,296,0.3611060185875481,361.1060185875481
306,95,-26.66965728078342,304.83557761607415,304,0.3632478799257379,363.24787992573795
306,95,-26.66965728078342,304.83557761607415,312,0.36762216288064026,367.62216288064025
306,95,-26.66965728078342,304.83557761607415,320,0.36657278432497453,366.5727843249745
306,95,-26.66965728078342,304.83557761607415,328,0.36435858189920417,364.3585818992042
306,95,-26.66965728078342,304.83557761607415,336,0.36584580745031003,365.84580745031
306,95,-26.66965728078342,304.83557761607415,344,0.3615430967951593,361.5430967951593
306,95,-26.66965728078342,304.83557761607415,352,0.3612645917374553,361.2645917374553
306,95,-26.66965728078342,304.83557761607415,360,0.36239701363091703,362.39701363091706
306,100,-53.136342366080676,301.35117242173567,0,0.36050201509438007,360.50201509438006
306,100,-53.136342366080676,301.35117242173567,8,0.3657317619225685,365.7317619225685
306,100,-53.136342366080676,301.35117242173567,16,0.36296973335795313,362.96973335795315
306,100,-53.136342366080676,301.35117242173567,24,0.3617215572783452,361.7215572783452
306,100,-53.136342366080676,301.35117242173567,32,0.3615403726032465,361.5403726032465
306,100,-53.136342366080676,301.35117242173567,40,0.35679757281249613,356.7975728124961
306,100,-53.136342366080676,301.35117242173567,48,0.35617601029063495,356.17601029063496
306,100,-53.136342366080676,301.35117242173567,56,0.3584736302838546,358.4736302838546
306,100,-53.136342366080676,301.35117242173567,64,0.36229959658609523,362.2995965860952
306,100,-53.136342366080676,301.35117242173567,72,0.3639205281668672,363.9205281668672
306,100,-53.136342366080676,301.35117242173567,80,0.3612137833110063,361.2137833110063
306,100,-53.136342366080676,301.35117242173567,88,0.36090809023476644,360.90809023476646
306,100,-53.136342366080676,301.35117242173567,96,0.3578979318268648,357.8979318268648
306,100,-53.136342366080676,301.35117242173567,104,0.35534744580970623,355.34744580970624
306,100,-53.136342366080676,301.35117242173567,112,0.35692870026947265,356.92870026947264
306,100,-53.136342366080676,301.35117242173567,120,0.3599965456791363,359.9965456791363
306,100,-53.136342366080676,301.35117242173567,128,0.36523401342642936,365.2340134264294
306,100,-53.136342366080676,301.35117242173567,136,0.36255234398786884,362.5523439878688
306,100,-53.136342366080676,301.35117242173567,144,0.36128888289295913,361.2888828929591
306,100,-53.136342366080676,301.35117242173567,152,0.3612119574728758,361.21195747287584
306,100,-53.136342366080676,301.35117242173567,160,0.3566148773333333,356.6148773333333
306,100,-53.136342366080676,301.35117242173567,168,0.3562582328689346,356.2582328689346
306,100,-53.136342366080676,301.35117242173567,176,0.3587518388319638,358.7518388319638
306,100,-53.136342366080676,301.35117242173567,184,0.36280447194394383,362.80447194394384
306,100,-53.136342366080676,301.35117242173567,192,0.3647176189983454,364.7176189983454
306,100,-53.136342366080676,301.35117242173567,200,0.362144374935937,362.144374935937
306,100,-53.136342366080676,301.35117242173567,208,0.3618210422287751,361.82104222877507
306,100,-53.136342366080676,301.35117242173567,216,0.3586485358426219,358.6485358426219
306,100,-53.136342366080676,301.35117242173567,224,0.35590907860441723,355.90907860441723
306,100,-53.136342366080676,301.35117242173567,232,0.357176622686404,357.176622686404
306,100,-53.136342366080676,301.35117242173567,240,0.3600184750575997,360.0184750575997
306,100,-53.136342366080676,301.35117242173567,248,0.36497274285968484,364.97274285968484
306,100,-53.136342366080676,301.35117242173567,256,0.36210418731329247,362.10418731329247
306,100,-53.136342366080676,301.35117242173567,264,0.36076107340379493,360.7610734037949
306,100,-53.136342366080676,301.35117242173567,272,0.3606366166941402,360.63661669414023
306,100,-53.136342366080676,301.35117242173567,280,0.3561136747927794,356.11367479277936
306,100,-53.136342366080676,301.35117242173567,288,0.3557239083199409,355.7239083199409
306,100,-53.136342366080676,301.35117242173567,296,0.3582284449297638,358.2284449297638
306,100,-53.136342366080676,301.35117242173567,304,0.3623091222808814,362.3091222808814
306,100,-53.136342366080676,301.35117242173567,312,0.36419979588368545,364.19979588368545
306,100,-53.136342366080676,301.35117242173567,320,0.36173046730865527,361.73046730865525
306,100,-53.136342366080676,301.35117242173567,328,0.36141082215310494,361.41082215310496
306,100,-53.136342366080676,301.35117242173567,336,0.3583595793554306,358.35957935543064
306,100,-53.136342366080676,301.35117242173567,344,0.3558670260675639,355.86702606756387
306,100,-53.136342366080676,301.35117242173567,352,0.3573975416111933,357.3975416111933
306,100,-53.136342366080676,301.35117242173567,360,0.360466633930914,360.466633930914
306,105,-79.19862780137139,295.57330284445493,0,0.3573016341578876,357.30163415788763
306,105,-79.19862780137139,295.57330284445493,8,0.3583573784253245,358.3573784253245
306,105,-79.19862780137139,295.57330284445493,16,0.3555282814472867,355.5282814472867
306,105,-79.19862780137139,295.57330284445493,24,0.35614867125631805,356.14867125631804
306,105,-79.19862780137139,295.57330284445493,32,0.35183890809018187,351.83890809018186
306,105,-79.19862780137139,295.57330284445493,40,0.34876373977411157,348.76373977411157
306,105,-79.19862780137139,295.57330284445493,48,0.3500582821224464,350.05828212244637
306,105,-79.19862780137139,295.57330284445493,56,0.35423588477213086,354.2358847721309
306,105,-79.19862780137139,295.57330284445493,64,0.3600061031199424,360.0061031199424
306,105,-79.19862780137139,295.57330284445493,72,0.35558254952622903,355.58254952622906
306,105,-79.19862780137139,295.57330284445493,80,0.3547051355873719,354.7051355873719
306,105,-79.19862780137139,295.57330284445493,88,0.353829893779684,353.82989377968397
306,105,-79.19862780137139,295.57330284445493,96,0.34913653026465563,349.1365302646556
306,105,-79.19862780137139,295.57330284445493,104,0.3483869370928363,348.3869370928363
306,105,-79.19862780137139,295.57330284445493,112,0.35183212312597345,351.83212312597345
306,105,-79.19862780137139,295.57330284445493,120,0.35681952380439863,356.8195238043986
306,105,-79.19862780137139,295.57330284445493,128,0.35789302219812075,357.8930221981208
306,105,-79.19862780137139,295.57330284445493,136,0.35514478184100484,355.14478184100483
306,105,-79.19862780137139,295.57330284445493,144,0.3557522022517825,355.7522022517825
306,105,-79.19862780137139,295.57330284445493,152,0.35153842870709484,351.53842870709485
306,105,-79.19862780137139,295.57330284445493,160,0.348621977993243,348.62197799324304
306,105,-79.19862780137139,295.57330284445493,168,0.35020936846871187,350.2093684687119
306,105,-79.19862780137139,295.57330284445493,176,0.3545482303944159,354.5482303944159
306,105,-79.19862780137139,295.57330284445493,184,0.3605541992780522,360.55419927805224
306,105,-79.19862780137139,295.57330284445493,192,0.3563897028183543,356.3897028183543
306,105,-79.19862780137139,295.57330284445493,200,0.35562852447718296,355.62852447718296
306,105,-79.19862780137139,295.57330284445493,208,0.3547017687433024,354.7017687433024
306,105,-79.19862780137139,295.57330284445493,216,0.3497992067777567,349.7992067777567
306,105,-79.19862780137139,295.57330284445493,224,0.34884150973732964,348.84150973732966
306,105,-79.19862780137139,295.57330284445493,232,0.3519888503556277,351.98885035562773
306,105,-79.19862780137139,295.57330284445493,240,0.35678370605006016,356.7837060500602
306,105,-79.19862780137139,295.57330284445493,248,0.35757786517157375,357.57786517157376
306,105,-79.19862780137139,295.57330284445493,256,0.35466902715822746,354.66902715822744
306,105,-79.19862780137139,295.57330284445493,264,0.35519762536331473,355.1976253633147
306,105,-79.19862780137139,295.57330284445493,272,0.3510265347114514,351.0265347114514
306,105,-79.19862780137139,295.57330284445493,280,0.3481724101140785,348.1724101140785
306,105,-79.19862780137139,295.57330284445493,288,0.3497185066970526,349.71850669705265
306,105,-79.19862780137139,295.57330284445493,296,0.35405547639533097,354.05547639533097
306,105,-79.19862780137139,295.57330284445493,304,0.36007588137126884,360.07588137126885
306,105,-79.19862780137139,295.57330284445493,312,0.35591534167600447,355.91534167600446
306,105,-79.19862780137139,295.57330284445493,320,0.355245800543961,355.24580054396097
306,105,-79.19862780137139,295.57330284445493,328,0.3543203114150827,354.3203114150827
306,105,-79.19862780137139,295.57330284445493,336,0.34953642520740164,349.53642520740163
306,105,-79.19862780137139,295.57330284445493,344,0.34886313966996163,348.86313966996164
306,105,-79.19862780137139,295.57330284445493,352,0.3522617279900976,352.2617279900976
306,105,-79.19862780137139,295.57330284445493,360,0.3572677750076627,357.2677750076627
306,110,-104.65816385765463,287.545941960488,0,0.35152603971545227,351.52603971545227
306,110,-104.65816385765463,287.545941960488,8,0.3474326988018981,347.4326988018981
306,110,-104.65816385765463,287.545941960488,16,0.3464537918809228,346.4537918809228
306,110,-104.65816385765463,287.545941960488,24,0.34548823337325835,345.48823337325837
306,110,-104.65816385765463,287.545941960488,32,0.34073917262222597,340.73917262222596
306,110,-104.65816385765463,287.545941960488,40,0.3394226415963795,339.42264159637955
306,110,-104.65816385765463,287.545941960488,48,0.3427653360122558,342.7653360122558
306,110,-104.65816385765463,287.545941960488,56,0.34881545245437295,348.815452454373
306,110,-104.65816385765463,287.545941960488,64,0.3485700511322621,348.5700511322621
306,110,-104.65816385765463,287.545941960488,72,0.3455503065779189,345.5503065779189
306,110,-104.65816385765463,287.545941960488,80,0.346601275294525,346.601275294525
306,110,-104.65816385765463,287.545941960488,88,0.3420351178797483,342.03511787974827
306,110,-104.65816385765463,287.545941960488,96,0.33888639758272077,338.88639758272075
306,110,-104.65816385765463,287.545941960488,104,0.34020517073209355,340.20517073209356
306,110,-104.65816385765463,287.545941960488,112,0.3455457412044741,345.5457412044741
306,110,-104.65816385765463,287.545941960488,120,0.35106872061784733,351.0687206178473
306,110,-104.65816385765463,287.545941960488,128,0.3470082422871812,347.0082422871812
306,110,-104.65816385765463,287.545941960488,136,0.3461043616428997,346.10436164289973
306,110,-104.65816385765463,287.545941960488,144,0.3451209289898212,345.1209289898212
306,110,-104.65816385765463,287.545941960488,152,0.3404726973896076,340.4726973896076
306,110,-104.65816385765463,287.545941960488,160,0.33935413426282557,339.3541342628256
306,110,-104.65816385765463,287.545941960488,168,0.34296524580840204,342.965245808402
306,110,-104.65816385765463,287.545941960488,176,0.34915824758796765,349.15824758796765
306,110,-104.65816385765463,287.545941960488,184,0.3491470645387742,349.1470645387742
306,110,-104.65816385765463,287.545941960488,192,0.34636924512669864,346.3692451266986
306,110,-104.65816385765463,287.545941960488,200,0.3475198253503727,347.5198253503727
306,110,-104.65816385765463,287.545941960488,208,0.342821124688501,342.821124688501
306,110,-104.65816385765463,287.545941960488,216,0.339454924396254,339.454924396254
306,110,-104.65816385765463,287.545941960488,224,0.34054788021626536,340.54788021626536
306,110,-104.65816385765463,287.545941960488,232,0.3456377901962045,345.6377901962045
306,110,-104.65816385765463,287.545941960488,240,0.3509743746168615,350.9743746168615
306,110,-104.65816385765463,287.545941960488,248,0.3466398832775981,346.6398832775981
306,110,-104.65816385765463,287.545941960488,256,0.34559924513993934,345.59924513993934
306,110,-104.65816385765463,287.545941960488,264,0.34459490406559096,344.594904065591
306,110,-104.65816385765463,287.545941960488,272,0.340019079226229,340.019079226229
306,110,-104.65816385765463,287.545941960488,280,0.3389420927123766,338.94209271237656
306,110,-104.65816385765463,287.545941960488,288,0.3425147873963395,342.5147873963395
306,110,-104.65816385765463,287.545941960488,296,0.34869309658239045,348.69309658239047
306,110,-104.65816385765463,287.545941960488,304,0.34871165106656643,348.71165106656645
306,110,-104.65816385765463,287.545941960488,312,0.3459382256761157,345.93822567611574
306,110,-104.65816385765463,287.545941960488,320,0.34716813626051973,347.16813626051976
306,110,-104.65816385765463,287.545941960488,328,0.3424632882279526,342.4632882279526
306,110,-104.65816385765463,287.545941960488,336,0.3392416673352149,339.24166733521486
306,110,-104.65816385765463,287.545941960488,344,0.34064310496170697,340.64310496170697
306,110,-104.65816385765463,287.545941960488,352,0.3459427345053761,345.9427345053761
306,110,-104.65816385765463,287.545941960488,360,0.35149397854972486,351.4939785497249
306,115,-129.32118809265398,277.3301828332149,0,0.3373526162899161,337.3526162899161
306,115,-129.32118809265398,277.3301828332149,8,0.33482742263922827,334.82742263922825
306,115,-129.32118809265398,277.3301828332149,16,0.3356786453882788,335.6786453882788
306,115,-129.32118809265398,277.3301828332149,24,0.3313951961908062,331.3951961908062
306,115,-129.32118809265398,277.3301828332149,32,0.3280855582559924,328.0855582559924
306,115,-129.32118809265398,277.3301828332149,40,0.32892841949349966,328.92841949349963
306,115,-129.32118809265398,277.3301828332149,48,0.3344304098723102,334.43040987231024
306,115,-129.32118809265398,277.3301828332149,56,0.3391516830294169,339.1516830294169
306,115,-129.32118809265398,277.3301828332149,64,0.33509826016406713,335.09826016406714
306,115,-129.32118809265398,277.3301828332149,72,0.33390015074840723,333.9001507484072
306,115,-129.32118809265398,277.3301828332149,80,0.3325668860528948,332.5668860528948
306,115,-129.32118809265398,277.3301828332149,88,0.32874670747862,328.74670747862
306,115,-129.32118809265398,277.3301828332149,96,0.32735111203032896,327.351112030329
306,115,-129.32118809265398,277.3301828332149,104,0.33090251903934115,330.90251903934114
306,115,-129.32118809265398,277.3301828332149,112,0.3381391292016687,338.1391292016687
306,115,-129.32118809265398,277.3301828332149,120,0.33694130040649695,336.94130040649696
306,115,-129.32118809265398,277.3301828332149,128,0.33444276799722283,334.44276799722286
306,115,-129.32118809265398,277.3301828332149,136,0.33536276852118896,335.36276852118897
306,115,-129.32118809265398,277.3301828332149,144,0.3310532138866785,331.0532138866785
306,115,-129.32118809265398,277.3301828332149,152,0.3278779360329148,327.8779360329148
306,115,-129.32118809265398,277.3301828332149,160,0.3289329452273495,328.9329452273495
306,115,-129.32118809265398,277.3301828332149,168,0.3346582714278151,334.6582714278151
306,115,-129.32118809265398,277.3301828332149,176,0.33952466641169865,339.52466641169866
306,115,-129.32118809265398,277.3301828332149,184,0.33570545495589743,335.70545495589744
306,115,-129.32118809265398,277.3301828332149,192,0.33473250765692986,334.73250765692984
306,115,-129.32118809265398,277.3301828332149,200,0.33341701342645513,333.4170134264551
306,115,-129.32118809265398,277.3301828332149,208,0.32944497418133417,329.44497418133415
306,115,-129.32118809265398,277.3301828332149,216,0.3278119382261699,327.8119382261699
306,115,-129.32118809265398,277.3301828332149,224,0.3311600537227857,331.1600537227857
306,115,-129.32118809265398,277.3301828332149,232,0.33817132731435723,338.17132731435726
306,115,-129.32118809265398,277.3301828332149,240,0.33677448051038167,336.7744805103817
306,115,-129.32118809265398,277.3301828332149,248,0.33402022411285615,334.02022411285617
306,115,-129.32118809265398,277.3301828332149,256,0.33482851784529216,334.82851784529214
306,115,-129.32118809265398,277.3301828332149,264,0.3305902086382497,330.59020863824975
306,115,-129.32118809265398,277.3301828332149,272,0.3274648708364492,327.4648708364492
306,115,-129.32118809265398,277.3301828332149,280,0.32855618580297685,328.55618580297687
306,115,-129.32118809265398,277.3301828332149,288,0.3342485368071835,334.24853680718354
306,115,-129.32118809265398,277.3301828332149,296,0.33909234812716754,339.09234812716755
306,115,-129.32118809265398,277.3301828332149,304,0.335313789604736,335.31378960473603
306,115,-129.32118809265398,277.3301828332149,312,0.3343443797611254,334.3443797611254
306,115,-129.32118809265398,277.3301828332149,320,0.3330894433121133,333.0894433121133
306,115,-129.32118809265398,277.3301828332149,328,0.3291218682862698,329.12186828626983
306,115,-129.32118809265398,277.3301828332149,336,0.3276753112139171,327.6753112139171
306,115,-129.32118809265398,277.3301828332149,344,0.33129857780393046,331.29857780393047
306,115,-129.32118809265398,277.3301828332149,352,0.33850545604044646,338.50545604044646
306,115,-129.32118809265398,277.3301828332149,360,0.3373207409225385,337.3207409225385
306,120,-152.99999999999994,265.00377355803823,0,0.32147346756152984,321.47346756152984
306,120,-152.99999999999994,265.00377355803823,8,0.3206374837001871,320.6374837001871
306,120,-152.99999999999994,265.00377355803823,16,0.31831935769829844,318.31935769829846
306,120,-152.99999999999994,265.00377355803823,24,0.31567294887750397,315.672948877504
306,120,-152.99999999999994,265.00377355803823,32,0.31414924178507664,314.14924178507664
306,120,-152.99999999999994,265.00377355803823,40,0.31744399064901685,317.4439906490168
306,120,-152.99999999999994,265.00377355803823,48,0.32504157335659745,325.04157335659744
306,120,-152.99999999999994,265.00377355803823,56,0.3225333886316606,322.5333886316606
306,120,-152.99999999999994,265.00377355803823,64,0.3199813733070675,319.9813733070675
306,120,-152.99999999999994,265.00377355803823,72,0.31960380122194404,319.603801221944
306,120,-152.99999999999994,265.00377355803823,80,0.3163181014362849,316.3181014362849
306,120,-152.99999999999994,265.00377355803823,88,0.3138753952281029,313.87539522810295
306,120,-152.99999999999994,265.00377355803823,96,0.31475606523511773,314.7560652351177
306,120,-152.99999999999994,265.00377355803823,104,0.3206625479927906,320.66254799279056
306,120,-152.99999999999994,265.00377355803823,112,0.324673287847615,324.67328784761503
306,120,-152.99999999999994,265.00377355803823,120,0.3211077528579426,321.10775285794256
306,120,-152.99999999999994,265.00377355803823,128,0.3202922301748332,320.2922301748332
306,120,-152.99999999999994,265.00377355803823,136,0.31802639815770395,318.02639815770397
306,120,-152.99999999999994,265.00377355803823,144,0.3153732674447167,315.3732674447167
306,120,-152.99999999999994,265.00377355803823,152,0.31401921773071084,314.01921773071086
306,120,-152.99999999999994,265.00377355803823,160,0.31748878762626376,317.48878762626373
306,120,-152.99999999999994,265.00377355803823,168,0.3252941976871616,325.2941976871616
306,120,-152.99999999999994,265.00377355803823,176,0.3229344994826848,322.9344994826848
306,120,-152.99999999999994,265.00377355803823,184,0.3206201729463478,320.6201729463478
306,120,-152.99999999999994,265.00377355803823,192,0.32042901438584237,320.4290143858424
306,120,-152.99999999999994,265.00377355803823,200,0.31708615011103636,317.0861501110364
306,120,-152.99999999999994,265.00377355803823,208,0.31447909266266993,314.4790926626699
306,120,-152.99999999999994,265.00377355803823,216,0.315116991756617,315.116991756617
306,120,-152.99999999999994,265.00377355803823,224,0.3208512109079096,320.8512109079096
306,120,-152.99999999999994,265.00377355803823,232,0.3246429205328401,324.6429205328401
306,120,-152.99999999999994,265.00377355803823,240,0.32086837011371944,320.86837011371944
306,120,-152.99999999999994,265.00377355803823,248,0.31981493090355045,319.8149309035505
306,120,-152.99999999999994,265.00377355803823,256,0.3175512086563045,317.5512086563045
306,120,-152.99999999999994,265.00377355803823,264,0.3149593302450957,314.9593302450957
306,120,-152.99999999999994,265.00377355803823,272,0.31363443745093905,313.63443745093906
306,120,-152.99999999999994,265.00377355803823,280,0.3171569473351004,317.1569473351004
306,120,-152.99999999999994,265.00377355803823,288,0.3249229294822616,324.92292948226157
306,120,-152.99999999999994,265.00377355803823,296,0.3225499124136091,322.5499124136091
306,120,-152.99999999999994,265.00377355803823,304,0.32027158497219604,320.271584972196
306,120,-152.99999999999994,265.00377355803823,312,0.320079820859148,320.079820859148
306,120,-152.99999999999994,265.00377355803823,320,0.31678145838530036,316.78145838530037
306,120,-152.99999999999994,265.00377355803823,328,0.31421642062442323,314.2164206244232
306,120,-152.99999999999994,265.00377355803823,336,0.3150481843738565,315.0481843738565
306,120,-152.99999999999994,265.00377355803823,344,0.32101410593781265,321.01410593781264
306,120,-152.99999999999994,265.00377355803823,352,0.3250022141432125,325.0022141432125
306,120,-152.99999999999994,265.00377355803823,360,0.32144227103465717,321.44227103465715
306,125,-175.51438952342014,250.66052555243147,0,0.3040094434402086,304.0094434402086
306,125,-175.51438952342014,250.66052555243147,8,0.30297977773680446,302.97977773680446
306,125,-175.51438952342014,250.66052555243147,16,0.2996536404041378,299.6536404041378
306,125,-175.51438952342014,250.66052555243147,24,0.2983950560756914,298.3950560756914
306,125,-175.51438952342014,250.66052555243147,32,0.29930530421373974,299.30530421373976
306,125,-175.51438952342014,250.66052555243147,40,0.30513756599078085,305.13756599078084
306,125,-175.51438952342014,250.66052555243147,48,0.30760028216183666,307.6002821618367
306,125,-175.51438952342014,250.66052555243147,56,0.3042670733903613,304.2670733903613
306,125,-175.51438952342014,250.66052555243147,64,0.30333443919807074,303.33443919807075
306,125,-175.51438952342014,250.66052555243147,72,0.30007417077118315,300.07417077118316
306,125,-175.51438952342014,250.66052555243147,80,0.2982659565430986,298.26595654309864
306,125,-175.51438952342014,250.66052555243147,88,0.2978017633485684,297.8017633485684
306,125,-175.51438952342014,250.66052555243147,96,0.30132970292073913,301.3297029207391
306,125,-175.51438952342014,250.66052555243147,104,0.3094310115885902,309.4310115885902
306,125,-175.51438952342014,250.66052555243147,112,0.3057733294385778,305.77332943857783
306,125,-175.51438952342014,250.66052555243147,120,0.30368858082958605,303.68858082958604
306,125,-175.51438952342014,250.66052555243147,128,0.30266787167347653,302.66787167347655
306,125,-175.51438952342014,250.66052555243147,136,0.2993862257918312,299.38622579183124
306,125,-175.51438952342014,250.66052555243147,144,0.2981626167822739,298.1626167822739
306,125,-175.51438952342014,250.66052555243147,152,0.29923909117136105,299.23909117136105
306,125,-175.51438952342014,250.66052555243147,160,0.3052057823568021,305.2057823568021
306,125,-175.51438952342014,250.66052555243147,168,0.30787691089938585,307.87691089938585
306,125,-175.51438952342014,250.66052555243147,176,0.30469776278686,304.69776278686
306,125,-175.51438952342014,250.66052555243147,184,0.3040060266149603,304.00602661496026
306,125,-175.51438952342014,250.66052555243147,192,0.3008153733439787,300.81537334397865
306,125,-175.51438952342014,250.66052555243147,200,0.29894909604797465,298.94909604797465
306,125,-175.51438952342014,250.66052555243147,208,0.29830909588958177,298.3090958895818
306,125,-175.51438952342014,250.66052555243147,216,0.30160972657047525,301.60972657047523
306,125,-175.51438952342014,250.66052555243147,224,0.30955564471982067,309.5556447198207
306,125,-175.51438952342014,250.66052555243147,232,0.30567569606436296,305.67569606436297
306,125,-175.51438952342014,250.66052555243147,240,0.3033770985313653,303.3770985313653
306,125,-175.51438952342014,250.66052555243147,248,0.3021828143696879,302.1828143696879
306,125,-175.51438952342014,250.66052555243147,256,0.2989672686486088,298.9672686486088
306,125,-175.51438952342014,250.66052555243147,264,0.2977770906332999,297.7770906332999
306,125,-175.51438952342014,250.66052555243147,272,0.29888762793641316,298.88762793641314
306,125,-175.51438952342014,250.66052555243147,280,0.3049254082538278,304.9254082538278
306,125,-175.51438952342014,250.66052555243147,288,0.3075423144764747,307.5423144764747
306,125,-175.51438952342014,250.66052555243147,296,0.304359883679932,304.359883679932
306,125,-175.51438952342014,250.66052555243147,304,0.3036995174289319,303.6995174289319
306,125,-175.51438952342014,250.66052555243147,312,0.30049461556984325,300.49461556984323
306,125,-175.51438952342014,250.66052555243147,320,0.2986897814113954,298.6897814113954
306,125,-175.51438952342014,250.66052555243147,328,0.29811823111382524,298.11823111382523
306,125,-175.51438952342014,250.66052555243147,336,0.3015780641252306,301.5780641252306
306,125,-175.51438952342014,250.66052555243147,344,0.30974169812740404,309.74169812740405
306,125,-175.51438952342014,250.66052555243147,352,0.30605681502667126,306.05681502667125
306,125,-175.51438952342014,250.66052555243147,360,0.30397941362960995,303.97941362960995
306,130,-196.69300856408105,234.40959959440727,0,0.2850934556945819,285.0934556945819
306,130,-196.69300856408105,234.40959959440727,8,0.28127033138627217,281.2703313862722
306,130,-196.69300856408105,234.40959959440727,16,0.27907572771763073,279.07572771763074
306,130,-196.69300856408105,234.40959959440727,24,0.28005118206214774,280.05118206214775
306,130,-196.69300856408105,234.40959959440727,32,0.2838669806912804,283.8669806912804
306,130,-196.69300856408105,234.40959959440727,40,0.29046162263574676,290.4616226357468
306,130,-196.69300856408105,234.40959959440727,48,0.2863774251071146,286.3774251071146
306,130,-196.69300856408105,234.40959959440727,56,0.2844917549940082,284.4917549940082
306,130,-196.69300856408105,234.40959959440727,64,0.2827090102995139,282.7090102995139
306,130,-196.69300856408105,234.40959959440727,72,0.2790920549507522,279.0920549507522
306,130,-196.69300856408105,234.40959959440727,80,0.27877722392215365,278.77722392215367
306,130,-196.69300856408105,234.40959959440727,88,0.28099666148335317,280.9966614833532
306,130,-196.69300856408105,234.40959959440727,96,0.2871663320415439,287.1663320415439
306,130,-196.69300856408105,234.40959959440727,104,0.2881095836152263,288.1095836152263
306,130,-196.69300856408105,234.40959959440727,112,0.28529732693205406,285.2973269320541
306,130,-196.69300856408105,234.40959959440727,120,0.28481635473854694,284.8163547385469
306,130,-196.69300856408105,234.40959959440727,128,0.2809853299768017,280.9853299768017
306,130,-196.69300856408105,234.40959959440727,136,0.2788615019904848,278.86150199048484
306,130,-196.69300856408105,234.40959959440727,144,0.27989183599266865,279.89183599266863
306,130,-196.69300856408105,234.40959959440727,152,0.2838374532438135,283.8374532438135
306,130,-196.69300856408105,234.40959959440727,160,0.29055404286184017,290.5540428618402
306,130,-196.69300856408105,234.40959959440727,168,0.28667810937153626,286.67810937153627
306,130,-196.69300856408105,234.40959959440727,176,0.28495324890212226,284.95324890212225
306,130,-196.69300856408105,234.40959959440727,184,0.28334408161363767,283.3440816136377
306,130,-196.69300856408105,234.40959959440727,192,0.27975075576291447,279.7507557629145
306,130,-196.69300856408105,234.40959959440727,200,0.2793747634759525,279.37476347595253
306,130,-196.69300856408105,234.40959959440727,208,0.2814175824638152,281.4175824638152
306,130,-196.69300856408105,234.40959959440727,216,0.2873735842238095,287.3735842238095
306,130,-196.69300856408105,234.40959959440727,224,0.288180380242342,288.180380242342
306,130,-196.69300856408105,234.40959959440727,232,0.28513266589751673,285.13266589751674
306,130,-196.69300856408105,234.40959959440727,240,0.28443378490157956,284.43378490157954
306,130,-196.69300856408105,234.40959959440727,248,0.28055561929542583,280.55561929542586
306,130,-196.69300856408105,234.40959959440727,256,0.2784738535318775,278.47385353187747
306,130,-196.69300856408105,234.40959959440727,264,0.27952802413914357,279.52802413914355
306,130,-196.69300856408105,234.40959959440727,272,0.28353305855828326,283.53305855828324
306,130,-196.69300856408105,234.40959959440727,280,0.29031634117388894,290.31634117388893
306,130,-196.69300856408105,234.40959959440727,288,0.2863817177727893,286.38171777278933
306,130,-196.69300856408105,234.40959959440727,296,0.28466069902823943,284.66069902823943
306,130,-196.69300856408105,234.40959959440727,304,0.2830733075204144,283.07330752041435
306,130,-196.69300856408105,234.40959959440727,312,0.2794649295228231,279.46492952282307
306,130,-196.69300856408105,234.40959959440727,320,0.27918267662047025,279.18267662047026
306,130,-196.69300856408105,234.40959959440727,328,0.28128075161365085,281.28075161365086
306,130,-196.69300856408105,234.40959959440727,336,0.28736412939424555,287.36412939424554
306,130,-196.69300856408105,234.40959959440727,344,0.28838756871186677,288.3875687118668
306,130,-196.69300856408105,234.40959959440727,352,0.28553621228746273,285.5362122874627
306,130,-196.69300856408105,234.40959959440727,360,0.285065071596611,285.065071596611
306,135,-216.37467504308353,216.37467504308356,0,0.26180052825928374,261.80052825928374
306,135,-216.37467504308353,216.37467504308356,8,0.25796795319125204,257.96795319125204
306,135,-216.37467504308353,216.37467504308356,16,0.25728822928502826,257.28822928502825
306,135,-216.37467504308353,216.37467504308356,24,0.26117480901468154,261.17480901468156
306,135,-216.37467504308353,216.37467504308356,32,0.26780538217071703,267.80538217071705
306,135,-216.37467504308353,216.37467504308356,40,0.26668669971454656,266.68669971454653
306,135,-216.37467504308353,216.37467504308356,48,0.26365994045049473,263.65994045049473
306,135,-216.37467504308353,216.37467504308356,56,0.2633309529541794,263.3309529541794
306,135,-216.37467504308353,216.37467504308356,64,0.25921772196477516,259.21772196477514
306,135,-216.37467504308353,216.37467504308356,72,0.2563442845524736,256.3442845524736
306,135,-216.37467504308353,216.37467504308356,80,0.2584032532515843,258.4032532515843
306,135,-216.37467504308353,216.37467504308356,88,0.2638255425243626,263.82554252436256
306,135,-216.37467504308353,216.37467504308356,96,0.2688628516261553,268.8628516261553
306,135,-216.37467504308353,216.37467504308356,104,0.26484425858296434,264.84425858296436
306,135,-216.37467504308353,216.37467504308356,112,0.2634011150708669,263.40111507086687
306,135,-216.37467504308353,216.37467504308356,120,0.26155995345109645,261.5599534510965
306,135,-216.37467504308353,216.37467504308356,128,0.25772229499266863,257.72229499266865
306,135,-216.37467504308353,216.37467504308356,136,0.25714060755082047,257.14060755082045
306,135,-216.37467504308353,216.37467504308356,144,0.26106815578546716,261.0681557854672
306,135,-216.37467504308353,216.37467504308356,152,0.2678014790330391,267.8014790330391
306,135,-216.37467504308353,216.37467504308356,160,0.26681054984548,266.81054984548
306,135,-216.37467504308353,216.37467504308356,168,0.26398508829176454,263.98508829176455
306,135,-216.37467504308353,216.37467504308356,176,0.2638222596785702,263.8222596785702
306,135,-216.37467504308353,216.37467504308356,184,0.2597748366629323,259.7748366629323
306,135,-216.37467504308353,216.37467504308356,192,0.2569231330911146,256.9231330911146
306,135,-216.37467504308353,216.37467504308356,200,0.2589180557466364,258.9180557466364
306,135,-216.37467504308353,216.37467504308356,208,0.2641724494015947,264.1724494015947
306,135,-216.37467504308353,216.37467504308356,216,0.26901076244096894,269.01076244096896
306,135,-216.37467504308353,216.37467504308356,224,0.26485990694367356,264.85990694367354
306,135,-216.37467504308353,216.37467504308356,232,0.2631701748960918,263.1701748960918
306,135,-216.37467504308353,216.37467504308356,240,0.2611983981953133,261.1983981953133
306,135,-216.37467504308353,216.37467504308356,248,0.25733324097047056,257.33324097047057
306,135,-216.37467504308353,216.37467504308356,256,0.2567687813288346,256.7687813288346
306,135,-216.37467504308353,216.37467504308356,264,0.26073881250980446,260.73881250980446
306,135,-216.37467504308353,216.37467504308356,272,0.2675484013986398,267.5484013986398
306,135,-216.37467504308353,216.37467504308356,280,0.2665968779926198,266.5968779926198
306,135,-216.37467504308353,216.37467504308356,288,0.2637267952038421,263.72679520384213
306,135,-216.37467504308353,216.37467504308356,296,0.26357255501487603,263.57255501487606
306,135,-216.37467504308353,216.37467504308356,304,0.25953766763419317,259.53766763419316
306,135,-216.37467504308353,216.37467504308356,312,0.25669195412008616,256.69195412008617
306,135,-216.37467504308353,216.37467504308356,320,0.2587927505319353,258.79275053193527
306,135,-216.37467504308353,216.37467504308356,328,0.2640631377992495,264.0631377992495
306,135,-216.37467504308353,216.37467504308356,336,0.2690237394829798,269.0237394829798
306,135,-216.37467504308353,216.37467504308356,344,0.26508790586002196,265.087905860022
306,135,-216.37467504308353,216.37467504308356,352,0.2635965801031108,263.5965801031108
306,135,-216.37467504308353,216.37467504308356,360,0.2617732907134467,261.77329071344667
306,140,-234.40959959440724,196.69300856408108,0,0.2365771161713456,236.5771161713456
306,140,-234.40959959440724,196.69300856408108,8,0.23314229213884388,233.14229213884389
306,140,-234.40959959440724,196.69300856408108,16,0.23479019104145055,234.79019104145056
306,140,-234.40959959440724,196.69300856408108,24,0.24220783698957196,242.20783698957197
306,140,-234.40959959440724,196.69300856408108,32,0.24586916721824317,245.86916721824318
306,140,-234.40959959440724,196.69300856408108,40,0.24144080137535442,241.44080137535443
306,140,-234.40959959440724,196.69300856408108,48,0.23962072196740625,239.62072196740624
306,140,-234.40959959440724,196.69300856408108,56,0.23783841929254834,237.83841929254834
306,140,-234.40959959440724,196.69300856408108,64,0.23400105594598708,234.00105594598708
306,140,-234.40959959440724,196.69300856408108,72,0.2325796048391297,232.5796048391297
306,140,-234.40959959440724,196.69300856408108,80,0.23770213140560414,237.70213140560415
306,140,-234.40959959440724,196.69300856408108,88,0.24610116080359679,246.1011608035968
306,140,-234.40959959440724,196.69300856408108,96,0.2433049276942803,243.3049276942803
306,140,-234.40959959440724,196.69300856408108,104,0.24018144738926409,240.1814473892641
306,140,-234.40959959440724,196.69300856408108,112,0.23971046826710019,239.7104682671002
306,140,-234.40959959440724,196.69300856408108,120,0.23637353775618056,236.37353775618055
306,140,-234.40959959440724,196.69300856408108,128,0.23295166036956533,232.95166036956533
306,140,-234.40959959440724,196.69300856408108,136,0.2347049872589913,234.7049872589913
306,140,-234.40959959440724,196.69300856408108,144,0.24212733372305276,242.12733372305274
306,140,-234.40959959440724,196.69300856408108,152,0.2458885614196662,245.8885614196662
306,140,-234.40959959440724,196.69300856408108,160,0.24159547849240132,241.59547849240133
306,140,-234.40959959440724,196.69300856408108,168,0.23997055525290883,239.97055525290884
306,140,-234.40959959440724,196.69300856408108,176,0.23826552812882365,238.26552812882366
306,140,-234.40959959440724,196.69300856408108,184,0.2344860761353756,234.48607613537558
306,140,-234.40959959440724,196.69300856408108,192,0.23308326858362186,233.08326858362184
306,140,-234.40959959440724,196.69300856408108,200,0.2381405916194325,238.14059161943248
306,140,-234.40959959440724,196.69300856408108,208,0.24638055113964055,246.38055113964054
306,140,-234.40959959440724,196.69300856408108,216,0.24340566708305755,243.40566708305755
306,140,-234.40959959440724,196.69300856408108,224,0.2401420266614328,240.1420266614328
306,140,-234.40959959440724,196.69300856408108,232,0.2394335190002978,239.4335190002978
306,140,-234.40959959440724,196.69300856408108,240,0.23605074956894662,236.05074956894663
306,140,-234.40959959440724,196.69300856408108,248,0.23258251882367587,232.58251882367585
306,140,-234.40959959440724,196.69300856408108,256,0.23435088780108096,234.35088780108097
306,140,-234.40959959440724,196.69300856408108,264,0.24184931486068764,241.84931486068766
306,140,-234.40959959440724,196.69300856408108,272,0.24566856964892284,245.66856964892284
306,140,-234.40959959440724,196.69300856408108,280,0.24140720588107392,241.40720588107393
306,140,-234.40959959440724,196.69300856408108,288,0.23974996440979895,239.74996440979896
306,140,-234.40959959440724,196.69300856408108,296,0.23805515657080978,238.05515657080977
306,140,-234.40959959440724,196.69300856408108,304,0.23429511307627698,234.29511307627698
306,140,-234.40959959440724,196.69300856408108,312,0.23291190650856422,232.91190650856421
306,140,-234.40959959440724,196.69300856408108,320,0.23805932846833788,238.0593284683379
306,140,-234.40959959440724,196.69300856408108,328,0.2462911287278533,246.2911287278533
306,140,-234.40959959440724,196.69300856408108,336,0.24344199005219386,243.44199005219386
306,140,-234.40959959440724,196.69300856408108,344,0.2403903910160381,240.3903910160381
306,140,-234.40959959440724,196.69300856408108,352,0.23986516390822346,239.86516390822345
306,140,-234.40959959440724,196.69300856408108,360,0.2365511826680124,236.5511826680124
306,145,-250.66052555243152,175.51438952342005,0,0.20953028345655927,209.53028345655926
306,145,-250.66052555243152,175.51438952342005,8,0.20745798385094485,207.45798385094486
306,145,-250.66052555243152,175.51438952342005,16,0.21215837433592835,212.15837433592836
306,145,-250.66052555243152,175.51438952342005,24,0.22273253374959762,222.73253374959762
306,145,-250.66052555243152,175.51438952342005,32,0.2185976372953004,218.59763729530042
306,145,-250.66052555243152,175.51438952342005,40,0.2149160641484216,214.9160641484216
306,145,-250.66052555243152,175.51438952342005,48,0.21357447759076878,213.5744775907688
306,145,-250.66052555243152,175.51438952342005,56,0.2110943910907096,211.0943910907096
306,145,-250.66052555243152,175.51438952342005,64,0.2075251938119232,207.5251938119232
306,145,-250.66052555243152,175.51438952342005,72,0.20821007865014077,208.21007865014076
306,145,-250.66052555243152,175.51438952342005,80,0.21706079124713745,217.06079124713744
306,145,-250.66052555243152,175.51438952342005,88,0.220769874652127,220.769874652127
306,145,-250.66052555243152,175.51438952342005,96,0.21640377864710192,216.40377864710192
306,145,-250.66052555243152,175.51438952342005,104,0.21430884891912208,214.30884891912208
306,145,-250.66052555243152,175.51438952342005,112,0.21266837195284263,212.66837195284262
306,145,-250.66052555243152,175.51438952342005,120,0.20937416218852378,209.37416218852377
306,145,-250.66052555243152,175.51438952342005,128,0.20732441360489587,207.32441360489588
306,145,-250.66052555243152,175.51438952342005,136,0.21211507547246172,212.1150754724617
306,145,-250.66052555243152,175.51438952342005,144,0.22267539151322824,222.67539151322825
306,145,-250.66052555243152,175.51438952342005,152,0.21863792263744156,218.63792263744156
306,145,-250.66052555243152,175.51438952342005,160,0.21510073072087726,215.10073072087727
306,145,-250.66052555243152,175.51438952342005,168,0.21391830775496815,213.91830775496814
306,145,-250.66052555243152,175.51438952342005,176,0.2114591780546126,211.45917805461258
306,145,-250.66052555243152,175.51438952342005,184,0.20794537393945292,207.94537393945294
306,145,-250.66052555243152,175.51438952342005,192,0.20864091857967054,208.64091857967054
306,145,-250.66052555243152,175.51438952342005,200,0.21743137844793442,217.4313784479344
306,145,-250.66052555243152,175.51438952342005,208,0.22100709867598056,221.00709867598056
306,145,-250.66052555243152,175.51438952342005,216,0.2164570375019762,216.4570375019762
306,145,-250.66052555243152,175.51438952342005,224,0.21421485738963145,214.21485738963145
306,145,-250.66052555243152,175.51438952342005,232,0.21240916947347233,212.40916947347233
306,145,-250.66052555243152,175.51438952342005,240,0.2090694898128631,209.0694898128631
306,145,-250.66052555243152,175.51438952342005,248,0.2069686837718331,206.9686837718331
306,145,-250.66052555243152,175.51438952342005,256,0.2117951452729603,211.7951452729603
306,145,-250.66052555243152,175.51438952342005,264,0.22244689393142442,222.44689393142443
306,145,-250.66052555243152,175.51438952342005,272,0.2184435008320525,218.4435008320525
306,145,-250.66052555243152,175.51438952342005,280,0.21493903345395995,214.93903345395995
306,145,-250.66052555243152,175.51438952342005,288,0.21373820352216044,213.73820352216043
306,145,-250.66052555243152,175.51438952342005,296,0.2112891120177446,211.2891120177446
306,145,-250.66052555243152,175.51438952342005,304,0.20780635562819488,207.8063556281949
306,145,-250.66052555243152,175.51438952342005,312,0.20852454053499708,208.52454053499707
306,145,-250.66052555243152,175.51438952342005,320,0.21737077993501133,217.37077993501134
306,145,-250.66052555243152,175.51438952342005,328,0.22093446168199682,220.93446168199682
306,145,-250.66052555243152,175.51438952342005,336,0.2165154384853281,216.51543848532808
306,145,-250.66052555243152,175.51438952342005,344,0.21448298718064499,214.48298718064498
306,145,-250.66052555243152,175.51438952342005,352,0.21278293750581811,212.78293750581813
306,145,-250.66052555243152,175.51438952342005,360,0.20950570109741565,209.50570109741565
306,150,-265.00377355803823,152.99999999999997,0,0.18152665162794684,181.52665162794685
306,150,-265.00377355803823,152.99999999999997,8,0.18124255636157538,181.24255636157537
306,150,-265.00377355803823,152.99999999999997,16,0.1896390366082327,189.6390366082327
306,150,-265.00377355803823,152.99999999999997,24,0.194089692091864,194.089692091864
306,150,-265.00377355803823,152.99999999999997,32,0.19012782568536984,190.12782568536986
306,150,-265.00377355803823,152.99999999999997,40,0.18731435730011964,187.31435730011964
306,150,-265.00377355803823,152.99999999999997,48,0.1850403119671469,185.0403119671469
306,150,-265.00377355803823,152.99999999999997,56,0.18260796884685698,182.60796884685698
306,150,-265.00377355803823,152.99999999999997,64,0.180304131708802,180.304131708802
306,150,-265.00377355803823,152.99999999999997,72,0.18390087063330834,183.90087063330836
306,150,-265.00377355803823,152.99999999999997,80,0.19467716379535982,194.67716379535983
306,150,-265.00377355803823,152.99999999999997,88,0.19202835334958673,192.02835334958672
306,150,-265.00377355803823,152.99999999999997,96,0.18836413847222758,188.36413847222758
306,150,-265.00377355803823,152.99999999999997,104,0.18622600489316968,186.2260048931697
306,150,-265.00377355803823,152.99999999999997,112,0.1843184525295945,184.3184525295945
306,150,-265.00377355803823,152.99999999999997,120,0.18141795844009656,181.41795844009656
306,150,-265.00377355803823,152.99999999999997,128,0.18116281635599646,181.16281635599645
306,150,-265.00377355803823,152.99999999999997,136,0.1896184723037352,189.61847230373522
306,150,-265.00377355803823,152.99999999999997,144,0.19405389577133164,194.05389577133164
306,150,-265.00377355803823,152.99999999999997,152,0.19018736327513555,190.18736327513554
306,150,-265.00377355803823,152.99999999999997,160,0.18752794755941551,187.5279475594155
306,150,-265.00377355803823,152.99999999999997,168,0.18533561115457448,185.33561115457448
306,150,-265.00377355803823,152.99999999999997,176,0.18292341236890944,182.92341236890942
306,150,-265.00377355803823,152.99999999999997,184,0.18066358849066794,180.66358849066793
306,150,-265.00377355803823,152.99999999999997,192,0.18426203212051823,184.26203212051823
306,150,-265.00377355803823,152.99999999999997,200,0.19499066079971522,194.99066079971522
306,150,-265.00377355803823,152.99999999999997,208,0.19222781473430045,192.22781473430044
306,150,-265.00377355803823,152.99999999999997,216,0.18836996904086473,188.36996904086473
306,150,-265.00377355803823,152.99999999999997,224,0.18611223703373647,186.11223703373648
306,150,-265.00377355803823,152.99999999999997,232,0.18407284604664442,184.07284604664443
306,150,-265.00377355803823,152.99999999999997,240,0.18112534205986403,181.12534205986404
306,150,-265.00377355803823,152.99999999999997,248,0.18082314195858834,180.82314195858834
306,150,-265.00377355803823,152.99999999999997,256,0.18934546546205278,189.34546546205277
306,150,-265.00377355803823,152.99999999999997,264,0.19384300216682243,193.84300216682243
306,150,-265.00377355803823,152.99999999999997,272,0.19002057858490554,190.02057858490554
306,150,-265.00377355803823,152.99999999999997,280,0.18739379948536788,187.39379948536788
306,150,-265.00377355803823,152.99999999999997,288,0.1852023241693889,185.2023241693889
306,150,-265.00377355803823,152.99999999999997,296,0.18279545211234696,182.79545211234696
306,150,-265.00377355803823,152.99999999999997,304,0.18057628993642086,180.57628993642086
306,150,-265.00377355803823,152.99999999999997,312,0.18418254912039245,184.18254912039245
306,150,-265.00377355803823,152.99999999999997,320,0.19494846393856702,194.94846393856702
306,150,-265.00377355803823,152.99999999999997,328,0.19217009754404385,192.17009754404384
306,150,-265.00377355803823,152.99999999999997,336,0.1884490120985031,188.4490120985031
306,150,-265.00377355803823,152.99999999999997,344,0.18636110524034705,186.36110524034706
306,150,-265.00377355803823,152.99999999999997,352,0.18439305006298218,184.39305006298218
306,150,-265.00377355803823,152.99999999999997,360,0.1815037760136803,181.50377601368032
306,155,-277.3301828332149,129.32118809265404,0,0.15287818839649348,152.87818839649347
306,155,-277.3301828332149,129.32118809265404,8,0.1553032233516154,155.3032233516154
306,155,-277.3301828332149,129.32118809265404,16,0.16404810439065307,164.04810439065307
306,155,-277.3301828332149,129.32118809265404,24,0.1639721234491363,163.97212344913632
306,155,-277.3301828332149,129.32118809265404,32,0.16067640484534507,160.67640484534508
306,155,-277.3301828332149,129.32118809265404,40,0.15742999411887737,157.42999411887737
306,155,-277.3301828332149,129.32118809265404,48,0.1552172070715994,155.21720707159938
306,155,-277.3301828332149,129.32118809265404,56,0.15338708749873944,153.38708749873945
306,155,-277.3301828332149,129.32118809265404,64,0.15260776730904413,152.60776730904414
306,155,-277.3301828332149,129.32118809265404,72,0.15968197271026147,159.68197271026148
306,155,-277.3301828332149,129.32118809265404,80,0.16441965303441358,164.41965303441359
306,155,-277.3301828332149,129.32118809265404,88,0.16224784114313107,162.24784114313107
306,155,-277.3301828332149,129.32118809265404,96,0.15945208876201072,159.45208876201073
306,155,-277.3301828332149,129.32118809265404,104,0.15623520405186134,156.23520405186133
306,155,-277.3301828332149,129.32118809265404,112,0.15458256984170932,154.58256984170933
306,155,-277.3301828332149,129.32118809265404,120,0.15281729610700412,152.81729610700413
306,155,-277.3301828332149,129.32118809265404,128,0.1552572121598789,155.2572121598789
306,155,-277.3301828332149,129.32118809265404,136,0.16404573574689574,164.04573574689573
306,155,-277.3301828332149,129.32118809265404,144,0.16395610907064456,163.95610907064457
306,155,-277.3301828332149,129.32118809265404,152,0.16075340926841267,160.75340926841267
306,155,-277.3301828332149,129.32118809265404,160,0.15762927432797907,157.62927432797906
306,155,-277.3301828332149,129.32118809265404,168,0.1554701543427791,155.4701543427791
306,155,-277.3301828332149,129.32118809265404,176,0.1536568400612915,153.6568400612915
306,155,-277.3301828332149,129.32118809265404,184,0.1529067502029513,152.90675020295132
306,155,-277.3301828332149,129.32118809265404,192,0.1599784724825724,159.9784724825724
306,155,-277.3301828332149,129.32118809265404,200,0.16469960794201777,164.69960794201776
306,155,-277.3301828332149,129.32118809265404,208,0.16240939255628048,162.40939255628047
306,155,-277.3301828332149,129.32118809265404,216,0.15941177777947274,159.41177777947274
306,155,-277.3301828332149,129.32118809265404,224,0.1561223643755697,156.1223643755697
306,155,-277.3301828332149,129.32118809265404,232,0.15434217986224602,154.342179862246
306,155,-277.3301828332149,129.32118809265404,240,0.15253441731109674,152.53441731109675
306,155,-277.3301828332149,129.32118809265404,248,0.15495251243946467,154.95251243946467
306,155,-277.3301828332149,129.32118809265404,256,0.163806342955454,163.806342955454
306,155,-277.3301828332149,129.32118809265404,264,0.16376576112495933,163.76576112495934
306,155,-277.3301828332149,129.32118809265404,272,0.16061611850801216,160.61611850801216
306,155,-277.3301828332149,129.32118809265404,280,0.1575274256326329,157.52742563263288
306,155,-277.3301828332149,129.32118809265404,288,0.15538128750738317,155.38128750738318
306,155,-277.3301828332149,129.32118809265404,296,0.15356942727379577,153.56942727379578
306,155,-277.3301828332149,129.32118809265404,304,0.1528708850797854,152.8708850797854
306,155,-277.3301828332149,129.32118809265404,312,0.15992325401695526,159.92325401695527
306,155,-277.3301828332149,129.32118809265404,320,0.16466761388770784,164.66761388770783
306,155,-277.3301828332149,129.32118809265404,328,0.16236516058612938,162.36516058612938
306,155,-277.3301828332149,129.32118809265404,336,0.159509212303457,159.509212303457
306,155,-277.3301828332149,129.32118809265404,344,0.15632741099381342,156.32741099381343
306,155,-277.3301828332149,129.32118809265404,352,0.15462016067468365,154.62016067468366
306,155,-277.3301828332149,129.32118809265404,360,0.15285736217432003,152.85736217432003
306,160,-287.54594196048794,104.65816385765467,0,0.12390176902951955,123.90176902951954
306,160,-287.54594196048794,104.65816385765467,8,0.12939253810651807,129.39253810651806
306,160,-287.54594196048794,104.65816385765467,16,0.13271287651911387,132.71287651911388
306,160,-287.54594196048794,104.65816385765467,24,0.13298729613964122,132.98729613964122
306,160,-287.54594196048794,104.65816385765467,32,0.1303261961420253,130.3261961420253
306,160,-287.54594196048794,104.65816385765467,40,0.1261776140980412,126.1776140980412
306,160,-287.54594196048794,104.65816385765467,48,0.12435314203516443,124.35314203516442
306,160,-287.54594196048794,104.65816385765467,56,0.1236002597759851,123.6002597759851
306,160,-287.54594196048794,104.65816385765467,64,0.12542619896330293,125.42619896330292
306,160,-287.54594196048794,104.65816385765467,72,0.13133066110479066,131.33066110479066
306,160,-287.54594196048794,104.65816385765467,80,0.13324533138761419,133.2453313876142
306,160,-287.54594196048794,104.65816385765467,88,0.131654985712616,131.654985712616
306,160,-287.54594196048794,104.65816385765467,96,0.12816727368217706,128.16727368217707
306,160,-287.54594196048794,104.65816385765467,104,0.12509227612451482,125.09227612451481
306,160,-287.54594196048794,104.65816385765467,112,0.12422206044084456,124.22206044084456
306,160,-287.54594196048794,104.65816385765467,120,0.12388944950431574,123.88944950431573
306,160,-287.54594196048794,104.65816385765467,128,0.12937255625516425,129.37255625516426
306,160,-287.54594196048794,104.65816385765467,136,0.1327206400535361,132.7206400535361
306,160,-287.54594196048794,104.65816385765467,144,0.13298944082953543,132.98944082953543
306,160,-287.54594196048794,104.65816385765467,152,0.13041548928475116,130.41548928475117
306,160,-287.54594196048794,104.65816385765467,160,0.12635167126466185,126.35167126466185
306,160,-287.54594196048794,104.65816385765467,168,0.12457108521114348,124.57108521114347
306,160,-287.54594196048794,104.65816385765467,176,0.12382606871083407,123.82606871083406
306,160,-287.54594196048794,104.65816385765467,184,0.12566301531225693,125.66301531225693
306,160,-287.54594196048794,104.65816385765467,192,0.13158715151175485,131.58715151175485
306,160,-287.54594196048794,104.65816385765467,200,0.13349117509734099,133.491175097341
306,160,-287.54594196048794,104.65816385765467,208,0.1317787683395509,131.7787683395509
306,160,-287.54594196048794,104.65816385765467,216,0.12811684739146761,128.11684739146762
306,160,-287.54594196048794,104.65816385765467,224,0.12497548782450138,124.97548782450139
306,160,-287.54594196048794,104.65816385765467,232,0.12398517969761438,123.98517969761438
306,160,-287.54594196048794,104.65816385765467,240,0.1236177489311811,123.6177489311811
306,160,-287.54594196048794,104.65816385765467,248,0.12910672346342295,129.10672346342295
306,160,-287.54594196048794,104.65816385765467,256,0.1325022692114044,132.5022692114044
306,160,-287.54594196048794,104.65816385765467,264,0.13282177303668966,132.82177303668965
306,160,-287.54594196048794,104.65816385765467,272,0.13030629500251592,130.30629500251592
306,160,-287.54594196048794,104.65816385765467,280,0.1262843270470031,126.2843270470031
306,160,-287.54594196048794,104.65816385765467,288,0.1245231990471583,124.5231990471583
306,160,-287.54594196048794,104.65816385765467,296,0.12377965665719942,123.77965665719942
306,160,-287.54594196048794,104.65816385765467,304,0.1256613397562799,125.66133975627992
306,160,-287.54594196048794,104.65816385765467,312,0.13155749718294923,131.55749718294925
306,160,-287.54594196048794,104.65816385765467,320,0.133467656977278,133.467656977278
306,160,-287.54594196048794,104.65816385765467,328,0.13174648437521624,131.74648437521626
306,160,-287.54594196048794,104.65816385765467,336,0.12820158864763911,128.2015886476391
306,160,-287.54594196048794,104.65816385765467,344,0.12514450908966918,125.14450908966917
306,160,-287.54594196048794,104.65816385765467,352,0.1242228369473858,124.2228369473858
306,160,-287.54594196048794,104.65816385765467,360,0.12388331928543184,123.88331928543184
306,165,-295.5733028444549,79.19862780137143,0,0.09547870035958639,95.47870035958638
306,165,-295.5733028444549,79.19862780137143,8,0.09867287477956388,98.67287477956388
306,165,-295.5733028444549,79.19862780137143,16,0.10065543699291993,100.65543699291993
306,165,-295.5733028444549,79.19862780137143,24,0.10137102340835416,101.37102340835416
306,165,-295.5733028444549,79.19862780137143,32,0.09828553263551554,98.28553263551554
306,165,-295.5733028444549,79.19862780137143,40,0.09396720406164624,93.96720406164624
306,165,-295.5733028444549,79.19862780137143,48,0.09296974842409389,92.9697484240939
306,165,-295.5733028444549,79.19862780137143,56,0.09371559370768631,93.71559370768631
306,165,-295.5733028444549,79.19862780137143,64,0.09819827753865758,98.19827753865758
306,165,-295.5733028444549,79.19862780137143,72,0.09918692945488525,99.18692945488525
306,165,-295.5733028444549,79.19862780137143,80,0.10139145426626381,101.3914542662638
306,165,-295.5733028444549,79.19862780137143,88,0.10030475976849099,100.30475976849098
306,165,-295.5733028444549,79.19862780137143,96,0.09601184207032215,96.01184207032215
306,165,-295.5733028444549,79.19862780137143,104,0.09323726072879897,93.23726072879897
306,165,-295.5733028444549,79.19862780137143,112,0.09338272085784101,93.38272085784101
306,165,-295.5733028444549,79.19862780137143,120,0.09550522715302076,95.50522715302075
306,165,-295.5733028444549,79.19862780137143,128,0.09867518525732985,98.67518525732984
306,165,-295.5733028444549,79.19862780137143,136,0.10067175164623372,100.67175164623373
306,165,-295.5733028444549,79.19862780137143,144,0.10138956609150476,101.38956609150476
306,165,-295.5733028444549,79.19862780137143,152,0.09837416124570149,98.37416124570149
306,165,-295.5733028444549,79.19862780137143,160,0.09412038599900797,94.12038599900798
306,165,-295.5733028444549,79.19862780137143,168,0.09315376126080516,93.15376126080515
306,165,-295.5733028444549,79.19862780137143,176,0.09389470107641165,93.89470107641165
306,165,-295.5733028444549,79.19862780137143,184,0.0983770740929758,98.3770740929758
306,165,-295.5733028444549,79.19862780137143,192,0.09941665145914458,99.41665145914457
306,165,-295.5733028444549,79.19862780137143,200,0.10160287728379996,101.60287728379997
306,165,-295.5733028444549,79.19862780137143,208,0.10039844511343139,100.39844511343139
306,165,-295.5733028444549,79.19862780137143,216,0.09595130012744937,95.95130012744937
306,165,-295.5733028444549,79.19862780137143,224,0.09311448493460497,93.11448493460497
306,165,-295.5733028444549,79.19862780137143,232,0.09314744914113587,93.14744914113588
306,165,-295.5733028444549,79.19862780137143,240,0.09526078968117696,95.26078968117696
306,165,-295.5733028444549,79.19862780137143,248,0.09842250609572262,98.42250609572261
306,165,-295.5733028444549,79.19862780137143,256,0.10047645220962664,100.47645220962664
306,165,-295.5733028444549,79.19862780137143,264,0.101246540335856,101.24654033585601
306,165,-295.5733028444549,79.19862780137143,272,0.09828381677750515,98.28381677750515
306,165,-295.5733028444549,79.19862780137143,280,0.09408796516855679,94.08796516855679
306,165,-295.5733028444549,79.19862780137143,288,0.09314653651204237,93.14653651204237
306,165,-295.5733028444549,79.19862780137143,296,0.09388986704044644,93.88986704044643
306,165,-295.5733028444549,79.19862780137143,304,0.09840720232712574,98.40720232712575
306,165,-295.5733028444549,79.19862780137143,312,0.09941346723841396,99.41346723841396
306,165,-295.5733028444549,79.19862780137143,320,0.1015860437184148,101.5860437184148
306,165,-295.5733028444549,79.19862780137143,328,0.10037683936618003,100.37683936618002
306,165,-295.5733028444549,79.19862780137143,336,0.09602190672355748,96.02190672355748
306,165,-295.5733028444549,79.19862780137143,344,0.09325138507988567,93.25138507988568
306,165,-295.5733028444549,79.19862780137143,352,0.09334595278410643,93.34595278410643
306,165,-295.5733028444549,79.19862780137143,360,0.09546325487516866,95.46325487516866
306,170,-301.35117242173567,53.13634236608066,0,0.06641095441934,66.41095441934
306,170,-301.35117242173567,53.13634236608066,8,0.06587812316907792,65.87812316907791
306,170,-301.35117242173567,53.13634236608066,16,0.06811976228367639,68.1197622836764
306,170,-301.35117242173567,53.13634236608066,24,0.06936880429425832,69.36880429425833
306,170,-301.35117242173567,53.13634236608066,32,0.06548855309998537,65.48855309998537
306,170,-301.35117242173567,53.13634236608066,40,0.06131034403154406,61.31034403154406
306,170,-301.35117242173567,53.13634236608066,48,0.06120398732248933,61.203987322489326
306,170,-301.35117242173567,53.13634236608066,56,0.06428696780653446,64.28696780653446
306,170,-301.35117242173567,53.13634236608066,64,0.06573586426014795,65.73586426014795
306,170,-301.35117242173567,53.13634236608066,72,0.06651795564213692,66.51795564213691
306,170,-301.35117242173567,53.13634236608066,80,0.0691004489091526,69.10044890915259
306,170,-301.35117242173567,53.13634236608066,88,0.0678106832787861,67.8106832787861
306,170,-301.35117242173567,53.13634236608066,96,0.06309763827179334,63.097638271793336
306,170,-301.35117242173567,53.13634236608066,104,0.06098364948083951,60.98364948083951
306,170,-301.35117242173567,53.13634236608066,112,0.06266278458365562,62.66278458365562
306,170,-301.35117242173567,53.13634236608066,120,0.0664722582601534,66.47225826015341
306,170,-301.35117242173567,53.13634236608066,128,0.06590125796443674,65.90125796443674
306,170,-301.35117242173567,53.13634236608066,136,0.06814298191741594,68.14298191741594
306,170,-301.35117242173567,53.13634236608066,144,0.06940562187188967,69.40562187188968
306,170,-301.35117242173567,53.13634236608066,152,0.06557493938009322,65.57493938009321
306,170,-301.35117242173567,53.13634236608066,160,0.06144245003669019,61.44245003669019
306,170,-301.35117242173567,53.13634236608066,168,0.06135492590164985,61.35492590164985
306,170,-301.35117242173567,53.13634236608066,176,0.0644141579558327,64.4141579558327
306,170,-301.35117242173567,53.13634236608066,184,0.06589991908507734,65.89991908507733
306,170,-301.35117242173567,53.13634236608066,192,0.06672100523116564,66.72100523116565
306,170,-301.35117242173567,53.13634236608066,200,0.06927740370243618,69.27740370243617
306,170,-301.35117242173567,53.13634236608066,208,0.0678841613337621,67.8841613337621
306,170,-301.35117242173567,53.13634236608066,216,0.0630230728292257,63.023072829225704
306,170,-301.35117242173567,53.13634236608066,224,0.06085510954550892,60.85510954550892
306,170,-301.35117242173567,53.13634236608066,232,0.06243201771833593,62.432017718335935
306,170,-301.35117242173567,53.13634236608066,240,0.06624718635416664,66.24718635416664
306,170,-301.35117242173567,53.13634236608066,248,0.06565730002374802,65.65730002374802
306,170,-301.35117242173567,53.13634236608066,256,0.06797262775522103,67.97262775522103
306,170,-301.35117242173567,53.13634236608066,264,0.0692784346028432,69.2784346028432
306,170,-301.35117242173567,53.13634236608066,272,0.06550577962078108,65.50577962078108
306,170,-301.35117242173567,53.13634236608066,280,0.06144506831051727,61.44506831051727
306,170,-301.35117242173567,53.13634236608066,288,0.06138853306111358,61.388533061113584
306,170,-301.35117242173567,53.13634236608066,296,0.06444904615073609,64.44904615073608
306,170,-301.35117242173567,53.13634236608066,304,0.06594927488980501,65.94927488980501
306,170,-301.35117242173567,53.13634236608066,312,0.06674296792544956,66.74296792544956
306,170,-301.35117242173567,53.13634236608066,320,0.06926541243866255,69.26541243866255
306,170,-301.35117242173567,53.13634236608066,328,0.0678727957871076,67.8727957871076
306,170,-301.35117242173567,53.13634236608066,336,0.06307948339663318,63.07948339663318
306,170,-301.35117242173567,53.13634236608066,344,0.06095987190087211,60.95987190087211
306,170,-301.35117242173567,53.13634236608066,352,0.06258549134663967,62.58549134663967
306,170,-301.35117242173567,53.13634236608066,360,0.066398987727159,66.39898772715901
306,175,-304.83557761607415,26.669657280783408,0,0.033323690238137194,33.323690238137196
306,175,-304.83557761607415,26.669657280783408,8,0.03274621096231087,32.74621096231087
306,175,-304.83557761607415,26.669657280783408,16,0.035500434816661874,35.50043481666187
306,175,-304.83557761607415,26.669657280783408,24,0.0366511020142999,36.6511020142999
306,175,-304.83557761607415,26.669657280783408,32,0.032144171113523266,32.144171113523264
306,175,-304.83557761607415,26.669657280783408,40,0.0283837483945907,28.3837483945907
306,175,-304.83557761607415,26.669657280783408,48,0.029732763591810527,29.732763591810528
306,175,-304.83557761607415,26.669657280783408,56,0.033684951655664,33.684951655664
306,175,-304.83557761607415,26.669657280783408,64,0.03258638041680681,32.58638041680681
306,175,-304.83557761607415,26.669657280783408,72,0.03357237028332677,33.57237028332677
306,175,-304.83557761607415,26.669657280783408,80,0.03699656427101059,36.99656427101059
306,175,-304.83557761607415,26.669657280783408,88,0.034681102526138305,34.681102526138304
306,175,-304.83557761607415,26.669657280783408,96,0.02991406230800992,29.91406230800992
306,175,-304.83557761607415,26.669657280783408,104,0.02846552497944517,28.46552497944517
306,175,-304.83557761607415,26.669657280783408,112,0.03230189493115193,32.30189493115193
306,175,-304.83557761607415,26.669657280783408,120,0.033404365201770245,33.40436520177025
306,175,-304.83557761607415,26.669657280783408,128,0.03278930896505544,32.78930896505544
306,175,-304.83557761607415,26.669657280783408,136,0.03552908793435165,35.52908793435165
306,175,-304.83557761607415,26.669657280783408,144,0.03670788403696022,36.70788403696022
306,175,-304.83557761607415,26.669657280783408,152,0.03222694402782825,32.226944027828246
306,175,-304.83557761607415,26.669657280783408,160,0.028493694730874736,28.493694730874736
306,175,-304.83557761607415,26.669657280783408,168,0.029842872112178932,29.84287211217893
306,175,-304.83557761607415,26.669657280783408,176,0.0337785802774301,33.7785802774301
306,175,-304.83557761607415,26.669657280783408,184,0.03273526675221215,32.735266752212155
306,175,-304.83557761607415,26.669657280783408,192,0.033749046437784265,33.749046437784266
306,175,-304.83557761607415,26.669657280783408,200,0.03714017425095185,37.140174250951844
306,175,-304.83557761607415,26.669657280783408,208,0.03473272692659585,34.732726926595845
306,175,-304.83557761607415,26.669657280783408,216,0.02982623381198341,29.82623381198341
306,175,-304.83557761607415,26.669657280783408,224,0.02833116269540055,28.33116269540055
306,175,-304.83557761607415,26.669657280783408,232,0.03207811653911966,32.07811653911966
306,175,-304.83557761607415,26.669657280783408,240,0.03317966209128688,33.17966209128688
306,175,-304.83557761607415,26.669657280783408,248,0.032554960152234115,32.554960152234116
306,175,-304.83557761607415,26.669657280783408,256,0.03538507452279974,35.38507452279974
306,175,-304.83557761607415,26.669657280783408,264,0.036590825485428136,36.590825485428134
306,175,-304.83557761607415,26.669657280783408,272,0.032182704550207816,32.182704550207816
306,175,-304.83557761607415,26.669657280783408,280,0.02853176299764456,28.53176299764456
306,175,-304.83557761607415,26.669657280783408,288,0.02992161365214784,29.92161365214784
306,175,-304.83557761607415,26.669657280783408,296,0.03384578607365467,33.845786073654665
306,175,-304.83557761607415,26.669657280783408,304,0.03280311137603388,32.80311137603388
306,175,-304.83557761607415,26.669657280783408,312,0.03379464147081493,33.79464147081493
306,175,-304.83557761607415,26.669657280783408,320,0.03715492324880105,37.15492324880105
306,175,-304.83557761607415,26.669657280783408,328,0.03473047481729363,34.73047481729363
306,175,-304.83557761607415,26.669657280783408,336,0.029867295048710364,29.867295048710364
306,175,-304.83557761607415,26.669657280783408,344,0.028403634990204044,28.403634990204043
306,175,-304.83557761607415,26.669657280783408,352,0.03218221467550744,32.182214675507446
306,175,-304.83557761607415,26.669657280783408,360,0.033316183767751646,33.316183767751646
306,180,-306.0,3.7474192053909006e-14,0,-1.7434726572442456e-05,-0.017434726572442456
306,180,-306.0,3.7474192053909006e-14,8,-0.000470707983248377,-0.470707983248377
306,180,-306.0,3.7474192053909006e-14,16,0.003672672414811932,3.672672414811932
306,180,-306.0,3.7474192053909006e-14,24,0.0034183106077827715,3.4183106077827716
306,180,-306.0,3.7474192053909006e-14,32,-0.001332340855342571,-1.332340855342571
306,180,-306.0,3.7474192053909006e-14,40,-0.004633815611519116,-4.6338156115191165
306,180,-306.0,3.7474192053909006e-14,48,-0.001427657700903156,-1.427657700903156
306,180,-306.0,3.7474192053909006e-14,56,0.0004580898874519002,0.4580898874519002
306,180,-306.0,3.7474192053909006e-14,64,-0.0007264885385071314,-0.7264885385071315
306,180,-306.0,3.7474192053909006e-14,72,0.0011649599649000292,1.164959964900029
306,180,-306.0,3.7474192053909006e-14,80,0.0044086682283328025,4.408668228332802
306,180,-306.0,3.7474192053909006e-14,88,0.0012193918633602978,1.2193918633602978
306,180,-306.0,3.7474192053909006e-14,96,-0.0034085686344712423,-3.4085686344712425
306,180,-306.0,3.7474192053909006e-14,104,-0.003660248655790186,-3.6602486557901863
306,180,-306.0,3.7474192053909006e-14,112,0.0005629682875684059,0.5629682875684059
306,180,-306.0,3.7474192053909006e-14,120,8.263292689350554e-05,0.08263292689350554
306,180,-306.0,3.7474192053909006e-14,128,-0.0004086598153873281,-0.4086598153873281
306,180,-306.0,3.7474192053909006e-14,136,0.003743033319892406,3.7430333198924064
306,180,-306.0,3.7474192053909006e-14,144,0.0034928374492525305,3.4928374492525305
306,180,-306.0,3.7474192053909006e-14,152,-0.0012547427287091684,-1.2547427287091684
306,180,-306.0,3.7474192053909006e-14,160,-0.004547987466543291,-4.547987466543291
306,180,-306.0,3.7474192053909006e-14,168,-0.0013600392701231417,-1.3600392701231416
306,180,-306.0,3.7474192053909006e-14,176,0.0005401866893363314,0.5401866893363314
306,180,-306.0,3.7474192053909006e-14,184,-0.0005928149143727227,-0.5928149143727227
306,180,-306.0,3.7474192053909006e-14,192,0.0013130947976260862,1.3130947976260863
306,180,-306.0,3.7474192053909006e-14,200,0.004518314062575338,4.518314062575338
306,180,-306.0,3.7474192053909006e-14,208,0.0012477233031744869,1.247723303174487
306,180,-306.0,3.7474192053909006e-14,216,-0.003509136373038922,-3.5091363730389222
306,180,-306.0,3.7474192053909006e-14,224,-0.00379349571581291,-3.79349571581291
306,180,-306.0,3.7474192053909006e-14,232,0.0003399623092501282,0.33996230925012816
306,180,-306.0,3.7474192053909006e-14,240,-0.00014112604617885112,-0.14112604617885113
306,180,-306.0,3.7474192053909006e-14,248,-0.0006325847246577178,-0.6325847246577178
306,180,-306.0,3.7474192053909006e-14,256,0.003600897835134291,3.6008978351342913
306,180,-306.0,3.7474192053909006e-14,264,0.0033897202197559874,3.3897202197559873
306,180,-306.0,3.7474192053909006e-14,272,-0.0012733653064400268,-1.2733653064400268
306,180,-306.0,3.7474192053909006e-14,280,-0.004473766273683561,-4.473766273683561
306,180,-306.0,3.7474192053909006e-14,288,-0.0012353760132901939,-1.2353760132901939
306,180,-306.0,3.7474192053909006e-14,296,0.0006300500881875476,0.6300500881875476
306,180,-306.0,3.7474192053909006e-14,304,-0.0005072552310187323,-0.5072552310187324
306,180,-306.0,3.7474192053909006e-14,312,0.001384849034970594,1.384849034970594
306,180,-306.0,3.7474192053909006e-14,320,0.004565023365545906,4.565023365545906
306,180,-306.0,3.7474192053909006e-14,328,0.0012533679252327594,1.2533679252327594
306,180,-306.0,3.7474192053909006e-14,336,-0.0034846814918933636,-3.4846814918933635
306,180,-306.0,3.7474192053909006e-14,344,-0.0037644501322642507,-3.7644501322642507
306,180,-306.0,3.7474192053909006e-14,352,0.0004138088919166139,0.4138088919166139
306,180,-306.0,3.7474192053909006e-14,360,-2.0350969481474263e-05,-0.020350969481474263
340,90,2.0818995585505004e-14,340.0,0,0.3819032443767197,381.90324437671967
340,90,2.0818995585505004e-14,340.0,8,0.38353808011914553,383.53808011914555
340,90,2.0818995585505004e-14,340.0,16,0.3878930737452674,387.8930737452674
340,90,2.0818995585505004e-14,340.0,24,0.39234415410788714,392.34415410788716
340,90,2.0818995585505004e-14,340.0,32,0.38950587495500666,389.5058749550067
340,90,2.0818995585505004e-14,340.0,40,0.38760514312174693,387.60514312174695
340,90,2.0818995585505004e-14,340.0,48,0.3836717855528319,383.67178555283186
340,90,2.0818995585505004e-14,340.0,56,0.38204265733969855,382.04265733969856
340,90,2.0818995585505004e-14,340.0,64,0.38185986534637195,381.859865346372
340,90,2.0818995585505004e-14,340.0,72,0.38459877948812166,384.59877948812164
340,90,2.0818995585505004e-14,340.0,80,0.38941501965211844,389.4150196521184
340,90,2.0818995585505004e-14,340.0,88,0.38940153946987377,389.4015394698738
340,90,2.0818995585505004e-14,340.0,96,0.3893029937478435,389.3029937478435
340,90,2.0818995585505004e-14,340.0,104,0.3847138385907323,384.71383859073234
340,90,2.0818995585505004e-14,340.0,112,0.3823371900726707,382.3371900726707
340,90,2.0818995585505004e-14,340.0,120,0.3813502997720229,381.3502997720229
340,90,2.0818995585505004e-14,340.0,128,0.38303176260210303,383.031762602103
340,90,2.0818995585505004e-14,340.0,136,0.3874214518435071,387.4214518435071
340,90,2.0818995585505004e-14,340.0,144,0.39182847774623425,391.8284777462342
340,90,2.0818995585505004e-14,340.0,152,0.3891054030381542,389.10540303815424
340,90,2.0818995585505004e-14,340.0,160,0.387365388674354,387.365388674354
340,90,2.0818995585505004e-14,340.0,168,0.38364846739989233,383.64846739989235
340,90,2.0818995585505004e-14,340.0,176,0.3821635092520891,382.16350925208906
340,90,2.0818995585505004e-14,340.0,184,0.38223934798841547,382.2393479884155
340,90,2.0818995585505004e-14,340.0,192,0.3852742953274122,385.2742953274122
340,90,2.0818995585505004e-14,340.0,200,0.39032562003810023,390.3256200381002
340,90,2.0818995585505004e-14,340.0,208,0.3903051687838438,390.3051687838438
340,90,2.0818995585505004e-14,340.0,216,0.39012940616584924,390.1294061658492
340,90,2.0818995585505004e-14,340.0,224,0.3854319555778888,385.4319555778888
340,90,2.0818995585505004e-14,340.0,232,0.38277909931082427,382.7790993108243
340,90,2.0818995585505004e-14,340.0,240,0.3815388227249551,381.5388227249551
340,90,2.0818995585505004e-14,340.0,248,0.382903183845317,382.903183845317
340,90,2.0818995585505004e-14,340.0,256,0.38706430845386874,387.06430845386876
340,90,2.0818995585505004e-14,340.0,264,0.3913836290179692,391.3836290179692
340,90,2.0818995585505004e-14,340.0,272,0.38858011453211794,388.58011453211793
340,90,2.0818995585505004e-14,340.0,280,0.3867872396665935,386.7872396665935
340,90,2.0818995585505004e-14,340.0,288,0.3830442191587509,383.04421915875093
340,90,2.0818995585505004e-14,340.0,296,0.381578673139055,381.578673139055
340,90,2.0818995585505004e-14,340.0,304,0.3817284429783541,381.7284429783541
340,90,2.0818995585505004e-14,340.0,312,0.38473816235226527,384.73816235226525
340,90,2.0818995585505004e-14,340.0,320,0.38984996596705807,389.84996596705804
340,90,2.0818995585505004e-14,340.0,328,0.3898299967583767,389.8299967583767
340,90,2.0818995585505004e-14,340.0,336,0.38978258672027044,389.78258672027044
340,90,2.0818995585505004e-14,340.0,344,0.385322551114916,385.322551114916
340,90,2.0818995585505004e-14,340.0,352,0.38285665758232845,382.85665758232847
340,90,2.0818995585505004e-14,340.0,360,0.3818551103847103,381.8551103847103
340,95,-29.6329525342038,338.7061973511935,0,0.3811871305647901,381.1871305647901
340,95,-29.6329525342038,338.7061973511935,8,0.38491550201063296,384.91550201063296
340,95,-29.6329525342038,338.7061973511935,16,0.39005847485273404,390.05847485273404
340,95,-29.6329525342038,338.7061973511935,24,0.389789533892544,389.789533892544
340,95,-29.6329525342038,338.7061973511935,32,0.38815278640709555,388.15278640709556
340,95,-29.6329525342038,338.7061973511935,40,0.38283284871156936,382.83284871156934
340,95,-29.6329525342038,338.7061973511935,48,0.379859312093656,379.859312093656
340,95,-29.6329525342038,338.7061973511935,56,0.3801663107190948,380.1663107190948
340,95,-29.6329525342038,338.7061973511935,64,0.3822366250931364,382.2366250931364
340,95,-29.6329525342038,338.7061973511935,72,0.3868252561172752,386.8252561172752
340,95,-29.6329525342038,338.7061973511935,80,0.3906306271957501,390.6306271957501
340,95,-29.6329525342038,338.7061973511935,88,0.3879315607078605,387.9315607078605
340,95,-29.6329525342038,338.7061973511935,96,0.3846372726920762,384.6372726920762
340,95,-29.6329525342038,338.7061973511935,104,0.38003212770361094,380.03212770361097
340,95,-29.6329525342038,338.7061973511935,112,0.37947652529461645,379.47652529461647
340,95,-29.6329525342038,338.7061973511935,120,0.3806889621427132,380.6889621427132
340,95,-29.6329525342038,338.7061973511935,128,0.38442813638053475,384.42813638053474
340,95,-29.6329525342038,338.7061973511935,136,0.38960748883746543,389.60748883746544
340,95,-29.6329525342038,338.7061973511935,144,0.3893132196349426,389.3132196349426
340,95,-29.6329525342038,338.7061973511935,152,0.3877880089321522,387.7880089321522
340,95,-29.6329525342038,338.7061973511935,160,0.382620664332883,382.620664332883
340,95,-29.6329525342038,338.7061973511935,168,0.37986006253741,379.86006253741
340,95,-29.6329525342038,338.7061973511935,176,0.3803524738436937,380.3524738436937
340,95,-29.6329525342038,338.7061973511935,184,0.38266163943155984,382.6616394315598
340,95,-29.6329525342038,338.7061973511935,192,0.3875650746915163,387.5650746915163
340,95,-29.6329525342038,338.7061973511935,200,0.3915380760062815,391.53807600628147
340,95,-29.6329525342038,338.7061973511935,208,0.38882087530358733,388.82087530358734
340,95,-29.6329525342038,338.7061973511935,216,0.38544175966765964,385.44175966765965
340,95,-29.6329525342038,338.7061973511935,224,0.38066123578774924,380.66123578774926
340,95,-29.6329525342038,338.7061973511935,232,0.37982826843266404,379.82826843266406
340,95,-29.6329525342038,338.7061973511935,240,0.3807621186095941,380.7621186095941
340,95,-29.6329525342038,338.7061973511935,248,0.3842282586393038,384.2282586393038
340,95,-29.6329525342038,338.7061973511935,256,0.3892137358152215,389.2137358152215
340,95,-29.6329525342038,338.7061973511935,264,0.3888435099654661,388.8435099654661
340,95,-29.6329525342038,338.7061973511935,272,0.3872449387200783,387.2449387200783
340,95,-29.6329525342038,338.7061973511935,280,0.38206925034191236,382.0692503419124
340,95,-29.6329525342038,338.7061973511935,288,0.3793136004063276,379.3136004063276
340,95,-29.6329525342038,338.7061973511935,296,0.37982746922982163,379.82746922982165
340,95,-29.6329525342038,338.7061973511935,304,0.38218216243948355,382.18216243948353
340,95,-29.6329525342038,338.7061973511935,312,0.3870454826896009,387.0454826896009
340,95,-29.6329525342038,338.7061973511935,320,0.39108832642949765,391.08832642949767
340,95,-29.6329525342038,338.7061973511935,328,0.38838312061175584,388.3831206117558
340,95,-29.6329525342038,338.7061973511935,336,0.38512361708707277,385.1236170870728
340,95,-29.6329525342038,338.7061973511935,344,0.380574450357826,380.574450357826
340,95,-29.6329525342038,338.7061973511935,352,0.37994840834562205,379.94840834562206
340,95,-29.6329525342038,338.7061973511935,360,0.381139945033314,381.139945033314
340,100,-59.040380406756306,334.8346360241507,0,0.379041028435284,379.041028435284
340,100,-59.040380406756306,334.8346360241507,8,0.3847075484676258,384.70754846762577
340,100,-59.040380406756306,334.8346360241507,16,0.3876381162082676,387.6381162082676
340,100,-59.040380406756306,334.8346360241507,24,0.38539947047816925,385.39947047816923
340,100,-59.040380406756306,334.8346360241507,32,0.38116020958528557,381.16020958528554
340,100,-59.040380406756306,334.8346360241507,40,0.37551660639068196,375.51660639068194
340,100,-59.040380406756306,334.8346360241507,48,0.3744855241869862,374.4855241869862
340,100,-59.040380406756306,334.8346360241507,56,0.3768541512814514,376.8541512814514
340,100,-59.040380406756306,334.8346360241507,64,0.3811206985218659,381.1206985218659
340,100,-59.040380406756306,334.8346360241507,72,0.3866432061226738,386.6432061226738
340,100,-59.040380406756306,334.8346360241507,80,0.38522629340106535,385.22629340106533
340,100,-59.040380406756306,334.8346360241507,88,0.38291142094043684,382.91142094043687
340,100,-59.040380406756306,334.8346360241507,96,0.37717157278666236,377.17157278666235
340,100,-59.040380406756306,334.8346360241507,104,0.37381688806498065,373.8168880649807
340,100,-59.040380406756306,334.8346360241507,112,0.3752320328226413,375.23203282264126
340,100,-59.040380406756306,334.8346360241507,120,0.3785725854543485,378.57258545434854
340,100,-59.040380406756306,334.8346360241507,128,0.3842356117964265,384.2356117964265
340,100,-59.040380406756306,334.8346360241507,136,0.3872143391712325,387.2143391712325
340,100,-59.040380406756306,334.8346360241507,144,0.3849631033840837,384.9631033840837
340,100,-59.040380406756306,334.8346360241507,152,0.380826519398203,380.826519398203
340,100,-59.040380406756306,334.8346360241507,160,0.37533166409752505,375.33166409752505
340,100,-59.040380406756306,334.8346360241507,168,0.3745407717379652,374.5407717379652
340,100,-59.040380406756306,334.8346360241507,176,0.37709788165715225,377.09788165715224
340,100,-59.040380406756306,334.8346360241507,184,0.38159111331460777,381.59111331460775
340,100,-59.040380406756306,334.8346360241507,192,0.38740790747364273,387.40790747364275
340,100,-59.040380406756306,334.8346360241507,200,0.3861231735236943,386.1231735236943
340,100,-59.040380406756306,334.8346360241507,208,0.3837867936476984,383.7867936476984
340,100,-59.040380406756306,334.8346360241507,216,0.3779074895809869,377.9074895809869
340,100,-59.040380406756306,334.8346360241507,224,0.37435301629599427,374.3530162959943
340,100,-59.040380406756306,334.8346360241507,232,0.3754600338289696,375.4600338289696
340,100,-59.040380406756306,334.8346360241507,240,0.37857682182443525,378.5768218244352
340,100,-59.040380406756306,334.8346360241507,248,0.3839717719930926,383.9717719930926
340,100,-59.040380406756306,334.8346360241507,256,0.38679499973837783,386.79499973837784
340,100,-59.040380406756306,334.8346360241507,264,0.38446598818027844,384.46598818027843
340,100,-59.040380406756306,334.8346360241507,272,0.38027192483312927,380.2719248331293
340,100,-59.040380406756306,334.8346360241507,280,0.3748498078095384,374.8498078095384
340,100,-59.040380406756306,334.8346360241507,288,0.3740455273893264,374.04552738932637
340,100,-59.040380406756306,334.8346360241507,296,0.376622547930355,376.622547930355
340,100,-59.040380406756306,334.8346360241507,304,0.38113342689653545,381.13342689653547
340,100,-59.040380406756306,334.8346360241507,312,0.38690145755595956,386.90145755595955
340,100,-59.040380406756306,334.8346360241507,320,0.3857079741891428,385.7079741891428
340,100,-59.040380406756306,334.8346360241507,328,0.38338108914895647,383.38108914895645
340,100,-59.040380406756306,334.8346360241507,336,0.37761717519756943,377.61717519756945
340,100,-59.040380406756306,334.8346360241507,344,0.3742983040277282,374.2983040277282
340,100,-59.040380406756306,334.8346360241507,352,0.3756516859831088,375.6516859831088
340,100,-59.040380406756306,334.8346360241507,360,0.3789952323320753,378.9952323320753
340,105,-87.99847533485709,328.41478093828323,0,0.3754850496169591,375.4850496169591
340,105,-87.99847533485709,328.41478093828323,8,0.38249921747998245,382.49921747998246
340,105,-87.99847533485709,328.41478093828323,16,0.3793698363075273,379.3698363075273
340,105,-87.99847533485709,328.41478093828323,24,0.3769290280642504,376.92902806425036
340,105,-87.99847533485709,328.41478093828323,32,0.3707932914667136,370.7932914667136
340,105,-87.99847533485709,328.41478093828323,40,0.3666299033385961,366.6299033385961
340,105,-87.99847533485709,328.41478093828323,48,0.36768804844455444,367.68804844455445
340,105,-87.99847533485709,328.41478093828323,56,0.37215942105375155,372.15942105375154
340,105,-87.99847533485709,328.41478093828323,64,0.3784413984520585,378.4413984520585
340,105,-87.99847533485709,328.41478093828323,72,0.38031798370202663,380.31798370202665
340,105,-87.99847533485709,328.41478093828323,80,0.3779944625970272,377.99446259702717
340,105,-87.99847533485709,328.41478093828323,88,0.3735965857286613,373.5965857286613
340,105,-87.99847533485709,328.41478093828323,96,0.367457869769233,367.457869769233
340,105,-87.99847533485709,328.41478093828323,104,0.3660865348272658,366.0865348272658
340,105,-87.99847533485709,328.41478093828323,112,0.3695640080754779,369.5640080754779
340,105,-87.99847533485709,328.41478093828323,120,0.37504256114908446,375.04256114908446
340,105,-87.99847533485709,328.41478093828323,128,0.38203849197715717,382.03849197715715
340,105,-87.99847533485709,328.41478093828323,136,0.3789837145636059,378.98371456360593
340,105,-87.99847533485709,328.41478093828323,144,0.3765267878879869,376.52678788798687
340,105,-87.99847533485709,328.41478093828323,152,0.37049072175254505,370.490721752545
340,105,-87.99847533485709,328.41478093828323,160,0.3664865705492513,366.4865705492513
340,105,-87.99847533485709,328.41478093828323,168,0.36781981129327324,367.81981129327323
340,105,-87.99847533485709,328.41478093828323,176,0.37243925756214763,372.43925756214765
340,105,-87.99847533485709,328.41478093828323,184,0.37895542602334525,378.95542602334524
340,105,-87.99847533485709,328.41478093828323,192,0.3810999850110475,381.0999850110475
340,105,-87.99847533485709,328.41478093828323,200,0.37888333968063437,378.8833396806344
340,105,-87.99847533485709,328.41478093828323,208,0.3744558052929774,374.4558052929774
340,105,-87.99847533485709,328.41478093828323,216,0.3680966116337371,368.0966116337371
340,105,-87.99847533485709,328.41478093828323,224,0.3665065581868255,366.5065581868255
340,105,-87.99847533485709,328.41478093828323,232,0.3696949314160247,369.6949314160247
340,105,-87.99847533485709,328.41478093828323,240,0.37498263403828014,374.98263403828014
340,105,-87.99847533485709,328.41478093828323,248,0.38173914497564565,381.7391449756457
340,105,-87.99847533485709,328.41478093828323,256,0.3785337106771945,378.5337106771945
340,105,-87.99847533485709,328.41478093828323,264,0.37600849089284255,376.00849089284253
340,105,-87.99847533485709,328.41478093828323,272,0.36999158909376606,369.99158909376604
340,105,-87.99847533485709,328.41478093828323,280,0.3660643821494689,366.0643821494689
340,105,-87.99847533485709,328.41478093828323,288,0.36737285891945054,367.37285891945055
340,105,-87.99847533485709,328.41478093828323,296,0.3719981219747071,371.9981219747071
340,105,-87.99847533485709,328.41478093828323,304,0.3785144607119198,378.5144607119198
340,105,-87.99847533485709,328.41478093828323,312,0.3806273799060822,380.6273799060822
340,105,-87.99847533485709,328.41478093828323,320,0.3785027888950381,378.50278889503807
340,105,-87.99847533485709,328.41478093828323,328,0.37407447883745243,374.07447883745243
340,105,-87.99847533485709,328.41478093828323,336,0.3678335246569071,367.8335246569071
340,105,-87.99847533485709,328.41478093828323,344,0.36651891526059865,366.51891526059865
340,105,-87.99847533485709,328.41478093828323,352,0.3699410597557976,369.9410597557976
340,105,-87.99847533485709,328.41478093828323,360,0.3754409446395737,375.44094463957373
340,110,-116.28684873072736,319.4954910672089,0,0.37054535824546253,370.5453582454625
340,110,-116.28684873072736,319.4954910672089,8,0.3719685902116899,371.9685902116899
340,110,-116.28684873072736,319.4954910672089,16,0.36928707012267836,369.28707012267836
340,110,-116.28684873072736,319.4954910672089,24,0.3647732871041981,364.7732871041981
340,110,-116.28684873072736,319.4954910672089,32,0.35853518184575794,358.53518184575796
340,110,-116.28684873072736,319.4954910672089,40,0.35625768959796744,356.25768959796744
340,110,-116.28684873072736,319.4954910672089,48,0.3595898830257992,359.58988302579917
340,110,-116.28684873072736,319.4954910672089,56,0.3661367184784651,366.13671847846507
340,110,-116.28684873072736,319.4954910672089,64,0.37408451598941755,374.0845159894176
340,110,-116.28684873072736,319.4954910672089,72,0.36917104709279314,369.1710470927931
340,110,-116.28684873072736,319.4954910672089,80,0.36631504289992756,366.31504289992756
340,110,-116.28684873072736,319.4954910672089,88,0.3604912791731772,360.4912791731772
340,110,-116.28684873072736,319.4954910672089,96,0.3561101602975416,356.1101602975416
340,110,-116.28684873072736,319.4954910672089,104,0.35699568331532927,356.99568331532925
340,110,-116.28684873072736,319.4954910672089,112,0.3626000861647585,362.60008616475847
340,110,-116.28684873072736,319.4954910672089,120,0.3701205258465827,370.1205258465827
340,110,-116.28684873072736,319.4954910672089,128,0.3715455621100685,371.5455621100685
340,110,-116.28684873072736,319.4954910672089,136,0.36893880323237793,368.93880323237795
340,110,-116.28684873072736,319.4954910672089,144,0.36440093305346194,364.4009330534619
340,110,-116.28684873072736,319.4954910672089,152,0.3582659539734725,358.2659539734725
340,110,-116.28684873072736,319.4954910672089,160,0.3561924143033482,356.1924143033482
340,110,-116.28684873072736,319.4954910672089,168,0.3597725198278157,359.7725198278157
340,110,-116.28684873072736,319.4954910672089,176,0.36645038777720507,366.4503877772051
340,110,-116.28684873072736,319.4954910672089,184,0.3746373940544455,374.6373940544455
340,110,-116.28684873072736,319.4954910672089,192,0.36996614313143017,369.96614313143016
340,110,-116.28684873072736,319.4954910672089,200,0.3671939610835767,367.1939610835767
340,110,-116.28684873072736,319.4954910672089,208,0.36125508967653147,361.2550896765315
340,110,-116.28684873072736,319.4954910672089,216,0.3566469049131776,356.6469049131776
340,110,-116.28684873072736,319.4954910672089,224,0.35729141427453204,357.29141427453203
340,110,-116.28684873072736,319.4954910672089,232,0.3626603019564678,362.66030195646783
340,110,-116.28684873072736,319.4954910672089,240,0.370007339604326,370.00733960432603
340,110,-116.28684873072736,319.4954910672089,248,0.37119155284155536,371.19155284155534
340,110,-116.28684873072736,319.4954910672089,256,0.3684561751013188,368.45617510131876
340,110,-116.28684873072736,319.4954910672089,264,0.3638842722329677,363.8842722329677
340,110,-116.28684873072736,319.4954910672089,272,0.3578347924377967,357.8347924377967
340,110,-116.28684873072736,319.4954910672089,280,0.3558131370190202,355.8131370190202
340,110,-116.28684873072736,319.4954910672089,288,0.3593704518903409,359.3704518903409
340,110,-116.28684873072736,319.4954910672089,296,0.3660399221825509,366.03992218255087
340,110,-116.28684873072736,319.4954910672089,304,0.37420691221633495,374.20691221633496
340,110,-116.28684873072736,319.4954910672089,312,0.36954169546176124,369.54169546176126
340,110,-116.28684873072736,319.4954910672089,320,0.3668401977154761,366.8401977154761
340,110,-116.28684873072736,319.4954910672089,328,0.3609000086295301,360.9000086295301
340,110,-116.28684873072736,319.4954910672089,336,0.35643305925982643,356.43305925982645
340,110,-116.28684873072736,319.4954910672089,344,0.3573855433625379,357.38554336253793
340,110,-116.28684873072736,319.4954910672089,352,0.36294004527315443,362.94004527315445
340,110,-116.28684873072736,319.4954910672089,360,0.3705037110345171,370.50371103451715
340,115,-143.69020899183778,308.144647592461,0,0.36225537541645103,362.25537541645105
340,115,-143.69020899183778,308.144647592461,8,0.35796272780872346,357.96272780872346
340,115,-143.69020899183778,308.144647592461,16,0.3545338710395849,354.5338710395849
340,115,-143.69020899183778,308.144647592461,24,0.3491143569014735,349.1143569014735
340,115,-143.69020899183778,308.144647592461,32,0.34450062021288697,344.500620212887
340,115,-143.69020899183778,308.144647592461,40,0.34460422705161864,344.60422705161864
340,115,-143.69020899183778,308.144647592461,48,0.35035655114489345,350.35655114489344
340,115,-143.69020899183778,308.144647592461,56,0.35907633548203705,359.07633548203705
340,115,-143.69020899183778,308.144647592461,64,0.3591158593580899,359.1158593580899
340,115,-143.69020899183778,308.144647592461,72,0.35574322517807133,355.7432251780713
340,115,-143.69020899183778,308.144647592461,80,0.3512784710009956,351.2784710009956
340,115,-143.69020899183778,308.144647592461,88,0.3458266970141054,345.8266970141054
340,115,-143.69020899183778,308.144647592461,96,0.34329317635043965,343.29317635043964
340,115,-143.69020899183778,308.144647592461,104,0.3466811950880402,346.68119508804017
340,115,-143.69020899183778,308.144647592461,112,0.35437051727275237,354.37051727275235
340,115,-143.69020899183778,308.144647592461,120,0.36184992903890123,361.8499290389012
340,115,-143.69020899183778,308.144647592461,128,0.35758392401011474,357.58392401011474
340,115,-143.69020899183778,308.144647592461,136,0.35420968807114567,354.20968807114565
340,115,-143.69020899183778,308.144647592461,144,0.34877013849441446,348.7701384944145
340,115,-143.69020899183778,308.144647592461,152,0.344293815025895,344.293815025895
340,115,-143.69020899183778,308.144647592461,160,0.34461676327404656,344.61676327404655
340,115,-143.69020899183778,308.144647592461,168,0.3505669596215246,350.56695962152463
340,115,-143.69020899183778,308.144647592461,176,0.3594231668224799,359.42316682247986
340,115,-143.69020899183778,308.144647592461,184,0.3597022722956936,359.7022722956936
340,115,-143.69020899183778,308.144647592461,192,0.35654774986870164,356.54774986870166
340,115,-143.69020899183778,308.144647592461,200,0.35211354109126347,352.11354109126347
340,115,-143.69020899183778,308.144647592461,208,0.3464945015231334,346.4945015231334
340,115,-143.69020899183778,308.144647592461,216,0.34371025361308416,343.71025361308415
340,115,-143.69020899183778,308.144647592461,224,0.346886316519466,346.886316519466
340,115,-143.69020899183778,308.144647592461,232,0.3543642320877486,354.3642320877486
340,115,-143.69020899183778,308.144647592461,240,0.3616844078129723,361.68440781297227
340,115,-143.69020899183778,308.144647592461,248,0.35716970932517544,357.16970932517546
340,115,-143.69020899183778,308.144647592461,256,0.35371368476962123,353.71368476962124
340,115,-143.69020899183778,308.144647592461,264,0.3483234995359219,348.3234995359219
340,115,-143.69020899183778,308.144647592461,272,0.3439093407110888,343.9093407110888
340,115,-143.69020899183778,308.144647592461,280,0.3442779035466852,344.2779035466852
340,115,-143.69020899183778,308.144647592461,288,0.3502112203138148,350.2112203138148
340,115,-143.69020899183778,308.144647592461,296,0.3590272823165571,359.0272823165571
340,115,-143.69020899183778,308.144647592461,304,0.3593203994809677,359.3203994809677
340,115,-143.69020899183778,308.144647592461,312,0.3561676599590012,356.1676599590012
340,115,-143.69020899183778,308.144647592461,320,0.35178491138653056,351.78491138653055
340,115,-143.69020899183778,308.144647592461,328,0.3461730706515283,346.1730706515283
340,115,-143.69020899183778,308.144647592461,336,0.34358155245838456,343.5815524583846
340,115,-143.69020899183778,308.144647592461,344,0.3470229999729355,347.0229999729355
340,115,-143.69020899183778,308.144647592461,352,0.35467640253434385,354.6764025343438
340,115,-143.69020899183778,308.144647592461,360,0.36221630187360554,362.2163018736055
340,120,-169.99999999999991,294.4486372867092,0,0.34461187682935523,344.61187682935525
340,120,-169.99999999999991,294.4486372867092,8,0.3414839409742728,341.4839409742728
340,120,-169.99999999999991,294.4486372867092,16,0.33640516897431844,336.4051689743184
340,120,-169.99999999999991,294.4486372867092,24,0.33177334102692585,331.77334102692583
340,120,-169.99999999999991,294.4486372867092,32,0.32901582413409175,329.01582413409176
340,120,-169.99999999999991,294.4486372867092,40,0.3318835286594236,331.88352865942363
340,120,-169.99999999999991,294.4486372867092,48,0.3401045421462374,340.1045421462374
340,120,-169.99999999999991,294.4486372867092,56,0.3465936907410825,346.59369074108247
340,120,-169.99999999999991,294.4486372867092,64,0.342319318405868,342.319318405868
340,120,-169.99999999999991,294.4486372867092,72,0.3387041682924755,338.7041682924755
340,120,-169.99999999999991,294.4486372867092,80,0.3332242658714291,333.2242658714291
340,120,-169.99999999999991,294.4486372867092,88,0.3293354177661558,329.33541776615584
340,120,-169.99999999999991,294.4486372867092,96,0.329311482784891,329.311482784891
340,120,-169.99999999999991,294.4486372867092,104,0.33531700268237846,335.3170026823785
340,120,-169.99999999999991,294.4486372867092,112,0.345537073483974,345.537073483974
340,120,-169.99999999999991,294.4486372867092,120,0.34425709842939645,344.2570984293964
340,120,-169.99999999999991,294.4486372867092,128,0.3411405921994602,341.1405921994602
340,120,-169.99999999999991,294.4486372867092,136,0.33610613414375773,336.10613414375774
340,120,-169.99999999999991,294.4486372867092,144,0.3314709346121335,331.47093461213353
340,120,-169.99999999999991,294.4486372867092,152,0.3288952391345573,328.8952391345573
340,120,-169.99999999999991,294.4486372867092,160,0.33193693832466675,331.93693832466676
340,120,-169.99999999999991,294.4486372867092,168,0.3403425868174455,340.3425868174455
340,120,-169.99999999999991,294.4486372867092,176,0.34697361657815984,346.97361657815986
340,120,-169.99999999999991,294.4486372867092,184,0.34294084784063844,342.94084784063847
340,120,-169.99999999999991,294.4486372867092,192,0.3394981354966693,339.4981354966693
340,120,-169.99999999999991,294.4486372867092,200,0.333968137407465,333.968137407465
340,120,-169.99999999999991,294.4486372867092,208,0.3298991694010569,329.8991694010569
340,120,-169.99999999999991,294.4486372867092,216,0.32961947079394815,329.61947079394815
340,120,-169.99999999999991,294.4486372867092,224,0.3354464751597712,335.44647515977124
340,120,-169.99999999999991,294.4486372867092,232,0.34549462880777454,345.4946288077745
340,120,-169.99999999999991,294.4486372867092,240,0.34401095181668084,344.01095181668086
340,120,-169.99999999999991,294.4486372867092,248,0.3406858408976215,340.6858408976215
340,120,-169.99999999999991,294.4486372867092,256,0.33564497816876393,335.64497816876394
340,120,-169.99999999999991,294.4486372867092,264,0.3310827726315402,331.0827726315402
340,120,-169.99999999999991,294.4486372867092,272,0.3285421925049666,328.5421925049666
340,120,-169.99999999999991,294.4486372867092,280,0.3316502847875318,331.6502847875318
340,120,-169.99999999999991,294.4486372867092,288,0.34002144631749276,340.02144631749275
340,120,-169.99999999999991,294.4486372867092,296,0.3466039685092871,346.6039685092871
340,120,-169.99999999999991,294.4486372867092,304,0.34260683877814563,342.60683877814563
340,120,-169.99999999999991,294.4486372867092,312,0.3391484840705379,339.1484840705379
340,120,-169.99999999999991,294.4486372867092,320,0.33366492813451615,333.6649281345162
340,120,-169.99999999999991,294.4486372867092,328,0.3296422283630481,329.64222836304805
340,120,-169.99999999999991,294.4486372867092,336,0.3295628373043081,329.56283730430806
340,120,-169.99999999999991,294.4486372867092,344,0.33560885060009193,335.60885060009196
340,120,-169.99999999999991,294.4486372867092,352,0.3458390594230117,345.8390594230117
340,120,-169.99999999999991,294.4486372867092,360,0.3445735575537375,344.5735575537375
340,125,-195.0159883593557,278.51169505825715,0,0.32520740558344274,325.2074055834427
340,125,-195.0159883593557,278.51169505825715,8,0.3222792048094808,322.2792048094808
340,125,-195.0159883593557,278.51169505825715,16,0.3157406320977876,315.74063209778757
340,125,-195.0159883593557,278.51169505825715,24,0.31261232974262354,312.61232974262356
340,125,-195.0159883593557,278.51169505825715,32,0.3125475700511062,312.5475700511062
340,125,-195.0159883593557,278.51169505825715,40,0.31820972348360577,318.2097234836058
340,125,-195.0159883593557,278.51169505825715,48,0.3295271872090284,329.5271872090284
340,125,-195.0159883593557,278.51169505825715,56,0.32629778491741657,326.29778491741655
340,125,-195.0159883593557,278.51169505825715,64,0.3232841172816894,323.28411728168936
340,125,-195.0159883593557,278.51169505825715,72,0.31758130218434866,317.58130218434866
340,125,-195.0159883593557,278.51169505825715,80,0.3133200051790678,313.3200051790678
340,125,-195.0159883593557,278.51169505825715,88,0.3114758267888952,311.4758267888952
340,125,-195.0159883593557,278.51169505825715,96,0.31444301401082353,314.4430140108235
340,125,-195.0159883593557,278.51169505825715,104,0.32335084330141983,323.35084330141984
340,125,-195.0159883593557,278.51169505825715,112,0.3287828060916627,328.78280609166274
340,125,-195.0159883593557,278.51169505825715,120,0.3249024628423336,324.9024628423336
340,125,-195.0159883593557,278.51169505825715,128,0.32195885853564987,321.9588585356499
340,125,-195.0159883593557,278.51169505825715,136,0.3154675233295827,315.4675233295827
340,125,-195.0159883593557,278.51169505825715,144,0.312382246049473,312.382246049473
340,125,-195.0159883593557,278.51169505825715,152,0.31249491662847195,312.49491662847197
340,125,-195.0159883593557,278.51169505825715,160,0.3182891546919316,318.28915469193157
340,125,-195.0159883593557,278.51169505825715,168,0.3297945340582238,329.7945340582238
340,125,-195.0159883593557,278.51169505825715,176,0.3267105758050211,326.7105758050211
340,125,-195.0159883593557,278.51169505825715,184,0.3239187547639756,323.9187547639756
340,125,-195.0159883593557,278.51169505825715,192,0.3182972404226495,318.2972404226495
340,125,-195.0159883593557,278.51169505825715,200,0.31397060154296935,313.97060154296935
340,125,-195.0159883593557,278.51169505825715,208,0.31193250631984776,311.93250631984773
340,125,-195.0159883593557,278.51169505825715,216,0.3146623353793561,314.66233537935614
340,125,-195.0159883593557,278.51169505825715,224,0.32343260252733935,323.4326025273393
340,125,-195.0159883593557,278.51169505825715,232,0.3286816922063792,328.68169220637924
340,125,-195.0159883593557,278.51169505825715,240,0.32457620561406514,324.57620561406515
340,125,-195.0159883593557,278.51169505825715,248,0.321493794716417,321.49379471641697
340,125,-195.0159883593557,278.51169505825715,256,0.3150709228457119,315.07092284571195
340,125,-195.0159883593557,278.51169505825715,264,0.31202747706924483,312.0274770692448
340,125,-195.0159883593557,278.51169505825715,272,0.31218051730631846,312.18051730631845
340,125,-195.0159883593557,278.51169505825715,280,0.31805968580833993,318.0596858083399
340,125,-195.0159883593557,278.51169505825715,288,0.3294670471980289,329.46704719802887
340,125,-195.0159883593557,278.51169505825715,296,0.3263928254718681,326.3928254718681
340,125,-195.0159883593557,278.51169505825715,304,0.32361556117166446,323.61556117166447
340,125,-195.0159883593557,278.51169505825715,312,0.3179789825066437,317.9789825066437
340,125,-195.0159883593557,278.51169505825715,320,0.3137124295582524,313.7124295582524
340,125,-195.0159883593557,278.51169505825715,328,0.3117553511290503,311.75535112905027
340,125,-195.0159883593557,278.51169505825715,336,0.3146426197778963,314.6426197778963
340,125,-195.0159883593557,278.51169505825715,344,0.32362006551529815,323.62006551529817
340,125,-195.0159883593557,278.51169505825715,352,0.3290540211565139,329.0540211565139
340,125,-195.0159883593557,278.51169505825715,360,0.32517038265924053,325.17038265924054
340,130,-218.5477872934234,260.45511066045253,0,0.3041913541144561,304.1913541144561
340,130,-218.5477872934234,260.45511066045253,8,0.29815759775333395,298.15759775333396
340,130,-218.5477872934234,260.45511066045253,16,0.2930084593897204,293.00845938972043
340,130,-218.5477872934234,260.45511066045253,24,0.2922302475053529,292.2302475053529
340,130,-218.5477872934234,260.45511066045253,32,0.29546880703625766,295.46880703625766
340,130,-218.5477872934234,260.45511066045253,40,0.30460468359580395,304.604683595804
340,130,-218.5477872934234,260.45511066045253,48,0.3081982605556721,308.1982605556721
340,130,-218.5477872934234,260.45511066045253,56,0.30432520892146864,304.32520892146863
340,130,-218.5477872934234,260.45511066045253,64,0.30153258417435364,301.53258417435364
340,130,-218.5477872934234,260.45511066045253,72,0.2944576911264163,294.4576911264163
340,130,-218.5477872934234,260.45511066045253,80,0.2917012685397735,291.70126853977354
340,130,-218.5477872934234,260.45511066045253,88,0.29283589241350316,292.8358924135032
340,130,-218.5477872934234,260.45511066045253,96,0.2987059352561622,298.7059352561622
340,130,-218.5477872934234,260.45511066045253,104,0.311097237433261,311.097237433261
340,130,-218.5477872934234,260.45511066045253,112,0.3060316921955253,306.0316921955253
340,130,-218.5477872934234,260.45511066045253,120,0.303907481131766,303.907481131766
340,130,-218.5477872934234,260.45511066045253,128,0.2978671455393445,297.8671455393445
340,130,-218.5477872934234,260.45511066045253,136,0.2927895508645949,292.7895508645949
340,130,-218.5477872934234,260.45511066045253,144,0.2920813785054673,292.0813785054673
340,130,-218.5477872934234,260.45511066045253,152,0.29545247483822124,295.45247483822124
340,130,-218.5477872934234,260.45511066045253,160,0.30470998913800496,304.70998913800497
340,130,-218.5477872934234,260.45511066045253,168,0.30849298748907195,308.49298748907194
340,130,-218.5477872934234,260.45511066045253,176,0.30477222704420137,304.7722270442014
340,130,-218.5477872934234,260.45511066045253,184,0.30214782900796167,302.14782900796166
340,130,-218.5477872934234,260.45511066045253,192,0.2950821268614948,295.0821268614948
340,130,-218.5477872934234,260.45511066045253,200,0.29225701125911835,292.25701125911837
340,130,-218.5477872934234,260.45511066045253,208,0.2931975831898799,293.1975831898799
340,130,-218.5477872934234,260.45511066045253,216,0.29884439943861646,298.84439943861645
340,130,-218.5477872934234,260.45511066045253,224,0.3111730056872324,311.1730056872324
340,130,-218.5477872934234,260.45511066045253,232,0.30585610313210565,305.85610313210566
340,130,-218.5477872934234,260.45511066045253,240,0.3035562916660806,303.5562916660806
340,130,-218.5477872934234,260.45511066045253,248,0.297463577967237,297.463577967237
340,130,-218.5477872934234,260.45511066045253,256,0.29243216073601297,292.432160736013
340,130,-218.5477872934234,260.45511066045253,264,0.2917507365201824,291.7507365201824
340,130,-218.5477872934234,260.45511066045253,272,0.29519359410267393,295.19359410267396
340,130,-218.5477872934234,260.45511066045253,280,0.3044900650366768,304.4900650366768
340,130,-218.5477872934234,260.45511066045253,288,0.30819814801333756,308.1981480133376
340,130,-218.5477872934234,260.45511066045253,296,0.304504842525543,304.504842525543
340,130,-218.5477872934234,260.45511066045253,304,0.30186831441793116,301.8683144179312
340,130,-218.5477872934234,260.45511066045253,312,0.29479768529664085,294.79768529664085
340,130,-218.5477872934234,260.45511066045253,320,0.2920714378350797,292.07143783507973
340,130,-218.5477872934234,260.45511066045253,328,0.29307780679798356,293.07780679798356
340,130,-218.5477872934234,260.45511066045253,336,0.29884935896569065,298.84935896569067
340,130,-218.5477872934234,260.45511066045253,344,0.3113843787933439,311.3843787933439
340,130,-218.5477872934234,260.45511066045253,352,0.3062533514462822,306.2533514462822
340,130,-218.5477872934234,260.45511066045253,360,0.30415652372116475,304.1565237211648
340,135,-240.41630560342614,240.41630560342617,0,0.2799507524748296,279.9507524748296
340,135,-240.41630560342614,240.41630560342617,8,0.2724567738778601,272.4567738778601
340,135,-240.41630560342614,240.41630560342617,16,0.26880012779793994,268.8001277979399
340,135,-240.41630560342614,240.41630560342617,24,0.27136667689456395,271.36667689456397
340,135,-240.41630560342614,240.41630560342617,32,0.2776225864578538,277.6225864578538
340,135,-240.41630560342614,240.41630560342617,40,0.28816222479123976,288.16222479123974
340,135,-240.41630560342614,240.41630560342617,48,0.2829566109372056,282.9566109372056
340,135,-240.41630560342614,240.41630560342617,56,0.2817995300098548,281.7995300098548
340,135,-240.41630560342614,240.41630560342617,64,0.2754311526913106,275.43115269131056
340,135,-240.41630560342614,240.41630560342617,72,0.26920388472562484,269.20388472562485
340,135,-240.41630560342614,240.41630560342617,80,0.2690989340675634,269.0989340675634
340,135,-240.41630560342614,240.41630560342617,88,0.2738571896345844,273.85718963458436
340,135,-240.41630560342614,240.41630560342617,96,0.28368646172512724,283.68646172512723
340,135,-240.41630560342614,240.41630560342617,104,0.28524687628630324,285.24687628630323
340,135,-240.41630560342614,240.41630560342617,112,0.2820487959088004,282.0487959088004
340,135,-240.41630560342614,240.41630560342617,120,0.2796921161424297,279.6921161424297
340,135,-240.41630560342614,240.41630560342617,128,0.2722047617912039,272.2047617912039
340,135,-240.41630560342614,240.41630560342617,136,0.2686552237094123,268.6552237094123
340,135,-240.41630560342614,240.41630560342617,144,0.2712709873497874,271.2709873497874
340,135,-240.41630560342614,240.41630560342617,152,0.2776347257151387,277.6347257151387
340,135,-240.41630560342614,240.41630560342617,160,0.2882948772420988,288.2948772420988
340,135,-240.41630560342614,240.41630560342617,168,0.28327851962265904,283.278519622659
340,135,-240.41630560342614,240.41630560342617,176,0.28225429732702667,282.2542973270267
340,135,-240.41630560342614,240.41630560342617,184,0.2759597790627335,275.9597790627335
340,135,-240.41630560342614,240.41630560342617,192,0.269739328086345,269.739328086345
340,135,-240.41630560342614,240.41630560342617,200,0.26956300413382955,269.56300413382957
340,135,-240.41630560342614,240.41630560342617,208,0.2741381255308667,274.1381255308667
340,135,-240.41630560342614,240.41630560342617,216,0.28381002412755285,283.8100241275529
340,135,-240.41630560342614,240.41630560342617,224,0.2852613686887119,285.26136868871185
340,135,-240.41630560342614,240.41630560342617,232,0.28181150463335625,281.81150463335626
340,135,-240.41630560342614,240.41630560342617,240,0.27935210779061054,279.35210779061055
340,135,-240.41630560342614,240.41630560342617,248,0.2718520074705678,271.8520074705678
340,135,-240.41630560342614,240.41630560342617,256,0.26831541384374313,268.31541384374316
340,135,-240.41630560342614,240.41630560342617,264,0.27098273939096806,270.98273939096805
340,135,-240.41630560342614,240.41630560342617,272,0.2774328639252922,277.4328639252922
340,135,-240.41630560342614,240.41630560342617,280,0.28806121272177365,288.06121272177364
340,135,-240.41630560342614,240.41630560342617,288,0.28302601182561843,283.0260118256184
340,135,-240.41630560342614,240.41630560342617,296,0.28199961977870147,281.99961977870146
340,135,-240.41630560342614,240.41630560342617,304,0.2757176034332409,275.7176034332409
340,135,-240.41630560342614,240.41630560342617,312,0.2695147181244464,269.5147181244464
340,135,-240.41630560342614,240.41630560342617,320,0.269449533559007,269.449533559007
340,135,-240.41630560342614,240.41630560342617,328,0.2740439867391832,274.0439867391832
340,135,-240.41630560342614,240.41630560342617,336,0.28384000024169453,283.84000024169455
340,135,-240.41630560342614,240.41630560342617,344,0.28549586451351616,285.49586451351615
340,135,-240.41630560342614,240.41630560342617,352,0.2822295219475958,282.2295219475958
340,135,-240.41630560342614,240.41630560342617,360,0.279917955559645,279.917955559645
340,140,-260.4551106604525,218.54778729342343,0,0.2519247390437872,251.9247390437872
340,140,-260.4551106604525,218.54778729342343,8,0.24488498287252014,244.88498287252014
340,140,-260.4551106604525,218.54778729342343,16,0.2438333123613423,243.8333123613423
340,140,-260.4551106604525,218.54778729342343,24,0.2503468815048797,250.34688150487972
340,140,-260.4551106604525,218.54778729342343,32,0.2612575455455364,261.25754554553635
340,140,-260.4551106604525,218.54778729342343,40,0.2601112266365818,260.1112266365818
340,140,-260.4551106604525,218.54778729342343,48,0.257241526235614,257.241526235614
340,140,-260.4551106604525,218.54778729342343,56,0.2551305844337532,255.1305844337532
340,140,-260.4551106604525,218.54778729342343,64,0.2476022472306523,247.6022472306523
340,140,-260.4551106604525,218.54778729342343,72,0.24279868504413166,242.79868504413164
340,140,-260.4551106604525,218.54778729342343,80,0.24625136564987563,246.25136564987562
340,140,-260.4551106604525,218.54778729342343,88,0.25458661447645287,254.58661447645287
340,140,-260.4551106604525,218.54778729342343,96,0.26291536053666936,262.91536053666937
340,140,-260.4551106604525,218.54778729342343,104,0.2578437527377474,257.8437527377474
340,140,-260.4551106604525,218.54778729342343,112,0.2580430948532222,258.0430948532222
340,140,-260.4551106604525,218.54778729342343,120,0.25170720981474526,251.70720981474526
340,140,-260.4551106604525,218.54778729342343,128,0.24469366203375814,244.69366203375813
340,140,-260.4551106604525,218.54778729342343,136,0.24375617104570627,243.75617104570625
340,140,-260.4551106604525,218.54778729342343,144,0.2502780358769577,250.2780358769577
340,140,-260.4551106604525,218.54778729342343,152,0.2612973715810427,261.29737158104274
340,140,-260.4551106604525,218.54778729342343,160,0.2602781312942336,260.2781312942336
340,140,-260.4551106604525,218.54778729342343,168,0.2575827317698281,257.5827317698281
340,140,-260.4551106604525,218.54778729342343,176,0.25554476217882216,255.54476217882217
340,140,-260.4551106604525,218.54778729342343,184,0.24804956251684934,248.04956251684933
340,140,-260.4551106604525,218.54778729342343,192,0.2432505897446864,243.2505897446864
340,140,-260.4551106604525,218.54778729342343,200,0.24663167930917607,246.63167930917606
340,140,-260.4551106604525,218.54778729342343,208,0.2548073813840708,254.80738138407077
340,140,-260.4551106604525,218.54778729342343,216,0.26302061274983435,263.02061274983436
340,140,-260.4551106604525,218.54778729342343,224,0.2577970572639999,257.7970572639999
340,140,-260.4551106604525,218.54778729342343,232,0.25779274592160456,257.79274592160453
340,140,-260.4551106604525,218.54778729342343,240,0.2514102759835364,251.4102759835364
340,140,-260.4551106604525,218.54778729342343,248,0.24436389231705358,244.36389231705357
340,140,-260.4551106604525,218.54778729342343,256,0.24343768690349213,243.43768690349214
340,140,-260.4551106604525,218.54778729342343,264,0.25004850152738767,250.04850152738766
340,140,-260.4551106604525,218.54778729342343,272,0.26106741173188036,261.0674117318804
340,140,-260.4551106604525,218.54778729342343,280,0.2600726881533894,260.07268815338944
340,140,-260.4551106604525,218.54778729342343,288,0.25736406488700636,257.36406488700635
340,140,-260.4551106604525,218.54778729342343,296,0.25532217501986354,255.32217501986355
340,140,-260.4551106604525,218.54778729342343,304,0.2478549465289485,247.8549465289485
340,140,-260.4551106604525,218.54778729342343,312,0.24309244300053315,243.09244300053314
340,140,-260.4551106604525,218.54778729342343,320,0.24656176266086294,246.56176266086294
340,140,-260.4551106604525,218.54778729342343,328,0.25473499418038537,254.73499418038537
340,140,-260.4551106604525,218.54778729342343,336,0.2630754466302747,263.0754466302747
340,140,-260.4551106604525,218.54778729342343,344,0.2580541813535341,258.0541813535341
340,140,-260.4551106604525,218.54778729342343,352,0.25821349829698076,258.21349829698073
340,140,-260.4551106604525,218.54778729342343,360,0.2518933910647181,251.8933910647181
340,145,-278.51169505825726,195.01598835935562,0,0.22205657829263292,222.05657829263293
340,145,-278.51169505825726,195.01598835935562,8,0.21634686255263236,216.34686255263236
340,145,-278.51169505825726,195.01598835935562,16,0.21886316824841734,218.86316824841734
340,145,-278.51169505825726,195.01598835935562,24,0.22970402274781804,229.70402274781804
340,145,-278.51169505825726,195.01598835935562,32,0.2360919666383309,236.09196663833092
340,145,-278.51169505825726,195.01598835935562,40,0.23063929638443426,230.63929638443426
340,145,-278.51169505825726,195.01598835935562,48,0.23157180681779505,231.57180681779505
340,145,-278.51169505825726,195.01598835935562,56,0.22548950885174712,225.48950885174713
340,145,-278.51169505825726,195.01598835935562,64,0.21819045915039043,218.19045915039044
340,145,-278.51169505825726,195.01598835935562,72,0.21574292776477325,215.74292776477324
340,145,-278.51169505825726,195.01598835935562,80,0.22331654325157926,223.31654325157928
340,145,-278.51169505825726,195.01598835935562,88,0.2366001748997711,236.60017489977108
340,145,-278.51169505825726,195.01598835935562,96,0.23302519492869347,233.02519492869348
340,145,-278.51169505825726,195.01598835935562,104,0.23086707358572273,230.86707358572272
340,145,-278.51169505825726,195.01598835935562,112,0.228831827938941,228.831827938941
340,145,-278.51169505825726,195.01598835935562,120,0.22188951579719224,221.88951579719225
340,145,-278.51169505825726,195.01598835935562,128,0.21621894340634765,216.21894340634765
340,145,-278.51169505825726,195.01598835935562,136,0.2188268227512057,218.82682275120573
340,145,-278.51169505825726,195.01598835935562,144,0.22966217880023693,229.66217880023692
340,145,-278.51169505825726,195.01598835935562,152,0.23615617902187425,236.15617902187424
340,145,-278.51169505825726,195.01598835935562,160,0.23083952265920687,230.83952265920686
340,145,-278.51169505825726,195.01598835935562,168,0.23191950640760645,231.91950640760643
340,145,-278.51169505825726,195.01598835935562,176,0.22583333974414194,225.83333974414194
340,145,-278.51169505825726,195.01598835935562,184,0.21856532710146676,218.56532710146675
340,145,-278.51169505825726,195.01598835935562,192,0.21611364948936843,216.1136494893684
340,145,-278.51169505825726,195.01598835935562,200,0.22362144245195603,223.62144245195603
340,145,-278.51169505825726,195.01598835935562,208,0.23683295530352017,236.83295530352015
340,145,-278.51169505825726,195.01598835935562,216,0.2330776909930773,233.07769099307728
340,145,-278.51169505825726,195.01598835935562,224,0.230776299136812,230.77629913681199
340,145,-278.51169505825726,195.01598835935562,232,0.22859493911265566,228.59493911265565
340,145,-278.51169505825726,195.01598835935562,240,0.22161720654356146,221.61720654356145
340,145,-278.51169505825726,195.01598835935562,248,0.21590407559278382,215.9040755927838
340,145,-278.51169505825726,195.01598835935562,256,0.21855117315382858,218.55117315382859
340,145,-278.51169505825726,195.01598835935562,264,0.22945384446919007,229.45384446919007
340,145,-278.51169505825726,195.01598835935562,272,0.2359315778355625,235.9315778355625
340,145,-278.51169505825726,195.01598835935562,280,0.23066360767881836,230.66360767881835
340,145,-278.51169505825726,195.01598835935562,288,0.23172311802076595,231.72311802076595
340,145,-278.51169505825726,195.01598835935562,296,0.22565538571693083,225.65538571693082
340,145,-278.51169505825726,195.01598835935562,304,0.2184284584168299,218.4284584168299
340,145,-278.51169505825726,195.01598835935562,312,0.21601570852741636,216.01570852741636
340,145,-278.51169505825726,195.01598835935562,320,0.22357448651272238,223.5744865127224
340,145,-278.51169505825726,195.01598835935562,328,0.23677943836863963,236.77943836863963
340,145,-278.51169505825726,195.01598835935562,336,0.2331570560004239,233.15705600042392
340,145,-278.51169505825726,195.01598835935562,344,0.23104672260771264,231.04672260771264
340,145,-278.51169505825726,195.01598835935562,352,0.22896358985309462,228.96358985309462
340,145,-278.51169505825726,195.01598835935562,360,0.22202680868171498,222.02680868171498
340,150,-294.4486372867092,169.99999999999997,0,0.1909408762251581,190.9408762251581
340,150,-294.4486372867092,169.99999999999997,8,0.1872308866173354,187.2308866173354
340,150,-294.4486372867092,169.99999999999997,16,0.193841681884311,193.84168188431101
340,150,-294.4486372867092,169.99999999999997,24,0.2100976429874482,210.0976429874482
340,150,-294.4486372867092,169.99999999999997,32,0.20445884262729697,204.45884262729697
340,150,-294.4486372867092,169.99999999999997,40,0.20265983506307664,202.65983506307663
340,150,-294.4486372867092,169.99999999999997,48,0.1998671783471041,199.8671783471041
340,150,-294.4486372867092,169.99999999999997,56,0.19393322717612918,193.93322717612918
340,150,-294.4486372867092,169.99999999999997,64,0.18794483459136682,187.94483459136683
340,150,-294.4486372867092,169.99999999999997,72,0.18892254759972807,188.92254759972806
340,150,-294.4486372867092,169.99999999999997,80,0.20149918898492672,201.49918898492672
340,150,-294.4486372867092,169.99999999999997,88,0.20719711479765485,207.19711479765485
340,150,-294.4486372867092,169.99999999999997,96,0.20187003917883306,201.87003917883305
340,150,-294.4486372867092,169.99999999999997,104,0.20269035679260594,202.69035679260594
340,150,-294.4486372867092,169.99999999999997,112,0.19748232840476848,197.48232840476848
340,150,-294.4486372867092,169.99999999999997,120,0.19082674007341766,190.82674007341765
340,150,-294.4486372867092,169.99999999999997,128,0.18716232962023943,187.16232962023943
340,150,-294.4486372867092,169.99999999999997,136,0.19383059700817623,193.83059700817623
340,150,-294.4486372867092,169.99999999999997,144,0.21008334183874605,210.08334183874607
340,150,-294.4486372867092,169.99999999999997,152,0.2045444463970898,204.54444639708979
340,150,-294.4486372867092,169.99999999999997,160,0.20288328520582813,202.88328520582812
340,150,-294.4486372867092,169.99999999999997,168,0.20016095462939126,200.16095462939126
340,150,-294.4486372867092,169.99999999999997,176,0.1942205410816858,194.22054108168578
340,150,-294.4486372867092,169.99999999999997,184,0.18825223215837233,188.25223215837232
340,150,-294.4486372867092,169.99999999999997,192,0.18921601495256019,189.2160149525602
340,150,-294.4486372867092,169.99999999999997,200,0.2017821693908745,201.78216939087451
340,150,-294.4486372867092,169.99999999999997,208,0.20739872716404864,207.39872716404864
340,150,-294.4486372867092,169.99999999999997,216,0.20186983714739795,201.86983714739796
340,150,-294.4486372867092,169.99999999999997,224,0.2025739126141391,202.5739126141391
340,150,-294.4486372867092,169.99999999999997,232,0.1972625115548463,197.2625115548463
340,150,-294.4486372867092,169.99999999999997,240,0.1905679713667568,190.5679713667568
340,150,-294.4486372867092,169.99999999999997,248,0.18686616080988064,186.86616080988063
340,150,-294.4486372867092,169.99999999999997,256,0.1936070844750424,193.6070844750424
340,150,-294.4486372867092,169.99999999999997,264,0.20983900280963833,209.83900280963832
340,150,-294.4486372867092,169.99999999999997,272,0.20435055311651032,204.35055311651033
340,150,-294.4486372867092,169.99999999999997,280,0.2027331340551232,202.7331340551232
340,150,-294.4486372867092,169.99999999999997,288,0.2000165854065753,200.0165854065753
340,150,-294.4486372867092,169.99999999999997,296,0.19408938414143354,194.08938414143353
340,150,-294.4486372867092,169.99999999999997,304,0.1881728298704142,188.1728298704142
340,150,-294.4486372867092,169.99999999999997,312,0.18915407202009726,189.15407202009726
340,150,-294.4486372867092,169.99999999999997,320,0.2017569297512966,201.7569297512966
340,150,-294.4486372867092,169.99999999999997,328,0.207361954196355,207.36195419635501
340,150,-294.4486372867092,169.99999999999997,336,0.20197213779284057,201.97213779284056
340,150,-294.4486372867092,169.99999999999997,344,0.202839452907078,202.839452907078
340,150,-294.4486372867092,169.99999999999997,352,0.19756867721506072,197.56867721506072
340,150,-294.4486372867092,169.99999999999997,360,0.19091299812832646,190.91299812832645
340,155,-308.14464759246096,143.69020899183784,0,0.15910869482119322,159.1086948211932
340,155,-308.14464759246096,143.69020899183784,8,0.15860011294748402,158.60011294748404
340,155,-308.14464759246096,143.69020899183784,16,0.17086887988166005,170.86887988166006
340,155,-308.14464759246096,143.69020899183784,24,0.17663367782886197,176.63367782886198
340,155,-308.14464759246096,143.69020899183784,32,0.17258959037192093,172.58959037192093
340,155,-308.14464759246096,143.69020899183784,40,0.17201204291406313,172.01204291406313
340,155,-308.14464759246096,143.69020899183784,48,0.16684990297689054,166.84990297689055
340,155,-308.14464759246096,143.69020899183784,56,0.1614655812337764,161.46558123377642
340,155,-308.14464759246096,143.69020899183784,64,0.15728573040574892,157.28573040574892
340,155,-308.14464759246096,143.69020899183784,72,0.1620126610185649,162.0126610185649
340,155,-308.14464759246096,143.69020899183784,80,0.17780464569228127,177.80464569228127
340,155,-308.14464759246096,143.69020899183784,88,0.17410765679048196,174.10765679048197
340,155,-308.14464759246096,143.69020899183784,96,0.1734406072995402,173.4406072995402
340,155,-308.14464759246096,143.69020899183784,104,0.16936724474670778,169.36724474670777
340,155,-308.14464759246096,143.69020899183784,112,0.16443453184338594,164.43453184338594
340,155,-308.14464759246096,143.69020899183784,120,0.15904789925557056,159.04789925557057
340,155,-308.14464759246096,143.69020899183784,128,0.15856375785878277,158.56375785878276
340,155,-308.14464759246096,143.69020899183784,136,0.17088168953035088,170.88168953035088
340,155,-308.14464759246096,143.69020899183784,144,0.17664135661576047,176.64135661576046
340,155,-308.14464759246096,143.69020899183784,152,0.172692941288147,172.69294128814698
340,155,-308.14464759246096,143.69020899183784,160,0.17223603035695362,172.23603035695362
340,155,-308.14464759246096,143.69020899183784,168,0.16709396587306397,167.09396587306398
340,155,-308.14464759246096,143.69020899183784,176,0.16170212740655476,161.70212740655475
340,155,-308.14464759246096,143.69020899183784,184,0.15752483990880756,157.52483990880756
340,155,-308.14464759246096,143.69020899183784,192,0.16223428202150933,162.23428202150933
340,155,-308.14464759246096,143.69020899183784,200,0.17809290919930446,178.09290919930444
340,155,-308.14464759246096,143.69020899183784,208,0.17426714696624868,174.26714696624867
340,155,-308.14464759246096,143.69020899183784,216,0.1734049933667138,173.4049933667138
340,155,-308.14464759246096,143.69020899183784,224,0.1692518318828428,169.2518318828428
340,155,-308.14464759246096,143.69020899183784,232,0.1642204956539759,164.2204956539759
340,155,-308.14464759246096,143.69020899183784,240,0.15880009508354306,158.80009508354306
340,155,-308.14464759246096,143.69020899183784,248,0.15831208898635785,158.31208898635785
340,155,-308.14464759246096,143.69020899183784,256,0.17064367448572218,170.6436744857222
340,155,-308.14464759246096,143.69020899183784,264,0.17641984609645717,176.41984609645718
340,155,-308.14464759246096,143.69020899183784,272,0.17253094169711103,172.53094169711102
340,155,-308.14464759246096,143.69020899183784,280,0.17211639276109683,172.11639276109682
340,155,-308.14464759246096,143.69020899183784,288,0.16700033216154322,167.0003321615432
340,155,-308.14464759246096,143.69020899183784,296,0.16161602320971005,161.61602320971005
340,155,-308.14464759246096,143.69020899183784,304,0.15750044768468086,157.50044768468086
340,155,-308.14464759246096,143.69020899183784,312,0.1621992996829449,162.19929968294488
340,155,-308.14464759246096,143.69020899183784,320,0.1780861266442415,178.08612664424152
340,155,-308.14464759246096,143.69020899183784,328,0.1742453575764501,174.2453575764501
340,155,-308.14464759246096,143.69020899183784,336,0.17351781910648395,173.51781910648396
340,155,-308.14464759246096,143.69020899183784,344,0.16946868152204067,169.46868152204067
340,155,-308.14464759246096,143.69020899183784,352,0.16447965027557712,164.47965027557711
340,155,-308.14464759246096,143.69020899183784,360,0.1590830889575769,159.08308895757688
340,160,-319.49549106720883,116.28684873072741,0,0.12709654890094157,127.09654890094157
340,160,-319.49549106720883,116.28684873072741,8,0.1304487361822746,130.4487361822746
340,160,-319.49549106720883,116.28684873072741,16,0.14325681512645905,143.25681512645906
340,160,-319.49549106720883,116.28684873072741,24,0.1422060919294229,142.2060919294229
340,160,-319.49549106720883,116.28684873072741,32,0.14326021271726772,143.2602127172677
340,160,-319.49549106720883,116.28684873072741,40,0.13728717622424513,137.28717622424514
340,160,-319.49549106720883,116.28684873072741,48,0.13254702533135465,132.54702533135466
340,160,-319.49549106720883,116.28684873072741,56,0.12836409319833791,128.3640931983379
340,160,-319.49549106720883,116.28684873072741,64,0.12716480261417218,127.16480261417217
340,160,-319.49549106720883,116.28684873072741,72,0.1380409575849767,138.0409575849767
340,160,-319.49549106720883,116.28684873072741,80,0.1431665105291708,143.16651052917078
340,160,-319.49549106720883,116.28684873072741,88,0.1420537235930437,142.05372359304369
340,160,-319.49549106720883,116.28684873072741,96,0.1406713811972116,140.6713811972116
340,160,-319.49549106720883,116.28684873072741,104,0.13484190564244058,134.8419056424406
340,160,-319.49549106720883,116.28684873072741,112,0.13070063250909167,130.70063250909166
340,160,-319.49549106720883,116.28684873072741,120,0.12708745964353785,127.08745964353784
340,160,-319.49549106720883,116.28684873072741,128,0.13044014578903146,130.44014578903145
340,160,-319.49549106720883,116.28684873072741,136,0.14328766135687276,143.28766135687277
340,160,-319.49549106720883,116.28684873072741,144,0.14223394745897255,142.23394745897255
340,160,-319.49549106720883,116.28684873072741,152,0.14337260879148708,143.3726087914871
340,160,-319.49549106720883,116.28684873072741,160,0.13748313806437895,137.48313806437895
340,160,-319.49549106720883,116.28684873072741,168,0.13275215054470946,132.75215054470945
340,160,-319.49549106720883,116.28684873072741,176,0.1285516035019777,128.5516035019777
340,160,-319.49549106720883,116.28684873072741,184,0.1273343241360704,127.3343241360704
340,160,-319.49549106720883,116.28684873072741,192,0.13827917147448354,138.27917147448355
340,160,-319.49549106720883,116.28684873072741,200,0.14341687270521916,143.41687270521916
340,160,-319.49549106720883,116.28684873072741,208,0.14217606494981277,142.17606494981277
340,160,-319.49549106720883,116.28684873072741,216,0.14061533757232147,140.61533757232147
340,160,-319.49549106720883,116.28684873072741,224,0.13472366376765377,134.72366376765376
340,160,-319.49549106720883,116.28684873072741,232,0.1304904954710518,130.4904954710518
340,160,-319.49549106720883,116.28684873072741,240,0.1268565716170879,126.85657161708791
340,160,-319.49549106720883,116.28684873072741,248,0.13021808816948888,130.21808816948888
340,160,-319.49549106720883,116.28684873072741,256,0.14303936945162146,143.03936945162147
340,160,-319.49549106720883,116.28684873072741,264,0.1420376371094908,142.0376371094908
340,160,-319.49549106720883,116.28684873072741,272,0.14324084490545497,143.24084490545496
340,160,-319.49549106720883,116.28684873072741,280,0.13740183877706375,137.40183877706374
340,160,-319.49549106720883,116.28684873072741,288,0.1327041252129007,132.7041252129007
340,160,-319.49549106720883,116.28684873072741,296,0.1285112715522211,128.5112715522211
340,160,-319.49549106720883,116.28684873072741,304,0.1273463091049557,127.34630910495571
340,160,-319.49549106720883,116.28684873072741,312,0.13826851963795583,138.26851963795582
340,160,-319.49549106720883,116.28684873072741,320,0.14341950785487492,143.41950785487492
340,160,-319.49549106720883,116.28684873072741,328,0.1421648822759315,142.1648822759315
340,160,-319.49549106720883,116.28684873072741,336,0.14072286182570254,140.72286182570255
340,160,-319.49549106720883,116.28684873072741,344,0.1348978315755094,134.8978315755094
340,160,-319.49549106720883,116.28684873072741,352,0.13070484613413505,130.70484613413504
340,160,-319.49549106720883,116.28684873072741,360,0.12707366066536105,127.07366066536105
340,165,-328.4147809382832,87.99847533485715,0,0.0955153614899048,95.5153614899048
340,165,-328.4147809382832,87.99847533485715,8,0.10512783313331883,105.12783313331883
340,165,-328.4147809382832,87.99847533485715,16,0.10763743787513237,107.63743787513238
340,165,-328.4147809382832,87.99847533485715,24,0.11032309073686183,110.32309073686183
340,165,-328.4147809382832,87.99847533485715,32,0.10861028697355551,108.61028697355552
340,165,-328.4147809382832,87.99847533485715,40,0.10154476054759379,101.54476054759378
340,165,-328.4147809382832,87.99847533485715,48,0.09767658798572071,97.67658798572072
340,165,-328.4147809382832,87.99847533485715,56,0.09533373137019485,95.33373137019485
340,165,-328.4147809382832,87.99847533485715,64,0.09833957948452123,98.33957948452122
340,165,-328.4147809382832,87.99847533485715,72,0.1068552093605168,106.85520936051681
340,165,-328.4147809382832,87.99847533485715,80,0.10777331372767035,107.77331372767036
340,165,-328.4147809382832,87.99847533485715,88,0.11199377290959983,111.99377290959983
340,165,-328.4147809382832,87.99847533485715,96,0.1049588374691924,104.9588374691924
340,165,-328.4147809382832,87.99847533485715,104,0.09943708028311937,99.43708028311937
340,165,-328.4147809382832,87.99847533485715,112,0.09642677273091088,96.42677273091088
340,165,-328.4147809382832,87.99847533485715,120,0.09554943480876567,95.54943480876567
340,165,-328.4147809382832,87.99847533485715,128,0.1051408648994906,105.1408648994906
340,165,-328.4147809382832,87.99847533485715,136,0.107677785348759,107.677785348759
340,165,-328.4147809382832,87.99847533485715,144,0.11036229515191227,110.36229515191228
340,165,-328.4147809382832,87.99847533485715,152,0.10872338793542015,108.72338793542015
340,165,-328.4147809382832,87.99847533485715,160,0.10171613508545538,101.71613508545538
340,165,-328.4147809382832,87.99847533485715,168,0.09784401282211137,97.84401282211137
340,165,-328.4147809382832,87.99847533485715,176,0.09546676939278988,95.46676939278987
340,165,-328.4147809382832,87.99847533485715,184,0.09847828020071964,98.47828020071964
340,165,-328.4147809382832,87.99847533485715,192,0.10708352999437606,107.08352999437606
340,165,-328.4147809382832,87.99847533485715,200,0.10798543069017363,107.98543069017363
340,165,-328.4147809382832,87.99847533485715,208,0.11208643024182674,112.08643024182675
340,165,-328.4147809382832,87.99847533485715,216,0.10489198212605018,104.89198212605018
340,165,-328.4147809382832,87.99847533485715,224,0.09931215535799028,99.31215535799028
340,165,-328.4147809382832,87.99847533485715,232,0.09621840804564777,96.21840804564776
340,165,-328.4147809382832,87.99847533485715,240,0.09534883911708332,95.34883911708332
340,165,-328.4147809382832,87.99847533485715,248,0.10488318151000516,104.88318151000516
340,165,-328.4147809382832,87.99847533485715,256,0.10745512833853504,107.45512833853505
340,165,-328.4147809382832,87.99847533485715,264,0.11019519267966782,110.19519267966783
340,165,-328.4147809382832,87.99847533485715,272,0.10861454816634437,108.61454816634438
340,165,-328.4147809382832,87.99847533485715,280,0.10167376742310098,101.67376742310098
340,165,-328.4147809382832,87.99847533485715,288,0.09784116684054966,97.84116684054966
340,165,-328.4147809382832,87.99847533485715,296,0.09547228147029503,95.47228147029503
340,165,-328.4147809382832,87.99847533485715,304,0.09851924178543625,98.51924178543625
340,165,-328.4147809382832,87.99847533485715,312,0.10709966374823787,107.09966374823787
340,165,-328.4147809382832,87.99847533485715,320,0.10799549312280478,107.99549312280477
340,165,-328.4147809382832,87.99847533485715,328,0.1120804191977062,112.0804191977062
340,165,-328.4147809382832,87.99847533485715,336,0.1049836688248731,104.9836688248731
340,165,-328.4147809382832,87.99847533485715,344,0.09945059765861003,99.45059765861004
340,165,-328.4147809382832,87.99847533485715,352,0.09638915833356163,96.38915833356162
340,165,-328.4147809382832,87.99847533485715,360,0.09549581132062421,95.49581132062421
340,170,-334.8346360241507,59.04038040675629,0,0.06633545408004723,66.33545408004723
340,170,-334.8346360241507,59.04038040675629,8,0.07080050375528493,70.80050375528494
340,170,-334.8346360241507,59.04038040675629,16,0.07148668819819518,71.48668819819518
340,170,-334.8346360241507,59.04038040675629,24,0.07875205831038422,78.75205831038421
340,170,-334.8346360241507,59.04038040675629,32,0.07220600877655335,72.20600877655335
340,170,-334.8346360241507,59.04038040675629,40,0.06524835259250253,65.24835259250253
340,170,-334.8346360241507,59.04038040675629,48,0.062371825823329785,62.371825823329786
340,170,-334.8346360241507,59.04038040675629,56,0.06263525814669282,62.63525814669283
340,170,-334.8346360241507,59.04038040675629,64,0.07180448334665211,71.8044833466521
340,170,-334.8346360241507,59.04038040675629,72,0.07055634956857423,70.55634956857423
340,170,-334.8346360241507,59.04038040675629,80,0.0766457329719948,76.6457329719948
340,170,-334.8346360241507,59.04038040675629,88,0.07588924347659434,75.88924347659434
340,170,-334.8346360241507,59.04038040675629,96,0.06839728180842866,68.39728180842866
340,170,-334.8346360241507,59.04038040675629,104,0.06359973445205333,63.59973445205333
340,170,-334.8346360241507,59.04038040675629,112,0.06244392114014137,62.44392114014137
340,170,-334.8346360241507,59.04038040675629,120,0.06639761977700379,66.39761977700378
340,170,-334.8346360241507,59.04038040675629,128,0.07083621034050396,70.83621034050395
340,170,-334.8346360241507,59.04038040675629,136,0.07153470787229481,71.5347078722948
340,170,-334.8346360241507,59.04038040675629,144,0.07880045107319951,78.80045107319951
340,170,-334.8346360241507,59.04038040675629,152,0.07231654448145182,72.31654448145181
340,170,-334.8346360241507,59.04038040675629,160,0.06539628062515784,65.39628062515784
340,170,-334.8346360241507,59.04038040675629,168,0.0625024572409573,62.50245724095729
340,170,-334.8346360241507,59.04038040675629,176,0.06271061036992434,62.71061036992434
340,170,-334.8346360241507,59.04038040675629,184,0.07197086917528524,71.97086917528524
340,170,-334.8346360241507,59.04038040675629,192,0.07075503418551055,70.75503418551054
340,170,-334.8346360241507,59.04038040675629,200,0.07682945423478708,76.82945423478708
340,170,-334.8346360241507,59.04038040675629,208,0.07595944826441643,75.95944826441644
340,170,-334.8346360241507,59.04038040675629,216,0.06831538944689002,68.31538944689001
340,170,-334.8346360241507,59.04038040675629,224,0.06346840492566133,63.46840492566133
340,170,-334.8346360241507,59.04038040675629,232,0.06224252715898072,62.24252715898072
340,170,-334.8346360241507,59.04038040675629,240,0.06619044653965557,66.19044653965557
340,170,-334.8346360241507,59.04038040675629,248,0.0705792893905686,70.57928939056859
340,170,-334.8346360241507,59.04038040675629,256,0.07133976783363995,71.33976783363995
340,170,-334.8346360241507,59.04038040675629,264,0.07866070148573197,78.66070148573196
340,170,-334.8346360241507,59.04038040675629,272,0.07223044284710581,72.2304428471058
340,170,-334.8346360241507,59.04038040675629,280,0.06539290012449263,65.39290012449263
340,170,-334.8346360241507,59.04038040675629,288,0.06254505434668062,62.545054346680615
340,170,-334.8346360241507,59.04038040675629,296,0.06276025825950572,62.76025825950572
340,170,-334.8346360241507,59.04038040675629,304,0.07202946717974078,72.02946717974078
340,170,-334.8346360241507,59.04038040675629,312,0.0707991089560552,70.7991089560552
340,170,-334.8346360241507,59.04038040675629,320,0.07683661250949614,76.83661250949613
340,170,-334.8346360241507,59.04038040675629,328,0.07596481522095905,75.96481522095905
340,170,-334.8346360241507,59.04038040675629,336,0.06839110404755629,68.39110404755628
340,170,-334.8346360241507,59.04038040675629,344,0.06357113857081717,63.57113857081717
340,170,-334.8346360241507,59.04038040675629,352,0.0623602745903824,62.3602745903824
340,170,-334.8346360241507,59.04038040675629,360,0.06632056201193649,66.32056201193649
340,175,-338.7061973511935,29.632952534203785,0,0.037029934105647526,37.02993410564753
340,175,-338.7061973511935,29.632952534203785,8,0.03398726796998823,33.98726796998823
340,175,-338.7061973511935,29.632952534203785,16,0.041634254496814904,41.634254496814904
340,175,-338.7061973511935,29.632952534203785,24,0.04239905577709711,42.399055777097104
340,175,-338.7061973511935,29.632952534203785,32,0.03514509913775965,35.14509913775965
340,175,-338.7061973511935,29.632952534203785,40,0.028652238407576695,28.652238407576693
340,175,-338.7061973511935,29.632952534203785,48,0.027523307302970396,27.523307302970395
340,175,-338.7061973511935,29.632952534203785,56,0.03344572320034156,33.44572320034156
340,175,-338.7061973511935,29.632952534203785,64,0.034971723520717514,34.97172352071751
340,175,-338.7061973511935,29.632952534203785,72,0.03540545071924846,35.405450719248456
340,175,-338.7061973511935,29.632952534203785,80,0.04395441831716094,43.954418317160936
340,175,-338.7061973511935,29.632952534203785,88,0.039114516032693065,39.11451603269307
340,175,-338.7061973511935,29.632952534203785,96,0.031526641848669296,31.526641848669296
340,175,-338.7061973511935,29.632952534203785,104,0.02750282749908939,27.50282749908939
340,175,-338.7061973511935,29.632952534203785,112,0.028709599304026168,28.709599304026167
340,175,-338.7061973511935,29.632952534203785,120,0.03711029420138505,37.11029420138505
340,175,-338.7061973511935,29.632952534203785,128,0.034045155896747,34.045155896747
340,175,-338.7061973511935,29.632952534203785,136,0.04167161657116336,41.67161657116336
340,175,-338.7061973511935,29.632952534203785,144,0.04246963125661122,42.46963125661122
340,175,-338.7061973511935,29.632952534203785,152,0.035251609803395687,35.25160980339569
340,175,-338.7061973511935,29.632952534203785,160,0.028775515783196287,28.775515783196287
340,175,-338.7061973511935,29.632952534203785,168,0.0276059162872127,27.6059162872127
340,175,-338.7061973511935,29.632952534203785,176,0.033530136499012486,33.530136499012485
340,175,-338.7061973511935,29.632952534203785,184,0.03512125547210168,35.12125547210168
340,175,-338.7061973511935,29.632952534203785,192,0.035577861486904824,35.57786148690482
340,175,-338.7061973511935,29.632952534203785,200,0.04410723579975049,44.10723579975049
340,175,-338.7061973511935,29.632952534203785,208,0.03916125673966239,39.16125673966239
340,175,-338.7061973511935,29.632952534203785,216,0.031430012761065274,31.430012761065274
340,175,-338.7061973511935,29.632952534203785,224,0.027365892581105646,27.365892581105644
340,175,-338.7061973511935,29.632952534203785,232,0.028515970293184815,28.515970293184814
340,175,-338.7061973511935,29.632952534203785,240,0.03687719137910998,36.87719137910998
340,175,-338.7061973511935,29.632952534203785,248,0.03379891175555314,33.79891175555314
340,175,-338.7061973511935,29.632952534203785,256,0.04151102702450907,41.51102702450907
340,175,-338.7061973511935,29.632952534203785,264,0.04234113579971524,42.34113579971524
340,175,-338.7061973511935,29.632952534203785,272,0.0351932402104429,35.1932402104429
340,175,-338.7061973511935,29.632952534203785,280,0.028811578987180703,28.811578987180702
340,175,-338.7061973511935,29.632952534203785,288,0.027700042493915125,27.700042493915124
340,175,-338.7061973511935,29.632952534203785,296,0.03359907255317591,33.59907255317591
340,175,-338.7061973511935,29.632952534203785,304,0.03520039660888399,35.200396608883985
340,175,-338.7061973511935,29.632952534203785,312,0.03564104152370418,35.64104152370418
340,175,-338.7061973511935,29.632952534203785,320,0.04412585696146712,44.12585696146712
340,175,-338.7061973511935,29.632952534203785,328,0.03917674128421426,39.17674128421426
340,175,-338.7061973511935,29.632952534203785,336,0.031488672549864254,31.488672549864255
340,175,-338.7061973511935,29.632952534203785,344,0.027431190364836468,27.431190364836468
340,175,-338.7061973511935,29.632952534203785,352,0.028578856066902122,28.578856066902123
340,175,-338.7061973511935,29.632952534203785,360,0.037020529615599956,37.020529615599955
340,180,-340.0,4.163799117101001e-14,0,-1.576029958543871e-05,-0.01576029958543871
340,180,-340.0,4.163799117101001e-14,8,0.0003269728566339345,0.3269728566339345
340,180,-340.0,4.163799117101001e-14,16,0.008185217615583046,8.185217615583046
340,180,-340.0,4.163799117101001e-14,24,0.005511165402301782,5.511165402301782
340,180,-340.0,4.163799117101001e-14,32,-0.0020510252720912225,-2.0510252720912225
340,180,-340.0,4.163799117101001e-14,40,-0.00798701501320236,-7.98701501320236
340,180,-340.0,4.163799117101001e-14,48,-0.006235804949777263,-6.235804949777263
340,180,-340.0,4.163799117101001e-14,56,0.0017600946436743766,1.7600946436743767
340,180,-340.0,4.163799117101001e-14,64,-0.0020425753185201517,-2.042575318520152
340,180,-340.0,4.163799117101001e-14,72,0.005984544100720572,5.984544100720572
340,180,-340.0,4.163799117101001e-14,80,0.007745644936407831,7.745644936407831
340,180,-340.0,4.163799117101001e-14,88,0.0019232767597786513,1.9232767597786513
340,180,-340.0,4.163799117101001e-14,96,-0.005509876321241378,-5.509876321241378
340,180,-340.0,4.163799117101001e-14,104,-0.008159268693276461,-8.159268693276461
340,180,-340.0,4.163799117101001e-14,112,-0.00023776973627497494,-0.23776973627497494
340,180,-340.0,4.163799117101001e-14,120,8.614722929975911e-05,0.08614722929975911
340,180,-340.0,4.163799117101001e-14,128,0.00039251496520317786,0.39251496520317786
340,180,-340.0,4.163799117101001e-14,136,0.008247178043582342,8.247178043582341
340,180,-340.0,4.163799117101001e-14,144,0.0056018505033658406,5.60185050336584
340,180,-340.0,4.163799117101001e-14,152,-0.0019502643705347725,-1.9502643705347724
340,180,-340.0,4.163799117101001e-14,160,-0.007891928231020827,-7.8919282310208265
340,180,-340.0,4.163799117101001e-14,168,-0.006189277801800286,-6.189277801800285
340,180,-340.0,4.163799117101001e-14,176,0.0018560820057854734,1.8560820057854734
340,180,-340.0,4.163799117101001e-14,184,-0.0019099463796592303,-1.9099463796592304
340,180,-340.0,4.163799117101001e-14,192,0.006143226011939539,6.1432260119395385
340,180,-340.0,4.163799117101001e-14,200,0.007860724479332068,7.8607244793320685
340,180,-340.0,4.163799117101001e-14,208,0.0019440915651880556,1.9440915651880557
340,180,-340.0,4.163799117101001e-14,216,-0.005620691531910556,-5.620691531910556
340,180,-340.0,4.163799117101001e-14,224,-0.00829430028847684,-8.29430028847684
340,180,-340.0,4.163799117101001e-14,232,-0.0004597381220976191,-0.4597381220976191
340,180,-340.0,4.163799117101001e-14,240,-0.00014590655140756924,-0.14590655140756925
340,180,-340.0,4.163799117101001e-14,248,0.00016684245826194496,0.16684245826194496
340,180,-340.0,4.163799117101001e-14,256,0.008101305051676586,8.101305051676587
340,180,-340.0,4.163799117101001e-14,264,0.005487911198818885,5.4879111988188845
340,180,-340.0,4.163799117101001e-14,272,-0.0019801707413881113,-1.9801707413881113
340,180,-340.0,4.163799117101001e-14,280,-0.007815567247761904,-7.815567247761904
340,180,-340.0,4.163799117101001e-14,288,-0.006049403362949318,-6.0494033629493185
340,180,-340.0,4.163799117101001e-14,296,0.0019424865337235309,1.9424865337235309
340,180,-340.0,4.163799117101001e-14,304,-0.0018111218433967031,-1.8111218433967031
340,180,-340.0,4.163799117101001e-14,312,0.006195324178260424,6.1953241782604245
340,180,-340.0,4.163799117101001e-14,320,0.00791485709118358,7.91485709118358
340,180,-340.0,4.163799117101001e-14,328,0.0019683546301268937,1.9683546301268937
340,180,-340.0,4.163799117101001e-14,336,-0.005580503769153107,-5.580503769153108
340,180,-340.0,4.163799117101001e-14,344,-0.008278385425067522,-8.278385425067523
340,180,-340.0,4.163799117101001e-14,352,-0.00038263847047971533,-0.38263847047971533
340,180,-340.0,4.163799117101001e-14,360,-2.0064536881298868e-05,-0.020064536881298868
