Condition,0,8,16,24,32,40,48,56,64,72,80,88,96,104,112,120,128,136,144,152,160,168,176,184,192,200,208,216,224,232,240,248,256,264,272,280,288,296,304,312,320,328,336,344,352,360
"Idq=0A, Gamma=100° (id=-0.0, iq=0.0)",135.72175368268685,136.1311318421517,136.7897259616968,137.14708299378032,137.28452440829244,137.05388376184584,136.58573757431063,135.9502223635671,135.97342573181638,136.63809721841585,137.13172537314495,137.3724923869766,137.2761957230171,136.9301583206745,136.28553631996058,135.8572203148979,136.23966507794734,136.86440708684893,137.19582058492875,137.26917963590378,136.98704316697976,136.48301625517362,135.83031775531342,135.83107501180172,136.4839979822875,136.99004225953982,137.26447266509078,137.19899249710622,136.86001306508348,136.2370336362816,135.86050631728486,136.29027715896507,136.92849448334255,137.27420766428716,137.3756446957141,137.1306787328425,136.642652494994,135.98065505147406,135.9505727087626,136.58130829031072,137.05720820505317,137.29006288162432,137.1491703501777,136.7827369009874,136.12918724957402,135.7218242730377
"Idq=0A, Gamma=105° (id=-0.0, iq=0.0)",135.72175368268685,136.1311318421517,136.7897259616968,137.14708299378032,137.28452440829244,137.05388376184584,136.58573757431063,135.9502223635671,135.97342573181638,136.63809721841585,137.13172537314495,137.3724923869766,137.2761957230171,136.9301583206745,136.28553631996058,135.8572203148979,136.23966507794734,136.86440708684893,137.19582058492875,137.26917963590378,136.98704316697976,136.48301625517362,135.83031775531342,135.83107501180172,136.4839979822875,136.99004225953982,137.26447266509078,137.19899249710622,136.86001306508348,136.2370336362816,135.86050631728486,136.29027715896507,136.92849448334255,137.27420766428716,137.3756446957141,137.1306787328425,136.642652494994,135.98065505147406,135.9505727087626,136.58130829031072,137.05720820505317,137.29006288162432,137.1491703501777,136.7827369009874,136.12918724957402,135.7218242730377
"Idq=0A, Gamma=110° (id=-0.0, iq=0.0)",135.72175368268685,136.1311318421517,136.7897259616968,137.14708299378032,137.28452440829244,137.05388376184584,136.58573757431063,135.9502223635671,135.97342573181638,136.63809721841585,137.13172537314495,137.3724923869766,137.2761957230171,136.9301583206745,136.28553631996058,135.8572203148979,136.23966507794734,136.86440708684893,137.19582058492875,137.26917963590378,136.98704316697976,136.48301625517362,135.83031775531342,135.83107501180172,136.4839979822875,136.99004225953982,137.26447266509078,137.19899249710622,136.86001306508348,136.2370336362816,135.86050631728486,136.29027715896507,136.92849448334255,137.27420766428716,137.3756446957141,137.1306787328425,136.642652494994,135.98065505147406,135.9505727087626,136.58130829031072,137.05720820505317,137.29006288162432,137.1491703501777,136.7827369009874,136.12918724957402,135.7218242730377
"Idq=0A, Gamma=115° (id=-0.0, iq=0.0)",135.72175368268685,136.1311318421517,136.7897259616968,137.14708299378032,137.28452440829244,137.05388376184584,136.58573757431063,135.9502223635671,135.97342573181638,136.63809721841585,137.13172537314495,137.3724923869766,137.2761957230171,136.9301583206745,136.28553631996058,135.8572203148979,136.23966507794734,136.86440708684893,137.19582058492875,137.26917963590378,136.98704316697976,136.48301625517362,135.83031775531342,135.83107501180172,136.4839979822875,136.99004225953982,137.26447266509078,137.19899249710622,136.86001306508348,136.2370336362816,135.86050631728486,136.29027715896507,136.92849448334255,137.27420766428716,137.3756446957141,137.1306787328425,136.642652494994,135.98065505147406,135.9505727087626,136.58130829031072,137.05720820505317,137.29006288162432,137.1491703501777,136.7827369009874,136.12918724957402,135.7218242730377
"Idq=0A, Gamma=120° (id=-0.0, iq=0.0)",135.72175368268685,136.1311318421517,136.7897259616968,137.14708299378032,137.28452440829244,137.05388376184584,136.58573757431063,135.9502223635671,135.97342573181638,136.63809721841585,137.13172537314495,137.3724923869766,137.2761957230171,136.9301583206745,136.28553631996058,135.8572203148979,136.23966507794734,136.86440708684893,137.19582058492875,137.26917963590378,136.98704316697976,136.48301625517362,135.83031775531342,135.83107501180172,136.4839979822875,136.99004225953982,137.26447266509078,137.19899249710622,136.86001306508348,136.2370336362816,135.86050631728486,136.29027715896507,136.92849448334255,137.27420766428716,137.3756446957141,137.1306787328425,136.642652494994,135.98065505147406,135.9505727087626,136.58130829031072,137.05720820505317,137.29006288162432,137.1491703501777,136.7827369009874,136.12918724957402,135.7218242730377
"Idq=0A, Gamma=125° (id=-0.0, iq=0.0)",135.72175368268685,136.1311318421517,136.7897259616968,137.14708299378032,137.28452440829244,137.05388376184584,136.58573757431063,135.9502223635671,135.97342573181638,136.63809721841585,137.13172537314495,137.3724923869766,137.2761957230171,136.9301583206745,136.28553631996058,135.8572203148979,136.23966507794734,136.86440708684893,137.19582058492875,137.26917963590378,136.98704316697976,136.48301625517362,135.83031775531342,135.83107501180172,136.4839979822875,136.99004225953982,137.26447266509078,137.19899249710622,136.86001306508348,136.2370336362816,135.86050631728486,136.29027715896507,136.92849448334255,137.27420766428716,137.3756446957141,137.1306787328425,136.642652494994,135.98065505147406,135.9505727087626,136.58130829031072,137.05720820505317,137.29006288162432,137.1491703501777,136.7827369009874,136.12918724957402,135.7218242730377
"Idq=0A, Gamma=130° (id=-0.0, iq=0.0)",135.72175368268685,136.1311318421517,136.7897259616968,137.14708299378032,137.28452440829244,137.05388376184584,136.58573757431063,135.9502223635671,135.97342573181638,136.63809721841585,137.13172537314495,137.3724923869766,137.2761957230171,136.9301583206745,136.28553631996058,135.8572203148979,136.23966507794734,136.86440708684893,137.19582058492875,137.26917963590378,136.98704316697976,136.48301625517362,135.83031775531342,135.83107501180172,136.4839979822875,136.99004225953982,137.26447266509078,137.19899249710622,136.86001306508348,136.2370336362816,135.86050631728486,136.29027715896507,136.92849448334255,137.27420766428716,137.3756446957141,137.1306787328425,136.642652494994,135.98065505147406,135.9505727087626,136.58130829031072,137.05720820505317,137.29006288162432,137.1491703501777,136.7827369009874,136.12918724957402,135.7218242730377
"Idq=0A, Gamma=135° (id=-0.0, iq=0.0)",135.72175368268685,136.1311318421517,136.7897259616968,137.14708299378032,137.28452440829244,137.05388376184584,136.58573757431063,135.9502223635671,135.97342573181638,136.63809721841585,137.13172537314495,137.3724923869766,137.2761957230171,136.9301583206745,136.28553631996058,135.8572203148979,136.23966507794734,136.86440708684893,137.19582058492875,137.26917963590378,136.98704316697976,136.48301625517362,135.83031775531342,135.83107501180172,136.4839979822875,136.99004225953982,137.26447266509078,137.19899249710622,136.86001306508348,136.2370336362816,135.86050631728486,136.29027715896507,136.92849448334255,137.27420766428716,137.3756446957141,137.1306787328425,136.642652494994,135.98065505147406,135.9505727087626,136.58130829031072,137.05720820505317,137.29006288162432,137.1491703501777,136.7827369009874,136.12918724957402,135.7218242730377
"Idq=0A, Gamma=140° (id=-0.0, iq=0.0)",135.72175368268685,136.1311318421517,136.7897259616968,137.14708299378032,137.28452440829244,137.05388376184584,136.58573757431063,135.9502223635671,135.97342573181638,136.63809721841585,137.13172537314495,137.3724923869766,137.2761957230171,136.9301583206745,136.28553631996058,135.8572203148979,136.23966507794734,136.86440708684893,137.19582058492875,137.26917963590378,136.98704316697976,136.48301625517362,135.83031775531342,135.83107501180172,136.4839979822875,136.99004225953982,137.26447266509078,137.19899249710622,136.86001306508348,136.2370336362816,135.86050631728486,136.29027715896507,136.92849448334255,137.27420766428716,137.3756446957141,137.1306787328425,136.642652494994,135.98065505147406,135.9505727087626,136.58130829031072,137.05720820505317,137.29006288162432,137.1491703501777,136.7827369009874,136.12918724957402,135.7218242730377
"Idq=0A, Gamma=145° (id=-0.0, iq=0.0)",135.72175368268685,136.1311318421517,136.7897259616968,137.14708299378032,137.28452440829244,137.05388376184584,136.58573757431063,135.9502223635671,135.97342573181638,136.63809721841585,137.13172537314495,137.3724923869766,137.2761957230171,136.9301583206745,136.28553631996058,135.8572203148979,136.23966507794734,136.86440708684893,137.19582058492875,137.26917963590378,136.98704316697976,136.48301625517362,135.83031775531342,135.83107501180172,136.4839979822875,136.99004225953982,137.26447266509078,137.19899249710622,136.86001306508348,136.2370336362816,135.86050631728486,136.29027715896507,136.92849448334255,137.27420766428716,137.3756446957141,137.1306787328425,136.642652494994,135.98065505147406,135.9505727087626,136.58130829031072,137.05720820505317,137.29006288162432,137.1491703501777,136.7827369009874,136.12918724957402,135.7218242730377
"Idq=0A, Gamma=150° (id=-0.0, iq=0.0)",135.72175368268685,136.1311318421517,136.7897259616968,137.14708299378032,137.28452440829244,137.05388376184584,136.58573757431063,135.9502223635671,135.97342573181638,136.63809721841585,137.13172537314495,137.3724923869766,137.2761957230171,136.9301583206745,136.28553631996058,135.8572203148979,136.23966507794734,136.86440708684893,137.19582058492875,137.26917963590378,136.98704316697976,136.48301625517362,135.83031775531342,135.83107501180172,136.4839979822875,136.99004225953982,137.26447266509078,137.19899249710622,136.86001306508348,136.2370336362816,135.86050631728486,136.29027715896507,136.92849448334255,137.27420766428716,137.3756446957141,137.1306787328425,136.642652494994,135.98065505147406,135.9505727087626,136.58130829031072,137.05720820505317,137.29006288162432,137.1491703501777,136.7827369009874,136.12918724957402,135.7218242730377
"Idq=0A, Gamma=155° (id=-0.0, iq=0.0)",135.72175368268685,136.1311318421517,136.7897259616968,137.14708299378032,137.28452440829244,137.05388376184584,136.58573757431063,135.9502223635671,135.97342573181638,136.63809721841585,137.13172537314495,137.3724923869766,137.2761957230171,136.9301583206745,136.28553631996058,135.8572203148979,136.23966507794734,136.86440708684893,137.19582058492875,137.26917963590378,136.98704316697976,136.48301625517362,135.83031775531342,135.83107501180172,136.4839979822875,136.99004225953982,137.26447266509078,137.19899249710622,136.86001306508348,136.2370336362816,135.86050631728486,136.29027715896507,136.92849448334255,137.27420766428716,137.3756446957141,137.1306787328425,136.642652494994,135.98065505147406,135.9505727087626,136.58130829031072,137.05720820505317,137.29006288162432,137.1491703501777,136.7827369009874,136.12918724957402,135.7218242730377
"Idq=0A, Gamma=160° (id=-0.0, iq=0.0)",135.72175368268685,136.1311318421517,136.7897259616968,137.14708299378032,137.28452440829244,137.05388376184584,136.58573757431063,135.9502223635671,135.97342573181638,136.63809721841585,137.13172537314495,137.3724923869766,137.2761957230171,136.9301583206745,136.28553631996058,135.8572203148979,136.23966507794734,136.86440708684893,137.19582058492875,137.26917963590378,136.98704316697976,136.48301625517362,135.83031775531342,135.83107501180172,136.4839979822875,136.99004225953982,137.26447266509078,137.19899249710622,136.86001306508348,136.2370336362816,135.86050631728486,136.29027715896507,136.92849448334255,137.27420766428716,137.3756446957141,137.1306787328425,136.642652494994,135.98065505147406,135.9505727087626,136.58130829031072,137.05720820505317,137.29006288162432,137.1491703501777,136.7827369009874,136.12918724957402,135.7218242730377
"Idq=0A, Gamma=165° (id=-0.0, iq=0.0)",135.72175368268685,136.1311318421517,136.7897259616968,137.14708299378032,137.28452440829244,137.05388376184584,136.58573757431063,135.9502223635671,135.97342573181638,136.63809721841585,137.13172537314495,137.3724923869766,137.2761957230171,136.9301583206745,136.28553631996058,135.8572203148979,136.23966507794734,136.86440708684893,137.19582058492875,137.26917963590378,136.98704316697976,136.48301625517362,135.83031775531342,135.83107501180172,136.4839979822875,136.99004225953982,137.26447266509078,137.19899249710622,136.86001306508348,136.2370336362816,135.86050631728486,136.29027715896507,136.92849448334255,137.27420766428716,137.3756446957141,137.1306787328425,136.642652494994,135.98065505147406,135.9505727087626,136.58130829031072,137.05720820505317,137.29006288162432,137.1491703501777,136.7827369009874,136.12918724957402,135.7218242730377
"Idq=0A, Gamma=170° (id=-0.0, iq=0.0)",135.72175368268685,136.1311318421517,136.7897259616968,137.14708299378032,137.28452440829244,137.05388376184584,136.58573757431063,135.9502223635671,135.97342573181638,136.63809721841585,137.13172537314495,137.3724923869766,137.2761957230171,136.9301583206745,136.28553631996058,135.8572203148979,136.23966507794734,136.86440708684893,137.19582058492875,137.26917963590378,136.98704316697976,136.48301625517362,135.83031775531342,135.83107501180172,136.4839979822875,136.99004225953982,137.26447266509078,137.19899249710622,136.86001306508348,136.2370336362816,135.86050631728486,136.29027715896507,136.92849448334255,137.27420766428716,137.3756446957141,137.1306787328425,136.642652494994,135.98065505147406,135.9505727087626,136.58130829031072,137.05720820505317,137.29006288162432,137.1491703501777,136.7827369009874,136.12918724957402,135.7218242730377
"Idq=0A, Gamma=175° (id=-0.0, iq=0.0)",135.72175368268685,136.1311318421517,136.7897259616968,137.14708299378032,137.28452440829244,137.05388376184584,136.58573757431063,135.9502223635671,135.97342573181638,136.63809721841585,137.13172537314495,137.3724923869766,137.2761957230171,136.9301583206745,136.28553631996058,135.8572203148979,136.23966507794734,136.86440708684893,137.19582058492875,137.26917963590378,136.98704316697976,136.48301625517362,135.83031775531342,135.83107501180172,136.4839979822875,136.99004225953982,137.26447266509078,137.19899249710622,136.86001306508348,136.2370336362816,135.86050631728486,136.29027715896507,136.92849448334255,137.27420766428716,137.3756446957141,137.1306787328425,136.642652494994,135.98065505147406,135.9505727087626,136.58130829031072,137.05720820505317,137.29006288162432,137.1491703501777,136.7827369009874,136.12918724957402,135.7218242730377
"Idq=0A, Gamma=180° (id=-0.0, iq=0.0)",135.72175368268685,136.1311318421517,136.7897259616968,137.14708299378032,137.28452440829244,137.05388376184584,136.58573757431063,135.9502223635671,135.97342573181638,136.63809721841585,137.13172537314495,137.3724923869766,137.2761957230171,136.9301583206745,136.28553631996058,135.8572203148979,136.23966507794734,136.86440708684893,137.19582058492875,137.26917963590378,136.98704316697976,136.48301625517362,135.83031775531342,135.83107501180172,136.4839979822875,136.99004225953982,137.26447266509078,137.19899249710622,136.86001306508348,136.2370336362816,135.86050631728486,136.29027715896507,136.92849448334255,137.27420766428716,137.3756446957141,137.1306787328425,136.642652494994,135.98065505147406,135.9505727087626,136.58130829031072,137.05720820505317,137.29006288162432,137.1491703501777,136.7827369009874,136.12918724957402,135.7218242730377
"Idq=0A, Gamma=90° (id=0.0, iq=0.0)",135.72175368268685,136.1311318421517,136.7897259616968,137.14708299378032,137.28452440829244,137.05388376184584,136.58573757431063,135.9502223635671,135.97342573181638,136.63809721841585,137.13172537314495,137.3724923869766,137.2761957230171,136.9301583206745,136.28553631996058,135.8572203148979,136.23966507794734,136.86440708684893,137.19582058492875,137.26917963590378,136.98704316697976,136.48301625517362,135.83031775531342,135.83107501180172,136.4839979822875,136.99004225953982,137.26447266509078,137.19899249710622,136.86001306508348,136.2370336362816,135.86050631728486,136.29027715896507,136.92849448334255,137.27420766428716,137.3756446957141,137.1306787328425,136.642652494994,135.98065505147406,135.9505727087626,136.58130829031072,137.05720820505317,137.29006288162432,137.1491703501777,136.7827369009874,136.12918724957402,135.7218242730377
"Idq=0A, Gamma=95° (id=-0.0, iq=0.0)",135.72175368268685,136.1311318421517,136.7897259616968,137.14708299378032,137.28452440829244,137.05388376184584,136.58573757431063,135.9502223635671,135.97342573181638,136.63809721841585,137.13172537314495,137.3724923869766,137.2761957230171,136.9301583206745,136.28553631996058,135.8572203148979,136.23966507794734,136.86440708684893,137.19582058492875,137.26917963590378,136.98704316697976,136.48301625517362,135.83031775531342,135.83107501180172,136.4839979822875,136.99004225953982,137.26447266509078,137.19899249710622,136.86001306508348,136.2370336362816,135.86050631728486,136.29027715896507,136.92849448334255,137.27420766428716,137.3756446957141,137.1306787328425,136.642652494994,135.98065505147406,135.9505727087626,136.58130829031072,137.05720820505317,137.29006288162432,137.1491703501777,136.7827369009874,136.12918724957402,135.7218242730377
"Idq=102A, Gamma=100° (id=-17.7, iq=100.5)",113.6979313373353,111.27690661929718,113.10442860686395,118.5514408945422,125.97305874650866,129.52673835622056,124.25004236978704,117.15362577501942,111.09144211237987,112.25975960634445,115.23290417616919,122.13380110886725,129.31053717898823,127.25647986814865,120.4021657360263,113.66392267571675,111.14760839019591,112.8611169362558,118.14515061111166,125.49779618178042,129.09707700708435,123.90107136372376,116.87292003699767,110.86252068828678,112.07883120791674,115.19180027516221,122.23103611510085,129.47541064119932,127.4669430941966,120.65901623087667,113.96262595839102,111.50785250330738,113.22546667412239,118.50693761212756,125.83867819913702,129.34983942927474,124.01132542852147,116.88932637394423,110.77982029524887,111.89950760825556,114.8795573077956,121.79345157703983,128.98475509283435,127.1037392006682,120.35121557692766,113.69941494547315
"Idq=102A, Gamma=105° (id=-26.4, iq=98.5)",103.52236283431931,104.74425544501784,107.03150075639722,111.59685624856697,118.4036146190477,118.96036428140405,113.28650649400736,106.21572633000578,104.1862096218339,105.8079696153262,108.48330819762582,115.27100550434139,119.12070721047779,116.42406513319494,109.41013563772387,103.48034411397434,104.61152727246065,106.78427715134605,111.18648418709276,117.93993581910534,118.54680288924543,112.95201713878946,105.94782675138084,103.95802603171109,105.62402682448054,108.4394453884866,115.36089214214307,119.29623516298689,116.63935590404706,109.66743502120777,103.7772271441593,104.97793820414516,107.15553896464988,111.55752328909736,118.27752118396386,118.77639513978778,113.0477155287144,105.95367956669186,103.87438069878473,105.44382240853218,108.12284005887207,114.92522404722219,118.82061889323214,116.28921915307251,109.37132186397317,103.52389170008347
"Idq=102A, Gamma=110° (id=-34.9, iq=95.8)",96.83674162602414,98.37967536654557,99.9182325278006,104.74240781595026,108.60041026691675,108.38386283004992,102.40065275028455,96.88450007973093,97.71329325881192,99.64664504489198,101.45771287389238,107.31477882435159,108.91289153835484,105.6203624844369,98.55401652430373,96.7981049514134,98.24402004881235,99.66598362914326,104.3334267879622,108.15138470985792,107.9887558479985,102.08159560413506,96.62624554000189,97.48677508252179,99.46252534769917,101.41135597017539,107.40432020678314,109.09733070925321,105.83867889040452,98.81018430376982,97.09212366408532,98.61531954300817,100.04405083511652,104.71089538879072,108.46383996711928,108.1945372487051,102.16360395954041,96.628727270429,97.40323057737379,99.28185482422447,101.08864251271307,106.97924961984059,108.64011565448834,105.50293294768298,98.5261548032393,96.8381028555399
"Idq=102A, Gamma=115° (id=-43.1, iq=92.4)",90.40546121648882,92.11785654335277,92.8422768193574,96.5838012769406,98.85733387907644,97.87772756446918,91.67532905866652,90.28115297911387,91.4196120848351,92.50247054462581,94.66765488998226,97.94295855245016,98.76477780353177,94.92759462248557,90.09221030120041,90.37070858335954,91.9804420105064,92.58457085723492,96.1840906044083,98.4264066309471,97.50328899645046,91.3725372313792,90.02701362275806,91.19509109492698,92.31988811269359,94.61647417175996,98.0458603167153,98.9563171011581,95.14711172696997,90.33904311910031,90.6605164731088,92.35071025577813,92.96944251147008,96.54702610487332,98.71186947391445,97.68480008407826,91.44182538204717,90.03799644318562,91.11186486726571,92.1381862598282,94.29370014839425,97.63411121579962,98.52072515340551,94.82697073546028,90.06282022363267,90.40667769770023
"Idq=102A, Gamma=120° (id=-51.0, iq=88.3)",84.37500768557751,85.05400621664772,86.05630179227924,87.74256222938733,89.24853614986863,87.52191651781082,84.04855285466502,83.91819687685027,85.10709751260543,85.4545824281048,86.46245017428362,88.71225642571424,88.7535992791293,84.42713996724012,83.58104664662811,84.34447642541956,84.91480214959941,85.79772067135066,87.35498713176166,88.83901453765566,87.17020306863967,83.75965935716184,83.66848057024345,84.89220359960365,85.27398426135241,86.42681770068452,88.82711726282072,88.95037357557058,84.64602369560181,83.81149070981964,84.62953806687868,85.2811049179342,86.18382734842173,87.69175056639435,89.0958280882035,87.32716909168292,83.83523256301963,83.68855770599882,84.80915501961556,85.091592181339,86.10784062062515,88.43207349730804,88.53946206195207,84.34258303516165,83.54007366289251,84.37607611029026
"Idq=102A, Gamma=125° (id=-58.5, iq=83.6)",77.99066955188903,78.15748577852452,78.02178048855902,79.11868018245558,79.84714583196326,77.95402785454161,77.58432079327058,78.14769163223515,78.23325815737749,78.50160602903236,78.15933572759451,79.69292366097864,78.95554707863283,77.67382130487246,77.31038728305688,77.96034150787924,78.01699334069684,77.76290966474353,78.74657498220999,79.46217427283918,77.62680528055327,77.30900877267041,77.90348874630354,78.03183499902627,78.33000900607531,78.14325213654,79.81825124616878,79.1556514044742,77.86811077903593,77.52341532873064,78.22967623694245,78.37777975927635,78.1252967349941,79.05497388365195,79.68889969125614,77.76348966827074,77.39744425447748,77.93138216390153,77.94845045544521,78.14829626611592,77.8302979408597,79.44316952774585,78.77228981910534,77.57904441797749,77.25716725504395,77.99188786054233
"Idq=102A, Gamma=130° (id=-65.6, iq=78.1)",71.46967771944402,71.27705651687808,70.257283139407,70.77778808576487,70.7247131823943,71.53740632699139,71.36665022902346,71.89718819327386,71.58345615900777,70.93097594442085,70.14253484651357,70.953602826605,70.61633850863952,71.34240871866352,71.70557084312051,71.4388588881097,71.13359061711962,69.99967050302399,70.42436937011279,70.36724925280392,71.23578892325398,71.1055270428261,71.67892194489195,71.39668826806903,70.78670140301993,70.14561279548845,71.0878251768483,70.80855695902538,71.50959479000049,71.9003714575491,71.69007412940354,71.47932567121688,70.3361313170213,70.70242714223016,70.5626766882319,71.37444075513424,71.2070386166704,71.70216557853517,71.313268929706,70.60292914619795,69.8410262634536,70.73581029397008,70.45535152594374,71.23573887515218,71.64597451325183,71.47097500250003
"Idq=102A, Gamma=135° (id=-72.1, iq=72.1)",65.22189023760694,64.25926219061557,62.82190225798184,62.78336516453936,63.592017266047115,65.42020043776256,66.10183111660322,65.81756144031326,64.96228394797348,63.660612726808424,62.47306022642253,62.56080543108915,64.66479402776613,65.27566367230769,66.01320630384632,65.19074812024964,64.10996599935126,62.567086123784684,62.451707305263156,63.265169451774014,65.1457310711287,65.86312642533959,65.62634008356184,64.80123201112772,63.54467407315957,62.494766542021836,62.70228286882211,64.83121811446566,65.41514677907325,66.18504276650071,65.42226827423448,64.43055251858432,62.87561134656068,62.697678266236814,63.442956213226026,65.28599290261714,65.96582470653287,65.64469056570765,64.71293362317687,63.35974378282346,62.200828769926055,62.37626405739697,64.51054585142381,65.15730106456104,65.96117325715306,65.22327123983854
"Idq=102A, Gamma=140° (id=-78.1, iq=65.6)",59.09737250307532,57.56589193335258,55.772225582397034,55.1962538043741,58.12564468811326,59.81276055069624,61.00455854260528,60.047976669308845,58.47541488581409,56.74584823024645,55.20928120013563,56.586804142584434,59.04760313784492,60.656622116380355,60.541613003479114,59.05971223428003,57.411264774246405,55.521722982068766,54.889265559999636,57.832260109022926,59.56641767702538,60.79971290222093,59.88513964543968,58.34658483482955,56.6590432173302,55.24894093583635,56.7135530813498,59.18709043975956,60.77326327073888,60.689592679418496,59.267804903871166,57.70497444192333,55.80051588537261,55.101648228017744,58.00237873500602,59.706700698598794,60.892477127095084,59.89872216041462,58.250547104790215,56.473865190162634,54.96785197648011,56.41729102929717,58.90115131935637,60.54387013597954,60.49740306083325,59.09886263521075
"Idq=102A, Gamma=145° (id=-83.6, iq=58.5)",53.256059337837684,51.247886334314344,49.16190540886482,50.27361209066848,53.033342174388956,55.85113596099484,56.177631231098346,54.50093972294743,52.33185320014532,50.23930798780268,48.72751109413416,51.69170656329299,54.34851826057247,56.25887289807544,55.40236075744529,53.21062828240062,51.08846810291454,48.917200545491234,49.99550698401055,52.77565801752938,55.63936684428991,56.00785347078525,54.372158719016085,52.236048467473815,50.18221264400221,48.78007346540929,51.796721152665874,54.4625380917762,56.351509445108654,55.52464827743068,53.393905132119336,51.35377715141235,49.16469068197616,50.19735414148067,52.93676975719961,55.76756917689688,56.090380160405886,54.37648388934217,52.13242630145139,49.99769906211277,48.51410026035048,51.532992999144184,54.21278060165936,56.157761696292845,55.36576323330268,53.257631491370255
"Idq=102A, Gamma=150° (id=-88.3, iq=51.0)",47.77715896752145,45.353329231025654,43.60065512659026,45.93903954677586,49.329287099102814,52.157949490109466,51.70148439709292,49.292781767184046,46.578355104979046,44.190510699478615,44.404088241861686,47.21025026877751,51.13282320789246,52.178907326510235,50.57365340234602,47.72397944497931,45.189696285833485,43.363675559249316,45.69246645669465,49.108265843522794,51.98315769083736,51.567796708537124,49.198691523708646,46.516127780458866,44.16347494465587,44.44740242775179,47.29254219373209,51.225892722765465,52.24652748936288,50.66918165069898,47.88171194318276,45.42529709339003,43.586981692038286,45.88236935539726,49.255997629984044,52.09776837114488,51.64012379709115,49.19375455847186,46.40513380669621,43.98053293332445,44.199417632137035,47.06358474008893,51.011830432653504,52.08954753823021,50.54566317938345,47.77877861378896
"Idq=102A, Gamma=155° (id=-92.4, iq=43.1)",42.702369132195216,39.927081762273396,39.56693516813155,42.0572634190188,46.85818178382812,48.825074357247544,47.57377759205413,44.46314002883377,41.258708194876675,39.28176114046446,40.61190531397924,44.627401572967855,48.23088262266842,48.46973870928717,46.10506187419153,42.64152243259798,39.759842538307055,39.33998412189728,41.84437023810781,46.67344144703218,48.68836187159428,47.476998361359804,44.40411126869849,41.230354823995434,39.27225918187148,40.64611686885824,44.69149500758396,48.30226624558706,48.5113675679759,46.17319630576817,42.773176455582544,39.964653580812,39.55188383269062,42.02109849716152,46.80460490637354,48.78920258198501,47.53885053912336,44.389977867429124,41.11225777464349,39.09446466381296,40.41802820540174,44.498243357689766,48.12520795454972,48.39196243679878,46.08556399055011,42.704001381087025
"Idq=102A, Gamma=160° (id=-95.8, iq=34.9)",38.07031204674769,35.56261284885832,36.07447251766977,40.62005612468837,44.73869973237024,45.87571517725135,43.82407905866215,40.04877099774287,36.413398194914656,35.43789405230409,37.60129185577431,42.960624638059784,45.73345696526544,45.13136112764316,42.030594852720384,38.001937811992306,35.396881102710694,35.858855925057135,40.44217127030295,44.59154632737088,45.777677804232894,43.76459578271874,40.024907604773006,36.41895752191915,35.43698127278759,37.626455142212585,43.008004771640806,45.7823320377607,45.146519034707524,42.07090940586339,38.10717770899734,35.58111196606433,36.05756178095108,40.5987475344219,44.70551277264552,45.864705257601074,43.8159487254811,40.00171345743252,36.2940801878231,35.267266257577035,37.420153772968945,42.851048028925824,45.64339353594352,45.06520973331308,42.01940971471117,38.07192191223955
"Idq=102A, Gamma=165° (id=-98.5, iq=26.4)",33.95099276787028,31.960643376925557,33.885524695715475,39.72859325668332,43.053048585677466,43.31139926839759,40.48092626688606,36.08327068770683,32.506419995407576,32.1322649708663,37.066147207725365,41.68939266906477,43.62739002354505,42.18620823119108,38.38126149219644,33.87650374330349,31.798396274276914,33.68438878904778,39.58682141781487,42.94453084771014,43.25248528089874,40.45884259784735,36.09440891605008,32.53132931122435,32.1402873938903,37.08076193662634,41.719362183105794,43.6534038921422,42.17458934528236,38.39354183132142,33.95566583147885,31.963813144747633,33.86667798985406,39.72231005833665,43.040631903124364,43.32556972710605,40.49975188691578,36.06235867034855,32.40783793947583,31.979329954110415,36.90724375516564,41.600036300758966,43.55303449410161,42.131633918257265,38.37814624111689,33.95253863836591
"Idq=102A, Gamma=170° (id=-100.5, iq=17.7)",30.54108633209357,28.886291932863607,34.08816813565427,39.27547598494406,41.769209903925976,41.150311901320805,37.569762628122035,32.62730004043338,29.20851815069566,30.845121897259347,36.96146173514342,40.86784994863455,41.91902443722739,39.65669441180485,35.18483542302099,30.466787410272506,28.7279657677779,33.92025479685842,39.1711836574397,41.69982059332573,41.130711647263304,37.584897584550845,32.671202649474985,29.25252030774065,30.85820624493174,36.96370821445563,40.8802738199211,41.92185477326181,39.61819667913709,35.16908056983981,30.522304386398137,28.874001467905114,34.07827856932456,39.284574219377255,41.7777645417013,41.1898106771453,37.615498283743236,32.6322559840664,29.13092552554658,30.713289095037585,36.825561330333656,40.79945493674273,41.86053002737969,39.613561274925395,35.18948578345627,30.542497053865116
"Idq=102A, Gamma=175° (id=-101.6, iq=8.9)",27.699554144609486,28.697421256023475,34.73171739038776,39.28061477239207,40.895471900614545,39.408900255784694,35.11274385546978,29.767451087495225,26.427730256726996,31.784740407305648,37.34044054994447,40.462494710107805,40.6213618999637,37.562070797012204,32.47512604226235,27.625356375090636,28.555974948177013,34.598463430516965,39.214715423264245,40.86566472446865,39.42850488184046,35.16463319971586,29.84042159201397,26.49042689094337,31.790666178400357,37.330219208462424,40.45708735554066,40.6008628154522,37.4967967280532,32.43171768689587,27.657377128554316,28.679847892881824,34.73181343458313,39.30501960146945,40.9251681839058,39.47368252369557,35.18513882744357,29.797593205981965,26.370884818250897,31.6792754855841,37.228821996096926,40.415327462766804,40.578761116731634,37.530155856587086,32.48640625855385,27.700793597000484
"Idq=102A, Gamma=180° (id=-102.0, iq=0.0)",25.63788625247456,30.33934996916731,35.90344064027569,39.71421089162035,40.438484249525764,38.10041752590489,33.12607322655698,27.44674157888286,27.47985922842457,33.19710642700757,38.1817020118082,40.4774139106774,39.74427840721262,35.91827873729004,30.3201572974698,25.56471170865091,30.22905652002774,35.8062398515819,39.68733605520113,40.448411670978025,38.15881980593567,33.213770190851086,27.54802037515419,27.5450018769301,33.19508972431241,38.1589608086646,40.45392855331722,39.700481565149005,35.826534626594785,30.250031899242135,25.57512056062017,30.327043062321348,35.91317457774122,39.75409721793269,40.489331602832365,38.19024603823113,33.22470266352035,27.50148657111295,27.444637827929487,33.11839145512828,38.09517260826194,40.451676596900754,39.717482797520745,35.89727363647044,30.337476215241246,25.63892491295536
"Idq=102A, Gamma=90° (id=0.0, iq=102.0)",135.73681575273167,129.91100035364875,126.42167055518611,131.58094753931294,139.61923582029723,146.3073558491873,146.0764478198175,139.27245399398302,132.979031420422,127.47524510216695,128.17044175208883,135.30165027000535,143.0504413574456,147.36099978726298,142.458937250316,135.72491150956978,129.80011434653383,126.18933941933419,131.17728879919295,139.14224721794352,145.8561168078053,145.70179797004326,138.96704733750198,132.7202606868469,127.29394056287346,128.14159525835422,135.40896086094835,143.2331084886311,147.5649414096592,142.71017415770285,136.02436688816405,130.15644958658905,126.53067100361531,131.52345337637564,139.46741872468186,146.12085870631458,145.84331145078488,139.0070634620414,132.66037689343585,127.12300500022195,127.8345368413725,134.97274158095686,142.73355044484978,147.1812126656075,142.38053909395083,135.7380593111363
"Idq=102A, Gamma=95° (id=-8.9, iq=101.6)",124.67536350895166,119.03092793285852,119.65629945091473,124.92450737333623,132.82319884779676,139.44378437824685,135.20782124964492,128.20055960861,121.96440664029114,118.89536950416131,121.54410892914869,129.011177002274,136.312104454348,138.0351654723741,131.4464508329935,124.65211791959915,118.90782137852455,119.41729290816701,124.52025868654265,132.34670956543306,139.00061805226005,134.8454293650664,127.90731971380242,121.72027236444396,118.71845783396795,121.50798386121461,129.11423361811185,136.4886782173059,138.23903598446026,131.70127536287262,124.95169229317452,119.26158202740083,119.77164417791454,124.87530621555624,132.67972059902857,139.27138225091164,134.97099396761536,127.93514278323437,121.64871855604773,118.5409591963444,121.19881315714679,128.6775147854807,135.98750787096893,137.86418806292207,131.38227232110597,124.67673762725785
"Idq=136A, Gamma=100° (id=-23.6, iq=133.9)",107.8349105877608,107.08308430112027,109.46489597780862,116.07532669702033,125.96149835848958,130.32534309357706,122.56553489894429,112.76341780245491,107.29746053479369,107.67387875554532,112.22507690857232,121.43770890641603,128.8681536387116,126.75608512730979,117.40000996068237,107.77719093139373,106.9363532529779,109.23557417902977,115.75415680874626,125.50851836040921,129.92645875955978,122.19712823864326,112.47596014530372,107.05242936491929,107.46780094437347,112.13197018312086,121.52338545697124,129.01953893642383,126.97982338056646,117.69389965830365,108.10158179219877,107.33710368015221,109.6173838595837,116.08818829613715,125.82373392016169,130.15419781926306,122.29217876428189,112.46905907744815,106.95938296210383,107.28017006958314,111.87952588886932,121.11577572982988,128.5979898041749,126.61869197454917,117.37361585771345,107.83879115307668
"Idq=136A, Gamma=105° (id=-35.2, iq=131.4)",98.52978670358243,98.9987686706832,103.01851402055979,109.47041109292795,116.83147160010516,117.0262229490302,108.91041322290657,99.42030307118821,98.49360886800585,101.1603177369071,105.86218005063942,112.52994170920523,118.65497352615245,113.24252868454712,103.63725192825667,98.47264335648511,98.84843615533097,102.78651948008533,109.14434300211335,116.37772326030301,116.62632797786115,108.55287014069282,99.14793535022787,98.2503389867695,100.95711565911921,105.77167594338285,112.60900079196973,118.80971341007735,113.48296249146838,103.93751991143421,98.79489995219112,99.25446479405765,103.16887696078983,109.48224889108349,116.70507910780692,116.8351266096578,108.62676028997389,99.12395216785951,98.15713606490031,100.77014708542936,105.51616897728834,112.19929931611209,118.38127565567264,113.12541735967812,103.63142788962925,98.53371073077852
"Idq=136A, Gamma=110° (id=-46.5, iq=127.8)",89.73866351612303,92.54155886163065,96.69928286207714,100.26236569142941,105.96980384728927,103.79615105167755,95.43309256693028,90.70984224558971,90.86705984097111,94.76649114836225,98.63943405793846,103.4989141898102,105.54711802222396,99.85583109991765,91.57780049201604,89.6862804166261,92.39026925717143,96.46415759342615,99.92828881340651,105.51456892249713,103.39366105541251,95.08652072857967,90.4423140255788,90.62662888746954,94.56667930508846,98.55071390537185,103.57124874331376,105.72971443520547,100.11316784064036,91.87948385280865,90.0036329186746,92.79421087905226,96.84671111079169,100.2795394920586,105.83549458060844,103.58453631199083,95.13954322216402,90.42733857056108,90.53432133358325,94.38055982367172,98.28930285763515,103.15856617431103,105.29212142225933,99.75855554934384,91.5845497566163,89.74246895316035
"Idq=136A, Gamma=115° (id=-57.5, iq=123.3)",82.58272546054565,86.24988308296962,88.84939102161646,91.29963383015932,93.28366212360028,90.73581623719382,84.62000647825397,81.97297992158555,84.48076969199681,88.54105987094754,89.35776884034459,92.27875960019162,92.53888814095059,86.69787322514944,82.81781689362636,82.53591758167573,86.09809463270487,88.60877692764187,90.95531687887637,92.82579478892953,90.32916657759638,84.28252543984279,81.71111388235113,84.24423672569776,88.34512696158627,89.26701286795453,92.37301173055043,92.75036504994277,86.9721916382779,83.09961578364734,82.84739608658052,86.4990072435275,88.9959580949693,91.31939966406306,93.12352771884781,90.50327191935251,84.33085691976545,81.7078298640754,84.15387333652787,88.16003690151044,88.99559145634034,91.95502850127899,92.30117100638613,86.61983643305477,82.81047990173174,82.58672213965637
"Idq=136A, Gamma=120° (id=-68.0, iq=117.8)",76.28666776777546,80.17162478639348,79.5363364979235,79.85654503782705,80.7536936487511,77.94461553956296,75.76014012386898,75.30931394849588,78.302555887573,80.07412551844041,80.1004855896053,80.19842025671818,79.72928436631275,76.92276608866983,74.34948931260566,76.24597581437723,80.01979953014241,79.28792600158094,79.49811152578454,80.29245263704995,77.53227323594636,75.43980020735125,75.05087469354926,78.07028463653216,79.88116866558227,80.01558238045722,80.32541135472755,79.9704459402566,77.18741338308602,74.60936766410111,76.55080689492434,80.41676418829759,79.68410945943428,79.84125944582773,80.56744014368888,77.69088975245417,75.5050756284449,75.05707232081735,77.98208029049262,79.69549011236924,79.73266476659808,79.90076087802194,79.50729338486819,76.83918890192287,74.32673691226907,76.29093939622392
"Idq=136A, Gamma=125° (id=-78.0, iq=111.4)",70.23683867759584,71.18570849400226,70.01651615826384,68.3668995666716,68.47525904863696,69.13552455673285,67.76282376751445,69.11609179569831,72.00341730197731,70.80264556595611,68.82306988874736,68.359000792202,67.57297513150618,68.19224041764362,68.03074554134045,70.2025719657123,71.03208109810899,69.75991646448634,67.99174484226005,68.009928768473,68.7343256076416,67.4594140726857,68.86106205901216,71.77728953688387,70.612500022488,68.77850737459502,68.51910856495287,67.84156767884653,68.42182428829908,68.27216447834495,70.50015379242743,71.42293887707453,70.15041278303214,68.31195077844643,68.26279126315154,68.90203058469612,67.53992970293658,68.87686118405422,71.69111729380687,70.42561957817955,68.48151164303674,68.0869921897759,67.36218901651189,68.09265971567487,67.9958908470348,70.24128774212369
"Idq=136A, Gamma=130° (id=-87.4, iq=104.2)",63.54540358520438,62.17047274064252,59.37521132039071,57.17210012992056,57.65693282456042,60.64774236533265,61.55498125763241,63.201624674400215,63.02794956403485,61.30750724145921,57.78099049059999,56.850606337605115,59.49045490982922,60.82684256732885,61.973231353157836,63.51548869724094,62.015292515051904,59.10891862823611,56.777918036114286,57.187073564904,60.28075064701392,61.26650444953245,62.95028538999767,62.820534873039556,61.140129387167796,57.77786329169078,57.04395645429727,59.735515441129294,61.0257922805031,62.19527700140392,63.800071716255694,62.39842864869025,59.47057963420005,57.07616973992419,57.42853870568186,60.4515819098117,61.35758227068222,62.97607970292021,62.733999542811006,60.94929174110988,57.46508669668333,56.60363234960709,59.277384680941516,60.716556883791185,61.92567126222918,63.54993972018341
"Idq=136A, Gamma=135° (id=-96.2, iq=96.2)",55.091981852487514,53.04370108360319,49.00954076895623,46.35734591089214,49.996312222361766,54.095683003856756,55.633315885018575,56.30686987518227,54.4463828860739,51.34416163428077,47.058284286772846,47.4876509084153,51.60324186153762,54.887895971658665,56.2230480886568,55.06138506320518,52.88196300952119,48.73311335422354,45.94197510043577,49.56194879136004,53.76258943464391,55.360628624554074,56.07612357196097,54.25905341119663,51.214782049036195,47.09737167558581,47.69516422753132,51.8137280361695,55.060900873179065,56.42495401630256,55.32079296944825,53.2385650030104,49.06614111792807,46.21942740831417,49.79781331564565,53.929273684251875,55.46262756503282,56.1035021465824,54.172286753020046,51.01688624756002,46.76723157327867,47.249859882351785,51.39904625607622,54.772310526849566,56.16227619419129,55.09652468819485
"Idq=136A, Gamma=140° (id=-104.2, iq=87.4)",47.13107912546439,43.9338619074975,38.9983935158198,38.22582146194632,42.97147456087093,48.591208286176744,50.04289509875788,48.490229293327666,45.88076893271971,41.700776659425735,36.736557546024144,40.48285443486596,46.307938334933546,49.26179130401002,49.454166528913284,47.09760616596838,43.76359603736194,38.711466785666396,37.80427226235697,42.58170018220314,48.292790187782096,49.786733878844025,48.29674608044754,45.73425056641134,41.60939146048652,36.818317516535856,40.66311324047202,46.490887571789834,49.40781359384666,49.6275168140036,47.33036832861679,44.08758975529113,39.01628129369675,38.0781536917699,42.80644170595488,48.45176567425759,49.89992975076935,48.31732561613221,45.63718694684438,41.40446103379883,36.469363409853486,40.257864008383656,46.12128227718645,49.14080534437367,49.39712329163154,47.13551481546625
"Idq=136A, Gamma=145° (id=-111.4, iq=78.0)",39.440936828382064,35.18773805548345,29.58856908367681,31.886647801036062,38.84323559135844,43.42834472246274,43.682736872078856,41.280209258039285,37.6059973867424,32.45074429938764,29.67868291175777,34.79207706136021,41.65164274488602,43.92254234391563,42.48320268869668,39.394849077975124,35.00928935496057,29.291007024301845,31.503957463176732,38.500153870897236,43.16618739050241,43.470850564342136,41.127720436598764,37.5022142540587,32.39706044379102,29.76378945376454,34.94616248966187,41.806691083902905,44.04026347619586,42.62415699043993,39.59671520328855,35.3004045645528,29.57082038271072,31.763674926103242,38.703748949339854,43.31688507006651,43.57225664959714,41.13767801270106,37.3939265178298,32.18517245984397,29.415261765997826,34.584200907727876,41.48456797556888,43.798529706036,42.43711135995523,39.44520188742166
"Idq=136A, Gamma=150° (id=-117.8, iq=68.0)",32.13047864000172,26.87189281112894,23.31141502126329,27.581760499100568,35.119263082978776,38.601142808010664,37.648457926849595,34.46767854360978,29.733730196674486,24.096742151162324,24.001329761688453,31.62765809248403,37.3818988288483,38.43442441709792,36.245017428868046,32.07188285788517,26.68566852216516,23.018897377878396,27.24141361469587,34.82548318299423,38.380286185545636,37.4845230744636,34.36164702166889,29.67261680993988,24.07158738235341,24.075230593730844,31.76069816761909,37.50779534442003,38.519375770916895,36.355596067096705,32.24243554989021,26.943885215944466,23.290140521286933,27.480528553832006,35.00673366866174,38.519230798500864,37.57096244778477,34.35606506015954,29.55316484285438,23.85469315712448,23.75090714932785,31.44480614668077,37.23536070645073,38.32662999240373,36.214006184341464,32.13448144500712
"Idq=136A, Gamma=155° (id=-123.3, iq=57.5)",25.255341561312292,19.57789253070383,17.99819356534305,25.35113874426801,31.82789871511671,34.089596118861316,32.358436429866146,28.069706061834648,22.32388006923726,18.241011047261058,21.08980029678892,28.920719468761266,33.52158159801707,33.487143786472465,30.422094344926652,25.18443970036125,19.38839061593947,17.719204359523207,25.056299117733197,31.58565458125588,33.919444910783525,32.24293399830519,28.01040928892297,22.30504619824484,18.22687723716358,21.15667370161005,29.03111369883968,33.61795372843347,33.54042135913429,30.501717246715288,25.323499877219575,19.622684950479,17.974166624557814,25.268506884989968,31.74353238252528,34.03952653699017,32.3108883886075,27.989372220946773,22.17457485264603,18.018582914678074,20.861118522239583,28.76393948805083,33.39590661575008,33.397894966245566,30.407195720176304,25.258992485123013
"Idq=136A, Gamma=160° (id=-127.8, iq=46.5)",18.86784953680382,14.13862024295506,16.208774692568024,23.624452607545102,28.99162831204859,30.21460111160407,27.498613012337728,22.134984246501524,16.010107075128516,13.446850507382965,19.712213465973925,26.691862627612675,30.100114134450592,29.228048112226872,25.043256549887698,18.784937206583965,13.953182770302368,15.948131747962023,23.37761394034964,28.800407838899677,30.09552556897211,27.43228175179526,22.122343992489377,16.020305344843848,13.444750929153118,19.773303675245316,26.77818286929927,30.166811031739016,29.252380503029666,25.091569681785128,18.89256546351319,14.162992753914281,16.17746004179,23.56184916797009,28.93501700900306,30.193909497757318,27.481624272104384,22.086053871883337,15.887042570321515,13.247501207132863,19.50955203264626,26.562003945861743,29.995472152879337,29.160944738479085,25.044271832184688,18.87106163028779
"Idq=136A, Gamma=165° (id=-131.4, iq=35.2)",13.509615954230988,10.322499195422184,15.352326467017955,22.417277981510857,26.633469423688652,26.964276898968954,23.10471963262512,16.717976110611893,10.956884713676045,12.36644870721602,18.879213388227903,24.964202341447834,27.390742900040504,25.421820455841107,20.14944024720254,13.424429394775341,10.142408785936073,15.111770654188778,22.22033916581062,26.493686924531318,26.89616327380512,23.087822165935577,16.751007923918138,10.992877513037666,12.378106927998292,18.93342669964544,25.026900635071208,27.42984583705492,25.41670078634467,20.166327862011713,13.502243490244934,10.327349165411375,15.313612161758675,22.375831512596566,26.604775597991853,26.970899332879522,23.11868393371516,16.700297587147652,10.861916119069503,12.194958150369043,18.70322751889642,24.86113896526531,27.309893819563676,25.37662139538895,20.166049609376255,13.512460525454745
"Idq=136A, Gamma=170° (id=-133.9, iq=23.6)",9.06718907318292,9.536497595398963,15.059186183568524,21.755659072578844,25.05735382029791,24.181150235945168,19.2101964724533,12.226351491909158,8.143725139324502,11.853120363023267,18.64244668077109,23.785072601408555,25.23938893613948,22.09652166735909,15.784332820182174,8.98179976532644,9.363965299755254,14.839881237178856,21.60855036025225,24.969181867454505,24.16434339783731,19.242619201430966,12.298834065367224,8.198643453244973,11.878406496410546,18.686015948653424,23.823351505755866,25.251360612222918,22.061658773158804,15.770033362134148,9.028002000707595,9.524392612152074,15.013647478872302,21.73531691444238,25.05435749584592,24.215592583870787,19.25527198383034,12.24130630699546,8.071581584781809,11.710008977700204,18.494715098113364,23.709172988696494,25.18302748280281,22.07281887251089,15.815573003172688,9.069843135522492
"Idq=136A, Gamma=175° (id=-135.5, iq=11.9)",7.281700174072692,9.319640715202837,15.635202979151428,21.718532298501543,23.982709848561324,21.88640239693613,15.862158043852943,8.484157278737436,7.599790483917847,11.910772213460124,19.060541114211798,23.361826078764032,23.567436467053284,19.277459278431525,12.293503017288883,7.201451942971928,9.155084999375033,15.450571919644386,21.622782717882515,23.946492565042515,21.920856739842662,15.943220501362255,8.59555402892674,7.66658929710156,11.949452656401638,19.086361417152833,23.375328742606147,23.55182215196188,19.212788359022195,12.244362272599272,7.227486390795986,9.290553145884676,15.59358203256503,21.720403384006634,24.005683825730692,21.948958798790734,15.938458213627136,8.53246905370949,7.5450021297345895,11.79634444515059,18.94384043151646,23.313294283374724,23.535321041771883,19.27468110193452,12.334477212449682,7.284107648485768
"Idq=136A, Gamma=180° (id=-136.0, iq=0.0)",6.995431405964505,9.673578966633897,17.074612673970105,22.373896591123522,23.395246407055414,20.09749779860336,13.356651747589154,7.581668059522754,7.6240401165966105,13.428890226900462,20.177165500530574,23.430292031659,22.38761006062412,17.054654019316363,9.62329734280317,6.92270176244115,9.517357590006679,16.937758162698774,22.330405555751533,23.411194550543833,20.18277758794286,13.485052519873248,7.702825258714232,7.702615098374344,13.463549018174337,20.18278831905086,23.418426420874475,22.344164970163785,16.95934193982325,9.539774820656897,6.933640304301892,9.627610426143605,17.04757584070749,22.39887156990081,23.44457082330422,20.18824842937475,13.46636326464656,7.6494702249716235,7.586560577141414,13.34805242680775,20.09047321751037,23.40903513741223,22.379314537399516,17.071199250607844,9.670589115856027,6.997548748655992
"Idq=136A, Gamma=90° (id=0.0, iq=136.0)",135.7405010702998,127.18599192034013,125.08550038855803,128.89662699723272,140.7394680052714,148.5690967006521,148.5576647246402,140.7052443276017,131.57800409402932,125.02492995308714,125.91989866527028,134.17690519549518,145.67262824352017,148.66643156443305,145.18090775865164,135.71637344123428,127.0546897456381,124.86415027636933,128.57734714110552,140.28703828934226,148.16970421600593,148.1697289330855,140.38590225044868,131.3071387312283,124.82916073572778,125.82924779935637,134.26012562302898,145.8350957499648,148.8891373902747,145.46086564515565,136.04060719373496,127.44221993958166,125.22952617047609,128.90797601912718,140.5921817268112,148.37411631277791,148.29831952542082,140.4174854580265,131.23524060635478,124.64453729187471,125.57854047872,133.85447865844873,145.42109579997611,148.52414750809328,145.1128647858817,135.7433813111313
"Idq=136A, Gamma=95° (id=-11.9, iq=135.5)",121.73442954965441,115.8891653105082,116.24585028679236,122.45022832996952,134.31800945685822,139.6520058461051,136.29453387390083,126.70421937449231,117.6186942197466,116.23831953332073,118.67953929323392,127.77371683895427,137.90097180245547,139.89196485599547,131.28311484114343,121.69334845421764,115.74742755840974,116.01913415388321,122.13130308238027,133.86534495546488,139.25353054424002,135.91545397967712,126.40072380661316,117.36763013036247,116.03644044916945,118.58541304116429,127.85782839878782,138.05994581214006,140.1018973914152,131.5702172881818,122.01785373109377,116.13915355882686,116.3986060720256,122.46327373552826,134.17187789690783,139.4703517116709,136.03179655909327,126.41302784188751,117.28021544950113,115.85008076730716,118.33421100271642,127.45166669884128,137.64311388171203,139.73693524837128,131.23592834590698,121.73784446332104
"Idq=170A, Gamma=100° (id=-29.5, iq=167.4)",102.90853017481024,102.82565178599857,106.89972698720184,112.13300201736644,125.83246078541238,129.57722361458974,120.13874654219792,107.29994529976983,102.69705825285072,105.19636287011438,109.21724964097537,117.82973191494702,128.98084551041882,125.96729968813081,113.44674781036836,102.84306591073661,102.6623721491072,106.68611772814238,111.89665345910963,125.40409806297414,129.23101844956338,119.76408728455735,107.0102097921612,102.44459897818453,104.97510730848798,109.07214009107948,117.89509251386134,129.1097818179452,126.18005184260478,113.75407156120349,103.18021665244821,103.09370343109943,107.07934550402712,112.20757985061863,125.69351554112812,129.4160296318601,119.85481235117257,106.99607435729338,102.34534282384392,104.78142442984712,108.87949446994307,117.51769499041146,128.7725510585213,125.83948845050854,113.42765693626636,102.91465771126154
"Idq=170A, Gamma=105° (id=-44.0, iq=164.2)",92.36172515937194,95.08031055782858,98.84174954064082,104.60668056704395,115.43603461103237,114.75806365250897,103.06984444715073,93.4589132683753,93.23716368323947,97.2271728452502,101.26362856855927,110.418280606228,118.06010275061048,109.07535413467751,96.24330026983624,92.2976660644682,94.91518237463421,98.62479935446177,104.3650237378872,115.0071571645921,114.41021409003855,102.70876466211932,93.18134746534759,92.98361899012866,97.00706996883416,101.12177229140701,110.4896231753485,118.17899347330714,109.30897573123214,96.5585968776167,92.63454724745235,95.35140481180795,99.01871188053475,104.67564990180384,115.3083436630274,114.58560365493253,102.77303925828754,93.15837721762288,92.88333544157575,96.81396550970209,100.92529833046683,110.10906912183812,117.83321289208925,108.97289518191977,96.24992197616115,92.36790613850056
"Idq=170A, Gamma=110° (id=-58.1, iq=159.7)",83.60456147059112,87.10394726133718,90.94271059253748,96.5910258877521,104.01121909967306,98.22047378081814,86.2231936271804,83.12764137872605,85.62855235147862,89.2348896095691,93.89608384341427,99.48477625575255,102.27452543111481,92.3419821538907,83.98915802816553,83.54254470258063,86.93760486630799,90.7218469961378,96.34112937283457,103.58099209142597,97.8693804369777,85.8758278969779,82.85470077685642,85.37519883291407,89.0190245262957,93.76473885280645,99.5504887214119,102.42348565113471,92.59673241769717,84.29762836397433,83.87838879958572,87.37248996636299,91.11600456803706,96.65285516061486,103.89302245507152,98.02236578284875,85.91401792352522,82.83733812007519,85.27534671728999,88.82698143250502,93.5632257626707,99.16604622734206,102.06623357197121,92.26431791900191,83.99696281280606,83.61113011267906
"Idq=170A, Gamma=115° (id=-71.8, iq=154.1)",76.06839996593612,79.2393525380109,83.80913430784618,85.67670252483653,88.15354194506182,81.89505526271347,75.52838198426329,75.1689145055996,77.64568966526072,81.56390654559296,85.11484856359262,87.38489027532972,86.0142380795231,76.56845091114694,73.95603830964251,76.00990241245803,79.07238658572483,83.58513356854402,85.41472322402954,87.72002442446649,81.53876233970756,75.18851248582314,74.89795612498096,77.39720863069941,81.35407488118751,84.9927777980743,87.45855039951458,86.19929891955638,76.84014107051578,74.25153487270904,76.34281221254018,79.50348542195701,83.97009038818922,85.73877472989783,88.00306387787067,81.67078529205082,75.23761598051757,74.88311723966507,77.29978672097074,81.16348600798567,84.78241280382828,87.06846879396696,85.8275455521297,76.5099075875909,73.95502828850893,76.07553111144814
"Idq=170A, Gamma=120° (id=-85.0, iq=147.2)",68.1983278499734,71.87376058916017,74.27140305348182,73.04358710007216,72.49108135150031,67.7107946092777,66.26193435320036,67.70082200320174,69.92292240973094,74.60110827548449,74.15244395438685,72.28446609598794,70.00223336122576,66.67689402793445,66.87625034398975,68.1474752033349,71.70701952030444,74.04068491177057,72.76508862363654,72.05334673461704,67.34700478024342,65.92804878799114,67.43230199372007,69.67976851924239,74.4025721400906,74.03519010968745,72.39904992973597,70.22440003244863,66.93065735510697,67.16464889441606,68.47207572296998,72.1305296026446,74.42402311827455,73.08152548533336,72.30795440892203,67.47372061850682,65.99008655935987,67.42316695772693,69.58504541342676,74.21431569191076,73.811193493936,72.00063426489568,69.83519852523231,66.59654040516041,66.87180986293409,68.20580268215757
"Idq=170A, Gamma=125° (id=-97.5, iq=139.3)",60.63604148724888,65.07041126050954,63.33632694370237,58.68153026112789,57.14303810135766,57.9608309034653,59.62700512700619,59.95929431220471,62.87860657571251,64.30004659477545,61.09253009241665,57.48519176534271,57.15665488984456,58.26878256592636,59.44963984392405,60.59322039250373,64.90479271413864,63.09641122642848,58.38213026923089,56.70019189889586,57.58684245855887,59.29488630729507,59.695036200548685,62.643210834807064,64.11088586017469,61.01201050200096,57.64117144251764,57.39447953699723,58.51077196253578,59.721078549707514,60.90875934484886,65.31580102316475,63.48315446795583,58.669889651106736,56.927143308250365,57.740963404641924,59.3624157716074,59.697903036772985,62.55155132505824,63.922463019650614,60.77094810343183,57.233423404588116,56.98488785534409,58.17166282052403,59.43459641126182,60.64373811453229
"Idq=170A, Gamma=130° (id=-109.3, iq=130.2)",53.929864729110335,54.25264787632126,50.320926894208206,44.68803096518903,45.74759449369543,50.40088600313751,52.154375728560076,52.56621041058212,55.4856676779719,53.287987302364684,47.289930844732446,43.09969869709662,47.42576745220567,52.03506451504356,51.87774710869571,53.893250213876875,54.085614699926026,50.06914435826561,44.364846761548726,45.29955402228496,50.012428960360275,51.83775854791734,52.30656536428056,55.26345101149475,53.111237424615105,47.26120539837063,43.2972313041981,47.658868365148834,52.27459102548301,52.12496920353125,54.19864340142326,54.48181394642616,50.42416757545047,44.625163352953926,45.531220301623996,50.18794116111805,51.91704596324946,52.32192618535543,55.17433958618531,52.92139137589239,47.00041692049002,42.87922360437707,47.22610649783249,51.9294134157844,51.84682193025478,53.93761097059707
"Idq=170A, Gamma=135° (id=-120.2, iq=120.2)",46.12375865370908,43.37351083366289,37.363838704915125,31.595657463641416,36.26297745323349,44.250249418757285,44.752294012792795,46.17349978512671,45.114357643399345,40.833805293391656,33.88654808994855,33.31655736007732,40.657096339848444,44.611381270455816,44.80414371947936,46.08920933085855,43.202572964275745,37.099387765749874,31.246274647802082,35.80923237841491,43.85641175711608,44.45541376669438,45.92010204682767,44.919242326486895,40.70455325195064,33.91059087823943,33.51427709142031,40.89619505233437,44.81847676632801,45.027078327388324,46.374817716101695,43.57620387741098,37.418619430110496,31.485323572043075,36.05897799163084,44.04371566240929,44.54835258118768,45.94514967509745,44.82995719818429,40.505884508955084,33.62809801623424,33.08725104287295,40.43638200540053,44.4991054696074,44.75761995056391,46.13143611245268
"Idq=170A, Gamma=140° (id=-130.2, iq=109.3)",36.469165878317305,31.986211863530755,24.849904638494603,22.540069402485887,30.67691323169331,37.36965602165727,37.990964263607445,38.17680619999677,34.72763456300385,28.779574074822804,22.0212454281149,25.150327932313527,34.77421310475787,37.57875043589504,38.6210095853374,36.431412902083935,31.80461424907668,24.572329555053457,22.164320042564054,30.215526019445416,37.01916269853881,37.714239406218375,37.95566188545453,34.57258358670688,28.69781501626356,22.084937329068197,25.34668280708735,35.00522910216921,37.752117667162494,38.82240082466219,36.68408904880278,32.137484817761916,24.856294649821415,22.42215383050342,30.472005678007537,37.1968306499164,37.819196667560334,37.97737597052264,34.476358813188796,28.490352991753586,21.7794588259002,24.909970525062167,34.55127924485675,37.459723991512526,38.562005223745516,36.47667589284407
"Idq=170A, Gamma=145° (id=-139.3, iq=97.5)",26.96872969948266,21.053557048513195,14.21002179644927,15.560211234712934,25.56352510847178,30.916076567014755,31.985343187019726,29.34996175484523,24.384170130532222,17.217033624775215,13.039755013722642,20.57183812790463,28.953843617198455,31.317425225491956,30.865357569826188,26.91913502623989,20.861730896074977,13.920130638680828,15.156061889799915,25.13473526507419,30.610909201939208,31.72961148470988,29.17766934099591,24.282538196266092,17.182401245394143,13.113097277821264,20.777099615871766,29.149983492310543,31.460282910862997,31.032797459638385,27.134712152133872,21.153503329338985,14.189800455305328,15.428874564051082,25.37768817552601,30.778229894677544,31.843347595395784,29.18787481993063,24.17228327692056,16.96624227431,12.78417079496721,20.32965463156468,28.755386367834756,31.19621219082632,30.81873084983504,26.976004476088686
"Idq=170A, Gamma=150° (id=-147.2, iq=85.0)",17.830656964007265,10.658750493070047,5.453757721860112,11.585682809022252,20.90855947299719,25.355966004632414,24.88302056420797,20.84989463811134,14.543836142947306,7.599242079963474,7.010660970260489,16.59992980103585,23.616663722151312,25.572397557778146,23.113032835562514,17.76542725112743,10.457204855080693,5.152390065305547,11.1520437480572,20.541396905195434,25.09641566384108,24.686252357916118,20.734749202993434,14.495541391117555,7.583878526327942,7.099992700308052,16.785544281849035,23.77636381795698,25.685273891852578,23.242980019025527,17.94186258538595,10.707854143578558,5.427765918226005,11.432881644154804,20.756419074678323,25.247753640101802,24.77743689142155,20.726393770850425,14.371331183201264,7.364936460601425,6.748576163740632,16.382660176655563,23.443877281437064,25.457771703848238,23.084520931599688,17.837603923070482
"Idq=170A, Gamma=155° (id=-154.1, iq=71.8)",9.236735615645479,2.0023726070595345,0.6052676977790772,8.797405615481562,16.885670961385095,20.314300363382795,18.268100843208643,12.852429035892408,5.3632041346280355,-0.8257157590579784,3.5451186146923015,13.216256521382395,19.281117862421254,19.711453947255617,15.834378980635783,9.156123304222552,1.8007851416095242,0.2958910609128414,8.420650626853858,16.582755497277184,20.107828584277303,18.131678746415336,12.79570203706104,5.364966452417005,-0.8334144793170443,3.6493647412339745,13.373563695874793,19.408243975116207,19.788950747253857,15.925631493548785,9.293192994547672,2.0330557414851405,0.56818299269569,8.66785455810225,16.767896912631773,20.23662689035258,18.199979039139546,12.768027721834486,5.228494671772596,-1.0526810042885346,3.288408404315224,13.031576853368152,19.13983528659476,19.624597984828906,15.826007851393245,9.243242723215365
"Idq=170A, Gamma=160° (id=-159.7, iq=58.1)",1.3646122775281821,-5.090100404439079,-2.0811621965002858,6.639047944577906,13.796201203281504,15.684552264848932,12.193321571298114,5.434026766726012,-2.5058283427223715,-4.342002899978277,1.8231350761735432,10.602849374678538,15.45909115463688,14.38161844408445,9.110831736837087,1.272913671148452,-5.289805149512591,-2.385054333161031,6.322294155124437,13.559151997168176,15.541279020835825,12.118363438277921,5.435620416519048,-2.4775671523668783,-4.340130372167655,1.920152208278051,10.730272529296126,15.553316900945024,14.422878281762198,9.162947037386061,1.3722144874060935,-5.073220378298696,-2.1295234318253478,6.534532411827424,13.710718847865085,15.640346987458827,12.16339889351065,5.388879785505188,-2.6137348606526203,-4.556568557806839,1.5989502923235699,10.451942762938819,15.349051760179556,14.322442911778342,9.12235299140374,1.3705488979716638
"Idq=170A, Gamma=165° (id=-164.2, iq=44.0)",-5.589898647462663,-7.941728186697712,-3.151722478437873,5.371600886337653,11.267736366968062,11.617349083665847,6.700954846657364,-1.2760757201682291,-8.0837298928226,-6.261293244877822,0.7818849789910376,8.85339220857861,12.181789859372268,9.62383387360224,2.9935613584806258,-5.683548293279644,-8.136636085347932,-3.4305057003775827,5.118114113589102,11.09494145591587,11.53790687025429,6.687788955953326,-1.2210177994660607,-8.036275884788342,-6.245368397877371,0.8703059887782139,8.949720144727996,12.242644139248359,9.628278635905957,3.006394762669319,-5.618290471745987,-7.934101099064953,-3.2093332818645033,5.294242390277312,11.213757954491657,11.607354365051012,6.709723470524129,-1.2823976149886687,-8.170669443820971,-6.449879295502165,0.5910446501362828,8.737214155837984,12.102722908181917,9.592038732915665,3.024575212893209,-5.584685384247817
"Idq=170A, Gamma=170° (id=-167.4, iq=29.5)",-9.644703116014952,-9.159283105750337,-3.5181478327496922,4.9124370554485814,9.322667970571414,8.13844075488609,1.8328008964425724,-7.230701423901947,-10.384522767154147,-6.902953675118756,0.7515608593444145,7.715008102143872,9.491574887046772,5.46721038799973,-2.450531819445022,-9.734547276758931,-9.345561550306181,-3.770367471639993,4.7241868992551135,9.214584191350982,8.123132025294495,1.8812852503225335,-7.127211826473254,-10.329147429830414,-6.869993937362058,0.827100716480215,7.781216901219637,9.518483953605068,5.4344761194236355,-2.4764628106994704,-9.690617463159912,-9.170480380624756,-3.584289135472502,4.863571839595262,9.300691971554802,8.163220928790064,1.8804585331680852,-7.198907709334008,-10.459481404597417,-7.056065761338237,0.5921325088163523,7.633020726844569,9.443149699040472,5.462285579318095,-2.402230570603195,-9.64033098152762
"Idq=170A, Gamma=175° (id=-169.4, iq=14.8)",-11.289187480410336,-9.430354205995497,-2.778764258632396,5.107918456654621,7.979363005900676,5.270005956124811,-2.379160344172522,-9.966327234997438,-11.064441086412463,-6.745348300534817,1.5482833921042203,7.187248653942775,7.401634300688996,1.9418609905976687,-7.192312046662265,-11.370870458105141,-9.606661925781486,-3.002069251468346,4.9844659305544425,7.936222563335999,5.318773702801207,-2.270048843246067,-9.84739072485695,-10.994215125009692,-6.696854792302999,1.6044884701824647,7.222361553612778,7.394060878278774,1.8718525408679223,-7.256414464385583,-11.340532343898774,-9.462779713459009,-2.8470135981143647,5.087340665950583,7.989849883910736,5.329928697439983,-2.292653537465637,-9.912258628830234,-11.117705723406434,-6.8639384973883235,1.4220666036383838,7.139597189244151,7.383516647751798,1.9630916034465247,-7.128058557629454,-11.285628790856153
"Idq=170A, Gamma=180° (id=-170.0, iq=0.0)",-11.647023440545548,-8.79576461544653,-0.8909968477459845,5.930999907801909,7.245033704018297,3.0295772928196683,-5.615318975036159,-11.078836655547125,-11.034129045563976,-5.536076679933452,3.1121922676325218,7.272831095061523,5.926851292652535,-0.9362253188635967,-8.853503902232909,-11.719308183768613,-8.961690462739504,-1.0651607860510808,5.8731156592009,7.267100045212656,3.142005481303636,-5.453403073268395,-10.953180528300685,-10.9491828734187,-5.4772533795230505,3.1415843857850283,7.276233651448186,5.884489401031149,-1.0434202463368074,-8.941654813034768,-11.707839952016382,-8.846759547927272,-0.9452053761046363,5.93942336858341,7.288458630877658,3.1248108193594826,-5.491331814086443,-11.0052941469614,-11.065757664147894,-5.625310614568956,3.0222205900192303,7.259273256791041,5.938508517286335,-0.8897557575223173,-8.803835675111696,-11.643827415643353
"Idq=170A, Gamma=90° (id=0.0, iq=170.0)",135.74188409517473,124.20480203073198,123.25906783067545,128.15962739263193,141.33857833823456,149.40260639398983,149.89069176528815,142.22722845620333,130.0700517757235,123.7131238838869,125.08419157173131,133.57089893425297,146.35275688418994,150.47029527615612,148.17287005782998,135.7116505338607,124.05515892132505,123.04962586983184,127.92564137455875,140.91088527668794,149.05788077500515,149.49457013092308,141.8976374235924,129.79771591044187,123.50742292005678,124.94150509291266,133.63176106758362,146.48760910448468,150.70151339826253,148.46277904476847,136.04849412624256,124.45558314612285,123.42947477340441,128.23231450435617,141.19778972314987,149.21118967812356,149.6100238131497,141.93160733301636,129.7180149237201,123.31646087504647,124.7491921829053,133.256900401242,146.16025973254492,150.35845808427703,148.1017180964767,135.74689793815818
"Idq=170A, Gamma=95° (id=-14.8, iq=169.4)",118.23429469436803,112.91738754193264,114.81368698447386,120.10162905855296,133.3972398514039,140.37998261700452,137.29999526089358,124.72594726481657,113.34586748079583,113.06557809034162,117.2853276218024,125.56691348857682,138.6746742887996,139.7445219401185,130.80062891094468,118.18286930008992,112.75973456451771,114.60215527640867,119.8680863011522,132.969397065691,140.03427138960134,136.91199446084974,124.416164368798,113.09536819716149,112.84749442748537,117.13894366363378,125.62888953728216,138.80986389069375,139.95682832612536,131.09946859855114,118.52005229794106,113.17599486259647,114.99151369926955,120.1764366498575,133.2577628271331,140.19903180925368,137.02933459468676,124.42603531284257,112.99812876207774,112.65387732944487,116.94785086225193,125.25338545173273,138.47865623523674,139.61398748532332,130.7555475465083,118.23997687839535
"Idq=204A, Gamma=100° (id=-35.4, iq=200.9)",98.60933531285173,99.70806450572402,103.8753547220902,108.88554335926067,124.07093848037724,128.2765862688695,117.71195818545151,101.83647279708474,97.98871411424581,102.14345340941351,106.27244936035845,114.89683938731787,129.16967047746894,125.17851424895183,109.49348566005435,98.53819579781837,99.53049927605919,103.67660629957095,108.72781571924624,123.6684239148872,127.98317694619898,117.33104633047142,101.54445943901874,97.7296151511604,101.91457883598373,106.08057568014985,114.9474377658648,129.27587040218762,125.38028030464315,109.81424346410331,98.88814033061391,99.981048291167,104.07548618010176,109.01078481014268,123.93771766984833,128.12115767034905,117.41744593806321,101.52308963713858,97.62447135884089,101.71740535046672,105.94237428755373,114.59944724070908,129.0230708730975,125.06028492646799,109.48169801481936,98.61766796627127
"Idq=204A, Gamma=105° (id=-52.8, iq=197.0)",86.48448876504284,90.46592614884653,94.93657316804519,100.04102693302426,114.06044162774127,112.48990435598772,97.2292756713949,87.4975234655624,88.53207490202648,92.93322736485813,97.45442602514404,106.05949852626368,116.06477916569891,104.90817958480785,88.84934861141576,86.41518390420353,90.28929044435172,94.73580150771264,99.88195100714495,113.6564684458739,112.19410020221594,96.86465918354581,87.21475958046734,88.27272644451259,92.70026279226354,97.27372732130398,106.11701346642374,116.15892438862197,105.13498897099596,89.17967384379916,86.76470778342707,90.74370482004134,95.13705783263322,100.15981219898917,113.93142162691308,112.33608070020718,96.91931822660119,87.19280226738626,88.16796448435572,92.50473917104074,97.13377488873309,105.76573957413186,115.89586507337901,104.82037300416138,88.86841606269304,86.4930294110913
"Idq=204A, Gamma=110° (id=-69.8, iq=191.7)",77.36741811290294,81.41405021162562,86.1524104353005,91.42294670587671,100.89825098482476,92.64479650995874,78.4990786878253,76.27901494054956,79.47573861434682,84.14509095746284,88.72045121242766,95.47063832169495,99.00193284000565,84.82813320786371,76.40051556431499,77.30158112091432,81.23763817815511,85.94848856231896,91.25745193331565,100.49277851843681,92.34509981854295,78.1493188885733,76.0002010449204,79.215435755924,83.91547924531653,88.5520719301888,95.52972869951007,99.11725686706397,85.08029699475395,76.71577287513998,77.64926360474084,81.69587112687094,86.33851894068503,91.53216208029649,100.78562485397347,92.4601952537067,78.18200742371828,75.98326021531781,79.11309228710854,83.72135314330103,88.40958486651846,95.17352628037312,98.8403457216831,84.77008028866001,76.40937586899585,77.37672568636012
"Idq=204A, Gamma=115° (id=-86.2, iq=184.9)",68.57521008570764,72.86045037636775,77.57564062221311,80.0537712195137,83.02342176652337,73.05429428823312,66.37009436315371,67.48328616536541,70.6632560637034,75.4918782292143,80.2388639651255,82.49102095046783,79.48958801809555,68.01399764366678,66.18493052603507,68.51404722193638,72.68367553271345,77.36759720303768,79.87412956918273,82.61425406000342,72.74835810181872,66.02857098934008,67.20549212229338,70.40293259090842,75.27627916422455,80.08575785058927,82.54408906847875,79.64823278916994,68.27304020216867,66.48887296386378,68.8587842333326,73.13563188957404,77.74668308948065,80.1581497957326,82.88260003689356,72.83829866474919,66.07878188483448,67.19142633193879,70.30209293889223,75.08358909643806,79.93603864839127,82.18190908665495,79.35392009787333,67.96343193693706,66.18698896330704,68.58504845982513
"Idq=204A, Gamma=120° (id=-102.0, iq=176.7)",60.19984156531434,64.42876066242015,69.10929570064732,66.23062916231729,64.22846905424954,58.02949154572538,57.19493039502358,59.054991587290466,62.360389880870585,67.10271099816526,67.88697085230888,64.3705119352577,60.27518235613883,56.14412938381186,57.811053652669784,60.14197879993236,64.25060685578468,68.89651812423459,66.03206572148851,63.81424083218404,57.71413751790849,56.8568659452669,58.778373666786685,62.10888580214772,66.90185142618604,67.74155803440168,64.4726885047444,60.478354124640674,56.38165974367804,58.10598804874673,60.48373866908303,64.68977324286526,69.26531661271656,66.32179152483894,64.04846867415517,57.81325525866769,56.91618020115997,58.767500064906606,62.010428591363,66.70987933370391,67.5763195874882,64.10050765176938,60.16310366559644,56.06739131802046,57.80775353028254,60.21018407037845
"Idq=204A, Gamma=125° (id=-117.0, iq=167.1)",52.02362160333579,56.332462888828935,55.98720436891198,48.99616095558415,45.81081715407835,46.930161730104594,49.296519221231414,51.174390341937965,54.15905474198199,57.82316960178716,53.36199029608597,46.611382738483435,46.74033464818287,48.08560428831948,49.845257987153566,51.970574980756446,56.153175834988,55.763389701824124,48.77251569620178,45.39045502931869,46.6017085179956,48.95996012706577,50.90044208222011,53.919452388518614,57.635268698549275,53.24551362940686,46.763234320082425,46.94739139514792,48.31935379184981,50.130955619094195,52.30209438719689,56.57901268116803,56.13627423233412,49.02782852376703,45.59149535334925,46.73135600134103,49.02716117445236,50.8913225165247,53.823304325717174,57.44534233143213,53.06038456382693,46.379854619400334,46.60758669417625,47.99833710000782,49.836695993284614,52.03423198563426
"Idq=204A, Gamma=130° (id=-131.1, iq=156.3)",44.07087874477842,46.334823011999966,41.26664246802573,32.203961800457535,33.83825616283041,39.425693439939245,41.84499440111068,43.03924001296436,46.37156899729082,44.820970838691586,36.79887119886491,30.393482056619625,36.48453818384222,40.6829213677353,42.28770825416657,44.02294860051199,46.15593688480017,41.0293700882951,31.951775486983138,33.41203447966587,39.07728633159092,41.5103838913296,42.77280908555388,46.14380059100749,44.64374368992484,36.74454750505048,30.584643762352886,36.6913534989711,40.913890661752866,42.56197526555367,44.34305835845301,46.56519924416206,41.37775551670091,32.17415696598363,33.63390189756613,39.22683923884463,41.584979468432685,42.773913689253625,46.05059907044806,44.453003827740424,36.535747144296735,30.18948786822271,36.32294505571386,40.58434031596413,42.27397635335227,44.081709293235164
"Idq=204A, Gamma=135° (id=-144.2, iq=144.2)",36.608384967068446,33.70332058372255,25.718136640873986,17.82971005112111,24.834126172672573,32.45861135212835,34.5065714881579,35.29976964825469,35.78233240072478,30.323448952502467,20.714811893124242,19.149267257445313,29.26155441898471,33.7638357383128,34.34972762045255,36.56711982783149,33.52318291903027,25.465662177276226,17.546986623264615,24.400247970061262,32.08780914474344,34.18337963144218,35.04153603895523,35.57943124177715,30.194324454865065,20.723810080893042,19.335647454011042,29.478992895239177,33.992451612626944,34.59987017055947,36.874584431950545,33.91384275181156,25.771097742292934,17.758690051474375,24.635648633102974,32.2589368790732,34.264493046292046,35.05267896970754,35.48762764334854,29.994882770350102,20.488964459189788,18.929923511674073,29.07703734246557,33.65418631874695,34.322956045519454,36.61918378383382
"Idq=204A, Gamma=140° (id=-156.3, iq=131.1)",25.772890045425456,20.03856181956401,10.701415761169379,6.963004377734496,18.28021636760563,26.098896126154013,26.78171127453157,27.97547846050115,23.574500193287953,15.858371490219854,7.623364777065123,11.97462627142624,22.574648320978053,26.641561502250806,26.86289800113215,25.729654872489107,19.845632460791396,10.43319232444051,6.648641096978963,17.83653834702191,25.70437289879729,26.482170925043086,27.726921107488145,23.4109166070024,15.786238572040551,7.664796946116501,12.168007908678316,22.803755621088698,26.85078910873552,27.087985399389105,26.001779344040603,20.187379880232648,10.696308005946008,6.882886361626752,18.08018187298633,25.896525606725262,26.573041855605485,27.749166756807394,23.315530679533172,15.576244949708304,7.402956875732618,11.750388396931012,22.36537070065702,26.532431347231967,26.822849839432838,25.783481104189505
"Idq=204A, Gamma=145° (id=-167.1, iq=117.0)",14.4965225705833,6.919376041542959,-1.1685254907782734,1.3710629852367224,12.285755296613626,19.24905908292325,19.56314956398401,17.38326512631929,11.16234287432202,1.9833229501627727,-2.351431301975219,6.568427155459697,16.57103743759192,19.35485233800426,19.27400503869353,14.443420974504665,6.714172437189358,-1.4507457469401381,1.0231280549976272,11.831533327213254,18.89706457058205,19.288356349484534,17.193330054137792,11.06286213847345,1.9677420469973264,-2.29650570550316,6.77256842642826,16.810911264604123,19.531120582015017,19.46813645850725,14.672709100979258,7.006602094125162,-1.191219472100019,1.2665817557210948,12.083955954215547,19.072898568438262,19.38951456200949,17.201765376096983,10.95064003601128,1.7473120887760198,-2.5856446504192765,6.3416866959507825,16.342095465552298,19.247844591374022,19.227055601333934,14.506807064755701
"Idq=204A, Gamma=150° (id=-176.7, iq=102.0)",3.530835288012832,-5.267173406554951,-9.81891838268284,-3.296455949876644,7.136829765374543,12.654002191119426,12.117583201566335,7.232110732612899,-0.6460579107798852,-8.898257991235369,-7.480129374543365,1.7672556657050882,10.752699058318182,12.629224477340484,9.974378965123329,3.45897164436972,-5.48171117625606,-10.112815953196847,-3.6810375462019973,6.694525754060025,12.357286350622699,11.887981641368658,7.107851384318002,-0.6815340277047572,-8.903830329697502,-7.401023235798147,1.9821796772249338,10.955373050142464,12.770996174927213,10.123575620424932,3.641289620881713,-5.232877984011269,-9.851651456654102,-3.4273093117825475,6.941877226489183,12.5115595299944,11.983911335058373,7.096722481541348,-0.8105024764518316,-9.124820235921625,-7.715219655580961,1.5374292000031862,10.561120127597183,12.523451116652502,9.948909625752636,3.5407264011338655
"Idq=204A, Gamma=155° (id=-184.9, iq=86.2)",-6.781870330021343,-15.518583265288822,-14.440586177862928,-7.3417692062388245,2.7372717953285153,6.675182132877386,4.177765256551178,-2.364847990049826,-11.40658083172522,-16.03623753758031,-11.881432316983783,-1.9448767912592138,5.484273166978804,5.935764108038736,1.246663616344896,-6.872193091916172,-15.732066351158709,-14.74319772028119,-7.764940799915206,2.3715901995211026,6.434829697894166,4.020423494525427,-2.419005214800887,-11.390748101184181,-16.03096472910761,-11.777562014921411,-1.7400525046382211,5.647648928900129,6.037480135373377,1.3495457403822548,-6.737113888124272,-15.5025594208318,-14.488631513087862,-7.499862575778291,2.5793371996565146,6.567892034551825,4.089069689671593,-2.4533167772778226,-11.529685191987037,-16.250178565025543,-12.118884348579416,-2.1576339643336726,5.3313506086592835,5.851301003412253,1.2448199826102004,-6.772507038692291
"Idq=204A, Gamma=160° (id=-191.7, iq=69.8)",-16.10426239600273,-20.93567958919462,-18.34617668081738,-9.711656325426087,-1.0458558909743019,1.155819216909495,-3.1119698697414906,-11.266930713049518,-20.84941980454572,-20.04296117130974,-15.58483218857315,-4.812141225090794,0.9079880374477285,-0.4648112240579714,-6.821593076213523,-16.20354509857667,-21.144727425390045,-18.65795907362952,-10.09790372053997,-1.3317604352415602,0.9883088905264861,-3.1955548752394396,-11.251103159451274,-20.801788426924833,-20.025504766811252,-15.456681278567991,-4.642829438923695,1.0307121886859032,-0.4066239395052786,-6.765675607013012,-16.112106063752872,-20.93280291544198,-18.409080113626437,-9.85738798170238,-1.1648732685484442,1.0880794581842925,-3.1548264850830705,-11.308294300872957,-20.940360630897317,-20.242089504713096,-15.826142941914409,-4.983924950704344,0.7934609625484361,-0.5160589149224177,-6.799565849377205,-16.095607968312095
"Idq=204A, Gamma=165° (id=-197.0, iq=52.8)",-23.699659097164634,-24.22776414945034,-21.286548700387883,-11.106714364365251,-4.076798813685688,-3.729578731637273,-9.702809939310384,-19.27012755094834,-24.550106400106483,-23.343819865734208,-16.57963347818724,-6.983200358183015,-3.024773516869775,-6.1741527086366235,-14.16231753024126,-23.7994086967033,-24.43197532541318,-21.604064790951327,-11.416068701947797,-4.282646204083932,-3.8203495332965605,-9.712244254028956,-19.19304352285027,-24.491627481588008,-23.31496010379538,-16.462219534411062,-6.851320132717803,-2.9420951253500736,-6.1601435145327565,-14.153538336673092,-23.74464270188665,-24.23676864832088,-21.360887259138224,-11.219200760797618,-4.156256226755244,-3.756190602777503,-9.699236992666913,-19.265092817125026,-24.62561848145611,-23.528818071238756,-16.790464955829115,-7.113030074810024,-3.102133659848686,-6.192543929557613,-14.116899183589842,-23.691879523089604
"Idq=204A, Gamma=170° (id=-200.9, iq=35.4)",-26.588719660811794,-26.826970564745874,-21.26592890850167,-11.7252531362013,-6.411246701593515,-7.904268726172957,-15.5458930638185,-24.996025463276673,-27.181225894024774,-25.160504646820158,-16.61639209766602,-8.355056397120812,-6.256239162045952,-11.162100891359636,-20.685396459072198,-26.67948115251851,-27.025560553146512,-21.549884191161535,-11.95529872182249,-6.539376892518383,-7.9180793472483115,-15.481452577394148,-24.87894901004678,-27.112227231342533,-25.12288965174948,-16.5155827552131,-8.26091770331657,-6.214392705012753,-11.192706534311554,-20.722958983533086,-26.639528836903946,-26.846792582865245,-21.343162004173653,-11.80295217034084,-6.452269416905226,-7.88915072629064,-15.495638341194443,-24.95387529910862,-27.24268556590934,-25.328694682866637,-16.789934323685785,-8.443131535007375,-6.296728084721856,-11.148247713874714,-20.620034144379094,-26.58195453747584
"Idq=204A, Gamma=175° (id=-203.2, iq=17.8)",-28.627354722615237,-27.527719759449294,-20.504006331036255,-11.502695385192288,-8.02398383675997,-11.346390484686506,-20.60086244812222,-27.342076351438305,-29.11925214863805,-24.601995756664046,-15.79437391847393,-8.987328770878452,-8.76416786567526,-15.397292896533427,-24.718829728535173,-28.709736686236866,-27.71724517736756,-20.752600262722304,-11.653850856773639,-8.074047438370524,-11.283309334240256,-20.463719426110416,-27.216842317770766,-29.04093217502368,-24.552412734228238,-15.71120639009392,-8.930605635380578,-8.763700395404319,-15.472671944867113,-24.792760861149976,-28.684367362767738,-27.558619141883423,-20.583519030751965,-11.54572205210544,-8.025984057909179,-11.289101403910713,-20.50398162490293,-27.278493468427012,-29.167145465273535,-24.735482962239697,-15.930234552316115,-9.0340999048864,-8.768287746268257,-15.352054315594586,-24.655304338240388,-28.621693079209635
"Idq=204A, Gamma=180° (id=-204.0, iq=0.0)",-29.829266202102925,-26.48899819777927,-18.781541882019873,-10.511896775519727,-8.905178999018819,-14.03965901177975,-23.367247388450092,-28.86369949032061,-28.809473844780516,-23.277700482453035,-13.954070248712835,-8.88462984153598,-10.533907475319044,-18.85099646788696,-26.54631271674221,-29.903422950646277,-26.665501519379667,-18.992808514206033,-10.584174237349721,-8.876994460118526,-13.900043043162555,-23.193247792911823,-28.730360054000016,-28.721846715066917,-23.216505963418165,-13.900889141054321,-8.8659591179781,-10.575186168101473,-18.970999289512772,-26.648777635127537,-29.89141060150082,-26.536816506461257,-18.861861026036067,-10.520024832733986,-8.867653561548881,-13.939921771679797,-23.229259109214794,-28.779149851611063,-28.842786047352366,-23.375704653498982,-14.047341478806139,-8.890488623830153,-10.502297502826845,-18.775471148757187,-26.500206708980777,-29.824808029175344
"Idq=204A, Gamma=90° (id=0.0, iq=204.0)",135.74326712004972,122.74618099682787,122.5076442775043,126.8126184976347,142.16633165230996,149.91168869777675,151.22371880593604,143.749212584805,128.56209945741773,122.40131781468664,124.56463210523239,132.73614452018535,147.64785907671163,151.20647655376223,149.6345787557364,135.7069276264872,122.58093158965563,122.31161417956596,126.65589634016993,141.76334657378393,149.62205091612145,150.81941132876068,143.40937259673618,128.28829308965544,122.1856851043858,124.3776384842462,132.77538162460945,147.7552681779718,151.43740108779525,149.93910284423535,136.05638105875013,122.9997966135228,122.69663940603229,126.94107289208728,142.0314883640605,149.73115638323233,150.9217281008785,143.44572920800613,128.20078924108546,121.98838445821825,124.24291106187597,132.43046941418854,147.50934870205603,151.11683600840274,149.5682038559783,135.75041456518514
"Idq=204A, Gamma=95° (id=-17.8, iq=203.2)",114.73415983908164,109.92352235143102,113.15118919715114,117.69549025242945,133.10297943578541,140.63927044041313,138.30545664788633,122.74767515514087,110.76728518777995,111.49012804205832,115.33539017412073,123.86411290430384,138.5136389709159,139.5970790242414,130.31814298074593,114.67239014596217,109.74995829241725,112.95408790607344,117.53820988932225,132.70074763200418,140.34731468813598,137.90853494202236,122.43160493098281,110.51053821393275,111.26579505470454,115.14500198266315,123.90840749075264,138.61887725128312,139.81175926083546,130.62871990892054,115.02225086478836,110.19045774361349,113.34612050209576,117.82607422767407,132.96906312865752,140.46335088391004,138.02687263028025,122.43904278379757,110.40781448472148,111.06694901662031,115.00871687940611,123.56241286936692,138.37404195258858,139.49103972227545,130.27516674710967,114.74210929346968
"Idq=238A, Gamma=100° (id=-41.3, iq=234.4)",94.95738472658391,97.28194966987138,101.12631315731524,106.6118833255973,121.70495063050069,126.72496560853874,115.18955031886183,96.85627052612323,95.4710556364608,99.52218379534463,103.80035148209157,112.54667710953098,126.7955160754669,124.24759909714673,105.77451748545136,94.89724415224673,97.13173950419181,100.94669952998565,106.4663917729616,121.32377112971916,126.45601717264104,114.81108576781696,96.55740860821352,95.19361141360956,99.27056325079525,103.60100387755809,112.5914613092977,126.90042605338105,124.44169900590458,106.10448474842174,95.25087638135457,97.5749958469236,101.3439605688277,106.74237832982817,121.57669545446836,126.56663137781466,114.88922892376571,96.5391396044892,95.10460985652676,99.09646623197224,103.4770883791915,112.26479938180091,126.67056481717667,124.14053772917704,105.764039148458,94.96612780414983
"Idq=238A, Gamma=105° (id=-61.6, iq=229.9)",82.56444781203271,86.5107170361356,91.32660847181481,96.44497969359433,111.30391026978906,110.05509480192585,91.6975816197145,82.23046521085776,84.70124549305915,89.1632916588736,94.07156025348374,102.21006108438571,113.42611520880008,100.77440396762758,83.77864168889965,82.51129213669165,86.36226952414239,91.14616751865552,96.29829061932685,110.9213411332103,109.79252194702771,91.32643841822748,81.93593634278605,84.42160685901634,88.91103058022468,93.88007620454067,102.26250945414553,113.51714181205442,100.99587808387957,84.11235527392738,82.861739980851,86.8096036752484,91.53707351472114,96.56826914098902,111.17621488913754,109.91415002505741,91.37778918048095,81.92984086411545,84.33647252158828,88.73944226632008,93.7549599755694,101.93238270770321,113.28863744189317,100.7003788303912,83.78775882716639,82.57338799179676
"Idq=238A, Gamma=110° (id=-81.4, iq=223.6)",72.02210432151672,76.53466272422727,81.61065692362997,86.31795383223184,96.94803005007587,87.15556006231733,71.89169163670984,70.88282954922057,74.13551982409946,79.50682653781679,83.9021873176558,91.94160747602612,95.32600902155771,77.66145640438413,69.5246849945747,71.97542225986403,76.38715792698419,81.42800654605887,86.1690318578476,96.56436785168559,86.8973751420112,71.53378042432303,70.58922156779275,73.85476772232956,79.26031595604002,83.72488833458358,92.00152476731856,95.42125545771962,77.91076357973377,69.8382598551169,72.32239595959685,76.83226809088744,81.81187327350295,86.43347110710721,96.83632898864045,86.98168723270064,71.57546646632593,70.59018568896418,73.77245495813324,79.09071918184169,83.59684557012504,91.66683737423975,95.19448819621091,77.61741023462841,69.51653173969858,72.03167794217686
"Idq=238A, Gamma=115° (id=-100.6, iq=215.7)",61.795388129729595,67.15629522603248,71.6044254750281,75.18715994073676,77.67105226748203,64.60216901918264,58.60678229516648,60.68779465264049,64.64633967528587,69.84620888917576,73.96923931925883,76.71469330510206,73.06462426861792,60.01330723953789,59.33286854339985,61.75402399380153,67.00858709862352,71.41696662689745,75.03510262312793,77.28457500554623,64.34001868486912,58.25544494751898,60.39474614437168,64.37000612463792,69.6099005341087,73.8067881848858,76.76502579567217,73.20153368944507,60.259271314320245,59.63513500388727,62.097536101866424,67.44831285220111,71.7880647804312,75.29850045971,77.53960788081898,64.39307031862236,58.31892777806583,60.40048981937887,64.28970494270388,69.44135131213315,73.67501884194027,76.42524579609902,72.97266786750018,59.961779490407935,59.316237902536926,61.80557796175504
"Idq=238A, Gamma=120° (id=-119.0, iq=206.1)",52.875257529227724,57.65110055863494,61.91630589594474,59.9440868187865,56.24192739044247,48.93349257329323,48.96799257497265,51.07860091609338,55.63926681800727,60.051562707934806,61.88085769698065,56.708390115889195,51.00897998826988,47.86388874493712,49.602115431051736,52.83401395382807,57.501721398016905,61.722941950149824,59.787348884146596,55.84793624876104,48.65667827816248,48.61761711897998,50.78741984932606,55.36911093620315,59.83270571263174,61.727690037601924,56.80107929376974,51.19481592366465,48.09247204514145,49.89341185664948,53.17335750070166,57.93095890643686,62.08169707006728,60.06387264869543,56.064327270575795,48.736019522676735,48.6913621471371,50.79568378633724,55.28977961416327,59.66454577903053,61.588854622563474,56.45226156665902,50.94647076298895,47.786516487482196,49.578250358298675,52.88595122575369
"Idq=238A, Gamma=125° (id=-136.5, iq=195.0)",44.345338479261514,48.1752038266661,48.81380427919827,39.719511422928136,36.424878583669845,37.926976434441926,39.766861822729055,42.62511118585136,46.286565961234416,50.632228366684366,45.80366275214602,36.16553909314258,36.9861320515125,38.72895719926931,40.70663411513724,44.303330089895354,48.02268292888776,48.609190847447614,39.552861427307285,36.02162405469077,37.629704010716814,39.41811016583385,42.338190565492745,46.02872122405451,50.431793187174875,45.66477713615384,36.31361130837946,37.16480454267321,38.95382368584982,40.99024778367137,44.638633803278374,48.43752775923055,48.966798444514914,39.78254912501043,36.213292701973934,37.73971308652197,39.50133584520422,42.344024268138035,45.95144075591304,50.26273349433556,45.51409793596278,35.952737199377445,36.88466394278581,38.638199479057086,40.67982478114233,44.356517330834436
"Idq=238A, Gamma=130° (id=-153.0, iq=182.3)",35.10372232674842,38.97254040512492,32.32252424415703,20.28325133024239,22.73414437113951,29.256983859045288,31.64395437696442,34.374137703001345,37.13774238465238,36.45891357082673,26.649355947581892,18.833749202310354,27.078108846971546,30.0924937919211,32.814619651903826,35.06745170776318,38.81525623142497,32.1017056286202,20.09889201915184,22.321902812306718,28.934991019523473,31.29621225140114,34.09281558298366,36.89475484249447,36.27484758729316,26.57519716582716,19.01496600419462,27.264320438800024,30.314116700736722,33.094677516899004,35.38973086518372,39.21628273413591,32.442564137988164,20.28505836647761,22.540033163441628,29.069361917091342,31.383087457924937,34.09798999829187,36.81916322381802,36.099816424649944,26.40847819507375,18.63968086055609,26.947354779966343,29.988536564339405,32.78998537668807,35.11516429800891
"Idq=238A, Gamma=135° (id=-168.3, iq=168.3)",26.303240649106225,24.096193939371492,14.502784662388857,4.9623575589192725,14.453221939666639,21.15496389307694,24.394191385937994,25.344755610840036,27.11103996085841,19.97753669668053,8.247970840430838,6.89021411498931,18.71485092632751,22.73991706877926,24.741094151257663,26.27231810262611,23.928329351048944,14.26081447504135,4.741235740259762,14.029696457339687,20.80675882641531,24.047428057374837,25.072997028618545,26.88940466696571,19.842776746209523,8.243176455306633,7.069109784916658,18.91368501143633,22.968176232386117,25.008395298340204,26.581170430384304,24.313804376734062,14.553593419838032,4.928337157117009,14.257839148578912,20.965985771010832,24.134422342458215,25.089882825488175,26.81330104494426,19.652683516844718,8.052020445777591,6.680328434003559,18.556609366028216,22.6332642344209,24.712635013497763,26.314906907807607
"Idq=238A, Gamma=140° (id=-182.3, iq=153.0)",15.72385848822443,8.400854328168043,-2.595834148303065,-5.346964944910853,6.850790181649949,14.459078998272426,16.38320583210018,16.84571919346457,12.881250579767352,3.480971336700056,-5.712909835459884,-0.03711085212329546,11.09300010848411,16.121432030598847,15.99200926312257,15.691815310241015,8.208787839200491,-2.859044658544492,-5.606072724877552,6.415405232680882,14.080865770319292,16.053001682612663,16.584244681513102,12.701514127628524,3.420795265625868,-5.691851784396814,0.15424600852377104,11.30738369748362,16.35826015656628,16.230251094392887,15.974282011853486,8.55132011419716,-2.6137984813800936,-5.398524177372641,6.65349429891752,14.255945422159705,16.14634187970893,16.61253591319256,12.619647491021086,3.2055575306083095,-5.916013800577204,-0.24934695997275852,10.907687675861439,16.01400809234445,15.948427075828738,15.735735898403776
"Idq=238A, Gamma=145° (id=-195.0, iq=136.5)",2.4540787723776605,-6.583140066084245,-15.324067445665408,-11.476867250761432,0.17566700224024473,8.383296360066344,7.924841252645809,6.032093797849782,-1.6353067006822213,-11.745909439840435,-14.679235441300259,-6.325385488175406,4.669027524635188,8.193099040435515,7.821402711692663,2.408541739781121,-6.806193720953771,-15.604850394042112,-11.776136867553724,-0.2726210762558773,7.974206068215684,7.623864118489915,5.818694506060854,-1.7345761655115828,-11.746907780227373,-14.63624190922222,-6.121460273799756,4.906065705541825,8.402154725408534,8.029892275105167,2.645494516539041,-6.512416613072045,-15.351186319743402,-11.557947290734838,-0.026608172670157988,8.1660479811618,7.728456535652313,5.838523228871296,-1.8448338243867157,-11.977383690268942,-14.891329387869504,-6.540608345218291,4.461298187569983,8.087368567505305,7.7629024740080155,2.466181327127402
"Idq=238A, Gamma=150° (id=-206.1, iq=119.0)",-10.281160761994645,-19.996903885347905,-22.64399070374733,-16.92230600839366,-5.440935385923833,0.7585213599107521,0.027071127044857313,-5.999780128488318,-15.110693861843309,-24.047789984616575,-20.508146407199305,-11.492200015186874,-1.2899829064932828,0.28657212453246184,-2.607790269708347,-10.35806496246346,-20.231178972897737,-22.93706399162524,-17.26433006895329,-5.90322404520584,0.41100435410619063,-0.2418972899873445,-6.136803118092338,-15.127694893810467,-24.035235983812342,-20.43666769658689,-11.275170280601177,-1.0413556025603288,0.45542849438922245,-2.4460345259604557,-10.172013796645786,-19.98070537508924,-22.687447766627336,-17.034153536155785,-5.651955633468292,0.5789900204071403,-0.12744035150140848,-6.142452824383304,-15.268390771553332,-24.269324543379717,-20.72185672860292,-11.710717597123377,-1.5098848435965382,0.18324974895357615,-2.644175476261876,-10.268704941744671
"Idq=238A, Gamma=155° (id=-215.7, iq=100.6)",-21.977472845895317,-30.49913616551298,-27.918540554306844,-21.103135323580013,-10.455690704280071,-6.301989137834599,-9.42234745904695,-17.04548660599444,-27.01953045797095,-29.523490888255136,-25.622735494371906,-15.70151638649649,-7.436479779722564,-7.215264119120462,-13.014838489995304,-22.08448566051395,-30.733981306543658,-28.22237850351781,-21.488847673540285,-10.893439350913798,-6.582307967022596,-9.605214985960744,-17.09489248033163,-26.980604897283612,-29.495105662532197,-25.52255285255342,-15.471191133933141,-7.233700410676414,-7.089814913614213,-12.904202726660923,-21.95087052275015,-30.505219373508783,-27.980049318115057,-21.24560285110996,-10.655894180291895,-6.440207111091075,-9.526386014051273,-17.137130246198883,-27.133123621015436,-29.72757786218483,-25.839358249961723,-15.923754561897493,-7.611282615690746,-7.307418577643151,-13.018423813083324,-21.965036157296584
"Idq=238A, Gamma=160° (id=-223.6, iq=81.4)",-32.33365426408482,-35.063279764274746,-32.32518435047565,-24.44095494160978,-14.885663460746343,-12.787609739909717,-18.063853491838735,-27.059204215641003,-35.4349359808889,-34.124685682576306,-29.384466015417193,-19.10379004235123,-12.894633531133477,-14.876462488669093,-22.177023819390534,-32.4510326800188,-35.29383510111123,-32.639308848784815,-24.872079214127726,-15.230179972884027,-12.989253217193903,-18.15772902024896,-27.022240265939335,-35.36554334208979,-34.081632913299316,-29.261129914504995,-18.891674265323637,-12.73980129367354,-14.801686058292526,-22.1180155718192,-32.36666261199293,-35.084693597621715,-32.401908943797864,-24.61463830713712,-15.040427494428382,-12.880958447241982,-18.11680827524329,-27.097708304249533,-35.51898266713461,-34.311638886692805,-29.60992238051721,-19.300424936523225,-13.023171611094545,-14.926801174174686,-22.141431362260462,-32.321954895138006
"Idq=238A, Gamma=165° (id=-229.9, iq=61.6)",-38.634767148434875,-38.87606410142527,-35.4977496413318,-26.285533994798964,-18.579076574391184,-18.687870841510577,-25.49120477834333,-35.958640759229006,-39.28982236024357,-37.677414544336024,-32.41103171537949,-21.687555342591537,-17.644369235922344,-21.57329389989878,-30.318179749487978,-38.7498854248331,-39.101174791562215,-35.82068818761596,-26.65807016222162,-18.827231188466993,-18.796541115908198,-25.491317382236478,-35.84961356729614,-39.206851919689235,-37.625273948368836,-32.264285650142284,-21.51915116560684,-17.53775363069955,-21.550188938769082,-30.313542686810496,-38.69565100639286,-38.91150685127237,-35.58203640197437,-26.43649508890671,-18.68649514542243,-18.7324772894312,-25.492524577532294,-35.94357678842784,-39.35703227740272,-37.85252937778402,-32.646166320263276,-21.835063954604475,-17.726883406972213,-21.581433036553953,-30.250874929286955,-38.624022387440604
"Idq=238A, Gamma=170° (id=-234.4, iq=41.3)",-41.8248687831547,-41.42483548584324,-37.49991864729148,-27.10446182862833,-21.513246632047554,-23.52220992589204,-31.87037230801238,-40.432376727465034,-42.359461769814864,-40.07931505006747,-32.52157174252849,-23.48996940643628,-21.636063891812874,-27.113303051373716,-37.55002342335635,-41.93103142797634,-41.643478856525064,-37.82330450851533,-27.38392346580388,-21.667624988321897,-23.535241630599604,-31.78043604514924,-40.298600562299505,-42.26421829440285,-40.024800213581734,-32.392894751588955,-23.36713880616609,-21.577955271160967,-27.1428575926094,-37.59953311255732,-41.89396420125213,-41.46652679015799,-37.590618323993766,-27.214587076484694,-21.574736319601723,-23.516147753554073,-31.816995369176635,-40.385858713684755,-42.410277209264805,-40.24915047794887,-32.71484240988824,-23.587440599379374,-21.672917832955942,-27.080202827405817,-37.45638075381479,-41.81525991722482
"Idq=238A, Gamma=175° (id=-237.1, iq=20.7)",-44.16669250612158,-42.91644231708736,-36.61100897358183,-27.099666405062976,-23.658824521059994,-27.26059108083207,-37.01894013342753,-43.044117841042045,-43.85513992837289,-40.85921986533465,-31.717120652234858,-24.485628211881814,-24.49400184127227,-31.654817235746798,-40.5356005011477,-44.26331048916139,-43.12760247079683,-36.89313992533623,-27.284230152798326,-23.719398590113702,-27.17847257260621,-36.85035123687859,-42.89987256346302,-43.75461178884013,-40.79865733775396,-31.60930032359608,-24.406662613003313,-24.486228657028974,-31.737285605621697,-40.61945199251589,-44.242970052653355,-42.9595350409781,-36.704368188335145,-27.16775254341181,-23.67412501284998,-27.203001100610987,-36.912360955837514,-42.972722404534295,-43.89800207045752,-41.01082636365162,-31.865836175245562,-24.533995260856038,-24.48463960557765,-31.584822504038364,-40.45986725438938,-44.15836477427419
"Idq=238A, Gamma=180° (id=-238.0, iq=0.0)",-44.559918326515096,-42.52421081715752,-34.864011189385046,-26.249275464165713,-24.640688366756166,-30.05135455286146,-39.44551520568628,-44.47015056468249,-44.409659943633706,-39.34153511722149,-29.95872672653349,-24.62616295384202,-26.28994633643757,-34.949902474025436,-42.59313663016956,-44.65332387253324,-42.723031480590485,-35.103100572859496,-26.339917176525024,-24.604273036281853,-29.877436301841865,-39.244228072810564,-44.31734214144754,-44.30617054075103,-39.267594815694444,-29.87987101545531,-24.592300950943923,-26.33252623800794,-35.082023368719675,-42.710294705499116,-44.64065919973143,-42.57878063158442,-34.95929227980804,-26.275772071834577,-24.607396792295745,-29.94269401052058,-39.292701906486876,-44.37873170994905,-44.44644296746106,-39.45168968867974,-30.05937227377381,-24.625403188770328,-26.236840215713265,-34.858962947040894,-42.53711577817338,-44.55282201195188
"Idq=238A, Gamma=90° (id=0.0, iq=238.0)",135.74424755084647,122.32518616667012,122.63964817524442,126.39743917224902,142.3422394380965,150.07494431908086,152.18614068059046,144.89783973042813,127.421366795922,121.44884018139467,124.40244137494818,132.54857016949407,148.04896166720116,151.05419279901577,150.04051792642264,135.7041930236103,122.17165307301543,122.46237464761951,126.25032108278927,141.96131483491465,149.80135200374002,151.7974353874273,144.55907187524028,127.14000512355051,121.21068294229876,124.1992552025922,132.5778433365472,148.15906093564095,151.2874647791371,150.35063258643564,136.0614252882232,122.59444485962234,122.84700876586848,126.53798352931331,142.21633598479735,149.89334872382037,151.8739067448971,144.59065398717814,127.05482379461023,121.02916006135463,124.07753154060542,132.25517212307992,147.92744139714577,150.98651960522182,149.99284931101235,135.75314153427783
"Idq=238A, Gamma=95° (id=-20.7, iq=237.1)",111.663788314489,108.18191742639434,111.74281102988927,116.40461306926342,132.23248672368038,139.29366625552248,137.28796860579678,120.8882194480139,108.77444288859502,110.4070936256951,113.66084181352927,122.71039132854811,137.39237154377287,139.2454332898958,129.57260392750908,111.60274580884614,108.0284563177292,111.56462346294335,116.25844122140086,131.8515636061453,139.0214952181172,136.90123976209384,120.56698101540748,108.50174255683665,110.16145652086026,113.45402882094427,122.747461187528,137.49993818783756,139.4672572701013,129.88857716396356,111.95923789835012,108.46804308016041,111.95727928148328,116.54096720018055,132.10340777627124,139.11871471358327,137.0003539937072,120.5747638362891,108.40968519638994,109.98420527944215,113.33055298321429,122.42327807730183,137.26958352276716,139.16616785999904,129.53804091261614,111.67281338224878
"Idq=272A, Gamma=100° (id=-47.2, iq=267.9)",91.30320325115655,94.86548807626556,98.87829163610358,103.9680292598376,119.33052419079851,125.29224854281934,113.07905959964944,93.27439317447597,93.17877053369364,96.99177412892968,101.32825360382466,110.12641186502198,124.16041215285156,122.25481107045438,102.00436456048261,91.25728911213918,94.74321429541813,98.71902221022788,103.83385750614379,118.97061675008514,125.03431190999153,112.71429342537644,92.97774756435109,92.8813496216266,96.71837909878805,101.12143207496634,110.16529724725265,124.26727097072742,122.4526846162492,102.32295652803484,91.6080237990774,95.17880786951288,99.1064081199656,104.10298066461561,119.20722405611023,125.127230419955,112.78871357574164,92.96722007815298,92.81142322732197,96.5674958491575,101.0118024708292,109.85999925354545,124.05196085798516,122.16269066354138,101.99568695754175,91.31183190357928
"Idq=272A, Gamma=105° (id=-70.4, iq=262.7)",78.7251830907202,82.86825053900444,87.67862913838886,92.8489324541644,107.44362092141382,108.02445104729897,86.2374668153177,77.37859110314254,80.87041608409176,85.74786640265944,90.20963505684426,98.38323937443528,110.8117042470237,97.09188350299364,78.72516136846149,78.69025754375961,82.74835602507825,87.51841419727909,92.71463023150875,107.0821253255036,107.76745442100022,85.88065893397312,77.07424015575486,80.57048727352002,85.48009928647562,90.01180044866071,98.43096844684241,110.91000252240686,97.31164568573203,79.04908707759796,79.04049291017188,83.18503609317455,87.89853720098664,92.97672608298882,107.32096055287505,107.88884231745322,85.92467769041379,77.08498587209507,80.5049805588209,85.33298199636003,89.90079858097545,98.12167532392392,110.69072316709385,97.02347766611685,78.7246406583834,78.73429882613063
"Idq=272A, Gamma=110° (id=-93.0, iq=255.6)",66.67679053013045,71.86585679773147,76.70107324417427,81.27518861260725,93.23592560069616,81.99617639119982,65.36065304181639,65.54377159314991,69.34268684668774,74.71190626430888,79.08392342288396,86.87873940549953,91.84193586805003,70.70215509113257,64.00348297607425,66.64926339881379,71.74750487425139,76.53868133051456,81.13833450410388,92.86831477003334,81.74178315297657,65.0048432432504,65.23482922178833,69.0445557855632,74.45071114455033,78.89770473897839,86.93557661264636,91.93575463502413,70.95314091198892,64.31521908550444,66.99552831445286,72.17708583781597,76.91219794885424,81.39409975855247,93.1239316240442,81.82243011158516,65.05428857782078,65.25492001491646,68.98245142819823,74.30586989981335,78.78410627373161,86.6207254074899,91.7126915422262,70.66773118614687,63.97789494398104,66.68663019799358
"Idq=272A, Gamma=115° (id=-115.0, iq=246.5)",55.74510846514326,61.14772251408031,65.63321032784306,70.22230895774359,72.84184965922991,56.28202993556654,51.7685421070123,53.89230313991558,58.68599470189458,63.9678840342256,67.7319828532874,71.73196984641748,66.48163766098591,52.15804962389284,52.51403790926005,55.72034629626492,61.02913821326776,65.46633605075714,70.08096462704583,72.46718951939145,56.03000922949776,51.404642812242066,53.58400016644999,58.393968382147236,63.71415497649877,67.56273313932377,71.78394988867537,66.62336389386225,52.392918861808056,52.81423354710974,56.06203759079432,61.4525655650316,65.82944647138176,70.3315802590343,72.71746474760214,56.07013840120756,51.48132986779791,53.609553306818945,58.33422403552402,63.57008254092446,67.4448757272347,71.46076891884681,66.39665971868652,52.10274919542558,52.47787580830138,55.7555775079876
"Idq=272A, Gamma=120° (id=-136.0, iq=235.6)",45.55067349314113,50.79541916173595,54.56107366603352,53.96413444820021,48.36526468136263,39.95422633616259,40.752782426790816,43.648394760751884,48.39219715071907,53.006658199147545,56.34130812309464,50.370320250777596,42.812373089720666,39.81223187669667,41.48675924721772,45.526049107723814,50.674829284344206,54.38745070590276,53.814206936558556,47.9818824880921,39.70245482581271,40.389982436768946,43.34385923540901,48.10723102393608,52.769584965162046,56.1882167280619,50.459922038826825,42.99148377436787,40.03246313332597,41.77514516867157,45.86297633232029,51.093095349739635,54.73645480239438,54.080392893191764,48.18809981242692,39.771721138535426,40.478397718165084,43.36832266676918,48.048595088620424,52.62562148999667,56.062315811567125,50.12522407523945,42.76094785697754,39.733281296306465,41.44308047027321,45.56171838112897
"Idq=272A, Gamma=125° (id=-156.0, iq=222.8)",35.802194578894,40.04384418974248,42.27216968848055,32.11264477163461,27.141938530039358,28.996837221461714,30.542493541111234,33.98726364047534,38.41407718048682,42.24170466628989,39.43510548496519,26.88443626469769,27.70046354843929,29.372310110219196,31.93314153762318,35.77669612037212,39.91964911838717,42.08525688030896,31.950066232639337,26.749797154221614,28.729510554534116,30.180873065932467,33.687597196742345,38.1379900595904,42.02568493606841,39.28867047555477,27.037204889367022,27.858230834774655,29.58829357984982,32.21750961570113,36.10900639240793,40.32250897320125,42.42892416046684,32.17396595806316,26.937297207982713,28.820857360401583,30.27746000874722,33.70928321739864,38.07957718610889,41.880693164630934,39.14601298695153,26.688843820644838,27.623171677233444,29.27806185810636,31.891016018824374,35.81379392979263
"Idq=272A, Gamma=130° (id=-174.8, iq=208.4)",26.136565908718396,29.821173675907502,24.755926024848996,9.806927043026992,13.388751040425934,19.088274278151285,21.648477188061822,24.852046404160962,27.958278807250203,28.97835392844021,17.8031527503249,7.923184022063379,17.72615648583487,19.99944423820302,22.91369643678498,26.111954815014354,29.690871468831777,24.547537245213128,9.63083103564863,12.98786461588595,18.79269570745605,21.28714809799483,24.55802506933391,27.6991713378075,28.78679747403027,17.731150736976343,8.098823115030166,17.891960473191972,20.218204605416624,23.194000739389868,26.43640337191439,30.0781344708785,24.884165880218998,9.802609357427817,13.198333769063467,18.91188459533808,21.3845095860669,24.575968513590812,27.642688578000314,28.630571811284756,17.56870970494526,7.738072732483692,17.625604719805857,19.897172146708225,22.874056699448115,26.148619302782688
"Idq=272A, Gamma=135° (id=-192.3, iq=192.3)",16.078872562841617,15.637310753416546,4.540650676872472,-7.174387725018235,4.10985743342764,10.471701750167446,13.363033769745911,15.389741573425383,18.336659595868827,11.31862579346407,-3.2902004017981987,-4.115655728193676,8.16814743367027,11.767401592118373,14.497067368010336,16.060373552000552,15.490744540797936,4.307323409918689,-7.360982900078158,3.696319232235603,10.14409356309391,13.002823304821979,15.10445801828188,18.09766027796957,11.178410459523317,-3.287900733563766,-3.9405517640661856,8.348377127633514,11.995974139490027,14.773292890830056,16.3694771607151,15.861911120846457,4.5895295667214375,-7.188476933059517,3.9174865530331724,10.28398277913828,13.100320882676403,15.127086681268748,18.03929886997291,11.001177958973633,-3.47038577059681,-4.313261352990927,8.036181389590832,11.664475117829461,14.460827017153713,16.09118228540975
"Idq=272A, Gamma=140° (id=-208.4, iq=174.8)",6.340498113162396,-1.403637162688829,-14.4517971386554,-17.319194851501784,-4.5037569302545,2.8192618703908554,5.749220513464455,5.67655709642488,3.41736845140782,-7.511417496328119,-18.584703360413986,-12.03259854775099,0.04948634985493805,4.203418691340749,5.133506524194123,6.321783401469031,-1.5796164528236918,-14.71005206880153,-17.523899912760875,-4.9309903413002845,2.4573586418412674,5.390947400302012,5.403026764447075,3.229679889850984,-7.566250813521672,-18.57614025061156,-11.843253222800932,0.2538703880885599,4.441784338553055,5.384755621609676,6.611675493550526,-1.2508213445483982,-14.472314401757034,-17.34313563620542,-4.699000945672605,2.6153652375941285,5.4879415767383755,5.438690210073741,3.1579553736226966,-7.77240987751232,-18.776161262205626,-12.232890374678163,-0.1074282245121146,4.099610955456379,5.086076338425727,6.35314744551523
"Idq=272A, Gamma=145° (id=-222.8, iq=156.0)",-7.979112449671633,-18.53775306605936,-28.523838952108978,-24.324797486759557,-11.642263802439007,-4.124489716130386,-3.682001986850515,-4.460527447090382,-12.553046283008285,-24.59697075097774,-26.874550907399186,-18.986673708502163,-7.292196603115244,-2.9686542571332186,-4.20432953458294,-8.01656741354384,-18.749721416729386,-28.8035795846341,-24.575401790105037,-12.08517021544896,-4.5216810177056885,-4.0094676331009165,-4.695386375113362,-12.65132133731231,-24.588119171348545,-26.843254114673133,-18.782683812559466,-7.061921602702016,-2.7268111311979464,-3.98708302900484,-7.777005153512946,-18.476280327601742,-28.556487153651755,-24.382476337190777,-11.84769429772825,-4.34451755211776,-3.9007984893952297,-4.663613087938926,-12.756503021770355,-24.81922738963734,-27.06503398364383,-19.190215431276826,-7.474730496845162,-3.0731074563633785,-4.268808920797913,-7.966023313429909
"Idq=272A, Gamma=150° (id=-235.6, iq=136.0)",-22.231644725454515,-33.855795269236324,-35.36843795868272,-30.175858272554414,-18.061237960340815,-11.136959471297965,-12.533059739326214,-17.44019535635673,-28.034603111536494,-36.84293231752571,-33.53616343985527,-24.595088111205705,-13.905622452111178,-12.00468501816527,-14.150739783743122,-22.30750926743215,-34.09562913508649,-35.66119984459153,-30.474403301769073,-18.520145037106047,-11.535277642410275,-12.824520485107127,-17.58424747115528,-28.037513040882875,-36.81026030920612,-33.47231215737566,-24.375763621816944,-13.649044714420155,-11.808783966648615,-13.980085362530176,-22.12592709035903,-33.854483534729475,-35.422779635727714,-30.267898283260227,-18.276662824354716,-11.353579489180143,-12.7041760805436,-17.585997405799972,-28.17971783488412,-37.0566938041888,-33.72849380162485,-24.802186697161776,-14.115309685501659,-12.106386106136808,-14.199378854653707,-22.218072143830646
"Idq=272A, Gamma=155° (id=-246.5, iq=115.0)",-35.75657381034588,-43.9507321266433,-41.39649493075072,-34.826025081936315,-23.711827134735817,-19.206114325864032,-21.830352315436777,-29.90358644875408,-41.8342157116397,-42.94790185747577,-38.88497924678089,-29.405735392702415,-20.3572327264239,-20.03497211896508,-25.320973025820564,-35.87091122985997,-44.20786741769006,-41.70155928675445,-35.17418295314213,-24.18694076233479,-19.52763458084318,-22.033784008210286,-29.946287257662938,-41.77329347505269,-42.89601563033927,-38.79291905106873,-29.171216025624936,-20.115049750252933,-19.887068752724815,-25.20878108913634,-35.747037042122265,-43.97905936535121,-41.47146712314221,-34.9527839148586,-23.936978193147016,-19.375519068035214,-21.945941114080103,-29.9912325336337,-41.93589268390506,-43.14226138352051,-39.08448566991371,-29.617086085475037,-20.553915840040826,-20.133841764425455,-25.326831898652443,-35.74258577716685
"Idq=272A, Gamma=160° (id=-255.6, iq=93.0)",-47.89891230012688,-49.166896239513896,-45.938440369161796,-38.64067607397035,-28.711479211278707,-26.15146993358234,-31.128942518215514,-41.550533928892335,-49.62395388683245,-48.136267704776486,-43.18409984226127,-33.3820036224319,-26.595122728036397,-27.96720843345004,-35.76848485035397,-48.03217938836607,-49.419128897195854,-46.253899665858036,-39.04073328524209,-29.114743897886118,-26.388204736764,-31.225522383383808,-41.49428252558103,-49.53200941196252,-48.06861003532088,-43.06557855044196,-33.13254473561707,-26.407736473678224,-27.877630185266614,-35.71530121516417,-47.957820822608646,-49.212744192908886,-46.023816014339054,-38.80311015031823,-28.902020776396274,-26.269592715292458,-31.18584918743033,-41.58039906897909,-49.702103661614345,-48.312138525747436,-43.39370181911998,-33.59826930455582,-26.738931834788016,-28.021454587631315,-35.729376235228536,-47.88468792706585
"Idq=272A, Gamma=165° (id=-262.7, iq=70.4)",-53.41518746581781,-53.2655753453706,-49.564229272997416,-41.46435362523269,-32.93252276972993,-32.251995989823236,-39.628947302696616,-51.69669076516614,-54.02953832038067,-51.7373325811501,-46.643032070789594,-36.3483134884577,-31.55096179260631,-35.20880511403998,-45.37245829706888,-53.54698627127047,-53.51163409981755,-49.88976176737935,-41.900071622495496,-33.22565957283806,-32.378027997576126,-39.61825721587623,-51.55981542294816,-53.92207635779049,-51.66577957250279,-46.49775653402747,-36.1433498349044,-31.421057508034888,-35.17897019830448,-45.37764222975835,-53.49318448576114,-53.32404681618294,-49.658247395112156,-41.65378941701584,-33.06895523467519,-32.3116597891581,-39.62696717898097,-51.672857586311075,-54.08844607334935,-51.906827636523545,-46.863694893115465,-36.513655228720715,-31.640573939514077,-35.21453676720224,-45.28990150381189,-53.401436691506156
"Idq=272A, Gamma=170° (id=-267.9, iq=47.2)",-57.0610179054976,-55.848448074939775,-52.333582948276195,-42.400271149609075,-35.77652112092228,-37.51926192345701,-47.273717832427785,-55.76131234370061,-57.00876215826689,-54.48236173055749,-48.426751387390944,-38.34338552983405,-35.54431707468737,-41.616930250703994,-52.92014598598617,-57.18258170343419,-56.087177518565625,-52.66903070825347,-42.729618255160915,-35.95661757171176,-37.53425910406639,-47.15680940816025,-55.61002052211127,-56.89113725927889,-54.40809530417469,-48.27020674796479,-38.19103455093143,-35.47185065207372,-41.64721795393107,-52.97594930897291,-57.14839956560032,-55.909712898528596,-52.4356510550344,-42.54303740281924,-35.856679708852106,-37.51994179841899,-47.213001760588575,-55.71053569395638,-57.0543751716586,-54.64582317956909,-48.63975049609072,-38.45127297917416,-35.58042362141066,-41.57429322545314,-52.8113927358911,-57.04856529697381
"Idq=272A, Gamma=175° (id=-271.0, iq=23.7)",-58.84116951333466,-57.55314159636161,-52.718011616127434,-42.266548959623286,-37.742162811468475,-41.934319718270444,-52.727189372513585,-58.74615933064577,-58.53636310359168,-56.350463823677735,-47.50737871276964,-39.024476607535135,-38.68623355261406,-47.16284233911722,-56.28849068185764,-58.95749521342381,-57.78331879201907,-53.03367958795017,-42.48501805121855,-37.81130037423201,-41.838162404069166,-52.5357718632804,-58.582902809155264,-58.414026072995874,-56.27468655176307,-47.37467025883005,-38.92638700563994,-38.67171390426153,-47.253360647438996,-56.382277246746995,-58.93540591558706,-57.616008042322974,-52.82521734591832,-42.359536102140325,-37.7670318694504,-41.875605180452254,-52.61237854746577,-58.66695134064154,-58.574756472780365,-56.5082797449508,-47.66945765649906,-39.07416724298164,-38.669249386949765,-47.07235519892786,-56.200026534469984,-58.830027723096755
"Idq=272A, Gamma=180° (id=-272.0, iq=0.0)",-59.29057045092726,-58.36668216261595,-50.72144271990249,-40.91125157456293,-38.84827306269405,-45.484707176564086,-55.5004180265236,-59.22445528184328,-59.17010026388978,-55.3819471190188,-45.38382961174143,-38.838103293636905,-40.96625999285711,-50.823271293238996,-58.44839805860415,-59.403224794420225,-58.58714926092878,-50.98792032797676,-41.0179188264642,-38.80644683561951,-45.277488974675634,-55.2716311043455,-59.054357463170405,-59.044378932322616,-55.29511620178313,-45.28111697758841,-38.7939198756392,-41.01016491757556,-50.96756292774024,-58.577766784613644,-59.38990779796198,-58.429946311232584,-50.830844879030224,-40.95334423618897,-38.81752839649684,-45.36630531521338,-55.332768205350746,-59.13699686278848,-59.201546069355864,-55.50429927938139,-45.49242604074134,-38.830386027869814,-40.896579781820016,-50.71803542357243,-58.38062520928627,-59.280835994728385
"Idq=272A, Gamma=90° (id=0.0, iq=272.0)",135.74369170781358,121.75227352132248,122.78796102874752,126.42720661054985,142.35091270685874,150.23819994038502,151.84500952658786,146.30699187362927,126.00121948060264,121.79011364976701,124.24025064466406,132.52678027736965,148.00943994540333,150.88510787295087,150.59756045988283,135.70904566637026,121.6200767556668,122.6297318023003,126.29079660939152,141.9923646795982,149.98065309135868,151.4792177991047,145.97615229649614,125.72021070028954,121.53177567925411,124.02087192093819,132.5473846667461,148.11747837391775,151.12111975108874,150.90294981310637,136.05562194066184,122.0351274995268,123.01384318588246,126.57522801599924,142.2354828601059,150.05554106440846,151.5322793571549,146.009516580697,125.64250774425904,121.371605814972,123.9121520193349,132.24687882152304,147.90045191912793,150.83958951663763,150.56444373588818,135.7528552180686
"Idq=272A, Gamma=95° (id=-23.7, iq=271.0)",108.38126155851252,107.32259408372036,110.33443286262737,115.15972039545599,131.11362772515764,137.91673929631833,136.47918828939146,118.95266491955688,106.71275733339739,109.3408111302477,112.59738541118203,121.28314731628859,136.27110411662983,138.58278834588822,129.18992297647628,108.32443902956753,107.19660493946084,110.17515901981325,115.02477116150297,130.75448274675367,137.66081676493252,136.10947461755717,118.64105278764927,106.42670797860357,109.07328283139533,112.38203201026487,121.31266221072423,136.38099912439193,138.81104201113249,129.4926673772101,108.67250338553526,107.62800470749778,110.56843806087082,115.30136794501824,130.99166399949172,137.74167362413752,136.19210287579324,118.64904079592694,106.34916020327513,108.91865745344339,112.27290487542669,121.01042848349098,136.1651250929457,138.5269755552761,129.1540306709444,108.39050234448229
"Idq=306A, Gamma=100° (id=-53.1, iq=301.4)",87.75923169036326,92.32279073044842,96.63027011489197,101.32417519407782,117.10136562425795,123.62418496983925,110.96856888043702,89.54798536922829,90.31937916806812,94.98183733849928,98.85615572555776,107.30457592135414,122.05741564046879,120.39634284731822,98.23421163551393,87.72215687642202,92.2270739574682,96.49134489047006,101.20132323932599,116.76131609991549,123.37082513319523,110.61750108293583,89.25949051719617,90.01396505197597,94.69223278157801,98.64186027237454,107.33707765001488,122.16813890174824,120.59817406939611,98.54142830764792,88.06272305792461,92.65404511518364,96.8688556711035,101.46358299940297,116.98269997265722,123.45453668725543,110.6881982277176,89.25311269672673,89.95762356987487,94.56534981079719,98.54651656246696,107.0533460059914,121.95924471279882,120.31653859521366,98.22733476662556,87.76812969249833
"Idq=306A, Gamma=105° (id=-79.2, iq=295.6)",74.43664439715494,79.57474383016775,84.03064980496289,88.91461459909556,104.31041668627195,105.45197098905709,80.77177699806388,72.84800684173149,77.01833037602815,82.33244114644533,86.3477098602048,94.8648586497517,108.59507192658297,93.40936303835967,73.45519407130514,74.41480595869768,79.48380936619884,83.89066087590271,88.79186195509008,103.96291665289321,105.19858139152905,80.42966228010715,72.54923810141452,76.69856055438751,82.0491679927265,86.1435246927807,94.90811975911262,108.70207388973657,93.62741328758453,73.76411345572622,74.75819609025999,79.9058476220229,84.26000088725218,89.04618399844729,104.19118689294493,105.31620556997682,80.46615785672375,72.56507451582878,76.65247567663077,81.9265217264,86.04663718638145,94.61831775141485,108.4859380540526,93.34657650184248,73.45022693152795,74.44614181824039
"Idq=306A, Gamma=110° (id=-104.7, iq=287.5)",61.577984677615525,67.19705087123562,71.68089942397151,76.74121880358955,89.90436342031627,76.83679272008223,58.65447003238967,59.867517599623014,64.71442839139557,69.91698599080095,74.10378823861744,82.50104685186702,88.42898653630107,63.72091857501601,58.07551191665681,61.56853231044908,67.10785182151861,71.53846140079256,76.61356878489188,89.54909948068185,76.58619116394189,58.31200363888761,59.55346543918314,64.39984146849953,69.64110633306056,73.91014834126598,82.55502620998568,88.5216336820866,63.97409541712347,58.37347472207894,61.91388708753159,67.52190358474449,71.90036922860322,76.86221343903686,89.79123679724216,76.66317299046963,58.363202349779854,59.58621529077519,64.35799894510262,69.52102061778496,73.8107502690682,82.2564523120004,88.301187371355,63.69636171187623,58.044791135576816,61.588065980826094
"Idq=306A, Gamma=115° (id=-129.3, iq=277.3)",49.69482880055692,55.13914980212807,59.6988348484182,64.81022333436927,68.02476007238344,48.57500867663157,44.59566131031877,47.5958963136311,52.7256497285033,57.829960981957235,62.22985425852668,67.10145255246064,59.89865105335397,44.18011362880606,45.50562099559564,49.68666859872826,55.04968932791204,59.552357372529066,64.67468787803521,67.6617991376349,48.32693544896767,44.24067963887518,47.27344333234216,52.4179306396566,57.56248064400256,62.055111691665665,67.15536714293509,60.04519409827953,44.40675362569023,45.799175807048094,50.0265390797222,55.456818277862055,59.90760902385961,64.9190764162095,67.90740790635013,48.36352596838922,44.31909568357471,47.316121253691406,52.37874312834413,57.443259839034994,61.947038840901925,66.84725220392066,59.82065156987291,44.12240950104624,45.454473766895156,49.705577054220186
"Idq=306A, Gamma=120° (id=-153.0, iq=265.0)",38.226089457054535,43.492808530740675,48.18870332632436,48.25333122365189,40.488601972282765,31.46028782898045,32.47071280288698,36.21818860541043,41.14512748343087,46.20493551091379,50.69580814659282,44.032250385665975,34.445632446744014,31.5964684728285,33.90746888340301,38.21808426161957,43.401091782872996,48.029811756524026,48.10849328439465,40.11582872742315,31.211407678271065,32.099779786747206,35.90029862149195,40.84535111166904,45.95114974644542,50.54205945859216,44.118764783883876,34.624917629503905,31.812180985664863,34.19711144482266,38.55259516393889,43.80241428565859,48.37250550726755,48.3649000790207,40.31187235427803,31.282662045918986,32.20057262816412,35.94096154720109,40.80741056307759,45.82938909438389,50.42369654001111,43.79818658381977,34.39601062072879,31.51777085039792,33.848279764386376,38.23748553650419
"Idq=306A, Gamma=125° (id=-175.5, iq=250.7)",27.259050678526528,32.36773479577231,36.46527673034849,24.505778120341066,17.67609213826083,19.89290017474333,21.658768396339777,25.34941609509932,30.06099642297367,35.068338467311506,32.90990502347503,17.610630901326104,18.870560621654448,20.009511973590485,23.1596489601091,27.25006215084891,32.268642082824606,36.29231960631856,24.347271037971442,17.293698290744093,19.63589822364066,21.283524533518396,25.037003827991935,29.770177202459397,34.84426044681545,32.76138003447639,17.768207990741644,19.031278934846746,20.216756106163377,23.44477144773093,27.579378981537513,32.66001441912318,36.62461865946018,24.565382791115866,17.4781657693836,19.722199401919234,21.390500939724255,25.07454216665931,29.732066077086344,34.71335818558958,32.62527696873105,17.43225879740093,18.796481197386896,19.911841829719084,23.102207256506446,27.271070528750847
"Idq=306A, Gamma=130° (id=-196.7, iq=234.4)",16.877178252156686,21.721450219371942,17.320701457829674,-0.5881543243424492,3.7445153103332904,9.1291891527449,11.652999999159201,15.072296704245595,19.433829517783213,22.13483095327308,8.95694955306788,-2.758124243337286,8.009936954559759,10.055934092302728,13.012773221666107,16.866075537352117,21.609438546935994,17.124072909502285,-0.7618685586431144,3.3517576907696314,8.859348974706391,11.278083944588568,14.766235184657518,19.1637107238966,21.939723126961276,8.887104308125485,-2.5845425333589818,8.167578740901765,10.273781320761316,13.29332396188071,17.190403333475295,21.984197839312518,17.45693156628956,-0.6023933845989241,3.556775782340584,8.960842956144058,11.38593171420893,14.799563124875458,19.120042625339078,21.797080456918312,8.728941214816766,-2.933936347822898,7.9245605342371395,9.957470158726649,12.958128022208138,16.889793070871683
"Idq=306A, Gamma=135° (id=-216.4, iq=216.4)",6.712806260012666,7.698273987752431,-5.421483308643874,-18.856760655567914,-6.3936854478649865,-0.21156039274205135,2.331876153553805,5.474053291859166,9.257697433333394,2.6799923716598477,-14.390081387007323,-14.683494625882346,-1.9782038150509642,0.7948861154575178,3.544065519294666,6.699451829652434,7.569325299844896,-5.6461676552039215,-19.041723190849883,-6.798432300076658,-0.5185717002275381,1.9582185522690936,5.1755434878095565,9.015255684948551,2.5344470395064302,-14.38139461668227,-14.505456238067167,-1.8122617364622802,1.0237720465939384,3.82002763225094,7.0093557178353505,7.926751476232938,-5.374534286395227,-18.872152447282303,-6.583245493100215,-0.3980202127342458,2.066219422894579,5.20357630887916,8.96324549039563,2.3699090304137673,-14.561910756825275,-14.868166496406117,-2.079843920514956,0.6956860012380013,3.4932446296269863,6.725985976176
"Idq=306A, Gamma=140° (id=-234.4, iq=196.7)",-2.956450108309361,-11.20812865354571,-26.22678825204603,-28.68361209265973,-15.429374375910696,-8.820555257490758,-6.233663759762869,-4.443415659971408,-5.6642164697648445,-18.503806329356358,-30.362822370672344,-23.940569909083248,-10.994027408774189,-7.714594647917331,-5.477796820353727,-2.971796378766563,-11.368020744847819,-26.479027176097652,-28.877916654955737,-15.849266996224777,-9.166148486636747,-6.605141840315862,-4.72103202101957,-5.856612536655101,-18.553296892669213,-30.34935396340637,-23.75189227368691,-10.799642921306447,-7.474691479460158,-5.213597398683656,-2.678568106708412,-11.052962803293912,-26.248942778825196,-28.708338796119335,-15.626500401723742,-9.025214946971431,-6.497707296285728,-4.687032903827279,-5.922044710698857,-18.750377285632993,-30.548487078472796,-24.128786849566502,-11.12254412488565,-7.814786181431683,-5.527050975119592,-2.9427765990452195
"Idq=306A, Gamma=145° (id=-250.7, iq=175.5)",-18.189489452413007,-30.484009044837546,-40.19475557622439,-37.14994566469015,-23.46019460711826,-16.63227579232712,-14.845338996794348,-14.168823756125972,-23.47078586533437,-37.312698170602204,-38.89026799273123,-31.38851000418308,-19.253420730865656,-15.407745911047497,-14.992795785682468,-18.222554029634747,-30.684388829241783,-40.469064714338685,-37.35353394750804,-23.89771935464202,-17.017568103627067,-15.195264262214078,-14.41918447699042,-23.568066509113045,-37.29873949135905,-38.856538737579,-31.184142177618074,-19.029908910945878,-15.156930818455121,-14.767077339709395,-17.980775080945975,-30.431604159228925,-40.23368193460205,-37.18528797915437,-23.66878042278638,-16.85508308539733,-15.086328957752812,-14.38222192237475,-23.66817221915399,-37.52215032942824,-39.06741588352138,-31.580188123079584,-19.410759181260346,-15.509176557208848,-15.053123782481007,-18.175335877919363
"Idq=306A, Gamma=150° (id=-265.0, iq=153.0)",-34.182128688914375,-47.45214275909121,-47.99338899799769,-43.317477179738006,-30.681540534757833,-23.58727008713529,-23.970595378899667,-28.740371312566683,-40.887537297428544,-49.16332204517318,-46.40230918301652,-37.69797620722453,-26.693524810986087,-23.683510310299813,-25.046128234305133,-34.25695357240084,-47.681724939261954,-48.28408411926913,-43.57226612494929,-31.137066029006252,-24.01307650709635,-24.2724554210719,-28.890387275173104,-40.87753217562985,-49.12149776628489,-46.347583816057195,-37.47635696303274,-26.440422411628806,-23.461537739026113,-24.86672430003502,-34.079840384072256,-47.45997302320534,-48.05766294138507,-43.38946864305909,-30.901370015241117,-23.82803460367481,-24.15753549498534,-28.889445302255556,-41.019288883906945,-49.360746168023326,-46.574514166376744,-37.89365579720016,-26.88141076849887,-23.783166480499723,-25.101719042178978,-34.167439345916605
"Idq=306A, Gamma=155° (id=-277.3, iq=129.3)",-49.35621433566284,-56.90069719819133,-54.54023798713453,-48.54891484029258,-37.0384533559522,-31.37792671423796,-33.73192114158129,-42.76168629151374,-56.25195429189615,-56.25379554046296,-52.14722299918995,-43.10995439890837,-33.247487013861694,-32.111532530529246,-37.60649507871733,-49.47287073727391,-57.149914292036264,-54.84560830722615,-48.859518232743994,-37.51221121988858,-31.73572183212329,-33.951316441297074,-42.79768203499423,-56.1756127559702,-56.182561788893956,-52.06328524958409,-42.87124091731673,-32.96600362225247,-31.944520377474376,-37.49275171672786,-49.360117203980394,-56.94029217858648,-54.62394934005772,-48.65996497860726,-37.269224805132495,-31.575457803000834,-33.85881087794316,-42.84533482106852,-56.33734740269356,-56.43528645520571,-52.329613089865724,-43.31041760905261,-33.46598361030331,-32.20758411164981,-37.61445872954854,-49.3410657172163
"Idq=306A, Gamma=160° (id=-287.5, iq=104.7)",-62.13982259758184,-63.17028943811662,-59.55169638784792,-52.84039720633089,-42.369188730318754,-38.76528932320592,-44.19403154459234,-55.83392336518536,-63.28197730377917,-61.746052632043856,-56.98373366910532,-47.583256157354015,-39.48192462223067,-40.69453710733544,-49.3599458813174,-62.27441039957197,-63.43816394394325,-59.86849048293122,-53.20938735635642,-42.82995535066894,-39.02843860241013,-44.29331574651864,-55.76041077653763,-63.176279531634044,-61.65946946730714,-56.870027186378934,-47.32773571605787,-39.26473744790197,-40.59073324549187,-49.312586858509185,-62.21219020331871,-63.23837850535878,-59.645723084880174,-52.99158199349933,-42.59466902833673,-38.90419635300547,-44.25489009961737,-55.85268819561923,-63.34838754585649,-61.91710064563991,-57.17748125772276,-47.78924873051844,-39.63922270694054,-40.75243940166199,-49.31732110819667,-62.12442281091369
"Idq=306A, Gamma=165° (id=-295.6, iq=79.2)",-67.74741204082997,-67.36632884327095,-63.63070890466297,-56.15926350577942,-46.444574817142914,-45.58905219175394,-53.756536927133595,-65.8241441067476,-68.74935152433994,-65.79725061796417,-60.87503242619968,-50.74375569386866,-44.849279734956156,-48.8443163281812,-60.15827045594676,-67.88434503651517,-67.63338983451462,-63.95883534714267,-56.58876836523309,-46.776456207945046,-45.73097654324126,-53.73514243307259,-65.67811330176293,-68.61772782688874,-65.70628519663676,-60.73122741791263,-50.50398537073266,-44.69814485768237,-48.807751457839885,-60.176465224188554,-67.83728156026265,-67.44402466426033,-63.734458388249955,-56.35135346675011,-46.60582287726881,-45.66285614627595,-53.75114784011181,-65.79114928385569,-68.7997381197606,-65.96112589526302,-61.0812234659677,-50.92601801511497,-44.944657681267074,-48.84764049785049,-60.06726704822386,-67.73189801997673
"Idq=306A, Gamma=170° (id=-301.4, iq=53.1)",-72.00493578930879,-70.27206066403633,-66.74623178935164,-57.366878223201475,-49.59942620551784,-51.516313921022,-62.358100197966145,-70.74173002298848,-71.49903521532009,-68.88540841104745,-63.7915041373011,-52.4903797891414,-49.343809226288364,-56.05345710692824,-67.57573819586945,-72.14374959397868,-70.53087618060621,-67.08551290562616,-57.74261347223804,-49.80197611106678,-51.53327657753324,-62.21730728254358,-70.5762187840174,-71.36019044172002,-68.79139039476766,-63.617499878966726,-52.3130876465673,-49.257352992782785,-56.08453018291982,-67.64476375258822,-72.11016238477872,-70.35289900689922,-66.85903750566254,-57.53961528243336,-49.696056385562045,-51.52373584328394,-62.28661938357564,-70.68253760922885,-71.54108191134125,-69.04249588118928,-64.01112987925177,-52.60629375306983,-49.378930182090414,-56.00236651338279,-67.468860302692,-71.98958944003816
"Idq=306A, Gamma=175° (id=-304.8, iq=26.7)",-73.51564652054779,-72.18984087563591,-68.8064000181536,-56.89066855358084,-51.81148372600318,-56.484841494117106,-67.82600995312521,-73.66953869208783,-73.21758627881049,-70.98702326580776,-62.89275683674542,-53.26036296411961,-52.87846526395588,-62.29559116157514,-71.80627413890585,-73.65167993768624,-72.43903511324133,-69.15536162727062,-57.13820515153773,-51.889080865896254,-56.37670782952672,-67.61766330481618,-73.48926256265686,-73.07344035715163,-70.89130554830456,-62.74001493938154,-53.145150874750456,-52.85719915149406,-62.39445141079664,-71.91278924758507,-73.62784177852079,-72.27248104366788,-68.92718467920962,-57.00476173543341,-51.84585140777068,-56.42541958466082,-67.69642232149037,-73.59241391305378,-73.2515108751032,-71.1377595172437,-63.06652702724473,-53.31033515599602,-52.85385916832189,-62.1906698777131,-71.71103881482,-73.50169067191932
"Idq=306A, Gamma=180° (id=-306.0, iq=0.0)",-74.02122257533944,-73.10507401267199,-66.08225664407547,-55.378017473236355,-53.055857758631916,-60.439698439974464,-71.43356012987542,-73.97875999900408,-73.93054058414583,-71.29876792114683,-60.33097075580732,-53.0500436334318,-55.445499808220276,-66.19463404875962,-73.20633244614314,-74.1531257163072,-73.3433443907647,-66.36962915941203,-55.498640410261274,-53.00862063495721,-60.20993699387649,-71.17845210293716,-73.7913727848933,-73.78258732389422,-71.20131556065999,-60.21209619442732,-52.99553880033447,-55.49002238952906,-66.35148703395751,-73.33369128662962,-74.13915639619259,-73.18816159619118,-66.19864088536379,-55.43412457411513,-53.02766000069791,-60.313791571438706,-71.24976609753439,-73.8952620156279,-73.95664917125063,-71.4343354804111,-60.44469870957755,-53.03536886696931,-55.361547471240584,-66.08320596082248,-73.11628383875417,-74.00884997750492
"Idq=306A, Gamma=90° (id=0.0, iq=306.0)",135.74313586478075,120.84867496084519,122.626092160054,126.59074971362918,142.359585975621,150.1918311062015,151.99579577551205,147.79072821443128,124.50527024262226,121.63005657237349,124.28454420030141,132.50499038524532,147.837442127352,151.0295702384038,151.4914709955241,135.7138983091302,120.73420112107398,122.48285158244998,126.4653797304797,142.0234145242818,149.95100559965948,151.64737487170834,147.46711150734376,124.22621611981644,121.36290924949103,124.05163701396404,132.51692599694502,147.94199129981195,151.2680780434286,151.78813247353364,136.0498185931005,121.13899693855043,122.8660369537048,126.74486126970963,142.25462973541443,150.0112977224373,151.68945647351254,147.5038530134311,124.15525768560501,121.21809156351846,123.95644103934225,132.23858551996614,147.73964606475258,151.001144975415,151.4643668908097,135.75256890185935
"Idq=306A, Gamma=95° (id=-26.7, iq=304.8)",105.71712164777848,105.83144393589639,109.38386963534137,113.91482772164859,129.7176403712072,136.94511650353917,135.924605126882,117.0171103910999,104.22712962968849,108.04857144673707,111.5339290088348,119.85590330402916,135.16978116022176,137.49974113342023,128.81796485350685,105.66543228969333,105.72602279004552,109.24461463064269,113.79110110160504,129.3807973498316,136.69858977055006,135.56944591329574,116.71512455989104,103.9366895455533,107.76330059737163,111.3100351995854,119.87786323392038,135.28207633240442,137.7292795198069,129.1073530129701,106.00306757927764,106.14443239852756,109.63097258181732,114.06176868985602,129.60533351722347,136.76850019957644,135.64077894555237,116.72331775556479,103.86954710050252,107.62901326349822,111.21525676763913,119.5975788896801,135.08037801071046,137.45472562728185,128.78047144420356,105.72659112162665
"Idq=340A, Gamma=100° (id=-59.0, iq=334.8)",84.74062127272187,89.55453911241625,94.38224859368033,98.68032112831813,115.22174748065673,121.36223031805152,108.85807816122464,85.82157756398057,87.33765942244334,92.72947645690527,96.38405784729089,104.81365897243877,120.06919803592483,118.53787462418215,94.46405871054526,84.7125325702843,89.48045194203303,94.26366757071224,98.5687889725082,114.89658128473557,121.11429846913843,108.52070874049527,85.54123347004123,87.0268370152887,92.4281133541168,96.16228846978281,104.84004669812721,120.18419894829238,118.74366352254297,94.75990008726096,85.04283415308373,89.89228448623058,94.6313032222414,98.82418533419042,115.10834059085131,121.1911330290788,108.58768287969353,85.53900531530053,86.98289616388602,92.32277611519586,96.08123065410469,104.57644105856967,119.97996586951139,118.47038652688593,94.45898257570936,84.74993087269341
"Idq=340A, Gamma=105° (id=-88.0, iq=328.4)",69.93774650249041,76.15863545760256,80.38267047153693,85.45754466324205,101.20996344843158,102.36299043581725,75.30608718080997,68.31742258032043,73.10923258575089,78.9170158902312,82.48578466356535,91.86092296255075,105.65121837886896,89.72684257372572,68.18522677414886,69.92658710614616,76.09532137627914,80.26290755452631,85.3429392134546,100.87614015542903,102.11331693475589,74.97866562624117,68.02423604707418,72.78554723733806,78.61823669897744,82.27524893690078,91.90013530635495,105.76414716848933,89.94318088943697,68.47913983385452,70.2600264112342,76.5017857985317,80.62146457351768,85.5912427873862,101.09409195967335,102.22315528982253,75.00763802303376,68.04516315956249,72.75318133146065,78.52006145643995,82.19247579178744,91.6275852603048,105.55156394301835,89.6696753375681,68.17581320467251,69.94772212351792
"Idq=340A, Gamma=110° (id=-116.3, iq=319.5)",56.339157745808926,62.5282449447398,66.66072560376871,72.65479934346185,86.57280123993641,71.67740904896476,51.94828702296304,53.894656755755484,60.08616993610345,65.12206571729298,69.71411530480526,78.1233542982345,85.01603720455216,56.7396820588994,52.14754085723936,56.34033821257285,62.468198768785776,66.5382414710706,72.53383435886529,86.22988419133037,71.43059917490727,51.619164034524836,53.58448864459486,59.755127151435886,64.83150152157076,69.51677555689322,78.17447580732501,85.10751272914902,56.99504992225807,52.4317303586535,56.67696854025631,62.866721331673034,66.8885405083522,72.77672482097071,86.45854197044004,71.50391586935415,51.67211612173898,53.62420846505848,59.73354646200699,64.73617133575661,69.42653777414303,77.89217921651095,84.88968320048384,56.724992237605605,52.111687327172625,56.34967764014388
"Idq=340A, Gamma=115° (id=-143.7, iq=308.1)",43.64454913597058,49.130577090175834,54.447443732104304,59.39813771099492,63.207670485536994,41.38448791269459,37.40770688129827,41.05502149571047,46.76530475511204,51.92821900570034,57.07192746766366,62.47093525850381,53.31566444572196,36.84766563590253,38.18099538939364,43.652990901191636,49.07024044255626,54.3149775642206,59.26841112902449,62.85640875587838,41.14025309573965,37.06261036413611,40.73007367131944,46.441892897165914,51.648447806803254,56.89230341566984,62.52678439719481,53.467024302696714,37.0693765572999,38.460287119730324,43.99104056865006,49.46107099069253,54.661845967679476,59.506572573384744,63.097351065098145,41.177327068248836,37.14223850468584,40.78198497605171,46.42326222116427,51.55214239009979,56.79208260796659,62.233735488994476,53.24464342105929,36.79064725464951,38.12244580641522,43.655576600452775
"Idq=340A, Gamma=120° (id=-170.0, iq=294.4)",30.901505420967958,36.678625054225535,42.02834246467235,42.54252799910359,32.61193926320294,23.56024040060587,24.18184856041002,28.787982450068988,33.898057816142675,40.136088886248395,44.2563206766261,37.694180520554376,26.078891803767398,23.345306259309673,26.12477591086922,30.910119415515336,36.61232305373993,41.883101684049194,42.40277963223083,32.2497749667542,23.313400417989932,23.81848272520512,28.456738007574884,33.583471199401984,39.87393621192098,44.10002315669929,37.777607528940955,26.258351484639878,23.55732689517349,26.410772063949388,31.242213995557524,36.99723570371001,42.220227264813076,42.64940726484963,32.43564489612917,23.384312878779657,23.920825172472348,28.513600427633047,33.56622603753481,39.767102370699625,43.98836894031022,37.471149092400246,26.031073384480152,23.267256613620656,26.05495410159807,30.913252691879446
"Idq=340A, Gamma=125° (id=-195.0, iq=278.5)",18.71590677815905,25.450931847725656,29.708148098971172,16.898911469047576,8.21024574648226,10.707587451453533,12.710108533662085,16.711568549723292,22.31053130741616,27.949798204552668,26.08796572396251,8.336825537954459,10.040657694869576,10.971132633593339,14.386156382595031,18.72342818132568,25.371565109360844,29.548074973186807,16.744475843303533,7.837599427266539,10.451723246178382,12.325409246715584,16.386410459241553,22.01157627796054,27.718000908473428,25.941269172870687,8.499211092116228,10.204327034918792,11.180264882201428,14.672033279760688,19.0497515706671,25.752279629758387,29.87167110243319,16.95679962416856,8.019034330784564,10.539354385446638,12.440548425394566,16.439801115919916,21.987144372143515,27.60073868749756,25.811568315179848,8.175673774156992,9.969790717540398,10.879104103463073,14.31339849418851,18.728347127709043
"Idq=340A, Gamma=130° (id=-218.5, iq=260.5)",8.152701510844443,13.621726762836387,9.885476890810446,-10.983235691711908,-5.899720419759465,-0.713074782940017,1.657522810256574,5.292547004330278,11.485548697964452,15.291307978105964,0.11074635581087566,-13.439432508737978,-2.026701935235649,0.11242394640242903,3.11185000654729,8.149628858959192,13.528005625040185,9.700608573791447,-11.154568152934829,-6.284349234346688,-0.9804129401160266,1.2690197911822871,4.974445299981053,11.208912246314224,15.092648779892304,0.04305787927466609,-13.267908181748064,-1.866450958353305,0.32935803610604586,3.392647184371586,8.471030733642312,13.890261207746565,10.029697252360137,-11.007396126625629,-6.084782204382374,-0.8849504567277622,1.3873538423508727,5.023157736160059,11.17252226075552,14.96358910255192,-0.11082727531168864,-13.605945428129502,-2.1101211304038143,0.017768170745049067,3.042199344968216,8.166059529386889
"Idq=340A, Gamma=135° (id=-240.4, iq=240.4)",-2.2513857108572566,-0.24076277791166648,-15.383617294160194,-29.654960439831047,-17.164387928868546,-10.894822535651558,-8.699281462638305,-4.179551780259648,0.1787352707979343,-5.9586410501443385,-25.193223534194175,-25.231602751956135,-12.424912587900414,-10.177629361203365,-7.168853337932102,-2.263003715418377,-0.35209394110812436,-15.599658720326593,-29.838109989219515,-17.562338113064783,-11.181236963548988,-9.086386200283782,-4.4805454595878516,-0.06714890807244892,-6.109516380510512,-25.182068079273414,-25.050326967053422,-12.25851720084234,-9.948430046302173,-6.893209937480745,-1.9520424955104623,-0.008408168380537779,-15.338598139511864,-29.674278823960343,-17.351472510427698,-11.080023204606787,-8.967882036887262,-4.44804016022668,-0.11280788918159126,-6.261359898146181,-25.360463107723028,-25.403311422872033,-12.511873903056609,-10.273103115353427,-7.232289004913294,-2.2372299352777696
"Idq=340A, Gamma=140° (id=-260.5, iq=218.5)",-12.995003897881755,-21.012620144402533,-38.001779365436626,-39.91692032731382,-26.5268433892434,-20.460372385372313,-17.740720751077674,-14.337071690986047,-14.745801390937483,-29.496195162384588,-41.3469538874658,-35.32964168655457,-22.03754116740335,-19.632607987175383,-15.665943391135222,-13.008835058106191,-21.156425036871997,-38.248002283393824,-40.110315945599,-26.940678305981198,-20.78965561511477,-18.12108129565615,-14.617054947177817,-14.942904963161213,-29.540342971816763,-41.326688643777985,-35.13631801642922,-21.853156230701504,-19.391167297473395,-15.395652557055955,-12.71640230055915,-20.855104262039443,-38.025571155893346,-39.94855994964933,-26.72606715460803,-20.66579513153697,-18.007294649405942,-14.586669397324021,-15.002044795020357,-29.728344693753616,-41.524104566595014,-35.50515738694064,-22.137660025259166,-19.729183318319777,-15.71427575281394,-12.98029946330136
"Idq=340A, Gamma=145° (id=-278.5, iq=195.0)",-28.431989022794625,-42.430265023615746,-51.86567220033973,-48.94953069590703,-35.27812541179757,-29.140061868523876,-25.268957260578347,-24.603514673975912,-34.38852544766044,-50.028425590226696,-50.821893467531225,-43.70534939526225,-31.214644858616097,-27.49971775468617,-25.725530328716847,-28.46178702597856,-42.61905624175416,-52.134549844043256,-49.15231479368282,-35.7102684938351,-29.513455189548473,-25.634622402750225,-24.860102858487277,-34.48481168091372,-50.00935981136956,-50.77911617063642,-43.49929847871971,-30.997896219189727,-27.247234561917235,-25.49135278003732,-28.218226692612543,-42.38692799085615,-51.91087671555238,-48.99215917391236,-35.48986654784448,-29.365648618676833,-25.531776534724223,-24.822813076425483,-34.57984141653761,-50.225073269219145,-50.98958101664897,-43.88503706464484,-31.346787865675534,-27.59719893105591,-25.781250613702955,-28.416764728379302
"Idq=340A, Gamma=150° (id=-294.4, iq=170.0)",-46.132612652374256,-61.04849024894616,-60.530820446754596,-56.459096086921576,-43.301843109174854,-36.03833397334878,-35.40813101847317,-40.04054726877668,-53.740471483320654,-61.483711772820705,-58.82279597674573,-50.80086430324343,-39.481427169861,-34.82362380850519,-35.941516684867125,-46.20639787736955,-61.26782074343744,-60.81790473841042,-56.67012894812954,-43.75398702090649,-36.451162594855255,-35.72039035703667,-40.19652707919096,-53.71755131037693,-61.43273522336365,-58.76343456290923,-50.57695030424854,-39.23180010883742,-34.57643573728141,-35.753363237539894,-46.033753677785484,-61.06546251168122,-60.60418894531129,-56.51103900285796,-43.52607720612754,-36.280406617610204,-35.610894909427,-40.19289319871118,-53.858859932929825,-61.66479853185789,-58.9861269147874,-50.98512489723857,-39.647511851496134,-34.920862424262964,-36.00405922970429,-46.11680654800261
"Idq=340A, Gamma=155° (id=-308.1, iq=143.7)",-62.923732293339526,-69.82806668689479,-67.4860560678298,-62.27180459864884,-50.20181280604346,-43.20685537240622,-45.633489967725744,-55.61978613427339,-69.71986067809816,-69.362015656476,-65.40946675159894,-56.8141734051143,-45.84229043672806,-44.1880929420934,-49.89201713161406,-63.041583864434884,-70.06800487145598,-67.78954045393165,-62.544853512345846,-50.67300454250317,-43.59861863636861,-45.868848874383815,-55.64907681232551,-69.63201635970297,-69.27836191515154,-65.3336514480994,-56.571265809008466,-45.56267617485948,-44.0019720022239,-49.776722344319374,-62.93951568160489,-69.87843499036558,-67.57621360504251,-62.367146042355884,-50.43738999488062,-43.43107985585465,-45.771680641806235,-55.69943710850332,-69.79206451425063,-69.52539885094944,-65.57474050981769,-57.00374913263013,-46.041933342678234,-44.28132645887411,-49.90208556044462,-62.90742937129519
"Idq=340A, Gamma=160° (id=-319.5, iq=116.3)",-75.63912732693615,-76.58549004216175,-73.16495240653404,-67.04011833869143,-55.44148874938768,-51.415036049037276,-57.25912057096916,-70.11731280147836,-76.8254618769822,-75.22868318264099,-70.78336749594938,-61.4998575320833,-52.19320905861258,-53.42186578122083,-62.951406912280866,-75.77318251167387,-76.84619785463899,-73.48308130000441,-67.37804142747078,-55.92704200554305,-51.701637270020676,-57.36110910965349,-70.0265390274942,-76.70790870759888,-75.12763068925777,-70.67447582231591,-61.24015608121878,-51.946814824598825,-53.30383630571713,-62.90987250185419,-75.71896899043698,-76.6647676397057,-73.26763015542137,-67.18005383668044,-55.68475765800941,-51.574122689193125,-57.32393101180441,-70.12497732225934,-76.87887229628572,-75.39153830936573,-70.96126069632555,-61.69459794603685,-52.36361172216361,-53.483424215692686,-62.905265981164746,-75.62255887506569
"Idq=340A, Gamma=165° (id=-328.4, iq=88.0)",-81.86978226387848,-81.36974430305851,-77.69718853632857,-70.36177579124855,-59.9187269035105,-58.92487836877408,-67.88412655157053,-79.95159744832904,-82.36836169780953,-79.85716865477823,-75.10703278160979,-64.69668060925679,-58.152956458357785,-62.47982754232241,-74.94408261482465,-82.00644321938849,-81.65194580823872,-78.02790892690606,-70.76304949514864,-60.289071913986724,-59.08273187782829,-67.85202765026898,-79.79641118057772,-82.22588742829936,-79.7467908207707,-74.96469830179778,-64.42502710238688,-57.980225299365955,-62.436532717375314,-74.97528821861874,-81.96907049815246,-81.46453460052365,-77.81066938138777,-70.54419304097195,-60.10460144963578,-59.012841939210844,-67.87532850124266,-79.90944098140035,-82.40944099287489,-80.01542415400253,-75.29875203881988,-64.8943414847934,-58.25436343796275,-62.48074422849881,-74.84463259263585,-81.85308688513575
"Idq=340A, Gamma=170° (id=-334.8, iq=59.0)",-86.00387945206707,-84.69567325313285,-81.15888063042709,-72.04391000267236,-63.42233129011335,-65.51336591858691,-77.44248256350444,-85.41558179970778,-85.98930827237325,-83.2884550915375,-77.8889446319625,-66.63737404844879,-63.14330137788933,-70.48998396315243,-82.2313304057527,-86.14963123174995,-84.97457484264677,-81.50199510299878,-72.46295705263503,-63.64733465042177,-65.53229405100002,-77.27780515692685,-85.23875060530486,-85.82924362416117,-83.17468548536058,-77.71855438521905,-66.43514074220313,-63.04285533349184,-70.52184241190852,-82.31357819620352,-86.1203544472866,-84.79608511526978,-81.2824239562906,-72.24426908761528,-63.535433062271956,-65.52752988814882,-77.36023700656264,-85.34431689848161,-86.02778865102387,-83.43916858280947,-78.09369724491451,-66.76131452696544,-63.17743674277018,-70.43043980131245,-82.12632786949284,-85.98697224089966
"Idq=340A, Gamma=175° (id=-338.7, iq=29.6)",-88.19012352776086,-86.82654015491015,-82.95443922558471,-71.51478814753844,-65.88080464053783,-71.03659329487432,-82.89737928217653,-88.00204060414336,-87.89880945402928,-85.50354946508692,-78.08856194902714,-67.49624932070408,-67.07069697529772,-77.25453984081719,-86.93192589801541,-88.34586466194867,-87.09475143446356,-83.30221312635106,-71.79139225185695,-65.9668613575605,-70.91644646606238,-82.67236923210456,-87.80892960501359,-87.7328546413074,-85.39009514927054,-77.91805966891951,-67.36391474386097,-67.04268439872659,-77.36051413895487,-87.05582874620006,-88.32027764145455,-86.92895404501279,-83.07904483000928,-71.64998736872649,-65.92467094609096,-70.9764445530523,-82.75272002222731,-87.92496294526912,-87.92826527742609,-85.64819455585881,-78.2732404404823,-67.5465030690104,-67.03846894969405,-77.14133142573678,-86.83985954963511,-88.1733536207419
"Idq=340A, Gamma=180° (id=-340.0, iq=0.0)",-88.75187469975157,-87.59585448275847,-81.33594703383868,-69.8447833719097,-67.2634424545698,-75.35876236717708,-86.27560833035835,-88.73306471616485,-88.69098090440187,-86.1297340870763,-75.24213297020701,-67.26198397322666,-69.92473962358348,-81.457710945803,-87.71202642345794,-88.90302663819413,-87.84922249323867,-81.64281380713652,-69.9793619940583,-67.21079443429485,-75.10942021111295,-86.00558515000358,-88.52838810661615,-88.5207957154658,-86.02683341420708,-75.10926106341483,-67.19715772502975,-69.9698798614826,-81.6272095389179,-87.84037242621119,-88.88840499442318,-87.6941775051063,-81.45777343308653,-69.91490491204131,-67.23779160489899,-75.22595512918937,-86.08083406477908,-88.65352716846736,-88.7117522731454,-86.27276117683539,-75.36009786529654,-67.2403517060688,-69.82651516066113,-81.34183875009157,-87.60609610401146,-88.73686396028144
"Idq=340A, Gamma=90° (id=0.0, iq=340.0)",135.74258002174787,119.9450764003679,122.19137897104156,126.75429281670856,142.36825924438335,150.29087103217094,152.1465820244363,149.27446455523332,123.0093210046419,121.46999949497994,124.17921054613501,132.48320049312096,147.66544430930065,151.44983737093403,152.38538153116542,135.71875095189023,119.84832548648114,122.05955957964366,126.63996285156787,142.05446436896537,150.06001611304737,151.815531944312,148.95807071819138,122.7322215393433,121.19404281972797,123.94226042046554,132.48646732714397,147.76650422570617,151.69062649917208,152.67331513396087,136.04401524553916,120.24286637757412,122.44146420451902,126.91449452342002,142.27377661072296,150.1156077087582,151.84663358987018,148.99818944616524,122.66800762695107,121.064577312065,123.85397370863396,132.23029221840926,147.57884021037717,151.43405275276882,152.36429004573122,135.75228258565008
"Idq=340A, Gamma=95° (id=-29.6, iq=338.7)",103.63928250132282,104.31183362898807,108.2080879394198,112.66993504784121,128.46273890318014,136.1632653554959,135.37002196437257,115.08155586264287,102.34352940146805,106.37946046649505,110.47047260648759,118.42865929176963,134.1953488527549,136.41669392095227,128.44600673053736,103.594660774227,104.22666949763537,108.08463185441153,112.55743104170713,128.1468244056572,135.92292584397708,135.02941720903422,114.78919633213283,102.04906938186215,106.08336653959535,110.23803838890598,118.44306425711659,134.30731815508366,136.64751702848136,128.7220386487301,103.92189869707872,104.63187259163206,108.46164937455812,112.8221694346938,128.35977759088772,135.98442582054653,135.0894550153115,114.79759471520264,101.99278854053703,105.9656014231536,110.15760865985159,118.18472929586922,134.11137530712767,136.38247569928754,128.40691221746263,103.64894153725938
"Idq=34A, Gamma=100° (id=-5.9, iq=33.5)",126.79421846112804,127.1222980229435,127.77627730262734,128.13245462379345,128.2536773743033,128.25007111302583,128.03882502614783,127.20068150905084,127.03395809343505,127.61764631834389,128.07013219006248,128.26299775515324,128.1202105874279,128.20550566511585,127.52598011795125,126.84089441039045,127.1069808492451,127.70714694139015,128.02880801120256,128.09190210664312,128.05102414617198,127.82870788723038,127.00432351814456,126.85458577067126,127.47083964835274,127.97739041433614,128.2425927768502,128.1623644886441,128.2699585785229,127.62013660486699,126.99089897981119,127.29709302822845,127.88846055371376,128.1918533991026,128.24190904276475,128.2004141137995,127.95873397321311,127.08653428704586,126.86776337659897,127.43334536767794,127.89638215378096,128.11657005027973,127.97151092147138,128.07097609348878,127.41850416639794,126.79436598889771
"Idq=34A, Gamma=105° (id=-8.8, iq=32.8)",122.39119443293546,122.67016894850072,123.31802215576782,123.66969308104284,123.78788047076964,124.19392629506055,123.76591051481685,122.81129006171162,122.57621246404345,123.14938195707992,123.59759558740116,123.78811586417788,124.03192849608658,124.03576699521552,123.17821931963402,122.43040642782401,122.64774615631393,123.24518230949968,123.56601398409394,123.62979241808267,124.00188937135249,123.56509640450038,122.62485531036974,122.4094023626336,123.01513829397251,123.51696761226242,123.77814152272201,124.07761490571268,124.10016142969988,123.27112646475916,122.57780269807184,122.83219673118603,123.41791643660393,123.71808955981335,123.76758227533153,124.14382712574964,123.6869395217039,122.6993258420711,122.4144833813831,122.9726316078244,123.43391944105788,123.65378794804101,123.89174215431073,123.90890635700724,123.07888583703874,122.39135479442301
"Idq=34A, Gamma=110° (id=-11.6, iq=31.9)",118.05889020111374,118.32012774590375,118.96247472891493,119.30962061079912,119.9717612241181,120.19231979311326,119.565721925429,118.50059167589384,118.21854967275883,118.78384311702646,119.22823914798764,119.50840243378205,120.13962476879908,119.92920973854707,118.91396708461724,118.09023277358774,118.29156146332936,118.88704956477319,119.20707647383279,119.81833443577918,120.00827846697257,119.37502639402132,118.32544446183782,118.06458225740704,118.6620177762795,119.15925759980797,119.50729140089558,120.18686304967174,119.99301475273178,119.00485012329362,118.23364013493989,118.46933581873981,119.05037563875732,119.34761765735682,119.94917228577506,120.14220530544534,119.48847159470984,118.39175934399579,118.06232024181467,118.61555520429296,119.07531821674851,119.38576341538571,120.00697674544456,119.81040993608211,118.82274837669951,118.0590695427395
"Idq=34A, Gamma=115° (id=-14.4, iq=30.8)",113.8562384985706,114.10528085533113,114.74278336793844,115.33168064235625,116.27018013281156,116.27570624889978,115.47027652209303,114.30659152350992,113.99413416465157,114.55425418474071,114.99531631261539,115.9221055315941,116.32613117427704,115.91708727544075,114.7621134001752,113.88027433079358,114.07157996614121,114.66591672891052,115.2315067537908,116.12247681150986,116.10058522342277,115.29044227889287,114.14370206010771,113.85319215946649,114.44460797089931,114.93742518142476,115.92407442889737,116.37453328586484,115.97977641379323,114.85014934878257,114.0186943418059,114.24171429680092,114.81907778283879,115.3620279483429,116.24600041235733,116.22600341118445,115.39533377004176,114.20179575330953,113.8443965472938,114.39527613938913,114.85375006796524,115.8065455976344,116.20165104357902,115.80667886321643,114.67921027132181,113.8564377454938
"Idq=34A, Gamma=120° (id=-17.0, iq=29.4)",109.81522404239286,110.05770580661417,110.69106247201478,111.96432162837935,112.6704215488798,112.47389345640748,111.51145088641886,110.26766795972061,109.93511629251026,110.49280488589304,111.35174195595384,112.43370315381033,112.62047070142512,112.03045207065338,110.75692082920371,109.83257142523358,110.01991827203761,110.61390917158234,111.86779678500345,112.52946929774498,112.30854954581618,111.3431954852677,110.11753021263976,109.80728329036407,110.39500591299263,111.30105481760184,112.43849366877126,112.66963974574215,112.0915121857553,110.84135594332464,109.96504360120952,110.18150691785895,110.7562256004593,111.99149103482648,112.64496042152247,112.42502610404969,111.43937691201694,110.16775738445013,109.79281324398765,110.34391328507107,111.21887913789692,112.32605545247262,112.50472587502388,111.92870185921728,110.68225377326338,109.81544396828144
"Idq=34A, Gamma=125° (id=-19.5, iq=27.9)",105.96660139262326,106.20820708986622,107.43561073322911,108.71775802372677,109.19988180874016,108.81672674938147,107.71868785403127,106.41455963161502,106.07238763324384,106.6304053020178,108.2136210960544,109.06974414888066,109.05084566398068,108.299905874259,106.92939623228162,105.97792952008884,106.16741197297088,107.35964297608626,108.62597317768065,109.06665685118152,108.66191508525547,107.5625849723095,106.27757051826225,105.95764745958031,106.54403151943659,108.16705796727706,109.07707649475307,109.10037890621987,108.3588457225074,107.00951354407442,106.10353864294781,106.31961431168793,107.49442898348867,108.74191798721853,109.17345840196819,108.76909794209269,107.65002993003188,106.3203457052236,105.93840532724731,106.4922999589398,108.08758379792994,108.97078161148244,108.94433707257623,108.20701501610475,106.86278030543663,105.96684261376576
"Idq=34A, Gamma=130° (id=-21.9, iq=26.0)",102.33966089148845,102.70592034904521,104.55161280092086,105.61669813775853,105.88497381538434,105.33230314030601,104.12085264173973,102.7765910201405,102.43534588432868,103.7856702846755,105.2192015853605,105.85583027604662,105.64530941945124,104.75248211252044,103.308669382714,102.345684767754,102.66343484073222,104.4780565735296,105.53070816694074,105.76039356544122,105.18869080314016,103.97738346881704,102.6530473888805,102.33358272026116,103.70541169928774,105.1766265565602,105.86540532121624,105.69482834386487,104.8088139543305,103.38378478541999,102.4635678513937,102.80591826161408,104.60574043575956,105.63804001855728,105.85791458021357,105.28630233857874,104.0561320426899,102.68884184163963,102.31050716867435,103.65530069038495,105.10096052915414,105.76625973456356,105.54843976291627,104.66858402138386,103.24985836719283,102.33992386210362
"Idq=34A, Gamma=135° (id=-24.0, iq=24.0)",98.96200574620865,100.1857830665793,101.83325924773774,102.6847429086781,102.75133807801834,102.0461470974581,100.74532694794209,99.38144926309585,99.35192362440722,101.1662441310135,102.39127276442842,102.81639352162975,102.42943935545507,101.41517882225754,99.92229619808076,98.96348074400365,100.14402974011475,101.76320202251289,102.6055585884876,102.63618224627163,101.9143456868429,100.61487652303569,99.27154563405597,99.26171558369079,101.0916959789206,102.3525195741586,102.82789775850462,102.47855517741822,101.46843476654821,99.99176365248948,99.07283360214537,100.27875159403243,101.88277505281066,102.70347951435701,102.72393848257516,102.00216709973198,100.68503498296843,99.30088373086201,99.23654366666834,101.04428433940028,102.28173933801732,102.73684762538038,102.34254871738503,101.34033847148754,99.87098447602402,98.96229075498863
"Idq=34A, Gamma=140° (id=-26.0, iq=21.9)",96.33318699207341,97.85343170264377,99.30123838560625,99.94386987493198,99.82251536284616,98.9832682525591,97.6178005613663,96.25497343929484,97.08721047872518,98.73307036946301,99.75135687913557,99.97418169703676,99.42728669076905,98.31339489662801,96.79604902306495,96.33246652383379,97.8133663799878,99.23574100544339,99.87242891341613,99.7175457026789,98.8637994798023,97.50065484316009,96.15880052394945,97.00607617658066,98.66414328702717,99.71623017945082,99.98732408595119,99.47560079749084,98.36313046175563,96.85926547426294,96.43257550984825,97.93937932311015,99.34625624537766,99.96022330560552,99.79510024951118,98.94168647773513,97.56239483501605,96.18225577981883,96.98117991277644,98.6204046204883,99.65137620007637,99.90517949172128,99.35065255673727,98.24760832470004,96.75187390246174,96.33346253873917
"Idq=34A, Gamma=145° (id=-27.9, iq=19.5)",94.34748564674207,95.72661685943054,96.97482042216316,97.41427466512262,97.12073508121401,96.16697696303547,94.7620758462662,94.06706525607733,95.03002642897363,96.50466692153995,97.31865240353972,97.35119819112859,96.66169961992073,95.47073678421421,93.9537204863481,94.34652500959889,95.68918251581493,96.91490902678356,97.35141384764174,97.02664641606002,96.06026868062409,94.65841953659249,93.98308550933122,94.95794226152782,96.44122876538913,97.28694288272905,97.36563920606257,96.70881950014746,95.51653428074627,94.01013045333069,94.43674003065674,95.80560548438046,97.01548845317704,97.42846436204388,97.09363468720147,96.12815257809034,94.71197677586032,94.0041261961237,94.9340816423154,96.40210872188831,97.22898292707852,97.29321465253072,96.5955214173119,95.41393112487997,93.91626496134128,94.34772869313107
"Idq=34A, Gamma=150° (id=-29.4, iq=17.0)",92.58566326042418,93.8215248821023,94.87040431149865,95.11609151018607,94.66655941244468,93.6187069061237,92.31682995711677,92.34817952954361,93.19602788793283,94.49799328302977,95.11141523730309,94.96740549218588,94.15372593042648,92.9088388296955,92.22570713455143,92.58498646782705,93.7876444694198,94.81705204596837,95.06263812400401,94.5839637547956,93.52508985150823,92.22661914821758,92.27590923816462,93.1329013743229,94.43987013574865,95.08289152390128,94.98279572379143,94.1992681616891,92.95031053927939,92.27234193489865,92.6647092460055,93.89366938516409,94.90690560270694,95.12838101811671,94.64010157976466,93.5829780926321,92.27302605024981,92.29587738730302,93.11082850919513,94.4062792148325,95.03273290334958,94.92083173738254,94.0981235106735,92.860872866539,92.19033514923461,92.58588000138899
"Idq=34A, Gamma=155° (id=-30.8, iq=14.4)",91.06112836529697,92.15290688407963,93.0045082706309,93.0668109716123,92.47866611524927,91.35785195564442,90.89425970385564,90.86509581105102,91.59917269189869,92.72767141736405,93.14741785473804,92.84094570202102,91.9224528164192,90.92631323798017,90.79099545601362,91.06125727046728,92.12350061820338,92.95864239133284,93.0235207077605,92.40808800887001,91.27755723412713,90.81670887124368,90.80454301651955,91.54484317810731,92.67458768823313,93.12180945546267,92.85692851683794,91.96604598310995,90.96132874432483,90.82750322086038,91.1299693801472,92.21839573836056,93.03705690431387,93.07747829689967,92.45317379563214,91.32553333601312,90.86078009693527,90.82370238099203,91.5252965706691,92.647466425151,93.08033021390105,92.8060860127449,91.8774655428618,90.88493765015498,90.75735390453605,91.06132519589042
"Idq=34A, Gamma=160° (id=-31.9, iq=11.6)",89.78548359245171,90.73694224596066,91.39195712708973,91.2820293116893,90.57370637870551,89.81905143086547,89.71130338698133,89.62910126320767,90.25696818736007,91.20766057108723,91.44160746181984,90.98800246362872,89.98486161357602,89.76286080815743,89.60005165059226,89.7869339167643,90.71323175720192,91.35445292268068,91.24958051370147,90.51557890653942,89.75212060883989,89.64638566732091,89.58018482977799,90.21093917905726,91.15934809246426,91.41862169608768,91.00421671828084,90.0261491336454,89.78790993174788,89.62634183576164,89.84420073016227,90.79631140789704,91.42079637531997,91.29136480647007,90.54949517574428,89.7935941693121,89.687967900127,89.59880531791234,90.19497232185006,91.13953386387897,91.38663382209256,90.96507197050065,89.95044806188169,89.7241337967955,89.56808579666165,89.78566705925653
"Idq=34A, Gamma=165° (id=-32.8, iq=8.8)",88.79247669128466,89.5810330941096,90.04502336876254,89.77532979652969,88.96617809665466,88.90325856806521,88.77696401835385,88.64960255083653,89.1901986888698,89.94962469760738,90.00696630563516,89.42267779389081,88.89068883517366,88.8431609579431,88.66193951975806,88.79691142964559,89.56387141388451,90.01669249050431,89.75431829783817,88.92083958480075,88.84965489297238,88.72455640269162,88.61215278302869,89.15137973578128,89.90578800816142,89.9862905330381,89.43876058360512,88.92508993808569,88.85852566704855,88.67799934302414,88.84204307481569,89.63457730323367,90.07042473427568,89.78363394897495,88.94355386387102,88.88722250096943,88.76351526880617,88.63050840432703,89.14067861273176,89.89405195682538,89.96453378014768,89.41180083914603,88.86246088851557,88.8073919362466,88.63158187401207,88.79264461358679
"Idq=34A, Gamma=170° (id=-33.5, iq=5.9)",88.09662339352815,88.69397659512906,88.97395797485105,88.5581793192139,88.2784265133422,88.23480259670731,88.09835248473793,88.0040881407681,88.39293735869613,88.96313820954447,88.85441287164252,88.23911049338113,88.24568102410005,88.17421315852737,87.9837986632744,88.10601782498992,88.6841669144666,88.95554225945446,88.54911390849729,88.24625186896323,88.19446868927945,88.05823675467535,87.9766366706228,88.36088849754906,88.92344778448638,88.83571687132992,88.25386927557777,88.27185926002585,88.18024912565869,87.98969320164248,88.13831769041172,88.74203492238115,88.996219124746,88.56576046663258,88.26325470763453,88.22777695281478,88.09445784569688,87.99752582908258,88.3562222936099,88.92049957334542,88.82485312807304,88.23953118664329,88.22241382479186,88.14168902761102,87.95496949691523,88.09677115329994
"Idq=34A, Gamma=175° (id=-33.9, iq=3.0)",87.67699441785057,88.08252378459565,88.18691239972986,87.81630547094854,87.88641373337066,87.8187708703586,87.69807358431066,87.67054308824835,87.87125183696132,88.25570886472947,87.99271878740547,87.86367374222593,87.8508037444984,87.76110850658539,87.72907843538826,87.69202351234125,88.08081334136878,88.1790782235295,87.8197230036782,87.86753956021722,87.79154836038342,87.66988521583582,87.6520112339148,87.84548157999514,88.2198036236946,87.97565727126411,87.8717098550001,87.86910223427566,87.75824240161292,87.72214279414561,87.71126612269121,88.12547705178959,88.20635490004258,87.82555610590306,87.87875642903232,87.8202763036538,87.70363360433376,87.67724320911898,87.84757355074069,88.2262860349244,87.97626552378897,87.87054791387742,87.83286100387656,87.73209147198583,87.69752726910369,87.6771271823112
"Idq=34A, Gamma=180° (id=-34.0, iq=0.0)",87.53678339413574,87.75132818760284,87.68987653545679,87.69736093787469,87.74751917975384,87.65832964166343,87.81982352106806,87.61804419240194,87.6291124654881,87.83272062763403,87.6682647555145,87.74102258479607,87.70906225090003,87.70612349260954,87.78136590888587,87.55807923839531,87.75840257959722,87.69320974288452,87.71379901685573,87.74197084736704,87.64396037327717,87.8023792434388,87.60786418844155,87.60908154097336,87.80021068272161,87.64931315263775,87.74262744802166,87.71988408499246,87.69343941167014,87.76113187200721,87.56413849194524,87.78959606914205,87.70684340384845,87.71233360639847,87.7469647941363,87.66782187948215,87.8388876200679,87.63801003443555,87.6186035081878,87.81669472576726,87.66200809744115,87.75480979167267,87.69676715795532,87.67928550836046,87.7459727346527,87.53690644462777
"Idq=34A, Gamma=90° (id=0.0, iq=34.0)",135.72251407182762,136.04496739350705,136.86466726194908,137.229664649758,137.35682182040492,137.11566435434844,136.6724479812324,136.12203062811997,135.95015111040405,136.69058220952064,137.18806486032503,137.3862819203254,137.24101520657285,136.85984213881747,136.33928734211284,135.78423151477375,136.04529358764867,136.8062071058294,137.12957546692755,137.1910575714742,136.90530783626943,136.44644789702258,135.90781173063507,135.75245917941504,136.51929838377455,137.07006499123443,137.34308828173528,137.26501619898858,136.91922934602724,136.4335861544439,135.9358439245821,136.24048116231805,137.00193960747433,137.3125377237478,137.364402728594,137.0771111161404,136.59194807787242,136.00626458725924,135.78081398988004,136.49468973552922,136.99651192441718,137.21721570334145,137.06717262404155,136.70739804318237,136.2156909853711,135.72264603006633
"Idq=34A, Gamma=95° (id=-3.0, iq=33.9)",131.24134095266643,131.64263157870653,132.30331015585784,132.6639409290215,132.7881612108458,132.54724621371963,132.35194599993437,131.64887952211186,131.48493771690633,132.15463001101742,132.61181025183382,132.80724793646004,132.6631197812396,132.406691519213,131.92416039464405,131.295259572566,131.63532807355017,132.23898521538803,132.56149399790357,132.6238207034299,132.34209049597862,132.13341218438873,131.44323659449967,131.29587217064474,131.99521126168725,132.50657949522838,132.77574169667795,132.69662034788965,132.47067152510598,132.01878195044674,131.44656532695257,131.83004415306843,132.42798444996717,132.73486113107523,132.78570954901033,132.5011836854436,132.27134401408128,131.53346180328415,131.3164878352901,131.9637477586885,132.4287443191653,132.64921134776569,132.5017159127753,132.26494328170574,131.80857624895748,131.24148054377454
"Idq=68A, Gamma=100° (id=-11.8, iq=67.0)",121.03703186007931,119.23155983602688,119.36555360506499,122.71016336475138,125.4797700683147,125.56104936136217,123.99789435540298,121.9291727708431,120.59701420474894,118.50629048255948,120.77627172389296,124.80955177357494,125.42607720054724,124.90322240336155,122.69085836912609,121.0319384426486,119.13363595179379,119.19015800107499,122.45055115151551,125.16432623878124,125.23987627339822,123.69538362834744,121.6603803499732,120.3895999763599,118.37175746698514,120.71806792987539,124.82997013858413,125.51910509766661,125.03637379799403,122.87863522340044,121.28756777315105,119.41373316421091,119.45961681317243,122.72492254173252,125.42334076728545,125.45685453600566,123.83869958488941,121.71459406159087,120.33326086425375,118.23899786748318,120.50770545694739,124.54755486734773,125.18065762845626,124.73550024331084,122.59208163072206,121.03755613331272
"Idq=68A, Gamma=105° (id=-17.6, iq=65.7)",113.31686248866802,111.58616234445174,113.55456928229553,116.84790410011891,117.83994403068269,118.51679997815116,116.68887043821653,114.63723980750065,112.21580187801165,112.64740343840087,115.04805996471538,117.55535193914699,118.33295965692415,117.68161258005908,115.36283830359118,113.30375030953432,111.48144801497095,113.37403815490022,116.5897683742681,117.53203013734483,118.20636019483895,116.39601414505798,114.37698482622865,112.02412352349522,112.50965233416846,114.98281424108336,117.58116730411595,118.43213484554767,117.81798233789432,115.55091441695453,113.55528191311633,111.75970890708345,113.65432772657597,116.87081746515534,117.7794335373706,118.40789167634765,116.5296263183514,114.42416285675597,111.95964934210213,112.37452613152426,114.76909601866288,117.30255422856902,118.10376647975293,117.5258202115804,115.27215248875244,113.31744982642446
"Idq=68A, Gamma=110° (id=-23.3, iq=63.9)",105.10490444541084,105.78315255847026,107.85469095971153,109.78293696991051,111.23392729746776,111.46579901058176,109.43163460906796,106.84382699879025,105.14606754609058,106.87002634688487,109.05050209703029,110.37160741593499,111.5277492088422,110.47914414755373,108.12542556131105,105.08261963248486,105.67525802033225,107.67012977076392,109.52780100461369,110.93579060236105,111.167662167341,109.14906645528838,106.60026514533108,104.96590838182092,106.72976490749637,108.98322042789881,110.40422697146072,111.63286520972522,110.61753099546597,108.31274727199587,105.32573945444773,105.95681409811455,107.95974951995714,109.79910611926947,111.16667954584477,111.3533197489592,109.27355193890205,106.63682192011288,104.89676790960996,106.59297387599615,108.76767150384127,110.13180454107041,111.31676432059035,110.33496274132072,108.04204111492983,105.10554579182121
"Idq=68A, Gamma=115° (id=-28.7, iq=61.6)",98.71809620600087,100.0767551750333,101.79544374546784,103.15664081336143,104.73854303890754,104.4617088335279,102.25148884553475,98.85035030643165,99.44753303851486,101.21812853615356,102.32788562164563,104.12372723466737,104.76234005229348,103.35063223958615,100.41111892723286,98.69254464134303,99.96610001500433,101.60754084162826,102.90701378766104,104.45247188308716,104.17735093297566,101.98047453394702,98.6284191405849,99.27456492130155,101.07608362027727,102.27020988029992,104.16525371141549,104.87218947099515,103.48981955317628,100.59309188951798,98.92621578076033,100.24953689707763,101.89715633511506,103.1651983975645,104.66536588370823,104.34682830587464,102.09587325315009,98.65247041070286,99.2042776084072,100.93834220456004,102.054112059437,103.90171227170975,104.57050398653514,103.21765459983891,100.34207478005376,98.71866393943452
"Idq=68A, Gamma=120° (id=-34.0, iq=58.9)",93.21445597572067,94.51039932384577,95.42527831416187,97.26248144832591,98.33267788610235,97.55783480242233,94.79008651121212,93.20216657787338,93.86210022145475,95.20864516484448,96.23486142621083,97.96992581684341,98.08822103602517,96.29117878077938,92.95767382531051,93.18830002037706,94.39742413869168,95.23474951033728,97.02094480589663,98.06087715422619,97.28862698110177,94.54160491218028,92.99764800669422,93.69717343357878,95.07601392081224,96.18878021026609,98.0194250088191,98.20156045393679,96.42952594841236,93.13174519975598,93.41150392809702,94.6813131296208,95.51506163962084,97.26168137191182,98.2546716265676,97.44174097761106,94.63965532776166,93.01905059597321,93.62593324790942,94.93582729996703,95.97450866610176,97.76702045938208,97.91632859223284,96.17100449076932,92.90290441878582,93.21488914008536
"Idq=68A, Gamma=125° (id=-39.0, iq=55.7)",87.84607737175672,88.69293128336008,89.84843538035815,91.5132267503714,92.06508434083206,90.78183846395801,88.19234582867604,87.95869957299263,88.39994174661359,89.1811549665397,90.69945179508477,91.95703730701966,91.55618623569418,89.23774865065545,87.92383836348334,87.81937811936292,88.57457869060926,89.65735989213417,91.28200337286216,91.8096503110152,90.53108822946704,87.96696100129321,87.771920949034,88.24495080102172,89.0632222721959,90.66640316750308,92.01351433105113,91.67174567320586,89.37279653647835,88.0819106933266,88.03113320630962,88.84880683714536,89.92309893961719,91.50383025008354,91.98338602860271,90.66614728036456,88.05196831619524,87.79180232934415,88.17236013199737,88.92035226596718,90.45614687959143,91.77441781300725,91.40488043033503,89.13600951751155,87.87164813790773,87.84636874057273
"Idq=68A, Gamma=130° (id=-43.7, iq=52.1)",82.61054541743673,83.14709220439748,84.67210381425683,85.95263201924426,85.98346257445279,84.17808723274257,83.48410087187048,82.8733540961441,82.8787537795576,84.08222623671018,85.35491787436416,86.13082341743724,85.21130319260452,83.52308306750508,83.0382138535406,82.58185423406823,83.02355252145409,84.48186711765449,85.73386629813069,85.74636696432503,83.94955549016362,83.28115035872081,82.70518343479563,82.74317090690359,83.9823374068073,85.33464360680205,86.19323028483747,85.32811276704855,83.64634409051682,83.17935111833825,82.78067965552529,83.28520698336483,84.73032199430199,85.93546575580238,85.89923735991985,84.06453277033515,83.36364610896449,82.72341889637727,82.66469647874993,83.83804880420281,85.12996576132072,85.96951165715674,85.0808421846192,83.4315649835039,82.98879053784675,82.61069730526829
"Idq=68A, Gamma=135° (id=-48.1, iq=48.1)",77.49343272478568,78.4685626535558,79.71518322664006,80.62301673842728,80.13293229211384,79.31644118533102,78.95448897985395,77.95683357959571,77.83635601618134,79.23531742496856,80.24193479430345,80.53578616764148,79.10364635052727,79.19617441888069,78.33798284802359,77.45941738950451,78.34113610960853,79.52681086482826,80.41875825489764,79.9149374152128,79.11116636154148,78.77502076131805,77.8096572427198,77.72123387608804,79.15431918690041,80.23407943782429,80.6030741753179,79.22060478277292,79.29921571222823,78.46137791340298,77.64319523190846,78.58602488160976,79.7566420139949,80.59896650514014,80.04672844091648,79.2175914012692,78.85458605490625,77.82458438964332,77.63714036864728,79.00925856195313,80.03650076563567,80.39662168166431,78.99421739179056,79.10654527064099,78.29149311328945,77.49345912097816
"Idq=68A, Gamma=140° (id=-52.1, iq=43.7)",73.02341929771984,74.00631581538047,75.01539877625017,75.56703564474364,74.71998173511237,75.36124273888491,74.63798323417909,73.24668300599608,73.51177664140842,74.62547442726058,75.3994154434455,75.21672893674915,75.09004389941906,75.08010943002722,73.85107650675147,72.98414632982357,73.87533529287197,74.82990210368435,75.37902627825642,74.52253980778656,75.18027053778687,74.48286657619666,73.1227200292465,73.41813575855593,74.56389861634749,75.40352903370065,75.2884251022202,75.19156137406137,75.1623485711033,73.95591728389925,73.15205843738396,74.10230616383579,75.03991170653619,75.53691294697491,74.63430931505924,75.28294237396175,74.55910482367682,73.13270869161131,73.32888268972285,74.41867283351259,75.21451623667171,75.10010446271949,74.98736450144689,74.99286885776766,73.80830331467052,73.02342446533684
"Idq=68A, Gamma=145° (id=-55.7, iq=39.0)",69.12921052089476,69.79431208268832,70.60851866056203,70.8272996436575,71.30250651118037,71.6468272868773,70.56939458398543,69.34334464325538,69.41606885096255,70.28778093229808,70.88913115191376,70.69552877080534,71.55861103709199,71.20681613953413,69.61602219277945,69.08475702857065,69.66013751198403,70.42688714596595,70.65676815517054,71.12740378293766,71.49116537734938,70.43947264875047,69.24236434710053,69.34444484698543,70.24601156746215,70.90317357499988,70.76564756963188,71.64223746682472,71.26783462425357,69.70171599025933,69.23612525621604,69.86817463682846,70.6160282376052,70.79171213941768,71.2338145505847,71.58949352444836,70.51183077425482,69.24647968239042,69.25013548749695,70.10122874814601,70.7262467566315,70.59729831145697,71.46144472334754,71.12244574408396,69.57736351871964,69.12927036944319
"Idq=68A, Gamma=150° (id=-58.9, iq=34.0)",65.47661027401725,65.86460734716252,66.67468446632623,67.14494937869794,68.16413133648652,68.20312071226999,66.88179241817085,65.87123933941311,65.58040345418506,66.25524940674869,66.75262025798406,67.69257787330753,68.29899521034652,67.60994260337996,66.34620074230864,65.42699113695642,65.72762296726333,66.50387567266381,66.99398816181939,68.01260160749116,68.07353454551384,66.77737934679287,65.79338621689554,65.53116438897547,66.23351976789793,66.77404192260025,67.74821603444734,68.36429756779609,67.64952221166905,66.41393683999256,65.561329796925,65.91585459814692,66.67014662838145,67.1132486208917,68.11282775662987,68.16698495208284,66.84514943350801,65.79132679514356,65.4319404909935,66.08978466228712,66.61324244635883,67.60187725468217,68.20795530163169,67.52890310494683,66.3131753578069,65.47670178438898
"Idq=68A, Gamma=155° (id=-61.6, iq=28.7)",62.09341705046645,62.29265885703678,63.1874670537558,64.55148722790717,65.32874114111297,65.05840990013209,64.12998788147833,62.65147818051292,62.03397218078347,62.963048451345124,63.85162570911449,65.00258644652565,65.33783973188557,64.57961316411202,63.367139723539,62.03868646203554,62.154094342874785,63.03205016218749,64.4220420793972,65.20183880677114,64.95540427608952,64.05018044867468,62.596999380222115,62.007315751333195,62.953676103473825,63.86813373282293,65.04335752652624,65.38458034571372,64.5990229678077,63.41661327670536,62.1556394718582,62.32156865216208,63.17405154129146,64.53303615162211,65.29510152720013,65.04350933230575,64.1109672615295,62.58880900111509,61.90335646962504,62.82153951415422,63.72550882648566,64.92027138928754,65.25343506398536,64.50361842263011,63.33977589858464,62.0935169625877
"Idq=68A, Gamma=160° (id=-63.9, iq=23.3)",59.005378993501424,59.73417539459487,60.96702104146075,62.30175280971992,62.81882155677605,62.681764499381956,61.630188859217014,59.70856549311898,59.049563391931606,60.19625363623397,61.70686828950056,62.646026949478696,62.697672437367316,62.3540281096827,60.65082837589156,58.94563004829843,59.60664321086204,60.82933514155259,62.19509003195723,62.717255363952965,62.60510521587415,61.57524539624729,59.67753027093845,59.04406624474371,60.19602537254054,61.71282758003355,62.671657652352025,62.725754648179155,62.355790612295436,60.681755343435505,59.044973640801416,59.74938146863727,60.95943161546078,62.29680343251327,62.80290824596498,62.685627540716744,61.62903271910132,59.663299394450654,58.93870020684273,60.07877035010663,61.590028976157846,62.57288935510649,62.620361610924824,62.285783286972986,60.62900638135871,59.00546398335606
"Idq=68A, Gamma=165° (id=-65.7, iq=17.6)",56.749597269045225,57.73218589179237,59.24573002278767,60.412476644662924,60.652968203045425,60.97222056014608,59.401420331366275,57.06489861976162,57.13509118946084,58.50422229496753,59.93494076686529,60.63977058877438,61.046128623499285,60.39059284538132,58.217939468875585,56.689091405766206,57.61826812331042,59.127295613023406,60.329664408348904,60.577342449024975,60.921643533651384,59.37140993966636,57.05719781178984,57.14630827284043,58.49931372165882,59.930074925160184,60.65020571081959,61.05802496728545,60.374504152678654,58.23017696040751,56.76789096679609,57.73822982982927,59.24609071570578,60.42116597338981,60.6547526467289,60.99287052038674,59.41823482672442,57.037062869728,57.04902067909279,58.40112067383195,59.82839842107503,60.57642920543816,60.97848389392277,60.33006607693578,58.2014973989625,56.749699787931206
"Idq=68A, Gamma=170° (id=-67.0, iq=11.8)",55.491904648550786,56.49052504159897,57.92338048399925,58.895328021833585,59.731020746077,59.53149564876159,57.46064457219026,55.56077882615608,55.79656098243211,57.22439680407772,58.54770503088661,59.14013823785972,59.90721823262085,58.70425029912383,56.086988756091955,55.43610456763046,56.394229610376826,57.82547280293346,58.83708166746208,59.68150314334776,59.507127777894425,57.45544659746871,55.575407696838504,55.81906479636509,57.21444456367003,58.531844838429784,59.13580989762144,59.903658888031856,58.670242375248485,56.08053611941978,55.49075836941198,56.49732413357972,57.93194424062172,58.91760442091599,59.74703537833498,59.56903115374621,57.49539909127607,55.55312420596209,55.73363477217053,57.136503054445576,58.4523753006662,59.08767385504718,59.850147582774824,58.6513509813812,56.07572376052209,55.49207312604056
"Idq=68A, Gamma=175° (id=-67.7, iq=5.9)",54.77439358957065,55.68098719536942,57.00733052215469,58.13103231651302,59.14852874386936,58.370554551737506,55.90523090521028,54.89229752082758,55.0448264506516,56.36651740833,57.55368246337878,58.86990141217524,59.04210987444505,57.30783455592873,55.39564509464812,54.727467805679275,55.6034496670361,56.93104687914482,58.098143512960924,59.12539923077638,58.37232326761254,55.92444685538365,54.928357453209664,55.07308080604216,56.35119652869164,57.526773473880475,58.85368558803448,59.02299758282545,57.255975741192564,55.36994846062393,54.758919260541944,55.688953476089324,57.024291724821545,58.16574736661685,59.17863780647129,58.42494571811306,55.95765514786749,54.90632303772259,55.00320957940434,56.294541995628,57.47036382420549,58.831588872396566,58.99563497567612,57.26241403582231,55.38805991291544,54.774597079103174
"Idq=68A, Gamma=180° (id=-68.0, iq=0.0)",54.54825183706065,55.30973342492579,56.504564131927516,58.42009639599855,58.8438703098102,57.498232731817644,55.88676601075321,54.71972509373502,54.738972070332416,55.93568289635509,57.563786379487446,58.87984754588829,58.45738754594433,56.53455350009926,55.31159640518803,54.512402579298666,55.251946606143115,56.450837363037664,58.41322393425219,58.8472305284493,57.52586655034267,55.92858350863726,54.77370743060855,54.772409917078896,55.914574562740846,57.5272341253545,58.851579719885514,58.42274341595666,56.465815294104964,55.26678497212197,54.5210362120335,55.31927004616911,56.53005323575959,58.46513244425899,58.88808008575565,57.56932139447011,55.95503181809591,54.75521563440988,54.71896472796925,55.880239103919266,57.49529596372688,58.85582162848588,58.42144942953552,56.49696821660178,55.307028331224664,54.548469738858685
"Idq=68A, Gamma=90° (id=0.0, iq=68.0)",135.72962147034352,134.99766471405363,133.77042913369925,134.32074715585162,138.43968646633115,141.22436440974124,138.54883132208994,136.67505825015212,135.51200200658243,134.90822678265806,133.15001747808302,136.386345325962,140.24373357446774,140.00590969504685,137.39537271198589,135.73926433188393,134.91649950412076,133.609842461207,134.0652549955429,138.11595399014126,140.88525536692356,138.2292013658938,136.38979855030937,135.28335530888666,134.75296412687814,133.09945800775202,136.42459371489738,140.33509759559905,140.13108180083918,137.5794071746179,135.9953950596664,135.20165798716147,133.87067609460874,134.31801386779279,138.37172468130606,141.12706619430648,138.39335693306504,136.4597521203223,135.24250699515605,134.63371061920836,132.90101834818063,136.1403784223209,139.98321860379193,139.81516781458774,137.27829730873756,135.7299857104215
"Idq=68A, Gamma=95° (id=-5.9, iq=67.7)",128.3553199744902,127.66138334806487,125.50834962779139,128.49289007271472,132.61712782982676,133.0961672133591,131.3030802753082,129.29379532657015,128.1689188198285,126.6559893268684,126.59127235556724,130.5755709790475,133.3451117689671,132.08901280617852,130.05371510043759,128.3574019385702,127.5720128015007,125.33929569690608,128.23412328262341,132.29645332824668,132.76545738933606,130.99162229590928,129.01664680117634,127.95002976061804,126.51164676362819,126.53978447096637,130.60546736530358,133.43371921994773,132.21776905816978,130.2401413113977,128.61361199634007,127.85542164945352,125.5982399588954,128.49841464678525,132.56052176385785,132.996023388383,131.1451452776187,129.0784716677843,127.90140143689729,126.38517251419282,126.33448230120162,130.3209098823633,133.087353270012,131.90913281814676,129.94611946017432,128.3557712545025
