Condition,0,8,16,24,32,40,48,56,64,72,80,88,96,104,112,120,128,136,144,152,160,168,176,184,192,200,208,216,224,232,240,248,256,264,272,280,288,296,304,312,320,328,336,344,352,360
"Idq=0A, Gamma=100° (id=-0.0, iq=0.0)",-0.009071217015548434,0.3039729214850591,1.2553521285710763,1.2367662579600147,-0.2181741230248696,-1.158303846625052,-0.5844826347293937,0.1138103402948456,0.08983832762532566,0.7322613831596084,1.2890561281019888,0.39024845930169894,-1.0503333734169968,-1.2041210130829907,-0.3330898098856579,-0.11649942406666743,0.11095418195768147,0.9872326435205331,0.8576782202765962,-0.6093205599418949,-1.4981961708194815,-0.8239798558263381,-0.05404203898951946,0.023130148036935395,0.8005188520840237,1.477137256194703,0.6131186849237431,-0.8752551124293396,-1.0003028845533186,-0.12904356556938296,0.09352110161475141,0.27258510718184553,1.1691037654584189,1.0570630449169467,-0.4115252418957817,-1.3318350533463492,-0.776915008153356,-0.13692489057809398,-0.13364894513373063,0.5525973089136095,1.136570230933787,0.15947344996289126,-1.2818129750436744,-1.303414996992644,-0.33921397033633466,-0.002365054144850183
"Idq=0A, Gamma=105° (id=-0.0, iq=0.0)",-0.009071217015548434,0.3039729214850591,1.2553521285710763,1.2367662579600147,-0.2181741230248696,-1.158303846625052,-0.5844826347293937,0.1138103402948456,0.08983832762532566,0.7322613831596084,1.2890561281019888,0.39024845930169894,-1.0503333734169968,-1.2041210130829907,-0.3330898098856579,-0.11649942406666743,0.11095418195768147,0.9872326435205331,0.8576782202765962,-0.6093205599418949,-1.4981961708194815,-0.8239798558263381,-0.05404203898951946,0.023130148036935395,0.8005188520840237,1.477137256194703,0.6131186849237431,-0.8752551124293396,-1.0003028845533186,-0.12904356556938296,0.09352110161475141,0.27258510718184553,1.1691037654584189,1.0570630449169467,-0.4115252418957817,-1.3318350533463492,-0.776915008153356,-0.13692489057809398,-0.13364894513373063,0.5525973089136095,1.136570230933787,0.15947344996289126,-1.2818129750436744,-1.303414996992644,-0.33921397033633466,-0.002365054144850183
"Idq=0A, Gamma=110° (id=-0.0, iq=0.0)",-0.009071217015548434,0.3039729214850591,1.2553521285710763,1.2367662579600147,-0.2181741230248696,-1.158303846625052,-0.5844826347293937,0.1138103402948456,0.08983832762532566,0.7322613831596084,1.2890561281019888,0.39024845930169894,-1.0503333734169968,-1.2041210130829907,-0.3330898098856579,-0.11649942406666743,0.11095418195768147,0.9872326435205331,0.8576782202765962,-0.6093205599418949,-1.4981961708194815,-0.8239798558263381,-0.05404203898951946,0.023130148036935395,0.8005188520840237,1.477137256194703,0.6131186849237431,-0.8752551124293396,-1.0003028845533186,-0.12904356556938296,0.09352110161475141,0.27258510718184553,1.1691037654584189,1.0570630449169467,-0.4115252418957817,-1.3318350533463492,-0.776915008153356,-0.13692489057809398,-0.13364894513373063,0.5525973089136095,1.136570230933787,0.15947344996289126,-1.2818129750436744,-1.303414996992644,-0.33921397033633466,-0.002365054144850183
"Idq=0A, Gamma=115° (id=-0.0, iq=0.0)",-0.009071217015548434,0.3039729214850591,1.2553521285710763,1.2367662579600147,-0.2181741230248696,-1.158303846625052,-0.5844826347293937,0.1138103402948456,0.08983832762532566,0.7322613831596084,1.2890561281019888,0.39024845930169894,-1.0503333734169968,-1.2041210130829907,-0.3330898098856579,-0.11649942406666743,0.11095418195768147,0.9872326435205331,0.8576782202765962,-0.6093205599418949,-1.4981961708194815,-0.8239798558263381,-0.05404203898951946,0.023130148036935395,0.8005188520840237,1.477137256194703,0.6131186849237431,-0.8752551124293396,-1.0003028845533186,-0.12904356556938296,0.09352110161475141,0.27258510718184553,1.1691037654584189,1.0570630449169467,-0.4115252418957817,-1.3318350533463492,-0.776915008153356,-0.13692489057809398,-0.13364894513373063,0.5525973089136095,1.136570230933787,0.15947344996289126,-1.2818129750436744,-1.303414996992644,-0.33921397033633466,-0.002365054144850183
"Idq=0A, Gamma=120° (id=-0.0, iq=0.0)",-0.009071217015548434,0.3039729214850591,1.2553521285710763,1.2367662579600147,-0.2181741230248696,-1.158303846625052,-0.5844826347293937,0.1138103402948456,0.08983832762532566,0.7322613831596084,1.2890561281019888,0.39024845930169894,-1.0503333734169968,-1.2041210130829907,-0.3330898098856579,-0.11649942406666743,0.11095418195768147,0.9872326435205331,0.8576782202765962,-0.6093205599418949,-1.4981961708194815,-0.8239798558263381,-0.05404203898951946,0.023130148036935395,0.8005188520840237,1.477137256194703,0.6131186849237431,-0.8752551124293396,-1.0003028845533186,-0.12904356556938296,0.09352110161475141,0.27258510718184553,1.1691037654584189,1.0570630449169467,-0.4115252418957817,-1.3318350533463492,-0.776915008153356,-0.13692489057809398,-0.13364894513373063,0.5525973089136095,1.136570230933787,0.15947344996289126,-1.2818129750436744,-1.303414996992644,-0.33921397033633466,-0.002365054144850183
"Idq=0A, Gamma=125° (id=-0.0, iq=0.0)",-0.009071217015548434,0.3039729214850591,1.2553521285710763,1.2367662579600147,-0.2181741230248696,-1.158303846625052,-0.5844826347293937,0.1138103402948456,0.08983832762532566,0.7322613831596084,1.2890561281019888,0.39024845930169894,-1.0503333734169968,-1.2041210130829907,-0.3330898098856579,-0.11649942406666743,0.11095418195768147,0.9872326435205331,0.8576782202765962,-0.6093205599418949,-1.4981961708194815,-0.8239798558263381,-0.05404203898951946,0.023130148036935395,0.8005188520840237,1.477137256194703,0.6131186849237431,-0.8752551124293396,-1.0003028845533186,-0.12904356556938296,0.09352110161475141,0.27258510718184553,1.1691037654584189,1.0570630449169467,-0.4115252418957817,-1.3318350533463492,-0.776915008153356,-0.13692489057809398,-0.13364894513373063,0.5525973089136095,1.136570230933787,0.15947344996289126,-1.2818129750436744,-1.303414996992644,-0.33921397033633466,-0.002365054144850183
"Idq=0A, Gamma=130° (id=-0.0, iq=0.0)",-0.009071217015548434,0.3039729214850591,1.2553521285710763,1.2367662579600147,-0.2181741230248696,-1.158303846625052,-0.5844826347293937,0.1138103402948456,0.08983832762532566,0.7322613831596084,1.2890561281019888,0.39024845930169894,-1.0503333734169968,-1.2041210130829907,-0.3330898098856579,-0.11649942406666743,0.11095418195768147,0.9872326435205331,0.8576782202765962,-0.6093205599418949,-1.4981961708194815,-0.8239798558263381,-0.05404203898951946,0.023130148036935395,0.8005188520840237,1.477137256194703,0.6131186849237431,-0.8752551124293396,-1.0003028845533186,-0.12904356556938296,0.09352110161475141,0.27258510718184553,1.1691037654584189,1.0570630449169467,-0.4115252418957817,-1.3318350533463492,-0.776915008153356,-0.13692489057809398,-0.13364894513373063,0.5525973089136095,1.136570230933787,0.15947344996289126,-1.2818129750436744,-1.303414996992644,-0.33921397033633466,-0.002365054144850183
"Idq=0A, Gamma=135° (id=-0.0, iq=0.0)",-0.009071217015548434,0.3039729214850591,1.2553521285710763,1.2367662579600147,-0.2181741230248696,-1.158303846625052,-0.5844826347293937,0.1138103402948456,0.08983832762532566,0.7322613831596084,1.2890561281019888,0.39024845930169894,-1.0503333734169968,-1.2041210130829907,-0.3330898098856579,-0.11649942406666743,0.11095418195768147,0.9872326435205331,0.8576782202765962,-0.6093205599418949,-1.4981961708194815,-0.8239798558263381,-0.05404203898951946,0.023130148036935395,0.8005188520840237,1.477137256194703,0.6131186849237431,-0.8752551124293396,-1.0003028845533186,-0.12904356556938296,0.09352110161475141,0.27258510718184553,1.1691037654584189,1.0570630449169467,-0.4115252418957817,-1.3318350533463492,-0.776915008153356,-0.13692489057809398,-0.13364894513373063,0.5525973089136095,1.136570230933787,0.15947344996289126,-1.2818129750436744,-1.303414996992644,-0.33921397033633466,-0.002365054144850183
"Idq=0A, Gamma=140° (id=-0.0, iq=0.0)",-0.009071217015548434,0.3039729214850591,1.2553521285710763,1.2367662579600147,-0.2181741230248696,-1.158303846625052,-0.5844826347293937,0.1138103402948456,0.08983832762532566,0.7322613831596084,1.2890561281019888,0.39024845930169894,-1.0503333734169968,-1.2041210130829907,-0.3330898098856579,-0.11649942406666743,0.11095418195768147,0.9872326435205331,0.8576782202765962,-0.6093205599418949,-1.4981961708194815,-0.8239798558263381,-0.05404203898951946,0.023130148036935395,0.8005188520840237,1.477137256194703,0.6131186849237431,-0.8752551124293396,-1.0003028845533186,-0.12904356556938296,0.09352110161475141,0.27258510718184553,1.1691037654584189,1.0570630449169467,-0.4115252418957817,-1.3318350533463492,-0.776915008153356,-0.13692489057809398,-0.13364894513373063,0.5525973089136095,1.136570230933787,0.15947344996289126,-1.2818129750436744,-1.303414996992644,-0.33921397033633466,-0.002365054144850183
"Idq=0A, Gamma=145° (id=-0.0, iq=0.0)",-0.009071217015548434,0.3039729214850591,1.2553521285710763,1.2367662579600147,-0.2181741230248696,-1.158303846625052,-0.5844826347293937,0.1138103402948456,0.08983832762532566,0.7322613831596084,1.2890561281019888,0.39024845930169894,-1.0503333734169968,-1.2041210130829907,-0.3330898098856579,-0.11649942406666743,0.11095418195768147,0.9872326435205331,0.8576782202765962,-0.6093205599418949,-1.4981961708194815,-0.8239798558263381,-0.05404203898951946,0.023130148036935395,0.8005188520840237,1.477137256194703,0.6131186849237431,-0.8752551124293396,-1.0003028845533186,-0.12904356556938296,0.09352110161475141,0.27258510718184553,1.1691037654584189,1.0570630449169467,-0.4115252418957817,-1.3318350533463492,-0.776915008153356,-0.13692489057809398,-0.13364894513373063,0.5525973089136095,1.136570230933787,0.15947344996289126,-1.2818129750436744,-1.303414996992644,-0.33921397033633466,-0.002365054144850183
"Idq=0A, Gamma=150° (id=-0.0, iq=0.0)",-0.009071217015548434,0.3039729214850591,1.2553521285710763,1.2367662579600147,-0.2181741230248696,-1.158303846625052,-0.5844826347293937,0.1138103402948456,0.08983832762532566,0.7322613831596084,1.2890561281019888,0.39024845930169894,-1.0503333734169968,-1.2041210130829907,-0.3330898098856579,-0.11649942406666743,0.11095418195768147,0.9872326435205331,0.8576782202765962,-0.6093205599418949,-1.4981961708194815,-0.8239798558263381,-0.05404203898951946,0.023130148036935395,0.8005188520840237,1.477137256194703,0.6131186849237431,-0.8752551124293396,-1.0003028845533186,-0.12904356556938296,0.09352110161475141,0.27258510718184553,1.1691037654584189,1.0570630449169467,-0.4115252418957817,-1.3318350533463492,-0.776915008153356,-0.13692489057809398,-0.13364894513373063,0.5525973089136095,1.136570230933787,0.15947344996289126,-1.2818129750436744,-1.303414996992644,-0.33921397033633466,-0.002365054144850183
"Idq=0A, Gamma=155° (id=-0.0, iq=0.0)",-0.009071217015548434,0.3039729214850591,1.2553521285710763,1.2367662579600147,-0.2181741230248696,-1.158303846625052,-0.5844826347293937,0.1138103402948456,0.08983832762532566,0.7322613831596084,1.2890561281019888,0.39024845930169894,-1.0503333734169968,-1.2041210130829907,-0.3330898098856579,-0.11649942406666743,0.11095418195768147,0.9872326435205331,0.8576782202765962,-0.6093205599418949,-1.4981961708194815,-0.8239798558263381,-0.05404203898951946,0.023130148036935395,0.8005188520840237,1.477137256194703,0.6131186849237431,-0.8752551124293396,-1.0003028845533186,-0.12904356556938296,0.09352110161475141,0.27258510718184553,1.1691037654584189,1.0570630449169467,-0.4115252418957817,-1.3318350533463492,-0.776915008153356,-0.13692489057809398,-0.13364894513373063,0.5525973089136095,1.136570230933787,0.15947344996289126,-1.2818129750436744,-1.303414996992644,-0.33921397033633466,-0.002365054144850183
"Idq=0A, Gamma=160° (id=-0.0, iq=0.0)",-0.009071217015548434,0.3039729214850591,1.2553521285710763,1.2367662579600147,-0.2181741230248696,-1.158303846625052,-0.5844826347293937,0.1138103402948456,0.08983832762532566,0.7322613831596084,1.2890561281019888,0.39024845930169894,-1.0503333734169968,-1.2041210130829907,-0.3330898098856579,-0.11649942406666743,0.11095418195768147,0.9872326435205331,0.8576782202765962,-0.6093205599418949,-1.4981961708194815,-0.8239798558263381,-0.05404203898951946,0.023130148036935395,0.8005188520840237,1.477137256194703,0.6131186849237431,-0.8752551124293396,-1.0003028845533186,-0.12904356556938296,0.09352110161475141,0.27258510718184553,1.1691037654584189,1.0570630449169467,-0.4115252418957817,-1.3318350533463492,-0.776915008153356,-0.13692489057809398,-0.13364894513373063,0.5525973089136095,1.136570230933787,0.15947344996289126,-1.2818129750436744,-1.303414996992644,-0.33921397033633466,-0.002365054144850183
"Idq=0A, Gamma=165° (id=-0.0, iq=0.0)",-0.009071217015548434,0.3039729214850591,1.2553521285710763,1.2367662579600147,-0.2181741230248696,-1.158303846625052,-0.5844826347293937,0.1138103402948456,0.08983832762532566,0.7322613831596084,1.2890561281019888,0.39024845930169894,-1.0503333734169968,-1.2041210130829907,-0.3330898098856579,-0.11649942406666743,0.11095418195768147,0.9872326435205331,0.8576782202765962,-0.6093205599418949,-1.4981961708194815,-0.8239798558263381,-0.05404203898951946,0.023130148036935395,0.8005188520840237,1.477137256194703,0.6131186849237431,-0.8752551124293396,-1.0003028845533186,-0.12904356556938296,0.09352110161475141,0.27258510718184553,1.1691037654584189,1.0570630449169467,-0.4115252418957817,-1.3318350533463492,-0.776915008153356,-0.13692489057809398,-0.13364894513373063,0.5525973089136095,1.136570230933787,0.15947344996289126,-1.2818129750436744,-1.303414996992644,-0.33921397033633466,-0.002365054144850183
"Idq=0A, Gamma=170° (id=-0.0, iq=0.0)",-0.009071217015548434,0.3039729214850591,1.2553521285710763,1.2367662579600147,-0.2181741230248696,-1.158303846625052,-0.5844826347293937,0.1138103402948456,0.08983832762532566,0.7322613831596084,1.2890561281019888,0.39024845930169894,-1.0503333734169968,-1.2041210130829907,-0.3330898098856579,-0.11649942406666743,0.11095418195768147,0.9872326435205331,0.8576782202765962,-0.6093205599418949,-1.4981961708194815,-0.8239798558263381,-0.05404203898951946,0.023130148036935395,0.8005188520840237,1.477137256194703,0.6131186849237431,-0.8752551124293396,-1.0003028845533186,-0.12904356556938296,0.09352110161475141,0.27258510718184553,1.1691037654584189,1.0570630449169467,-0.4115252418957817,-1.3318350533463492,-0.776915008153356,-0.13692489057809398,-0.13364894513373063,0.5525973089136095,1.136570230933787,0.15947344996289126,-1.2818129750436744,-1.303414996992644,-0.33921397033633466,-0.002365054144850183
"Idq=0A, Gamma=175° (id=-0.0, iq=0.0)",-0.009071217015548434,0.3039729214850591,1.2553521285710763,1.2367662579600147,-0.2181741230248696,-1.158303846625052,-0.5844826347293937,0.1138103402948456,0.08983832762532566,0.7322613831596084,1.2890561281019888,0.39024845930169894,-1.0503333734169968,-1.2041210130829907,-0.3330898098856579,-0.11649942406666743,0.11095418195768147,0.9872326435205331,0.8576782202765962,-0.6093205599418949,-1.4981961708194815,-0.8239798558263381,-0.05404203898951946,0.023130148036935395,0.8005188520840237,1.477137256194703,0.6131186849237431,-0.8752551124293396,-1.0003028845533186,-0.12904356556938296,0.09352110161475141,0.27258510718184553,1.1691037654584189,1.0570630449169467,-0.4115252418957817,-1.3318350533463492,-0.776915008153356,-0.13692489057809398,-0.13364894513373063,0.5525973089136095,1.136570230933787,0.15947344996289126,-1.2818129750436744,-1.303414996992644,-0.33921397033633466,-0.002365054144850183
"Idq=0A, Gamma=180° (id=-0.0, iq=0.0)",-0.009071217015548434,0.3039729214850591,1.2553521285710763,1.2367662579600147,-0.2181741230248696,-1.158303846625052,-0.5844826347293937,0.1138103402948456,0.08983832762532566,0.7322613831596084,1.2890561281019888,0.39024845930169894,-1.0503333734169968,-1.2041210130829907,-0.3330898098856579,-0.11649942406666743,0.11095418195768147,0.9872326435205331,0.8576782202765962,-0.6093205599418949,-1.4981961708194815,-0.8239798558263381,-0.05404203898951946,0.023130148036935395,0.8005188520840237,1.477137256194703,0.6131186849237431,-0.8752551124293396,-1.0003028845533186,-0.12904356556938296,0.09352110161475141,0.27258510718184553,1.1691037654584189,1.0570630449169467,-0.4115252418957817,-1.3318350533463492,-0.776915008153356,-0.13692489057809398,-0.13364894513373063,0.5525973089136095,1.136570230933787,0.15947344996289126,-1.2818129750436744,-1.303414996992644,-0.33921397033633466,-0.002365054144850183
"Idq=0A, Gamma=90° (id=0.0, iq=0.0)",-0.009071217015548434,0.3039729214850591,1.2553521285710763,1.2367662579600147,-0.2181741230248696,-1.158303846625052,-0.5844826347293937,0.1138103402948456,0.08983832762532566,0.7322613831596084,1.2890561281019888,0.39024845930169894,-1.0503333734169968,-1.2041210130829907,-0.3330898098856579,-0.11649942406666743,0.11095418195768147,0.9872326435205331,0.8576782202765962,-0.6093205599418949,-1.4981961708194815,-0.8239798558263381,-0.05404203898951946,0.023130148036935395,0.8005188520840237,1.477137256194703,0.6131186849237431,-0.8752551124293396,-1.0003028845533186,-0.12904356556938296,0.09352110161475141,0.27258510718184553,1.1691037654584189,1.0570630449169467,-0.4115252418957817,-1.3318350533463492,-0.776915008153356,-0.13692489057809398,-0.13364894513373063,0.5525973089136095,1.136570230933787,0.15947344996289126,-1.2818129750436744,-1.303414996992644,-0.33921397033633466,-0.002365054144850183
"Idq=0A, Gamma=95° (id=-0.0, iq=0.0)",-0.009071217015548434,0.3039729214850591,1.2553521285710763,1.2367662579600147,-0.2181741230248696,-1.158303846625052,-0.5844826347293937,0.1138103402948456,0.08983832762532566,0.7322613831596084,1.2890561281019888,0.39024845930169894,-1.0503333734169968,-1.2041210130829907,-0.3330898098856579,-0.11649942406666743,0.11095418195768147,0.9872326435205331,0.8576782202765962,-0.6093205599418949,-1.4981961708194815,-0.8239798558263381,-0.05404203898951946,0.023130148036935395,0.8005188520840237,1.477137256194703,0.6131186849237431,-0.8752551124293396,-1.0003028845533186,-0.12904356556938296,0.09352110161475141,0.27258510718184553,1.1691037654584189,1.0570630449169467,-0.4115252418957817,-1.3318350533463492,-0.776915008153356,-0.13692489057809398,-0.13364894513373063,0.5525973089136095,1.136570230933787,0.15947344996289126,-1.2818129750436744,-1.303414996992644,-0.33921397033633466,-0.002365054144850183
"Idq=102A, Gamma=100° (id=-17.7, iq=100.5)",154.546723131601,155.32937230648568,156.81903029074908,157.27200262090292,155.6847048385147,154.03975472437085,153.7548744905891,154.21241686742027,154.36544289911407,155.47531243539066,156.8342017641759,155.98644310692495,154.23107741520724,153.26800959582698,153.7462676901649,154.06994308179478,154.87306513699562,156.38979291918264,156.84481807232208,155.3527486260793,153.8710202484696,153.79742002597368,154.4268981264768,154.75327107725707,156.01507001591736,157.4638038691869,156.59057745736015,154.71929349086372,153.69368885327006,154.0394872069172,154.2153848941545,154.8229071298042,156.26411900177445,156.66834750878988,155.1331485505713,153.5852714037038,153.38442278992503,153.92956419685365,154.27483044551087,155.53608859011962,157.01833037720118,156.1402260707887,154.42466579882085,153.63363570473155,154.1763041103688,154.55264313417447
"Idq=102A, Gamma=105° (id=-26.4, iq=98.5)",151.6465093663542,152.34978647752482,154.04029728970337,154.45618163122793,152.540562687458,150.8151553909954,150.6321825413543,151.23800464802133,151.5208832109227,152.5970865654933,153.96427163361898,153.12915586738316,151.0310106047022,150.10842516722465,150.73288731238733,151.1916574456708,151.91197741896178,153.62645869500741,154.04763017679068,152.22811418413346,150.67009029604782,150.69323472167446,151.46456322692154,151.90795897495556,153.1310511668298,154.58605169517077,153.71927867034574,151.4952059348427,150.50432312877965,150.99285746768987,151.30852905839842,151.84707446389496,153.49155062417424,153.86395431457953,152.0067612622683,150.38773189515453,150.2936012787497,150.9881312497599,151.4462195977575,152.6712095381651,154.1579551883219,153.2869662815377,151.22616908179808,150.46543500369404,151.14520711531313,151.65243165341383
"Idq=102A, Gamma=110° (id=-34.9, iq=95.8)",147.54983582992358,148.3247318472289,149.99215475023644,150.4324851091348,148.18560070585042,146.4489329164448,146.38020577917553,147.1346645046737,147.36256622928718,148.62546081406407,150.05205937414513,148.8859638934811,146.68639389313728,145.81599353488554,146.5934671342791,147.1146569593397,147.90604942829128,149.5979971265512,150.04332144159693,147.89951446142535,146.3264500475368,146.45771883414076,147.36724189211088,147.74390914774642,149.1514088448776,150.66259470530753,149.45797344268243,147.124076563662,146.1803537759909,146.81952289533518,147.21526148745616,147.82887148268486,149.45267582482873,149.85497328005647,147.67554794027757,146.05078991259995,146.07494031762997,146.91279783228623,147.30427969154516,148.71048115407726,150.25279832171478,149.04777553174264,146.8800549599067,146.16087547014388,146.98476484081013,147.5556861464817
"Idq=102A, Gamma=115° (id=-43.1, iq=92.4)",142.24984162664515,143.17680678259558,144.9572982625649,145.06994714619043,142.71166358632027,140.9743168901477,141.03130431462668,141.82989102610793,142.2269511208294,143.46343935360528,144.88429959956628,143.46469260074002,141.23029243703883,140.4233826953729,141.35055127814368,141.839123253301,142.77832708991744,144.58275190322044,144.70584636479728,142.45162368089044,140.87315722798942,141.12310719675116,142.0597060734541,142.60003351839933,143.97897176459554,145.4798897169552,144.0139122589557,141.63917231119655,140.75468881256273,141.54966380504035,141.92250104363154,142.69006924991294,144.43009402312364,144.51138482487315,142.2280246494504,140.60745220324458,140.7605464637772,141.6289554033703,142.18266103518883,143.5604107448689,145.09041407894819,143.63063085332578,141.4193999858697,140.7527174012956,141.71940792574523,142.25555520464934
"Idq=102A, Gamma=120° (id=-51.0, iq=88.3)",136.00466392575117,136.93306918362583,138.62095166966182,138.57741144087794,136.16041129560074,134.43297244572773,134.63817561188225,135.43482406445767,135.95797137607173,137.31730700150644,138.4558706045447,136.96284572933195,134.70423046297185,133.97163367332274,134.92229759991218,135.61863857560598,136.5580519871092,138.26995092442633,138.24146399535857,135.925903580895,134.35171468855063,134.73406862918029,135.6589673479195,136.3208601457024,137.81941588552888,139.03235287227972,137.48655001156723,135.08223661068314,134.26862082497271,135.09702370105092,135.68717996056117,136.45780823125136,138.11059419329047,138.04154223547178,135.70565033133437,134.09914585383373,134.39491545527852,135.25556916127724,135.92781281149638,137.42393103753463,138.67017613786052,137.13016673916997,134.88576304127312,134.2821201455882,135.26393982365008,136.01032311618803
"Idq=102A, Gamma=125° (id=-58.5, iq=83.6)",128.63397787939175,129.68548219969142,131.13182680931834,131.04538662285762,128.58170281937856,126.8781013013136,127.09597545793672,128.12734196953457,128.69866617685238,129.91364841012992,130.97096191195683,129.42990625987068,127.15787524310291,126.50701964351191,127.50675848486631,128.27524052143667,129.33550338364063,130.81058589758803,130.73778768459087,128.37201883173753,126.81349171805451,127.19145520000185,128.34296399253859,129.04959201107982,130.39774132635435,131.5250167594159,129.9255638685488,127.50317170198883,126.77675386497972,127.65719210817971,128.32679350437456,129.2249884276945,130.64174007486815,130.53514716699993,128.15806419280767,126.57775243687333,126.88229609520957,127.96740462864837,128.68260934494518,130.0302962655019,131.19193050331106,129.59585564627153,127.3288690483832,126.79265219629116,127.81880070998098,128.63943691581733
"Idq=102A, Gamma=130° (id=-65.6, iq=78.1)",120.37596957908765,121.28082748641206,122.66109713916576,122.53119594895553,120.03321670530711,118.33573159862539,118.66547737335976,119.75283527925653,120.43061489035826,121.48569538342328,122.50437936712513,120.92320441023207,118.6630162871385,117.96364299683975,119.19403372215594,120.04498418063353,120.96058472150409,122.37064790633352,122.25192494006265,119.84745905751944,118.27755286784583,118.7584359721571,119.9595646399928,120.7662326014944,121.94908416537898,123.03298760325666,121.388497499897,118.9761583476386,118.20211877364041,119.32222910905199,120.08083294654627,120.83893493962658,122.19455817228517,122.04932781841399,119.64270792174166,118.06601862711086,118.4805455195211,119.6126216229221,120.42811196942323,121.6132765613368,122.72950446687987,121.0850382313888,118.81904344473682,118.21790147614631,119.47595574320269,120.38132686880543
"Idq=102A, Gamma=135° (id=-72.1, iq=72.1)",111.10883580746477,111.9449212433525,113.27323002676034,113.09963755120891,110.62342647891872,108.8264619232819,109.38585383488841,110.58329823958503,111.13064109973926,112.14803848492079,113.12055877547802,111.5074813179789,109.22741758202044,108.61219633083992,109.94118313435814,110.80976968038493,111.65672743109234,113.01436997495018,112.84845830116377,110.4553608849955,108.77320520504897,109.47267008645679,110.77929632385948,111.4479872304174,112.58756439103308,113.62089487330773,111.94032313549896,109.50866602254564,108.82079983921896,110.04785849642536,110.829075745583,111.52408074990923,112.83333664036807,112.64866639883444,110.26547476806132,108.59065162347437,109.22658955057703,110.46093489642287,111.1425663558827,112.2846678792393,113.34730220045677,111.66248695402115,109.3609038796364,108.83465375851571,110.19349854315892,111.11403422645225
"Idq=102A, Gamma=140° (id=-78.1, iq=65.6)",100.94353810395869,101.77012656947848,103.03967280937665,102.82249128395533,100.32596382507788,98.57851527286374,99.29278080362721,100.42351366034418,100.99077727931395,101.97174292185149,102.89091667782371,101.33044491035822,98.94028190293,98.48999680838259,99.92686475417673,100.67894259604171,101.51527088761813,102.81295902797085,102.59895382698475,100.17046448788544,98.5279144210331,99.37249289726729,100.60592370805388,101.28754555124448,102.38442882143973,103.3603702784209,101.73139932327615,99.18765711244536,98.67146015648359,100.01347145071823,100.68115914342002,101.3733411495011,102.62932002743487,102.40470761793891,100.00320290440818,98.37499357031463,99.15759527703663,100.32168284213013,101.01636932931466,102.11546656404805,103.11672792841789,101.47212464892787,99.04794573393208,98.67998981631878,100.14917673618359,100.94856497350631
"Idq=102A, Gamma=145° (id=-83.6, iq=58.5)",90.0227650112303,90.83387979596714,92.03830903662964,91.87670607570689,89.28473362964853,87.65112794565255,88.46787791709765,89.51023012953294,90.09473900283868,91.03425644806548,91.91114799801254,90.31784231910824,87.99188484440363,87.66802683634752,89.01503722123249,89.79407859780211,90.61339769895616,91.84405396248229,91.67308724256613,89.14070295837612,87.59878213651568,88.5389275529416,89.67752128303076,90.3683280216412,91.41732947910505,92.34747347025795,90.6824908534197,88.2069951911167,87.82341502517782,89.07834686581867,89.78001770607409,90.46396939594538,91.66016706126354,91.49284339116866,88.99807750227801,87.47804013356726,88.35670839338431,89.42888040554541,90.13271539508624,91.18306637810322,92.13255582517606,90.43921014529121,88.07212566946755,87.82615564904181,89.201827368047,90.02765091561578
"Idq=102A, Gamma=150° (id=-88.3, iq=51.0)",78.42935028015992,79.21941236425131,80.38763466542392,80.1583425039895,77.67746151274604,76.1246744497144,76.87152632376254,77.92883805656314,78.5254517008053,79.41881993986333,80.30923154853772,78.66873480429332,76.44118959197904,76.15227455793811,77.45464452214969,78.23785326135408,79.03407770280326,80.22412010477595,79.97372997454069,77.54054084694847,76.06961892961057,76.93254923434593,78.079047715634,78.77343648021187,79.76973261214007,80.70974530671039,78.99719261998304,76.62517088462603,76.2804632327841,77.49502111632624,78.20852394473086,78.8789923955455,80.04417207910143,79.81361936833925,77.42524463255296,75.98063509371069,76.78746931385677,77.86747770267228,78.57443573136696,79.57066948798372,80.51778123073905,78.7689270839508,76.4904225858536,76.27596287290663,77.60465328051349,78.4341244232611
"Idq=102A, Gamma=155° (id=-92.4, iq=43.1)",66.25152679714616,67.01511738449352,68.16381957785265,67.90030633103237,65.55720483930544,63.946633586302355,64.71391151950156,65.76747882814593,66.37096463530888,67.25114515323183,68.06401017850847,66.56616776438639,64.37550701016694,64.00082925564465,65.31506294756956,66.0982164393476,66.86543651611466,68.0278063175619,67.73389789474498,65.42362307740139,63.887696373301345,64.76358008393146,65.89877439306137,66.5911150527736,67.56713016724959,68.42491151398202,66.86041224375155,64.5298377443711,64.09962469655983,65.33300875398655,66.05474391397304,66.70657881847484,67.85905603120393,67.59402716081938,65.33826303612655,63.834147614254654,64.65689124156911,65.72546398904538,66.4294958254778,67.40195919846731,68.25544966125979,66.64110404638767,64.394238770223,64.08649115593201,65.42704823473017,66.25621923341168
"Idq=102A, Gamma=160° (id=-95.8, iq=34.9)",53.58197515206557,54.342691909426016,55.421988252185734,55.32260580650003,52.98341784297506,51.265183035154344,52.071117867438815,53.11870773123894,53.723780791997804,54.58015455244767,55.388800586549166,54.028493699165296,51.71185808691663,51.37644172512329,52.688682043354405,53.46755809811127,54.2278454572698,55.31320415605789,55.16651331857542,52.85224282675084,51.20129317315817,52.10811407608871,53.229400549947684,53.91407856127594,54.85730028925185,55.71077333213645,54.289634113638144,51.832807038363164,51.445941999202354,52.68487003650086,53.411175218487735,54.069146334921115,55.158431923229784,55.05273650674836,52.796922361510916,51.18567030232567,52.04090494881515,53.09524732057373,53.790326003417725,54.72479998168367,55.56229205804845,54.0765544992779,51.695186654004914,51.42292347458453,52.7616911581344,53.586616557782506
"Idq=102A, Gamma=165° (id=-98.5, iq=26.4)",40.51683835652309,41.24816064620572,42.38370455945273,42.37850595786516,39.90733873043052,38.19964119809975,39.039364661194,40.078789551426446,40.69585600995909,41.512170467089035,42.47594427952099,41.09089184185166,38.675743621420686,38.36356916500992,39.67159619220255,40.44184036242261,41.167696024261645,42.29881243228696,42.231346160911684,39.777521629923406,38.12969937563305,39.062466948716654,40.16734777121612,40.8532678013081,41.748976566119296,42.76126936237708,41.31858294614989,38.76289145918542,38.4040613382391,39.64686493666418,40.37395129300123,41.013161090612655,42.160560327499965,42.14402763938544,39.75723008631854,38.15299955780437,39.03552570902355,40.07295127243775,40.76764427377835,41.64894066064631,42.62516422342616,41.110917969167126,38.62226724459819,38.369941588522316,39.70497306563074,40.52145734312192
"Idq=102A, Gamma=170° (id=-100.5, iq=17.7)",27.15441459232162,27.864756025711763,29.128436582840298,29.092811851452247,26.554992759137843,24.84389855780618,25.717831411454277,26.741344580810484,27.356339867968657,28.26104397513244,29.27831432798427,27.77692520414852,25.344142398103937,25.061247392874247,26.36287327737253,27.119383993956166,27.818464138271715,29.058446952300233,28.95383869280033,26.425565574133632,24.766837010626624,25.72592395363167,26.806169742320975,27.47881457525932,28.457885577839104,29.52803350399243,27.967870852516423,25.39758536279109,25.07323930040277,26.31822054584897,27.04202870500226,27.66926404759471,28.94281426945492,28.895310250695477,26.44135318962475,24.829788804723723,25.73973231107175,26.752069041659833,27.430983119642594,28.38528783749738,29.403549227930025,27.764926515243012,25.252950534584198,25.026886571504182,26.35626346576509,27.159029590753605
"Idq=102A, Gamma=175° (id=-101.6, iq=8.9)",13.59786015965886,14.391143256982932,15.686666794705234,15.553335720658538,13.000781573681133,11.299600380184302,12.207903030012043,13.213409018647042,13.829973779435647,14.821136518957477,15.812104157112639,14.272145929797905,11.818515952116835,11.570715109563816,12.85004048358515,13.602356005138025,14.371543999174923,15.631045599887413,15.421716170500064,12.870749423307977,11.214405529453611,12.199984235851261,13.252816472163687,13.916577973666474,14.979602943029857,16.023504470382697,14.426200479126186,11.838606798766271,11.554931490771823,12.786588835987033,13.517413166728486,14.235162413002609,15.537682993778967,15.395407416105462,12.923492399965161,11.317435721689336,12.254713770937846,13.239011113642896,13.90631242444525,14.928144814779056,15.909957368106173,14.227099065987654,11.68898509674041,11.49530712896667,12.803199755346922,13.60250219311466
"Idq=102A, Gamma=180° (id=-102.0, iq=0.0)",-0.01656782588494582,0.7788553105828668,2.06381110144592,1.910391046803607,-0.6521390945618613,-2.3301730473634477,-1.4098336562116558,-0.3981747753281998,0.2964706537557563,1.2788299095600983,2.225145455064989,0.6592653496282098,-1.7981975322901669,-2.005356588439297,-0.7373394288441257,0.026783904605324805,0.7815394901743224,2.021887774428695,1.7852392390334733,-0.7837664870240645,-2.42445288113247,-1.4347473663485406,-0.38519552580010735,0.34464902179817564,1.3989898036289259,2.396667282588888,0.7764860931897475,-1.8108522188817082,-2.0479796056450414,-0.8173085263334974,-0.06382248807162023,0.6616847748435227,1.9549735839048894,1.7922014596368172,-0.6934731997434624,-2.281222525355032,-1.3390621172826669,-0.35918343909549044,0.3644675088299113,1.3680356236634057,2.293241343126558,0.5803282351649416,-1.966399101804986,-2.1218132489415136,-0.8233586532563699,-0.011852873096765876
"Idq=102A, Gamma=90° (id=0.0, iq=102.0)",156.8800127681641,157.4088463766426,159.03080388872044,159.47711646463986,158.03440595638637,156.86859316782596,156.52611707481483,156.70286921983043,156.5956106308433,157.6260130725801,159.0006381114432,158.26481030620724,156.76460988011365,156.09728036545346,156.3119188495955,156.36559689070046,156.91530071377252,158.56989511940785,159.01668063004485,157.66689832297303,156.6611220025542,156.52608989404575,156.8848208431502,156.96382143498033,158.1653412889491,159.6391163644515,158.8873551435689,157.28258066967985,156.57316446394714,156.66863678713554,156.57440641544312,156.91233152682315,158.47253104733767,158.85976940083256,157.4567879557775,156.37444766991777,156.09721795407913,156.35554537328917,156.443165997019,157.65043128290338,159.16134190202436,158.40359008562947,156.95415251818707,156.47030891303723,156.76695891324673,156.88596126108712
"Idq=102A, Gamma=95° (id=-8.9, iq=101.6)",156.2956010011098,156.94926051339763,158.53800356857138,158.9872710197163,157.4033254475652,156.09477163144305,155.72451605561324,156.03867135782147,156.06164016593186,157.22313639536694,158.4411468958954,157.69773001575038,156.2009458364931,155.27070047538166,155.61067462340822,155.79850388480446,156.4770503584324,158.0920302010165,158.5436655597863,157.0535349702119,155.90314172173555,155.74665002251444,156.23824581509706,156.4414072206767,157.76515912859838,159.0765637186828,158.31276426644686,156.70497127697396,155.7241779505072,155.93622542109637,155.9754936431724,156.44475720034606,157.97946730985407,158.3760372477242,156.83705795178338,155.61672380049666,155.32388183316704,155.72325258860337,155.9405922138281,157.2684862632958,158.61548439221494,157.84464416968598,156.39398227114157,155.64136565290977,156.0549873476185,156.30152723264956
"Idq=136A, Gamma=100° (id=-23.6, iq=133.9)",200.24619495908837,200.49848817165,201.82036779252638,202.49272176407146,200.91971271316933,199.6300870694221,199.04072264491103,199.6476932062582,199.91038173844447,200.36067982633656,201.76868852995113,201.09470377017107,199.66698525923246,198.55875647254695,199.06841642424732,199.73000968851045,200.03122122775676,201.40392067879156,202.06390500011287,200.585802175698,199.45560184255964,199.12348331151023,199.94330999388458,200.41429232509856,201.026490481496,202.53917903211774,201.84190332526268,200.29332924696496,199.07250667284592,199.36589341916655,199.80415438774358,199.86530788353136,201.1327820906052,201.7368293675485,200.2192966318547,199.0471227181945,198.61808847694644,199.3871020847143,199.90968284610338,200.5408684011012,202.10605411534146,201.38782343216613,199.99943560434903,199.0336782464931,199.56955924859028,200.2479458707231
"Idq=136A, Gamma=105° (id=-35.2, iq=131.4)",196.4689881689539,196.464130918821,198.1006009778962,198.96015936591226,197.30975894532392,195.43000361276333,195.22061134841152,196.2327967188105,195.71121966948107,196.47466966570462,198.1963454278261,197.456354359281,195.6240721495666,194.59787785616626,195.53013924615914,195.98142876632556,196.02089776490078,197.69979051542524,198.5472029203025,196.99977587727992,195.29462762527893,195.34161965435706,196.56228768741283,196.21091486967978,197.13454154704215,198.95817391532654,198.1849104320153,196.2047215787433,195.04708677765782,195.7610173871836,196.01617374081243,195.83611172199858,197.41963651726607,198.21737094636788,196.6337004444654,194.9099925769109,194.86455439301432,196.03828011727413,195.73536485622296,196.66878588108145,198.5393153395658,197.75381976219487,195.93809086875603,195.04587977617626,195.99988842678073,196.47054433144183
"Idq=136A, Gamma=110° (id=-46.5, iq=127.8)",190.71642444756571,191.0602225901834,193.0400629297692,193.85092280848926,191.6776141671857,189.96409976572772,190.15058953144919,190.7039046620962,190.15566681353135,191.25342364402334,193.1868662434471,192.3711162251628,190.07540708390792,189.38157977574747,190.7380145673719,190.26085840654866,190.63790653702398,192.65447515395087,193.46294458697483,191.39750114935086,189.86790718927705,190.30897079592629,191.0396346137192,190.64725298531206,191.9035052402426,193.93513943033108,193.0735350319479,190.59696890224487,189.7653019183536,190.90800324612033,190.26984533634732,190.4407767723168,192.36974204043702,193.1279548931817,191.0535913636543,189.5086738221615,189.86133670678706,190.54738612849155,190.20004488227298,191.4578548952857,193.5334388922519,192.66638746493058,190.36683496466148,189.80126181356275,191.17702758817956,190.71765773857265
"Idq=136A, Gamma=115° (id=-57.5, iq=123.3)",183.6501524608149,184.3555660659278,186.49564279123246,187.22549423488204,184.70742724952632,183.27397435699436,183.78817281895647,183.44398215633413,183.28594981121705,184.73667859619226,186.65745552767982,185.37067282991615,183.29548985318814,182.9495614093693,183.52383746261503,183.22685060329937,183.95430528347956,186.1306865703482,186.86247080981138,184.46303267926666,183.21674115381526,183.97479602867728,183.77523785452945,183.76559275036809,185.37319290597824,187.38654266770953,186.02146663465518,183.7565028118833,183.26734966694127,183.6556529672549,183.21412027607087,183.74845924487892,185.84083027683522,186.5344686119817,184.14154704200624,182.8842737510755,183.55801236416116,183.31867351683485,183.34578773429195,184.9477337749619,187.00899583688073,185.64704226487456,183.56270146333102,183.339739068135,183.92627177462938,183.65102322474948
"Idq=136A, Gamma=120° (id=-68.0, iq=117.8)",175.3237245505163,176.40118783058622,178.51797327406499,178.83085950390526,176.54889165283174,175.41054328053173,174.9217305402681,174.94124990321086,175.16633273794125,176.7015446360793,178.5849157321531,177.13567191077752,175.33591972135903,174.97414717064586,174.8555775358852,174.93291668810951,176.02096024547575,178.1788734586577,178.50188537976666,176.33984462454362,175.39174890850734,175.11065307195878,175.2617853985793,175.63078994791263,177.32057948773254,179.27933091854345,177.73208958200863,175.73538338499284,175.23679734539155,174.9528359084252,174.90194327375988,175.8100917170004,177.8834117117206,178.1920384245761,176.04259335503772,175.087208048116,174.7336047854116,174.8419573211309,175.23846565127036,176.9224150417086,178.92635575350414,177.39312260187728,175.57747392915806,175.32988319394687,175.21906867207747,175.32430126114156
"Idq=136A, Gamma=125° (id=-78.0, iq=111.4)",165.80032946880812,166.90620112734814,169.00876517148126,169.27729073675718,167.26409875925123,165.76014287727085,164.8454260169893,165.23859664385088,165.8155398477459,167.36137190612413,168.98540985438277,167.76699915917396,166.26165251372507,164.74709867407051,165.00889851993907,165.44216119273432,166.55654422129794,168.69709745463481,168.9828328863993,167.08975935119312,165.76044362272182,165.03195859945288,165.54511604250672,166.26195836773175,167.9592813304446,169.63209755966614,168.3079111682895,166.5996882417738,164.9665398817836,165.07601565186877,165.3959741621091,166.33399365428744,168.41177598131011,168.6924823503389,166.8183682305883,165.4907623478599,164.69638957918102,165.16255487244885,165.89784198868688,167.59130179318544,169.31078246375796,168.00373013187001,166.47583247795097,165.06189027114317,165.3312565928337,165.80076684908508
"Idq=136A, Gamma=130° (id=-87.4, iq=104.2)",155.03709221745655,156.223034301952,158.20697675007455,158.65003007415362,156.95320701671142,154.17206106675897,153.65815001017236,154.40671348229483,155.00653896712046,156.60379776241993,158.30222765919066,157.33595583170452,155.15685483863209,153.38635897263057,154.02013989985213,154.7128806676763,155.904689029928,157.92665983177403,158.38947511846635,156.8091690063628,154.18096670585092,153.83498740349373,154.6964418762242,155.434099878574,157.16690324765972,158.89980864323738,157.82065508170086,155.4454337619976,153.56608729576118,154.05962872997117,154.6518047887601,155.6742363554569,157.6542681051168,158.12043802074032,156.56698743152893,153.94931385065348,153.54319163775057,154.35135970038252,155.10464913358905,156.83056358450168,158.60947507804622,157.55032380101977,155.33757177092477,153.65816981863827,154.30106822263522,155.03749768427792
"Idq=136A, Gamma=135° (id=-96.2, iq=96.2)",142.97124619477353,144.2977680920056,146.39209212653785,147.0299573866523,144.37890051814546,141.54656402738678,141.40529170426615,142.34795420684952,143.11753195602952,144.76432751934533,146.61667461376396,145.8862245517904,142.45211393669504,140.97853907524188,141.97293276391704,142.6838310453469,144.01117252414252,146.14230799143266,146.80243392502575,144.25316012326405,141.55682130300517,141.56991849651106,142.62090381572708,143.52238268965203,145.29040130358985,147.16414336824437,146.3166339486236,142.69434063599675,141.12236245216363,141.98751649908428,142.60476683068458,143.78164021661337,145.88494480311738,146.5563650767035,144.04338966609004,141.36689909932707,141.32230678685434,142.31359189880177,143.22670248449276,144.9871558863987,146.9038770072001,146.07374943260893,142.59880283247855,141.20565433332033,142.212449955189,142.97166674476676
"Idq=136A, Gamma=140° (id=-104.2, iq=87.4)",129.94237688479814,131.41758484635358,133.65402970687862,134.20570864267862,130.59097749520103,127.94844027076755,128.18010274945678,129.15491197288264,130.19031576738925,131.9945663036622,134.01768483270826,132.11538945195935,128.82199995772277,127.58531379597876,128.7430842342996,129.68980152346154,131.16284032335957,133.43372796670195,134.00467153836877,130.48118662837305,127.95583259891366,128.3300964587381,129.4112106228771,130.5694640610498,132.48193623491883,134.51441723361827,132.495884447166,129.02118398338098,127.69519810799335,128.73285488026315,129.5980930702218,130.9357125458817,133.19337773215167,133.7865486389006,130.30450963509,127.80921905705311,128.12674333937974,129.1416711183431,130.30584447611315,132.21122442095017,134.28307492057206,132.27555605143837,128.92884188227342,127.767595284382,128.9429653587148,129.94296220322704
"Idq=136A, Gamma=145° (id=-111.4, iq=78.0)",116.0514325562594,117.69498929536826,120.1003377516694,119.41969911207119,116.0149496421681,113.45622506102977,113.86301284930613,115.17511047060641,116.41122760594958,118.39169970881436,120.0278892016723,117.46462358257301,114.29206647008716,113.29091526527398,114.55186145976006,115.83109440697655,117.47142495104809,119.90769967260947,119.2448804941281,115.9118209338433,113.4589869892361,114.00095612929533,115.41207105730922,116.76275765329936,118.83898819478189,120.47314878308157,117.79668478435823,114.44991774359498,113.36873070749306,114.5186753988905,115.73109404487876,117.24918137723355,119.68677456917794,119.05325545061126,115.77424997993052,113.3554900994776,113.83905670598173,115.17628299425405,116.5304906970451,118.60000174092636,120.2673899968942,117.59493466857182,114.35846635338528,113.42881481738905,114.71337820428519,116.0523477549592
"Idq=136A, Gamma=150° (id=-117.8, iq=68.0)",101.40205515415495,103.23441867712258,104.95202268520146,103.91784065500745,100.62367316484718,98.15077226459758,98.7926040728709,100.46781337764307,101.8871307892611,104.08460289853518,104.43538578088003,102.12585033107018,98.96160292771883,98.08159935935859,99.77501777736956,101.21318868151349,103.04112634529419,104.79073467936564,103.76339837671833,100.52605131994315,98.1480472257592,98.91693758653854,100.68379161897113,102.20919920698792,104.49042176447995,104.82757539153495,102.41251584535745,99.07986757607345,98.12700942431574,99.72923211305832,101.1077095345791,102.8262094770159,104.59062824858475,103.60240409191695,100.42736736982108,98.08706662118044,98.79386850020562,100.47947630032401,102.00734884923736,104.2810641995738,104.65232848055857,102.22126505253233,98.98798420890822,98.17762914536887,99.90611086294813,101.40344804620356
"Idq=136A, Gamma=155° (id=-123.3, iq=57.5)",86.10573528605067,88.08167728725954,88.5845712535346,87.81871190644311,84.53428497073733,82.11163998697573,83.3252643861404,85.10282509876727,86.7285624639882,87.97574001489839,88.31522778242713,86.07182380059963,82.90930580300848,82.33477020567948,84.35357056785176,85.94733543617586,87.91786701464738,88.45993514798514,87.67862444423946,84.44097278361589,82.1037089339397,83.43434464614808,85.29602694270329,87.01955008957074,88.3308289520577,88.6560385027193,86.31434870765293,82.98899706849257,82.35616890768867,84.29822951424262,85.83923232528706,87.71370609768955,88.27806677569122,87.55217923310494,84.38066084812563,82.08422006609557,83.33848661821342,85.12246486645576,86.84694881146454,88.16262871897602,88.50355242941511,86.1325276339929,82.8956822600653,82.39549157436909,84.45549013484784,86.1077500489912
"Idq=136A, Gamma=160° (id=-127.8, iq=46.5)",70.27888718231323,71.12570051495895,71.90072824583272,71.11283298033442,67.81640269968226,65.80264580014557,67.30420494268078,69.1970824724147,70.72764208793292,71.08558659328567,71.66917873176565,69.42472482674455,66.25751542795017,66.31251165320269,68.37655975882552,70.14971703193493,71.0076032666368,71.80241624909087,70.98631468219642,67.72627605809414,65.78815099843135,67.3962509940445,69.36588720907844,70.98256608480854,71.38767613660544,71.95985204215549,69.6247001435016,66.29994482121246,66.32324939118156,68.31421232732295,70.04186474792397,70.80813542554404,71.64761459054988,70.89399792661904,67.704677943222,65.79772039062472,67.32755956302918,69.22212482247804,70.84394343011107,71.26214871369349,71.8264371011967,69.45116741935384,66.20420854681903,66.34953767809459,68.45005199927174,70.28166326087593
"Idq=136A, Gamma=165° (id=-131.4, iq=35.2)",53.47421633570265,53.76674462727384,54.75017660983272,53.918842606317696,50.6267691630042,49.311133943727064,50.84018475660785,52.86992338847291,53.32611619061675,54.030548615048204,54.5275156489194,52.245060625863296,49.599295790432635,49.83548420499402,51.96558004973029,53.384883780623575,53.691479406527215,54.676727340778,53.80491524424114,50.538620564244475,49.28881287312098,50.913493105859054,53.01282429421994,53.53605650382362,54.279174798083766,54.76900437981081,52.40289428233196,49.62288217908249,49.836777771478296,51.89882857450522,53.27276002322638,53.501123906945416,54.549958202636006,53.746258795153516,50.555141758734244,49.3175899206502,50.871804682689664,52.89775508233567,53.447741338384496,54.18722352519094,54.65420191562774,52.2364610362951,49.52385795453288,49.8486035661256,52.01160750477934,53.47742737136557
"Idq=136A, Gamma=170° (id=-133.9, iq=23.6)",35.65767005953158,36.289806302214075,37.2233911051072,36.308727087575775,33.72614160588169,32.47184548987645,34.05850496278473,35.47601115717365,35.72153718341627,36.59057912360208,36.99207386059418,34.81037921596646,32.76641132677467,33.025543479322295,35.2361802556214,35.62098919138049,36.24993768235905,37.17446354299884,36.20569830454455,33.638843361965584,32.44022318989751,34.11151472168206,35.58778678590235,35.88374060854284,36.785378752829196,37.18582690769432,34.93124120101919,32.777861072628646,33.018671187012174,35.16764236194495,35.49733938443457,36.077565208448725,37.075373449164495,36.18144703314643,33.67077531114981,32.4887136470902,34.096460208090626,35.51730853806834,35.84219743040977,36.72685862327442,37.08823609129851,34.77057772800763,32.6744576552581,33.014704346979045,35.25578261193546,35.6608741917167
"Idq=136A, Gamma=175° (id=-135.5, iq=11.9)",17.82970463170174,18.554180056694303,19.37458385983145,18.727355904127013,16.639822074463574,15.412937591568069,17.005157267677422,17.456399647912637,18.04877452023186,18.898406817318904,19.160408454257897,17.747283870013554,15.696112604205094,16.0106232752298,17.40923421953433,17.842679802302406,18.54957359520733,19.34714323126593,18.634389120441543,16.552121088301348,15.370609889707069,17.036404373998383,17.534103506386177,18.160845511210542,19.039426351789146,19.30839070303122,17.852787026791855,15.696103994850404,15.996925583941554,17.321697920003963,17.714963370491585,18.39582424931992,19.27650479388902,18.635056452110035,16.598588621502614,15.43916947993998,17.04910099065207,17.516602686757714,18.16216515164433,19.013937927704344,19.225475668619637,17.69613322553014,15.587062223385212,15.975956158298999,17.3812285337924,17.833048559406834
"Idq=136A, Gamma=180° (id=-136.0, iq=0.0)",-0.018679702252261003,0.6948447155066464,1.339955039554766,1.5508505849423024,-0.5691386203260397,-1.7357611616418671,-1.05559571967719,-0.38970372877535986,0.2470105234138809,0.9191313690223616,1.644282655177747,0.5594959285047547,-1.481685096669244,-1.3384228469713575,-0.6627497044040143,0.04235891177609546,0.7250976035472316,1.330814440785277,1.4671808268695288,-0.6585214387942832,-1.7901169633217044,-1.0469806010021063,-0.3517071560393108,0.308177440470326,1.0087723459011564,1.7610268119667623,0.6500431183743872,-1.4923865686434998,-1.363740222286459,-0.7711540469997435,-0.08547133931046103,0.5904697547849509,1.28917766047643,1.4762491414278736,-0.5968273890854213,-1.7012852548922626,-0.9843774298819532,-0.3167305400415873,0.3520185994148669,1.0120568010579112,1.6917925501629945,0.4961134102334716,-1.6082829441978295,-1.4031940473933795,-0.742399085107361,-0.015111007103912309
"Idq=136A, Gamma=90° (id=0.0, iq=136.0)",202.82862624025645,203.5079179267431,205.06723437437492,205.36466577798933,203.80857764247622,202.79449669220895,202.81862990557235,202.64163088778824,202.49208625713376,203.80018516938586,204.7694055535746,203.88563003086537,202.51087488827503,202.00385040385095,202.30367660277727,202.2450168751894,202.98582674463782,204.6114093384668,204.90629640985935,203.43824703320058,202.56923873998525,202.82741957400646,202.8653955086951,202.94425926487315,204.46653173131858,205.54560159251267,204.6517839448413,203.1776582364534,202.61353947446509,202.73441267883473,202.45236640113896,202.89862611502633,204.37601608914696,204.59698410348525,203.07624825580544,202.14584603466102,202.2695324393963,202.24560051198026,202.37540435565825,203.93116234646138,205.080589576022,204.16941989965855,202.8412335441803,202.51506806447463,202.8651102246051,202.83072939004376
"Idq=136A, Gamma=95° (id=-11.9, iq=135.5)",202.18193082050857,203.14804888757888,204.16424292960122,204.62325909096845,203.11156906294096,202.12117805435304,201.5818500673351,201.78905723472832,201.98159288566958,202.8360072806412,203.9731173261862,203.18146931378624,201.80689248383223,201.2328584120337,201.33200463414315,201.63178575467867,202.65572130339496,203.73112387122907,204.17966008201282,202.75630188072662,201.9202649764752,201.62577950140297,202.04902254185401,202.46602811332696,203.50555280530048,204.74798085992668,203.94032010452779,202.45625467197073,201.80873817792778,201.69627037496818,201.7722545324746,202.51339287314445,203.47384371036105,203.85914136416872,202.39202137935897,201.49643247903708,201.0933722977588,201.4606006888972,201.932580451823,202.9950936874127,204.3002136816804,203.47214730982202,202.13891552139776,201.73338177474758,201.86378666651274,202.18376683954614
"Idq=170A, Gamma=100° (id=-29.5, iq=167.4)",242.10524696191248,243.88806487827534,246.79317606179333,247.59150753277228,244.88979032204543,242.24988162009126,241.05394212498305,241.44770450767194,242.17408238018936,244.66241230082665,246.70317529572628,245.62372012538015,242.72617517451593,240.78813054547024,240.9405529499773,241.57729407673045,243.41242942300173,246.38641806933254,247.1659958938051,244.555062872135,242.06861173951145,241.15587318853662,241.7702749717524,242.7215386994246,245.4421288824509,247.61455419504867,246.49764106588424,243.429976799305,241.34907470749295,241.23179220030772,241.62453580581072,243.16826845961683,245.97180591420064,246.68455015660578,244.0800374571414,241.60102852148268,240.60720964059806,241.1945011884636,242.20911179360763,244.9438780852188,247.19377785348178,246.0509902096415,243.13322200139552,241.31577167783624,241.46647816061233,242.1009728915299
"Idq=170A, Gamma=105° (id=-44.0, iq=164.2)",238.0908314982222,240.25239043324987,242.14346754350552,242.68245702909658,239.49787988466713,237.01081707039447,236.2788030043587,237.17224750855374,238.35058032444334,240.33570530892607,242.23774641807,240.41540136909447,237.44917738083637,235.83703227499444,236.51770647736703,237.5928725438267,239.79991644157087,241.7562553651246,242.27538358650975,239.1904050515221,236.87300462526042,236.42854361709522,237.5308663503257,238.92614827949325,241.1220951180517,243.13829779905961,241.23743570418168,238.0915029773123,236.3172998385078,236.72569716032913,237.5840463237734,239.50524462305174,241.3303739475267,241.8118686826109,238.74810898078695,236.43720395018622,235.9152920356829,236.99133494982433,238.44250188130016,240.64849163293647,242.73535438376226,240.81004089375568,237.82302763824407,236.33102358994012,237.00438963335037,238.08660110410096
"Idq=170A, Gamma=110° (id=-58.1, iq=159.7)",232.51453311263586,233.78837619595575,235.81779498334672,235.70541719995995,232.4561134861133,230.17843726159995,229.9412757331558,231.33101229520096,232.93094446538208,233.8091477818245,235.51529346514138,233.34695304883002,230.52069220012334,229.31665967447094,230.5159378065135,232.04645295087977,233.36152141125936,235.44961116328162,235.3195017245851,232.17925469923574,230.08960408025797,230.13773254405672,231.71728964638473,233.53202890570682,234.58329973455227,236.3746566509719,234.1106717135847,231.0902544411992,229.71506876437746,230.6573798818146,231.9842799120542,233.0452339555547,235.01800585149047,234.88952730327705,231.77027515443342,229.68555550674947,229.66126992789884,231.2099547520487,233.0754198892789,234.13482790069176,235.9885027136971,233.7145177799568,230.86551374759452,229.7752511366733,230.96643862638845,232.51037932075153
"Idq=170A, Gamma=115° (id=-71.8, iq=154.1)",225.05082006315467,225.40755554063628,227.2846450214947,226.89969131919267,223.74337983903905,221.81578050068325,222.11394275616686,224.0036435413525,224.3437982124892,225.58473147378166,226.8936371696112,224.6693011231777,222.04579566172362,221.27867099255542,222.9925424935122,224.61461219460037,225.00701984432882,226.93468873468686,226.54505455715346,223.51116911163044,221.77564653593078,222.33958145630032,224.4126745072431,224.92995361202682,226.33842347465807,227.70101138271158,225.37079273895736,222.53967182824735,221.59629851386214,223.0750745228153,224.5069278398473,224.67983704625726,226.5307235276486,226.1438457288699,223.1302197523734,221.40505541789202,221.90096579792174,223.9381841977835,224.50759845430258,225.9150868534594,227.33664478026841,225.00956028542274,222.3603468709315,221.69990108450656,223.40795711276442,225.046681860605
"Idq=170A, Gamma=120° (id=-85.0, iq=147.2)",214.64278517528146,215.35233196566196,216.94141576593373,216.48885452032317,213.5452103431709,211.99753142623157,212.8467677528362,214.46087873714055,214.19427687089444,215.49236669355298,216.52474960867042,214.37554997425437,212.09633299693732,211.79873570750763,214.06432608087115,214.24719480061304,214.97763300455765,216.6181023668375,216.17140015971862,213.35718404322668,212.0000168866457,213.09702193845695,214.8760709457765,214.76145010895743,216.20715349767818,217.27598431425946,215.0090714231491,212.5132725446342,212.04892940566205,214.0923327303899,214.1167065869586,214.64987525915475,216.2377305526725,215.79699200893833,213.0065276436627,211.6663113945007,212.69755120361867,214.43995932154337,214.3734458505256,215.8084566090761,216.94079896969947,214.69216070667613,212.37881245321532,212.1775005565288,214.442372387398,214.63827940609508
"Idq=170A, Gamma=125° (id=-97.5, iq=139.3)",202.73854132314628,203.64118456027182,204.9705227012279,204.54689356138812,201.93921922619523,200.8117798510655,202.25191051320928,202.33256216294063,202.47407605571567,203.54408488654573,204.58299000535217,202.66470903474988,200.78230545293852,200.9628323872044,202.52496267451613,202.38375043139405,203.2917312561396,204.67880080883177,204.27258454300946,201.7945774515386,200.84390698811544,202.51842359087746,202.73023425068575,203.01547777733353,204.21649957720334,205.27498423830798,203.2288484060002,201.12675844643678,201.1479423974143,202.50953251912708,202.23424519739513,202.975853621077,204.32036900529664,203.92254691614187,201.476246238101,200.55262887407466,202.16082118443828,202.3407062606908,202.66022104898818,203.85278019697785,204.9759583861508,202.955420119167,201.02746864268585,201.29716108526392,202.8570665843068,202.73386139102445
"Idq=170A, Gamma=130° (id=-109.3, iq=130.2)",189.42877533879647,190.06909539062704,191.4860774152665,191.2628177331336,189.1068767896451,188.3770920228758,188.66136147605323,188.7927082109956,189.19956574485514,190.1227048894899,191.22901226136213,189.62590487541308,188.1879869064243,188.85780149463108,188.78901439940745,189.11164722932,189.75789791660574,191.23263140531557,191.03088733309318,188.99343028018328,188.43221252933665,188.92082739645883,189.16939154283264,189.71044303821753,190.74999666154073,191.85962309277204,190.1197782977644,188.46468160925247,188.98192900664782,188.7390488667551,188.95222079769795,189.44322528747426,190.8912966708169,190.70749150414363,188.71527482863337,188.1874912370315,188.61553724946594,188.82671229560782,189.38879759003612,190.4237999370121,191.5993241540111,189.8886622056042,188.3910704435157,189.14532535663258,189.0693311215587,189.42410849731533
"Idq=170A, Gamma=135° (id=-120.2, iq=120.2)",174.6160998417591,175.19013549719963,176.71747163584564,176.75875474933733,175.08954528717672,174.3160199644454,173.34528859367043,174.092451953046,174.25369425702763,175.32336708564665,176.6220709545787,175.51282652751314,174.47363956630812,173.3480266228952,173.78327162574206,174.33810270494598,174.91761438787907,176.50219160488888,176.56674192070398,175.00155210080388,174.38498665690864,173.5894912627305,174.44331363599142,174.73333463446667,175.9043692314534,177.19004149903077,175.9409667399683,174.68525674975328,173.42727295215093,173.70448719527025,174.1688698576689,174.60602638549952,176.17964254331753,176.27310366433807,174.76745161280007,174.190544596634,173.33943118584574,174.1410965112713,174.45247912053944,175.61954031438336,176.9673265654534,175.73799561593913,174.6276332408925,173.57968099998504,174.01398184484134,174.61155605002136
"Idq=170A, Gamma=140° (id=-130.2, iq=109.3)",158.32971286995473,159.08990644013457,160.79489361127168,161.29492648327505,160.13989913402793,157.31836526867139,156.97950021485994,157.90756533854906,158.10780617579783,159.3611655660427,160.93095647215372,160.33758191264698,158.7510188619491,156.60649502381634,157.7798538971169,158.09385341232303,158.85719913690036,160.6164665739755,161.13029144850046,160.06506455787485,157.38375077679424,157.2055238168768,158.23370686338754,158.5544121539098,159.89378789561468,161.43592545339342,160.70124030163046,158.90317771620067,156.6433175219381,157.6850421006816,157.9115739449924,158.54861679708495,160.31518370461046,160.87676247615826,159.88398388858704,157.24344454379158,157.00329354618054,157.9724912726148,158.31370197800322,159.64962598257264,161.24594998580235,160.52135466676026,158.85406178470245,156.78210718881218,157.96991185536226,158.32536814394405
"Idq=170A, Gamma=145° (id=-139.3, iq=97.5)",140.96512836317436,141.93666200140294,143.92253954385973,144.93897434969696,142.7949740641358,139.20309625649915,139.75281093056137,140.45924616091264,140.88394597399824,142.35758232248295,144.34485757034471,144.35974183253143,140.58860200240457,139.09590902212963,140.35346931633185,140.7699372137485,141.74292992151098,143.77511344259423,144.79528566095556,142.729795533953,139.26269376469736,139.95806776040692,140.76050525330965,141.29602914422173,142.84010284544345,144.7874503724973,144.66252737537104,140.68909491646824,139.10839232249617,140.24145353603242,140.5775288085692,141.44045283627472,143.5017779547127,144.58708582801626,142.59941965893296,139.17628334682223,139.79263445002172,140.54035998970429,141.09450975416817,142.6355976325429,144.6209850466353,144.49391141748157,140.6410923735923,139.23061654282884,140.5049993500795,140.96118806415237
"Idq=170A, Gamma=150° (id=-147.2, iq=85.0)",122.65340661054377,123.86094872859589,126.22437995888109,127.87370164262907,123.55587846748462,120.71372564134721,121.23679121711673,122.07224851082718,122.72882495313763,124.52207290354977,127.08545020454414,125.6211371773041,121.42552257444414,120.77066117844859,121.88003535290123,122.49755505691964,123.70505666431859,126.10209447789211,127.74147846870001,123.49758351657776,120.76577456301558,121.42525403942298,122.34715939601851,123.10408108633243,124.95215424297889,127.4673892462303,125.86657467952597,121.4765322070663,120.77004029801017,121.75290630303245,122.29829817069462,123.41173796100263,125.86294163073487,127.58566375971225,123.41581639629618,120.70768915684063,121.29379708533043,122.16647893032909,122.94058244440853,124.7826880752572,127.31483220992645,125.7104591999414,121.42798969299596,120.87454784415092,121.99391022710392,122.6500634282078
"Idq=170A, Gamma=155° (id=-154.1, iq=71.8)",103.5330067754134,105.0588574214963,108.10106074741857,107.74979070692366,103.6321199247093,101.44767637696742,101.8813044973354,102.86601316223239,103.78396347510616,105.94199118123402,108.75711819030904,105.553604014216,102.2499207068282,101.41874682261522,102.60322634100406,103.41523850024765,104.93724070253204,107.99066936906246,107.63551105310148,103.5792488467534,101.49165066394468,102.05060120422645,103.11245355068372,104.12013748321513,106.31829750554297,109.07916382787931,105.74386575739528,102.28605497572401,101.403248764172,102.46415305451283,103.21270165907956,104.66016166897899,107.79700554240075,107.52288268619726,103.53859528023831,101.45623503922529,101.95332524895676,102.97021463799375,103.99321793055978,106.18098409741906,108.93697630461797,105.59953742676711,102.2360824813838,101.4932189619337,102.68063431697857,103.53044093169243
"Idq=170A, Gamma=160° (id=-159.7, iq=58.1)",83.74854254963462,85.70699095559075,88.54723667931343,86.86744204928779,83.73261997916192,81.36751693788841,81.85498019301085,82.98383487929173,84.21740665415369,87.19320332972993,87.94955687698216,85.13421966361211,82.2565429740593,81.36760506283619,82.63196282972116,83.66768319197817,85.61537472851491,88.45391115848817,86.77012385054763,83.68378089104439,81.40347640957218,82.00298413909695,83.19977888365268,84.5108939021898,87.51562978536454,88.20893075217457,85.28496153011135,82.27696807253032,81.33871267153624,82.4841315708632,83.4656958326313,85.36032219742837,88.30371267231041,86.70015605308987,83.65612041685577,81.3915411994683,81.93966642997647,83.09478958302161,84.4189597979004,87.39640034595054,88.09058214434496,85.15067379202267,82.22437822440449,81.41231030302565,82.67383664750842,83.74692042709145
"Idq=170A, Gamma=165° (id=-164.2, iq=44.0)",63.449490968157995,66.25032579933485,67.10904713431343,66.03638067903877,63.12368054661857,60.7352142735178,61.27495496041966,62.563607251513815,64.33293598976469,66.67512723486712,66.52247802342431,64.68252923777942,61.612840808694905,60.77132075257537,62.11823819335215,63.40453543686642,66.17602616978897,67.04680002309708,65.95559533382433,63.07744899768306,60.761344039288595,61.39953677886517,62.746699830924705,64.58120171704121,66.93568392739355,66.72037117424377,64.81549121327748,61.61719837590729,60.73062314690719,61.96490187984103,63.20720850148148,65.95718252360643,66.93164218741803,65.90534506023354,63.06567892542955,60.77350761107407,61.36997282955207,62.678062719984496,64.51860876578964,66.84849596515699,66.6252881623838,64.68928518117208,61.56064279239458,60.78614266306446,62.125781029392925,63.448962173436705
"Idq=170A, Gamma=170° (id=-167.4, iq=29.5)",43.061904771367324,44.78742116619507,45.20056525340655,45.132301748646924,42.02634938503673,39.68610370620453,40.29785521814079,41.76145811129932,44.37728037276296,44.87516537055948,45.54634846574726,43.646050286565185,40.56520970847132,39.75889484548571,41.18865290731805,43.04741934118653,44.75196883599106,45.16897027587315,45.06699806132236,41.9811685342503,39.700606935259266,40.39706379864394,41.9096242501908,44.577364427890494,45.06843887082535,45.71203417439,43.75935620237328,40.55437844996707,39.70798991632452,41.033048798177866,42.864886897210916,44.55856970089647,45.08841124557866,45.02278350628414,41.98677021184594,39.73741226912406,40.40079223630325,41.876134342244185,44.536316878154594,45.02303983776136,45.63934900293228,43.63974085098622,40.49233710136439,39.74376863913125,41.16291277024629,43.062741450515475
"Idq=170A, Gamma=175° (id=-169.4, iq=14.8)",22.289688838822933,22.617888359295318,24.238659059247343,23.799267689224358,20.668449970764094,18.36246883331904,19.038176058711006,21.0924637218545,22.286327043782446,23.022771765260366,24.393495911133872,22.291169397011632,19.22733630525933,18.484297948340476,20.020337974487468,22.308335032104804,22.626513727051414,24.23671640397611,23.747216586377803,20.62276569217001,18.363590310021202,19.1100424866814,21.199364136156245,22.42374555622512,23.155799948384722,24.53424198363429,22.38517590057526,19.20218210274425,18.424843896674087,19.86575537751966,22.143423196703306,22.45639350198545,24.156866227597167,23.712299312788605,20.646536849786944,18.425482060186294,19.146702753494914,21.198291525067198,22.436276529697768,23.151598597202298,24.481633598970884,22.27058248134505,19.133092811523305,18.439349090231655,19.962867898567946,22.29183031702739
"Idq=170A, Gamma=180° (id=-170.0, iq=0.0)",-0.020791578619583417,0.8811746093859493,2.9357412105755163,2.3029483067197107,-0.8427508977229391,-3.091317452040918,-2.246566676607356,-0.21488788625667624,0.0341220477599521,2.063437325758103,2.960356807406463,0.8064344701256215,-2.244910820833574,-2.9329310761324843,-0.8429264716432319,0.057933918946871894,0.9323094718458708,2.958698467889483,2.2625529519448606,-0.8905374666995679,-3.1052779699103987,-2.204821424769216,-0.1543304470397689,0.10791046779985743,2.1644094083701493,3.0762886890327943,0.8817460150534053,-2.28343110162311,-2.9993347847550997,-0.9883417059816206,-0.10712019054927956,0.7735976477207287,2.8828894740979742,2.23820652524668,-0.8477331634481335,-3.0179568592801687,-2.135534865746017,-0.11072591607785756,0.17359333941095098,2.2002283508627385,3.040735233992425,0.7705577122241799,-2.3610886479555173,-3.0076185828693816,-0.9326328731207916,-0.01836914111104978
"Idq=170A, Gamma=90° (id=0.0, iq=170.0)",245.33386680655352,246.23352340229002,248.95762491708317,251.18143755016965,249.55423838638038,247.72756948825383,245.76483311753242,245.1901266095845,245.02325538239504,246.70243645164007,249.57598928317705,249.47872448961533,248.18096609243014,245.81611233042958,244.9846281731396,244.72561486527044,245.70005905948977,248.5095115932004,250.7189851559883,249.18277443893348,247.49034436079293,245.781892663162,245.42288186526554,245.5014003132734,247.4192663922115,250.465283592049,250.38953491506138,248.9946842400483,246.50998837713323,245.44244127489296,244.9313985918842,245.57423616189962,248.18694347160456,250.2597435765267,248.66766195907525,246.95399538254597,245.16763215737436,244.76762422254606,244.9166663305177,246.86618699617412,250.00768836267463,249.90685370985034,248.65693511299403,246.41138894208763,245.58591688063083,245.33005747144168
"Idq=170A, Gamma=95° (id=-14.8, iq=169.4)",244.5254975318687,245.87601882109732,248.97425041875832,250.25467919139354,248.48358464312037,245.84239145709054,244.23035140301315,244.12440954325967,244.38915559051514,246.5286990127592,249.4587112910202,248.59852359326646,246.32425190444152,244.12278096251265,243.770038212347,243.959075964632,245.37255757714954,248.54778402527478,249.8106897461801,248.13081200971098,245.6300903042832,244.28374342590266,244.40241565671417,244.9066351259467,247.27692097197897,250.37555647980986,249.50020511466954,247.08563286143465,244.754972666756,244.14476339505978,244.08125875605384,245.18527076373866,248.17000284610148,249.33744015238102,247.6195525623545,245.12854168258227,243.70131441661357,243.78637444369215,244.364531581233,246.7546185377578,249.93647731140544,249.03526297255468,246.76490675023894,244.6843098201903,244.33426243301537,244.52135428331974
"Idq=204A, Gamma=100° (id=-35.4, iq=200.9)",283.9641211712901,286.116213593344,288.4330786754018,289.70271455693415,287.97513359666857,284.8662963653295,283.06716160505505,283.24771580908566,284.14801815238167,286.1332303640526,289.17625304082895,287.7695091116453,285.589511713175,283.0175046183936,282.81268947570715,283.42318187676176,285.63085036491947,288.0347252630722,289.28008513098735,287.64542481620975,284.6799039441339,283.188263065563,283.5972399496202,284.7321930570911,286.9733726408759,290.20797917266503,288.71939250415363,286.3647229452195,283.6256427421399,283.09769098144886,283.4459588104802,285.3355488686779,287.5255847799467,288.69363403573357,287.08339304727707,284.15261124042104,282.59633080424965,283.0019002922129,284.2132394416346,286.46370844550336,289.7979466671923,288.2824540997276,286.0648760323051,283.59786510917934,283.3633970726343,283.95381463737044
"Idq=204A, Gamma=105° (id=-52.8, iq=197.0)",279.14696749134345,280.61963220052064,283.88447663284876,284.4667335557927,281.6397146900058,278.5916305280255,277.3369946603059,278.111698298297,279.4314170005205,281.1251437752111,283.48829096272846,282.63078644682,279.2571143607595,277.07618669382254,277.50527370857486,278.64188994199156,280.1623115295556,283.50887586645723,284.06664613010304,281.33471606411814,278.4513816252419,277.51546757983334,278.4994450132386,280.0479660622238,281.99655249189175,284.47416586667373,283.5232094290642,279.9585543588282,277.5875128993578,277.6903769334745,278.5978539898353,279.8111912930861,282.9590313772898,283.5139740372962,280.8177558653515,277.9644153234615,276.96602967835145,277.94438978237457,279.5614478946853,281.51659112664845,284.08509696530757,283.10913422576766,279.69264279652344,277.61616740370397,278.00889083991996,279.1366458977353
"Idq=204A, Gamma=110° (id=-69.8, iq=191.7)",272.09357582864413,273.7232381935058,276.10796182950037,276.9970540349026,273.2040789231499,270.3927747574721,269.7381981969557,271.1177765239571,271.81811908368525,274.2067628484032,276.47696661719414,274.32278987249714,270.96597731633875,269.25173957319436,270.29386104565504,271.6241775708703,273.294084072453,275.7555439817583,276.6190884166827,272.9340998062486,270.311300971239,269.9686109343619,271.53666806621555,272.4605163597713,275.08444637494273,277.4106571876992,275.14780839522143,271.5835399801536,269.6648356104013,270.4067565175089,271.51861027387037,272.8878473361198,275.23196438966215,276.10571693745135,272.4580624716649,269.86243719133745,269.4633097978232,271.02042111751297,272.006800250559,274.63387997540156,277.0424862729092,274.762648094983,271.36419253052753,269.7492404597838,270.75584966459735,272.08314675564685
"Idq=204A, Gamma=115° (id=-86.2, iq=184.9)",262.6444702423461,264.4909001236575,267.22032883041,266.57388840350325,262.77933242855175,260.357586644372,260.3483568290976,261.77675076177417,263.03200360764004,264.6112635316753,266.8121790162595,263.96792941643923,260.7961014702591,259.61253476074876,261.30214814757755,262.21107410515003,264.0903795645765,266.89105941390824,266.2276383044955,262.55930554399424,260.33455191804626,260.61183366967543,262.21911040505756,263.70109075343305,265.44932677991085,267.68693413865327,264.7201188432595,261.32284084461133,259.93382444745447,261.34636026548856,262.04803498981715,263.66263938971406,266.3945353040962,265.7532228457581,262.1188924627405,259.9258370847085,260.1519441420669,261.7432024880496,263.2798214043451,265.02799454320535,267.33827827336455,264.3720783059709,261.15799227853194,260.063693411555,261.7205447980465,262.63417828869063
"Idq=204A, Gamma=120° (id=-102.0, iq=176.7)",252.05823975805376,252.99050335851192,255.25577539997934,254.14684953674106,250.54152903351002,248.5878993773622,249.27760171936154,250.48826984701833,251.55565893117193,253.7047851697194,254.446942389143,251.6154280377312,248.85674627251552,248.23661241869132,249.8889479760924,251.65971614358125,252.6199482576939,254.9482223436959,253.84091493967048,250.37452346190963,248.61000255711332,249.5647026381132,250.95153833632378,252.2130039155328,254.50143997840664,255.25486837497922,252.28605326428954,249.2911617042755,248.47698151761426,249.8702204383844,251.44062500483523,252.19909866947083,254.48816733168817,253.40194559330052,249.9704619322876,248.2477378252352,249.15373096946797,250.51636199788064,251.82696822477263,254.10897728444027,254.93851852866277,251.99119881147496,249.18015097727243,248.6368127779817,250.261575378504,252.04841147741635
"Idq=204A, Gamma=125° (id=-117.0, iq=167.1)",238.38065081321758,239.87061651465675,240.89070372233246,239.816496386019,236.61433969313921,235.18503910039223,235.78460218341303,238.00475771945753,238.27815651080041,239.70857873789421,240.1805701563216,237.56241891032585,235.3029583921519,235.2193431111106,236.9153180476087,238.02429850208685,239.52981587829908,240.6210604740892,239.56233619961958,236.49939555188405,235.24076124862438,236.08761009125723,238.48598363456233,238.90600774451914,240.4546860258867,240.91787091694994,238.1497856437109,235.65382865109973,235.38535304833204,236.83552467640922,237.78552495417537,239.1196882869468,240.18733347483723,239.1526114819448,236.13412424561363,234.93056619767307,235.72848104477117,238.08891157216743,238.55773306428097,240.0952027059574,240.64113430854366,237.90711010646405,235.57910480742078,235.56390033045028,237.2425175810863,238.37074743148258
"Idq=204A, Gamma=130° (id=-131.1, iq=156.3)",223.3430182189485,223.9151564793021,224.7651780804585,223.8756053921136,221.26054656257875,220.08414772568142,221.06516965902725,222.3545552060539,223.11227036496334,223.6153705313435,224.15579686353348,221.95541144723003,220.24552288102257,219.9639417081626,222.3969332242497,223.030474310634,223.61110680328355,224.5386029788572,223.67229954772,221.1776915540038,220.16194851290493,221.38382773542875,222.81052983018802,223.70553718284293,224.30717532743995,224.81943754230673,222.45970932587755,220.51645740324,220.05713033951994,222.27027953990748,222.7781618031868,223.2122142194917,224.12832523651696,223.2945449875469,220.86356222573784,219.91100702128995,221.0759848992956,222.46097426728676,223.39479770914215,223.99220516955776,224.58917322997598,222.26456224889412,220.46766503670327,220.2507395460201,222.68253325993015,223.33319473541607
"Idq=204A, Gamma=135° (id=-144.2, iq=144.2)",206.1683469845837,206.08250290239363,207.0428511451534,206.5366951034393,204.5698185539836,203.16043028100142,204.51082643251152,205.70088497879172,205.38985655802568,205.882406651948,206.62746729539342,205.03848175636654,203.47684067233888,203.68915514163626,205.15015471517566,205.89966478781255,205.82405625161553,206.86207521834513,206.37698696494988,204.50979923552183,203.2584713009995,204.82946503955034,206.1304538972966,205.94428657928134,206.51833715931696,207.21593962981726,205.46449286206348,203.6702402946649,203.71067915743595,204.9991601316654,205.64013282303816,205.43041255438567,206.47434028351776,206.03822679124056,204.25412577042152,203.06773233879318,204.56150837282482,205.82795150088754,205.67825575658605,206.2519247423679,207.0307761237068,205.30157990701932,203.63723745148278,203.9191211722862,205.38794910849361,206.15879691687272
"Idq=204A, Gamma=140° (id=-156.3, iq=131.1)",186.71732564245568,186.76222803391562,187.93575751566465,187.98010118416448,186.21571900760492,185.42952559167216,185.72398800225582,186.68808685555805,186.02529658420636,186.7277648284233,187.86186920764385,187.00876113445455,185.2459607702171,185.31027830337183,186.80836393122442,186.49806826474975,186.5515579504411,187.79920518124908,187.8532463983057,186.1706716918962,185.54752008690446,186.02350510568502,187.0837844612326,186.5393602467698,187.30563955631052,188.37520300816485,187.3600634742753,185.3625482069683,185.30550563347705,186.6351624533566,186.22514554821768,186.16152104828808,187.43698967706925,187.56261736542484,185.97975849395556,185.41075906412732,185.79754929765875,186.82970812136438,186.32155947989332,187.08802754419509,188.22554870826482,187.21596229096684,185.34403461662436,185.50700353493338,186.99844912243225,186.70805329772418
"Idq=204A, Gamma=145° (id=-167.1, iq=117.0)",165.87882417008927,166.17833470743764,167.74474133605005,168.54253212760938,166.71605789654382,165.23472604910262,165.69274966067692,165.75010384239442,165.35666434204683,166.32346493615157,168.03597897148558,167.3781295601701,166.33486349723933,165.153119719074,166.16744211926803,165.7087800205204,166.01443489197388,167.64252721257893,168.43136275688335,166.68467985392314,165.35012829489023,165.97010460349907,166.11594252913912,165.8293006351441,166.8412174961051,168.47499962955803,167.65579196150253,166.39135514140222,165.1317629058479,165.9771334253768,165.4239635722597,165.63172429531588,167.31678134024753,168.20240553885418,166.55887576234605,165.23656141990662,165.78709299301943,165.91115058187174,165.65852881129123,166.6711935241595,168.35084600924523,167.52390361446157,166.3859595385868,165.31465681239803,166.30948625330387,165.87002837334555
"Idq=204A, Gamma=150° (id=-176.7, iq=102.0)",143.9047580669326,144.50246722544395,146.7046744942896,147.65226022070453,146.34124583737977,143.83802569817792,143.68097836136258,143.6766836440113,143.57051911701413,144.9595429085644,147.39396331408884,146.8752488409422,144.67527384224536,143.6376474518838,143.99473067290964,143.78192143232584,144.38342697723408,146.62616399550313,147.55364220754208,146.32138037235288,143.94577365985785,143.93357049230744,144.0105271730659,143.99896296567695,145.41388672147784,147.76136166987885,147.08065029694757,144.71383531045413,143.6013577085096,143.7862771054252,143.48888680681011,144.01275593784905,146.34689707268495,147.38923072298553,146.23426908403368,143.85710547381512,143.79372567045522,143.85348156033413,143.87381603957962,145.28431195094055,147.64654868087268,146.95981041163552,144.70909078447175,143.76239608097552,144.09152385625012,143.89667881021208
"Idq=204A, Gamma=155° (id=-184.9, iq=86.2)",120.96027826477618,121.94706750675415,124.88704961348247,126.08984764760037,123.6920422314148,121.01041899453658,120.43734460853034,120.62920122569754,120.84719106703277,122.9930050426767,125.61353865648839,125.2771063161463,122.28133737532512,120.50272343955093,120.85288211415623,120.88314156431946,121.86889751200317,124.81801665706065,126.00286115579051,123.67924490560884,121.10716650972103,120.66685776230486,120.92888015866413,121.22801128609287,123.38310720281146,125.90961717031296,125.44677204645521,122.30278687978333,120.45032862065531,120.63007659478295,120.58617099287207,121.5182119118247,124.597993350828,125.90252519275785,123.60551824903317,121.04545846638307,120.56816387970005,120.81796440953174,121.14681491731183,123.28344243612217,125.80181414352897,125.33720770896242,122.29711159506721,120.59094634949832,120.90577849910925,120.9531318143936
"Idq=204A, Gamma=160° (id=-191.7, iq=69.8)",97.2179211296117,99.06810116185494,102.22734908475357,103.36220891704554,100.32869693758995,96.93787205951313,96.40575544334091,96.77058728616873,97.36732288188985,100.29578379718025,103.48179396294455,101.83134866601108,98.41407882975047,96.42269847246968,96.88736590061686,97.18548638845614,99.01643756479575,102.16555254036346,103.29393626582805,100.32139473658545,97.0243001536965,96.60971728414948,97.03367055822689,97.69691898886254,100.61884927616049,103.71408227370648,101.98006822630221,98.41853073169327,96.35417595189091,96.65405081440343,96.88943618888393,98.70233430187025,102.00651661226856,103.20394218944043,100.26211522458195,96.990833028987,96.55177329692371,96.96745434356515,97.65770515812062,100.53912518880134,103.6121043444872,101.88284425787644,98.40923018814266,96.47508292795678,96.8976212957451,97.2118983802438
"Idq=204A, Gamma=165° (id=-197.0, iq=52.8)",72.95170225587697,75.5307380169164,79.51263292870283,79.24557190234671,75.6642279349944,72.1592946033085,71.7097251642315,72.25729111455475,73.83754589766463,77.0229561080116,79.71677116974982,77.66314672087677,73.64163623131317,71.70715730015667,72.270896336974,72.96121171040679,75.49764105490345,79.45908351109722,79.1985976027751,75.65992197862545,72.23387520545619,71.88558045187126,72.4805753676295,74.11028459061872,77.27921325037853,79.92092077341574,77.7910643028194,73.62680709574553,71.62446852233604,72.03097518517684,72.67301921189542,75.232386775947,79.34455893134177,79.1122897559733,75.61827017368908,72.22942530149787,71.86814097641444,72.45837035763331,74.09918808601732,77.21778092314986,79.84400437279847,77.70460293052084,73.61274766973068,71.72368176000329,72.2399545540065,72.94703034400237
"Idq=204A, Gamma=170° (id=-200.9, iq=35.4)",48.72501505088141,51.643672232561904,54.969683009475844,54.4288423806907,50.34071479339458,46.900361922532596,46.52564130842046,47.490758961140976,49.803712474638424,53.67669847090057,55.17304381222813,52.48172135716395,48.364008090167985,46.49224621164912,47.141125559014746,48.766816661864866,51.62812622038401,54.953122846467174,54.40136297048299,50.337663774439385,46.96099068062102,46.670994694603046,47.66923641145233,50.01434503970967,53.888345874664985,55.348022752800325,52.58747120372738,48.3308958273055,46.39730864563688,46.89845523441079,48.50483012995938,51.411728521025054,54.83641681074631,54.320751975371145,50.316882878860895,46.98611089115787,46.693596794790054,47.68881132589274,50.02584634145679,53.85297546217003,55.298909733569545,52.50890397396479,48.31021654747071,46.472832931283435,47.07004292855713,48.722099313781165
"Idq=204A, Gamma=175° (id=-203.2, iq=17.8)",24.239864832894973,27.796819629015882,30.159888424988683,28.871179474321746,24.697077867064618,21.31200007507001,21.008540793086482,22.86832724811133,25.57709568115073,28.95433422997491,29.978677952711834,26.835054924009714,22.7585600063136,20.944075079728414,22.000244328690993,24.309214492182708,27.812819550777863,30.180469125126514,28.860044052314077,24.693410296038653,21.356570730335317,21.121057973484014,22.99375378431286,25.72750261606491,29.1313131194543,30.12370034747146,26.91756477435866,22.70826021063812,20.838824064454872,21.762211385077375,24.08132655690808,27.604668233190566,30.061958451930085,28.78954217346718,24.69448507807124,21.411794640432547,21.18322129803911,23.049682302275777,25.760804047765394,29.145903935020552,30.10070718061503,26.845031737159935,22.6791233996614,20.88875644175202,21.88934260367463,24.238905333442382
"Idq=204A, Gamma=180° (id=-204.0, iq=0.0)",-0.022458007533452534,2.963611435218681,4.766784146816775,3.0550460284971557,-1.1163631751198178,-4.452357726321794,-4.318036364584846,-1.8105546960694952,1.5658610624276508,4.062616556990239,4.281898818914051,1.053373011746475,-3.008136544997906,-4.756599749639138,-2.874952596304589,0.07209001967475638,3.0301144976784857,4.821775229246037,3.057925077020218,-1.1225534946048286,-4.425937309482582,-4.246444858055077,-1.7397356922832439,1.6907097183668554,4.20407126096026,4.397046411931952,1.1134489117324513,-3.074475634602721,-4.870190353260133,-3.0966481017994245,-0.12678453049281008,2.8081081029640766,4.7055491208628055,3.000163909065532,-1.0986389378108332,-4.340099484343157,-4.142646362096354,-1.6509774562649902,1.7658644088421684,4.268458292866493,4.395162075873975,1.0450020142148821,-3.113894351713182,-4.847604765969229,-3.0214118614240353,-0.021210267282029356
"Idq=204A, Gamma=90° (id=0.0, iq=204.0)",287.83910737285044,288.9634317362256,292.2151916642508,293.56331899925857,292.4652490552393,290.8835235019768,288.7110363294924,287.7386223313807,287.55442450765634,289.60468773389437,292.64615319079337,292.26946991129444,290.4803320707402,289.00904130572235,287.67188097722607,287.20621285535145,288.4147696837643,291.77129827364183,293.0943472081381,292.0916795260179,290.6373229676187,288.73636575231745,287.98036822183604,288.05854136167363,290.3720010531045,293.6102995694068,293.2921250466182,291.37845624836234,289.7692633324426,288.1515820056244,287.41043078262953,288.25533867743746,291.3798077116838,292.5551839273088,291.45657134234426,290.0253424738553,288.0657318753524,287.28964793311184,287.4579283053771,289.80121164588684,293.1575964419903,292.8095428968486,291.0374868896624,289.67341906651023,288.31181048314625,287.82938555283965
"Idq=204A, Gamma=95° (id=-17.8, iq=203.2)",286.86906424322876,288.5364673228571,291.4471020971431,293.2385148669354,290.92203428889206,289.15726655649945,286.8788527386912,286.459761851791,286.80610600477263,289.3529907402025,291.55501015792333,291.1026745008493,289.6801687844583,287.01270351299144,286.20807179055083,286.2863661745852,288.02199479360803,291.026251073955,292.79296386475664,290.5703591393737,288.9355876521127,286.94170735040217,286.7558087715743,287.35430876891775,290.15956912881865,292.5557927029866,292.1070566055537,290.5216543474925,287.7012071555841,286.59325641515136,286.390262979633,287.791185581752,290.57350870230965,292.19270111878336,289.97097597848256,288.36637963679135,286.30925653546814,286.1121481984872,286.799743186785,289.6206621934117,292.1243792094053,291.6468193134314,290.20089905278434,287.6352378656328,286.8047381995179,286.8589417270933
"Idq=238A, Gamma=100° (id=-41.3, iq=234.4)",316.3145464443171,313.34617242828836,313.63296765732395,314.36573087869715,312.9948390365718,314.7665576473422,319.5569824979325,318.5203348948066,313.83044318629146,312.22811963737,313.18876313088805,312.55640992286504,312.6719275866436,316.295282062995,320.32203516313547,315.76486502149646,312.8543727115871,313.2283536211414,313.9404419107101,312.6660196406268,314.58470042815514,319.69315513087315,318.8663939174935,314.3953077635718,313.0613065388413,314.1867777604224,313.50827752086883,313.4466153916139,316.9091276710782,320.60980040127265,315.796757590029,312.5713522584631,312.7225624631216,313.3512438508276,312.0980653717864,314.04925608342694,319.0806701811699,318.26110108184736,313.87271102560914,312.54914197863525,313.77545354768,313.07991069520335,313.1518448596046,316.8865211238532,320.88925286736264,316.29752947781776
"Idq=238A, Gamma=105° (id=-61.6, iq=229.9)",308.1844386076379,306.689216356828,307.84517172680575,308.6607639432316,308.5315564986016,311.7290530261365,314.6054003385925,309.6730122926736,306.3841481956077,306.1116811746338,308.1264815680613,307.34721399540064,308.94884955690884,312.9877416239777,311.84955271774277,307.67732658553126,306.2301865628156,307.4669163958028,308.26219734868494,308.2283874773146,311.5927803043207,314.79507772601545,310.0461831159912,306.97795758451736,306.9691384329678,309.11889407028036,308.23539405549565,309.6552260427205,313.5114128383377,312.04078307165236,307.6415323228841,305.88307720286224,306.93966012029335,307.6987045013861,307.70294441955315,311.0888822375777,314.2172387519053,309.4894149571823,306.49375317845545,306.4912652158491,308.73182384180666,307.8337526212455,309.39359744980334,313.5515884886877,312.36327668878897,308.1670241937918
"Idq=238A, Gamma=110° (id=-81.4, iq=223.6)",298.5710489988128,298.3609159823145,300.44063902855635,301.26320118187635,302.55514920368927,305.75254559320405,303.0419919824004,299.3251034093928,297.5019672926332,298.30882554817026,300.00366046669507,300.84782428365196,303.815217245714,305.2426252319784,300.9070687664952,298.1061807853196,297.9336026414064,300.08897642989297,300.89085256652646,302.2908806354474,305.67757418178036,303.27468991986484,299.721578925414,298.125932931656,299.17544911723564,300.9369276476872,301.6725577856172,304.4468144171173,305.67288906336836,301.0230261682074,298.0034892731646,297.5365441496834,299.54808359888096,300.36734502274373,301.7980980678436,305.20000409908926,302.7538900226985,299.213571145028,297.6799975936414,298.7312861048245,300.57423102322286,301.2974413729698,304.23393802984003,305.7702504420623,301.36913581137446,298.55341047987474
"Idq=238A, Gamma=115° (id=-100.6, iq=215.7)",287.5470980368462,288.556812300238,290.0717338629508,292.52720297175006,295.1729283651783,294.8759525185215,289.92678046199137,287.52703551687796,287.0630617760218,288.4499826239753,290.57041564156594,292.75652725217986,295.46698339010766,291.655144052429,288.5184129631167,287.12404314168845,288.1604559714389,289.7470777674012,292.1850765384813,294.96356707188653,294.8614035102007,290.18588696087505,287.94669537298313,287.7118202763052,289.3058604184477,291.44282365595996,293.51334655572725,296.01530745234163,291.98405302178156,288.5626310935728,286.9546259052006,287.7212536882175,289.2377496657208,291.6985590526505,294.4935031034884,294.42169977318883,289.7232293903673,287.4870755005701,287.3005698522725,288.89533655360253,291.10421637725045,293.18164376168056,295.86282872498225,292.12221843666794,288.92593407402603,287.5296190204043
"Idq=238A, Gamma=120° (id=-119.0, iq=206.1)",275.1966490258791,276.15392675527505,278.48543776487253,282.25480453113227,284.4160770870464,279.1187724924878,275.4011148777267,274.4127844128169,275.30548310946654,275.98524409559434,279.7157191170874,282.95535015199715,281.576171493085,276.55893311263947,274.70454301613034,274.80906171503506,275.7906919326654,278.18754240133035,281.95742255647275,284.26717492301805,279.1475210149483,275.6773909566935,274.85626529173487,275.97882315776656,276.79394917587024,280.5260860953081,283.638939185896,282.0248616774364,276.79741034009425,274.6770507394909,274.5832067077967,275.33795864320984,277.71046115174727,281.4964221802615,283.8189273428843,278.7674424132941,275.27609238449594,274.44180022225316,275.6010773602971,276.41695602668057,280.21949354934617,283.3648051471737,281.93213930217854,276.96075896353545,275.05804611408524,275.17969799649666
"Idq=238A, Gamma=125° (id=-136.5, iq=195.0)",261.61351915374036,261.5027837263909,265.3646873530944,269.96050874182686,267.3542580439173,261.94187404430284,259.4914051977643,260.20565033625076,260.3936263069534,262.3453804282974,267.3764163227231,270.236253072763,264.01777991875247,260.08570078553794,259.754376132408,261.26081680409106,261.17411862292704,265.10635372438907,269.7233582478755,267.2596762741448,262.0006110106072,259.78546299657694,260.6721367505377,261.04618848903505,263.1063227510406,268.12300199557114,270.84396521267604,264.37046826359244,260.23851693392,259.66370378033037,260.9788843659656,260.7311229307454,264.6507660621286,269.27631776140976,266.8586205257536,261.687561545546,259.44499234818807,260.29400009605985,260.7099200770713,262.7620293208608,267.8625268038527,270.62566697997727,264.3128953693306,260.41957136911475,260.062402766986,261.5974755703488
"Idq=238A, Gamma=130° (id=-153.0, iq=182.3)",244.1556915532609,245.7113834338383,250.8682813377024,254.2191717075989,247.92953995991073,243.44190339669376,242.73575420999964,244.3297654533203,243.72502226467864,247.05746533599765,252.9291346869138,250.48889026550742,245.15769684740388,242.28773248209873,243.82859640511182,243.8535799864067,245.41712583737495,250.66182568891605,254.03841357327306,247.87029659079158,243.5245099937017,243.04835313646473,244.8110209155733,244.34185861434577,247.76991371881556,253.61026790962083,250.9991672365044,245.4178815924168,242.35559044030586,243.68579142833892,243.55465144615363,244.98496741252728,250.21610480381028,253.61482576079396,247.53235794128102,243.28215420989488,242.74885729169284,244.47161200709942,244.0490050899995,247.47241852779646,253.40515419125137,250.8277786291318,245.38228398489647,242.55421712061298,244.10193396982382,244.13977726284935
"Idq=238A, Gamma=135° (id=-168.3, iq=168.3)",225.50300778217792,228.23231057693195,234.26443225920502,232.69507514509604,227.41455205241755,223.73564956116013,225.06659947707308,224.90048352151442,225.84852081991593,230.58359838134592,234.368286158782,229.53827637448512,225.0369342762592,224.03902317628658,225.6427001893455,225.25145024368524,227.99050069856366,234.11137523363678,232.55797872028268,227.37381980415262,223.8418950522424,225.3982256299757,225.35093232720007,226.4295826836106,231.24878673217265,234.97338113030818,229.9565070166956,225.20622016421632,224.05698345359673,225.45700036628818,224.93920968374064,227.55045599586504,233.67551629901763,232.18769534018105,227.11147135711806,223.66820853431182,225.1283619602895,225.0664187796337,226.1822955839848,231.00418646015996,234.81925437745645,229.81591495514087,225.18833190265525,224.27198855303337,225.8740410343907,225.4875111893626
"Idq=238A, Gamma=140° (id=-182.3, iq=153.0)",205.59648947860612,209.65691067149132,212.8607335209058,210.14596820268497,205.70312384632217,204.09995085289955,204.5208839532091,204.4483578240957,206.511010393026,212.14144442912576,211.3822191881491,207.63152481303206,204.08406200950205,204.85683669229752,204.42973408185588,205.3980784618799,209.46765704117976,212.75571769193886,210.0372457316705,205.67947929927666,204.23017288873675,204.84788673910384,204.86688761337064,207.0590128370118,212.74862626149272,211.89807561688968,207.96263286660533,204.17577574950386,204.83196545629835,204.21748543790244,205.06809292632235,209.01977183692046,212.3484070272786,209.73254935742838,205.49334612858848,204.07624133644282,204.6186404432065,204.63631108470005,206.86684921266595,212.5508335246264,211.77893107154213,207.83697643343706,204.17507689603212,205.06281034104595,204.60564548527205,205.58161154611105
"Idq=238A, Gamma=145° (id=-195.0, iq=136.5)",184.47901078411692,189.49896081398632,188.3832980898002,186.74363393548154,183.60897860923936,183.46959967639623,181.6015156881373,182.72723808632674,186.1946631349887,188.32349955225408,187.5820362863201,184.63060985383666,183.1609460839189,182.1122847300594,182.28648694161345,184.33693179198585,189.3541281463317,188.31144268779556,186.65051641322586,183.60140986857627,183.62314684421804,181.90474577467515,183.11891295584363,186.70546761542528,188.85344961574702,188.0112540534789,184.87567698329102,183.2157305197739,182.0628103556567,182.04974042412127,183.98200434993487,188.91744077691175,187.95604069426213,186.42109887130243,183.46734682503245,183.48988500424312,181.7246757787904,182.9417176975188,186.56215005092506,188.70299194717305,187.91119723289088,184.76398644477027,183.23220345513658,182.2803868642903,182.40773456271432,184.46490932540152
"Idq=238A, Gamma=150° (id=-206.1, iq=119.0)",162.69820243352456,163.57126086301156,163.3510810100314,162.3716500440926,161.46579180151562,158.61302572321526,157.84406577968215,160.06897226218018,163.8757629030293,162.63919667352548,163.00310585078847,161.6908304534505,160.75693283696899,157.69211331334355,158.92456024488055,162.60039517345447,163.47040450233584,163.29473314681434,162.29317577232771,161.47319703122716,158.75859825392845,158.12248696095835,160.43745891679256,164.33416506582742,163.08652304825193,163.3479136407275,161.8859898748041,160.7775760553404,157.62478871304967,158.6595829670727,162.24008344607847,163.06779935175737,163.00621972296082,162.13906158612232,161.36062952169596,158.65415319513616,157.9912658943861,160.31172392977322,164.23149495633768,162.97800814143616,163.25732567899388,161.78638423942144,160.80747257328966,157.81881287215293,158.99537632995535,162.68533178438804
"Idq=238A, Gamma=155° (id=-215.7, iq=100.6)",138.388999599525,136.8487531348649,137.59158819523535,138.64901468968515,137.24415504860016,132.86308194608014,133.01098928321375,137.2301000286656,137.0547443093109,136.71565322511805,137.6496677186784,138.5282098484294,134.63067362556208,132.4899707103164,134.908371471009,138.32916893782857,136.78603251201153,137.54487170521227,138.58561398041275,137.2631495626952,132.99770940400165,133.2730508082413,137.566265370765,137.44315828545427,137.081693811455,137.91300542744435,138.69388373634413,134.63135288622453,132.40514288143387,134.61629913763034,137.9835228834903,136.4254253957683,137.32766000886176,138.45759118196378,137.1707835955769,132.9231533163362,133.18514939017712,137.47623540196733,137.38236357105376,136.9966139997108,137.8305883746407,138.60476660548798,134.6601635189843,132.57613749104928,134.93153484704493,138.37758064656148
"Idq=238A, Gamma=160° (id=-223.6, iq=81.4)",110.68948324657246,109.92418263137023,111.62499930442365,114.54970456007786,110.09810584427677,106.44873234513271,107.96537544278392,111.27993688753702,109.66616093256515,110.08556388498093,113.40297310450111,112.69115386709649,107.84651307497332,106.5383100957042,111.26491630435038,110.67034374129828,109.88319309525191,111.58659744686268,114.50042757066126,110.12365283510967,106.57265668518812,108.20895454401143,111.56932062160818,109.98216874024482,110.3716936926062,113.63977988158466,112.83028644121185,107.8283348966037,106.43326431565214,110.97454815073954,110.34914482602589,109.5814512146116,111.42806873097024,114.3900448910874,110.04789526654768,106.52840301583007,108.16134671567349,111.51487019549846,109.95768038212204,110.30885375785465,113.56395522208413,112.75339170245392,107.85422243358792,106.58737181191692,111.25881857388734,110.67952388996515
"Idq=238A, Gamma=165° (id=-229.9, iq=61.6)",82.6552844802014,82.42312584822697,86.69143522849501,87.22036588283912,82.43667613493331,79.55993466355987,83.43149673229871,82.98915609402907,82.06499985301029,83.8503696436221,88.62773534345081,84.75922221756922,80.52355890695384,80.83762162015806,83.84290972716086,82.67240947496734,82.40332052186035,86.65968424118309,87.19318521106973,82.46703204851296,79.67435258166277,83.64810941893326,83.22269216670338,82.30690804013605,84.08289438868155,88.83777047105269,84.87442833260559,80.4854658933938,80.7191440878344,83.56572867146708,82.38531719894888,82.15973222238678,86.51909995180974,87.09048545455313,82.4087494734216,79.66042401358547,83.63238304158364,83.20811691189307,82.30951376510446,84.04107421876611,88.76714490963495,84.81084766710222,80.50732921384481,80.85295992243702,83.80353718773283,82.64713926152992
"Idq=238A, Gamma=170° (id=-234.4, iq=41.3)",54.39113399793304,56.03336199666387,60.81338634090406,58.65943838316372,54.358563254505505,53.4343269096271,54.95474273925534,54.60166026356698,54.025527526146405,58.44116778926232,60.10036858586396,56.457979081699264,52.936062756741265,54.989158043274045,55.06964262639173,54.44081832815936,56.03135321230228,60.79350606135712,58.65605129809946,54.39217206598684,53.53478885975485,55.12819531009628,54.77199651626905,54.19497856407547,58.65294732247574,60.27659087841072,56.549875468630866,52.8781133743534,54.86667678037277,54.8080591350334,54.19433359452589,55.813321290106934,60.6685479758451,58.55852540908073,54.354529651894644,53.549404682566625,55.1518621054418,54.79649343256421,54.22394839645052,58.630685864238266,60.237530991381796,56.498425310963896,52.89467507582676,54.973319109090546,54.994947315031695,54.3851052112055
"Idq=238A, Gamma=175° (id=-237.1, iq=20.7)",25.9112025031166,30.2640969469562,31.868625992335698,29.86011544188379,26.215682903093814,26.537935966319683,26.000562709906937,25.97514462182015,27.815694208985345,31.613626560901615,31.203520584996927,27.877078732333118,26.68890322669116,26.216849492179925,26.3803115681943,25.99250720254072,30.277615101672417,31.89207671979302,29.87896172390503,26.25083775604406,26.618410205073722,26.127971233403038,26.080714223893747,27.96328931243296,31.79744116725162,31.345644198652696,27.943596851810963,26.618675913819693,26.092102478981545,26.14143679415618,25.784603515640757,30.06705694559613,31.765013223892836,29.788215005730688,26.23478318417736,26.662863666456918,26.19268803592688,26.14389905224493,28.00854091033367,31.808479707747292,31.338486017063882,27.90303090867681,26.624540046402597,26.163700567062453,26.266441085855064,25.907492072055035
"Idq=238A, Gamma=180° (id=-238.0, iq=0.0)",-0.02078358054643144,2.6284458718826147,2.832833971207112,0.9653015859109488,0.10502797815482162,-2.3850229548175887,-2.8891669779772715,-2.1459196249930548,1.9056850215189882,2.629196537280948,2.1928780754366595,-0.1883779294764067,-0.9351989400329687,-2.825911816282114,-2.533274267639757,0.07560432208099607,2.682060397199581,2.8994628071825908,1.0038447461917799,0.13630055494204146,-2.329585632887372,-2.8163304385206547,-2.0916039435619203,2.04144801620032,2.7722003761014253,2.3013991887844965,-0.14501322085262378,-1.0166425688615464,-2.950454942783739,-2.7493818464178394,-0.1315650357214958,2.4656792391577302,2.770749545910011,0.9233456559381419,0.14024556345603595,-2.2514098194631877,-2.7063364832670596,-1.9948228028842176,2.100477993737193,2.841716260709301,2.3233725585703735,-0.17660548455552968,-1.0258622485676463,-2.918466206218065,-2.6863588583041054,-0.020923834681852806
"Idq=238A, Gamma=90° (id=0.0, iq=238.0)",325.42735236725275,322.2432977182792,319.50262119900566,318.9845586642243,316.98359576672175,316.51805314151954,318.8041409338716,324.32895152663554,324.1512928855543,319.7068963745207,318.281337795858,316.8016331465687,315.88530062926986,316.2933090222803,320.9505539983901,324.7813716164567,321.6800002689183,319.0460953110429,318.50379264305275,316.6033511872151,316.2761844796633,318.8340206339311,324.5778536750757,324.654616696268,320.46860016324683,319.245585470025,317.8035065591108,316.79210472092046,317.0450698801472,321.4144687499418,324.98341318694617,321.5289110183639,318.66134024354545,317.9604504668223,315.9862872819128,315.65961336170903,318.16295922909217,323.8783616517913,324.0403026715896,319.8875206027291,318.7852657124076,317.3223177767355,316.4503031875741,316.9531918859656,321.58493522412607,325.41076244273785
"Idq=238A, Gamma=95° (id=-20.7, iq=237.1)",322.8991217617015,318.5636281077415,317.3671299823371,317.4387752687594,316.13865207702156,316.35556199794206,320.2135146196889,324.02289622724055,319.7574485228031,316.6807022770876,316.97179678716736,315.77264801315937,314.9517767952743,317.04154847792,323.1553150941735,322.30296534923207,318.0393989194586,316.93632079346617,316.9855232863114,315.7841379962208,316.1408957345166,320.28800357312775,324.32221082616155,320.29368259819984,317.47778220763536,317.9772094982333,316.7645011229312,315.7925025032391,317.7267589597296,323.5301753116249,322.410873217197,317.81976594154025,316.4858911373748,316.41550910045896,315.17392772838423,315.5667190056507,319.64605116372314,323.6631173030009,319.730129202532,316.9310975506149,317.54170011592834,316.3095044741008,315.47428404454985,317.66497417522095,323.7589220905977,322.88256981372973
"Idq=272A, Gamma=100° (id=-47.2, iq=267.9)",341.9631450052827,340.36675030909004,338.3013505076385,338.0436440785211,337.7623406760658,338.05872237191943,337.8664963942838,340.09310928625763,341.84693080861905,338.2586519198876,337.20127322094714,337.18517484485056,337.6178428533696,336.87800355443187,338.625367716304,341.42051965270787,339.8685600518144,337.8903488045052,337.6146624018346,337.4343530181032,337.88020287082344,337.9756939999039,340.40579600677535,342.384920740016,339.08201278565315,338.1655763481797,338.1334776886963,338.38233681712836,337.46514091284007,338.89321154383833,341.46060543706017,339.5987060333252,337.4133748882071,337.0561586273112,336.8616082136027,337.3585102234027,337.4022892505554,339.83434192917235,341.85915314468707,338.5672627416432,337.7529604281676,337.7138123012309,338.0934528249493,337.43574810739955,339.143397239278,341.93811206699354
"Idq=272A, Gamma=105° (id=-70.4, iq=262.7)",336.0352531504958,332.60763372404085,331.6867265870462,332.8547943306706,332.66144634695695,330.89441672595564,332.4285158003383,336.31234849051015,333.3368793906948,330.84711535043135,331.4158085777166,331.38994395983974,330.78666679208357,330.687339358407,334.10023817646896,335.52663634286785,332.1462823851291,331.3058491184039,332.4577485672668,332.3627734028892,330.7557797173263,332.59892564415037,336.6572032266842,333.90794910681086,331.67942062566107,332.3737092737316,332.27101000572895,331.4725748099223,331.1764612878336,334.28276929523065,335.5032746149953,331.8108642860635,330.80434363926037,331.88343496547594,331.8386128396219,330.2782664308757,332.06415447465474,336.1128308159548,333.42605846222574,331.20330344592685,331.9888121928838,331.8817580632987,331.21259707631566,331.20736407932463,334.5823962243974,336.0106613057221
"Idq=272A, Gamma=110° (id=-93.0, iq=255.6)",325.04852216898144,322.89680739210627,323.6205136391671,324.4004368891217,322.94316339869414,322.58759359479177,325.9407889987124,326.7608264348558,323.05558627510663,321.92956606304455,323.53035431619605,323.5789565863193,321.66263486789995,323.4146581488578,328.4913962441898,324.58818399976894,322.47092246429384,323.26992005342146,324.0333545305143,322.67944080574273,322.515854222303,326.15797178898833,327.13129011511546,323.6567350231029,322.77234712196713,324.4631981076752,324.3871597004706,322.2629438793305,323.8043461579988,328.61527843594115,324.48836827245873,322.0882137136407,322.7423151785598,323.50473841845616,322.2033660146612,322.0710484057329,325.6591229023382,326.63265782104264,323.21638991679794,322.33475589047,324.1059757735367,324.02656782637496,322.0502754106032,323.900666560876,328.9454237375977,325.02367420410275
"Idq=272A, Gamma=115° (id=-115.0, iq=246.5)",312.4498571633811,311.6921174697332,312.92313889549166,313.67603548013886,311.6704962990977,313.25577141905194,317.9814942283751,313.27732027198175,311.0806609700445,311.5738719923675,312.7495030874769,311.6667179431345,311.4090477102184,315.1420890853819,315.30741799558115,312.0326717740927,311.3016119843308,312.6030961208942,313.3362892789424,311.4620570399347,313.2507329005608,318.22665757538016,313.6742803409087,311.70863761610127,312.42858048217255,313.61279354570127,312.39544683953494,311.91362283925565,315.4532153095327,315.3531157309768,311.8645532077912,310.8707389005368,312.08096402734543,312.85691774057767,311.02040096180957,312.83663970708096,317.7652031283813,313.2309485130907,311.30717972850425,312.0291150771453,313.2831018924253,312.0706659210114,311.7690699694496,315.59171296820176,315.7035316610274,312.4251799714713
"Idq=272A, Gamma=120° (id=-136.0, iq=235.6)",298.33505829370444,299.0788384128076,299.6816576405451,299.572556728082,299.28265943606146,303.0242695010009,301.38073356064405,298.47308652223876,297.643428208267,298.0432862552684,299.33537685390075,298.41537269005005,300.20064768534445,303.7786096909387,299.5638158157482,297.9584072864888,298.7233561422067,299.3921985596703,299.27560027729993,299.1431963268645,303.0585246261788,301.64551928488703,298.89538238720985,298.29949805205723,298.86306692261036,300.1270704312117,299.0590159242829,300.61451271928587,304.0161304265643,299.52945500543746,297.72578841075807,298.24381160337623,298.9069200113755,298.83588785865135,298.72668239691177,302.682641435287,301.2541894073854,298.4958563179311,297.93633116624665,298.5016722475174,299.8235773359551,298.79061288579845,300.53353144340497,304.179456801403,299.8999636670876,298.31098451557693
"Idq=272A, Gamma=125° (id=-156.0, iq=222.8)",282.8114812969745,282.57318669045617,283.4654788231472,284.1777824087591,286.06303837637336,287.94248266497357,283.42135148497664,282.236361863306,282.50909610310634,282.45487063550047,283.1954167936507,284.1276999082415,288.2163918306547,284.95205845996543,282.7638527854929,282.47469881683855,282.2567803965074,283.2070663781201,283.9429875150746,285.98326571425014,288.0026154938189,283.7066103898668,282.68494976869886,283.186369233551,283.2200652942336,283.91097956015244,284.68568545931566,288.55711776159427,285.09168081950776,282.66969992234664,282.1779914486654,281.7832920884182,282.7629589665339,283.5267041973548,285.5947385665079,287.68805263924384,283.3747068244059,282.32694188799593,282.8621070898616,282.8960417265805,283.65149978414127,284.4811110986002,288.513508472565,285.27524240777933,283.0596088968287,282.7884445999794
"Idq=272A, Gamma=130° (id=-174.8, iq=208.4)",264.9683648875733,264.38306501921056,265.14299604554105,267.87211661894264,272.2651543463033,266.7996590677061,264.55658965855713,264.6583010665477,263.4592629119353,263.72641877508806,265.8531793045338,269.1574305532032,269.5921851043449,265.1219297971916,264.56296166858294,264.6766856621794,264.1035144142588,264.9334531163747,267.7022934798701,272.22243164940573,266.88707147449844,264.8632312540005,265.1342707600431,264.09570651962036,264.41938466433425,266.4925156927867,269.63758173775057,269.8412416659968,265.1877547974515,264.40922866292783,264.3311410891205,263.6476606236149,264.515546327742,267.3053117581047,271.87252301389253,266.6533013984999,264.5652875322411,264.8165555309359,263.821061390351,264.13217374900546,266.29391540586084,269.4836964293181,269.8182287335319,265.39075863038977,264.8190731286432,264.9463597902827
"Idq=272A, Gamma=135° (id=-192.3, iq=192.3)",243.65101200633555,243.47913250464399,245.7763307721166,251.05647097014972,250.00358949200563,245.2111746378534,244.36326996378395,244.1000820642371,243.0042912382398,243.4846843793223,247.72406354908398,253.20613759967299,246.59702788017944,244.4416408796255,245.09966223641655,243.41710881335482,243.23982819413328,245.62599139222866,250.9358766778593,249.98181891222958,245.32622244886122,244.69165696087018,244.57141075710345,243.58989426313116,244.10693809588417,248.2897183522707,253.6165106146848,246.7422000337677,244.45844519863516,244.88701443943899,243.05635050350563,242.81447447037326,245.22214881392617,250.56770852565867,249.71336259582665,245.1325432634658,244.42757858206576,244.3048860583798,243.35773183514542,243.8691901157259,248.15160098526047,253.4919875726454,246.73942635382775,244.67994720652766,245.3171778536638,243.6294842777264
"Idq=272A, Gamma=140° (id=-208.4, iq=174.8)",221.13788919309633,221.39960140516763,225.74706972155883,231.69026062015774,225.3446678837746,222.77037611412698,222.9950757565941,220.72622412433006,220.3998646613219,222.36052463412773,229.2294573085728,228.16985010086955,223.6944948518912,222.51914204078082,221.8918558263843,220.94938919912204,221.2096587053725,225.6538034722763,231.59736071921944,225.342456281653,222.91282569056904,223.34540537077612,221.16107394129835,220.9225897539019,222.91594742255728,229.72659631308514,228.48065444315296,223.79072141628063,222.48699605886551,221.64110925418439,220.59850686589638,220.8011453302981,225.26408869866978,231.28144990218038,225.15548499909391,222.74172360875835,223.1148400984719,220.95619154988424,220.73527962360552,222.7313700165953,229.6313055759423,228.37320069069824,223.808533474113,222.72660067854198,222.05339518986645,221.11733175699803
"Idq=272A, Gamma=145° (id=-222.8, iq=156.0)",197.00424736469827,198.56910514925733,205.45358042343943,204.94473574335382,201.10330795226994,199.1928319124089,197.1242161726518,196.59896194640896,196.85992847345594,200.6772295355083,206.70245459952415,202.40761083710996,199.78236236551038,199.0714497410448,196.5852876661072,196.85896092019976,198.42988380344417,205.40332819371778,204.86967006956837,201.11966625300886,199.36193878254764,197.45153584174693,196.98618630602263,197.3254207774391,201.1681876699726,207.1211403690062,202.63848803049012,199.83638401087495,198.99385780546544,196.3065435241488,196.52185789623968,198.0332919508824,205.03911739209207,204.6397922037506,200.95542382854248,199.21445922910146,197.27520054370723,196.82421124900978,197.18425283955997,201.03337254257792,207.0439558815688,202.54656456991307,199.87382097023232,199.2461169161826,196.68435413551478,196.9848545249208
"Idq=272A, Gamma=150° (id=-235.6, iq=136.0)",172.11242703073572,175.25422610581526,179.73554713675514,178.08174119627972,175.7968087434427,173.38802574825252,170.21344558718977,171.28271051758472,172.6634288262371,178.87919366688868,178.61224838748814,176.85959190151863,174.8582377656221,171.16268240765524,171.1545766544205,172.0091768067755,175.16330309175356,179.70013982948052,178.02444970391718,175.83028015318135,173.57142284799912,170.51026767975767,171.62628365613307,173.07494482296354,179.30804928847627,178.93446561157614,177.0569023045523,174.87010093433156,171.06469021391456,170.88318053844233,171.68271275297127,174.7801231072962,179.40425205443728,177.84700152400652,175.69060405330072,173.45120091645717,170.38806293220244,171.50152008326037,172.9797500024274,179.21102622068764,178.86810267711508,176.97824089173264,174.92588640416562,171.2900323537399,171.21742291090365,172.09455389903417
"Idq=272A, Gamma=155° (id=-246.5, iq=115.0)",146.64742322758119,151.51623057855232,150.29612677698816,151.31056906941075,149.61776799675408,143.95951857438385,143.58451116630826,145.30859376370253,148.03860173553213,150.30973179008117,151.03466037654601,150.38802549578028,146.98000987579897,143.10316335701492,144.73060784003277,146.58654061809332,151.46067083470433,150.27172675336388,151.27086152552866,149.6667654805388,144.13040701951127,143.84634281249424,145.61155271602823,148.39676598712842,150.65025253059346,151.30630668473108,150.55163814631229,146.9599188926657,142.99289686829664,144.46386407051622,146.2686547245755,151.1050127241197,150.05732666689548,151.1116761534616,149.5533062071733,144.04434391211433,143.76224285322314,145.52283133788154,148.3472588552234,150.57887974617213,151.2491011311743,150.4849635958087,147.0232154429014,143.18614046558616,144.7606710737902,146.63137437925877
"Idq=272A, Gamma=160° (id=-255.6, iq=93.0)",120.79859326390526,120.74529286027271,122.16893791176882,123.76850034985951,119.7722116322731,115.04467273311697,116.15925873897417,118.83642635363225,121.83663789927579,120.09085546028076,123.32415224605764,123.19437622421127,116.36954067512617,115.34264660658907,117.74348837259745,120.78191586358733,120.71456864412185,122.1536187501994,123.74493420009838,119.83048653111236,115.19751900050592,116.39001987757747,119.10053391969048,122.13240086120628,120.34577297067776,123.56547748946281,123.32441662033045,116.32789833309904,115.22731188134901,117.47986392417698,120.47164253373468,120.42618508851201,121.96516897118732,123.60590896388851,119.73846228037291,115.1440661538454,116.34227288141592,119.04804176217776,122.11774414935454,120.29974179039918,123.51580609968104,123.26836251944145,116.38785420244841,115.39118660382898,117.74082776063658,120.78462041981136
"Idq=272A, Gamma=165° (id=-262.7, iq=70.4)",92.35913921043424,90.10663290330281,93.67343611070744,95.1951598633315,88.1591491073091,86.3947740712567,88.26290886246701,92.09745604517775,90.29245380835594,91.51864954925368,95.00959480485729,91.6287514687222,87.04369210002979,87.03744117447849,90.33866898477116,92.37949559080579,90.09868540427452,93.66571794370837,95.18777281936435,88.22291991785903,86.52977682183523,88.46350969949893,92.32263276003346,90.50353148965341,91.74977292391308,95.22032387742631,91.73095253200006,86.98888750036478,86.91681451121968,90.07649023662402,92.10210403557583,89.85993827646044,93.49777608071814,95.06868115313289,88.15086708822884,86.50727729140559,88.45190618353504,92.30745261059789,90.51983944419162,91.72727072859004,95.17659431402488,91.68960310662946,87.0385922068518,87.05217250116134,90.30274723465126,92.34757859471483
"Idq=272A, Gamma=170° (id=-267.9, iq=47.2)",60.05725294498466,60.9557425828709,64.75283636915769,62.55409986370246,58.77109742341741,57.37233547058557,60.0361488216489,61.7979798718111,59.66724517364375,62.4795617156996,65.02769335949982,59.73212308097781,57.797994735158035,58.36756450962567,62.88164802716986,60.11481999445379,60.96630558836948,64.75125596253703,62.57390549025548,58.83333427873458,57.488619448222494,60.2073945623424,61.957711569046396,59.82896899486938,62.68697627682068,65.20515900402108,59.808874403107794,57.730756211561335,58.24181416535652,62.62150827769114,59.8838370590924,60.735310656927496,64.60548767680208,62.46072681545017,58.78111639445639,57.49723649654195,60.232011775546546,61.98393795115044,59.86908259986923,62.68682689484394,65.17615224919409,59.78077635325618,57.767862745710104,58.348605230927085,62.81070810289699,60.0481111086298
"Idq=272A, Gamma=175° (id=-271.0, iq=23.7)",29.617446370626897,31.50515395463356,33.57736355968275,30.903148251502728,29.143243089286848,28.110131886046737,31.605402523568415,29.081961995529003,30.201037312896073,33.19459695231284,32.00272421565175,30.24768901958353,28.30148276735054,29.47292876135652,30.85250215912113,29.698436202155467,31.533462033363964,33.603684314459535,30.94613681730924,29.20227825226078,28.20673376927855,31.74145279278755,29.167674663474642,30.34927803232256,33.3785684604817,32.14121994144052,30.30419711352932,28.222454862901557,29.34203327503881,30.61596285533404,29.482132803463834,31.31100854891515,33.4680679958556,30.84051517114101,29.17216888997276,28.24683263071544,31.80550158015294,29.23811580221413,30.40582614318381,33.399425601835375,32.14867227854502,30.284208350373056,28.24591754755647,29.4201574385843,30.73760836671205,29.611837919903326
"Idq=272A, Gamma=180° (id=-272.0, iq=0.0)",-0.019109153559457765,1.9790037808030725,0.3936012498214833,1.3254558132638043,-0.6136564385938563,-1.2572369711155773,-1.4114314054420942,-0.8439148687705988,0.5895982415059554,1.1478560076904214,1.0489615194707245,0.5155069669419686,-1.3072609477010864,-0.3914553759541602,-1.879381550933694,0.07911862448724966,2.024156450748112,0.4692684143332929,1.383824395139269,-0.5592210868835513,-1.1813612376269793,-1.337749117982394,-0.7757086271128038,0.7243165509138217,1.2918654537344234,1.1532703212808886,0.5513550411609576,-1.3975812141673118,-0.5221441041678686,-2.0922399135973277,-0.13634554095016307,1.8109686583445799,0.3317666495894801,1.2915292406930414,-0.5665598714919978,-1.1092161365081596,-1.2219550132115466,-0.6823863573483014,0.7966113813592616,1.3661829695734937,1.191920609905684,0.5383812203386291,-1.3888592146336283,-0.483481742633902,-2.0368690055318956,-0.020637402081691292
"Idq=272A, Gamma=90° (id=0.0, iq=272.0)",344.2526497037418,345.5661617527408,345.72771925800936,343.59939098229546,341.1576888294833,342.1525827810622,345.2745548478429,344.2384450210084,344.06149288312537,346.19975665161707,343.9165224009225,341.0016019210037,340.513548529395,342.5194073684233,344.300203258432,343.6376810016455,345.009925727958,345.2575613902079,343.1069618915551,340.7707018041948,341.9150459917081,345.3089116020913,344.4477934920552,344.52409234177213,346.94279414107064,344.88087137064315,341.97072730068845,341.3994790143402,343.2578029356941,344.7468242475737,343.83521636628245,344.874343666116,344.88450112234926,342.5902712974638,340.1842296986479,341.2938842495628,344.6502329556887,343.7855310726612,343.94125490485425,346.3529868018109,344.41293498282477,341.4915441039492,341.05614517565107,343.1698493301199,344.89987455168546,344.22554509006204
"Idq=272A, Gamma=95° (id=-23.7, iq=271.0)",343.6802348386895,346.32955679989345,343.287157867531,341.55569481002095,340.84400579216026,341.9668786169736,342.1747211862414,342.73736772452537,344.3556385994021,343.4116747846504,341.5247402566949,339.82561891139295,340.2233848060904,341.90743399877744,342.02096169388415,343.1123513827297,345.79430428938184,342.84639051297734,341.09475540252186,340.4865526884837,341.7604302829689,342.2342473222556,342.9989651653389,344.8580022035047,344.1966412011427,342.49749833424937,340.7832925164832,341.06335065898577,342.5726515787146,342.38779922679385,343.2110633908169,345.5968930996991,342.3982735724399,340.5581760554613,339.88415011078393,341.1877192712105,341.61985361318517,342.38456794527445,344.30596212377884,343.64252473688674,342.0572422204514,340.3340431866525,340.74766903631536,342.51174323249256,342.58077512928867,343.6539090312036
"Idq=306A, Gamma=100° (id=-53.1, iq=301.4)",360.50201509438006,365.7317619225685,362.96973335795315,361.7215572783452,361.5403726032465,356.7975728124961,356.17601029063496,358.4736302838546,362.2995965860952,363.9205281668672,361.2137833110063,360.90809023476646,357.8979318268648,355.34744580970624,356.92870026947264,359.9965456791363,365.2340134264294,362.5523439878688,361.2888828929591,361.21195747287584,356.6148773333333,356.2582328689346,358.7518388319638,362.80447194394384,364.7176189983454,362.144374935937,361.82104222877507,358.6485358426219,355.90907860441723,357.176622686404,360.0184750575997,364.97274285968484,362.10418731329247,360.7610734037949,360.63661669414023,356.11367479277936,355.7239083199409,358.2284449297638,362.3091222808814,364.19979588368545,361.73046730865525,361.41082215310496,358.35957935543064,355.86702606756387,357.3975416111933,360.466633930914
"Idq=306A, Gamma=105° (id=-79.2, iq=295.6)",357.30163415788763,358.3573784253245,355.5282814472867,356.14867125631804,351.83890809018186,348.76373977411157,350.05828212244637,354.2358847721309,360.0061031199424,355.58254952622906,354.7051355873719,353.82989377968397,349.1365302646556,348.3869370928363,351.83212312597345,356.8195238043986,357.8930221981208,355.14478184100483,355.7522022517825,351.53842870709485,348.62197799324304,350.2093684687119,354.5482303944159,360.55419927805224,356.3897028183543,355.62852447718296,354.7017687433024,349.7992067777567,348.84150973732966,351.98885035562773,356.7837060500602,357.57786517157376,354.66902715822744,355.1976253633147,351.0265347114514,348.1724101140785,349.71850669705265,354.05547639533097,360.07588137126885,355.91534167600446,355.24580054396097,354.3203114150827,349.53642520740163,348.86313966996164,352.2617279900976,357.2677750076627
"Idq=306A, Gamma=110° (id=-104.7, iq=287.5)",351.52603971545227,347.4326988018981,346.4537918809228,345.48823337325837,340.73917262222596,339.42264159637955,342.7653360122558,348.815452454373,348.5700511322621,345.5503065779189,346.601275294525,342.03511787974827,338.88639758272075,340.20517073209356,345.5457412044741,351.0687206178473,347.0082422871812,346.10436164289973,345.1209289898212,340.4726973896076,339.3541342628256,342.965245808402,349.15824758796765,349.1470645387742,346.3692451266986,347.5198253503727,342.821124688501,339.454924396254,340.54788021626536,345.6377901962045,350.9743746168615,346.6398832775981,345.59924513993934,344.594904065591,340.019079226229,338.94209271237656,342.5147873963395,348.69309658239047,348.71165106656645,345.93822567611574,347.16813626051976,342.4632882279526,339.24166733521486,340.64310496170697,345.9427345053761,351.4939785497249
"Idq=306A, Gamma=115° (id=-129.3, iq=277.3)",337.3526162899161,334.82742263922825,335.6786453882788,331.3951961908062,328.0855582559924,328.92841949349963,334.43040987231024,339.1516830294169,335.09826016406714,333.9001507484072,332.5668860528948,328.74670747862,327.351112030329,330.90251903934114,338.1391292016687,336.94130040649696,334.44276799722286,335.36276852118897,331.0532138866785,327.8779360329148,328.9329452273495,334.6582714278151,339.52466641169866,335.70545495589744,334.73250765692984,333.4170134264551,329.44497418133415,327.8119382261699,331.1600537227857,338.17132731435726,336.7744805103817,334.02022411285617,334.82851784529214,330.59020863824975,327.4648708364492,328.55618580297687,334.24853680718354,339.09234812716755,335.31378960473603,334.3443797611254,333.0894433121133,329.12186828626983,327.6753112139171,331.29857780393047,338.50545604044646,337.3207409225385
"Idq=306A, Gamma=120° (id=-153.0, iq=265.0)",321.47346756152984,320.6374837001871,318.31935769829846,315.672948877504,314.14924178507664,317.4439906490168,325.04157335659744,322.5333886316606,319.9813733070675,319.603801221944,316.3181014362849,313.87539522810295,314.7560652351177,320.66254799279056,324.67328784761503,321.10775285794256,320.2922301748332,318.02639815770397,315.3732674447167,314.01921773071086,317.48878762626373,325.2941976871616,322.9344994826848,320.6201729463478,320.4290143858424,317.0861501110364,314.4790926626699,315.116991756617,320.8512109079096,324.6429205328401,320.86837011371944,319.8149309035505,317.5512086563045,314.9593302450957,313.63443745093906,317.1569473351004,324.92292948226157,322.5499124136091,320.271584972196,320.079820859148,316.78145838530037,314.2164206244232,315.0481843738565,321.01410593781264,325.0022141432125,321.44227103465715
"Idq=306A, Gamma=125° (id=-175.5, iq=250.7)",304.0094434402086,302.97977773680446,299.6536404041378,298.3950560756914,299.30530421373976,305.13756599078084,307.6002821618367,304.2670733903613,303.33443919807075,300.07417077118316,298.26595654309864,297.8017633485684,301.3297029207391,309.4310115885902,305.77332943857783,303.68858082958604,302.66787167347655,299.38622579183124,298.1626167822739,299.23909117136105,305.2057823568021,307.87691089938585,304.69776278686,304.00602661496026,300.81537334397865,298.94909604797465,298.3090958895818,301.60972657047523,309.5556447198207,305.67569606436297,303.3770985313653,302.1828143696879,298.9672686486088,297.7770906332999,298.88762793641314,304.9254082538278,307.5423144764747,304.359883679932,303.6995174289319,300.49461556984323,298.6897814113954,298.11823111382523,301.5780641252306,309.74169812740405,306.05681502667125,303.97941362960995
"Idq=306A, Gamma=130° (id=-196.7, iq=234.4)",285.0934556945819,281.2703313862722,279.07572771763074,280.05118206214775,283.8669806912804,290.4616226357468,286.3774251071146,284.4917549940082,282.7090102995139,279.0920549507522,278.77722392215367,280.9966614833532,287.1663320415439,288.1095836152263,285.2973269320541,284.8163547385469,280.9853299768017,278.86150199048484,279.89183599266863,283.8374532438135,290.5540428618402,286.67810937153627,284.95324890212225,283.3440816136377,279.7507557629145,279.37476347595253,281.4175824638152,287.3735842238095,288.180380242342,285.13266589751674,284.43378490157954,280.55561929542586,278.47385353187747,279.52802413914355,283.53305855828324,290.31634117388893,286.38171777278933,284.66069902823943,283.07330752041435,279.46492952282307,279.18267662047026,281.28075161365086,287.36412939424554,288.3875687118668,285.5362122874627,285.065071596611
"Idq=306A, Gamma=135° (id=-216.4, iq=216.4)",261.80052825928374,257.96795319125204,257.28822928502825,261.17480901468156,267.80538217071705,266.68669971454653,263.65994045049473,263.3309529541794,259.21772196477514,256.3442845524736,258.4032532515843,263.82554252436256,268.8628516261553,264.84425858296436,263.40111507086687,261.5599534510965,257.72229499266865,257.14060755082045,261.0681557854672,267.8014790330391,266.81054984548,263.98508829176455,263.8222596785702,259.7748366629323,256.9231330911146,258.9180557466364,264.1724494015947,269.01076244096896,264.85990694367354,263.1701748960918,261.1983981953133,257.33324097047057,256.7687813288346,260.73881250980446,267.5484013986398,266.5968779926198,263.72679520384213,263.57255501487606,259.53766763419316,256.69195412008617,258.79275053193527,264.0631377992495,269.0237394829798,265.087905860022,263.5965801031108,261.77329071344667
"Idq=306A, Gamma=140° (id=-234.4, iq=196.7)",236.5771161713456,233.14229213884389,234.79019104145056,242.20783698957197,245.86916721824318,241.44080137535443,239.62072196740624,237.83841929254834,234.00105594598708,232.5796048391297,237.70213140560415,246.1011608035968,243.3049276942803,240.1814473892641,239.7104682671002,236.37353775618055,232.95166036956533,234.7049872589913,242.12733372305274,245.8885614196662,241.59547849240133,239.97055525290884,238.26552812882366,234.48607613537558,233.08326858362184,238.14059161943248,246.38055113964054,243.40566708305755,240.1420266614328,239.4335190002978,236.05074956894663,232.58251882367585,234.35088780108097,241.84931486068766,245.66856964892284,241.40720588107393,239.74996440979896,238.05515657080977,234.29511307627698,232.91190650856421,238.0593284683379,246.2911287278533,243.44199005219386,240.3903910160381,239.86516390822345,236.5511826680124
"Idq=306A, Gamma=145° (id=-250.7, iq=175.5)",209.53028345655926,207.45798385094486,212.15837433592836,222.73253374959762,218.59763729530042,214.9160641484216,213.5744775907688,211.0943910907096,207.5251938119232,208.21007865014076,217.06079124713744,220.769874652127,216.40377864710192,214.30884891912208,212.66837195284262,209.37416218852377,207.32441360489588,212.1150754724617,222.67539151322825,218.63792263744156,215.10073072087727,213.91830775496814,211.45917805461258,207.94537393945294,208.64091857967054,217.4313784479344,221.00709867598056,216.4570375019762,214.21485738963145,212.40916947347233,209.0694898128631,206.9686837718331,211.7951452729603,222.44689393142443,218.4435008320525,214.93903345395995,213.73820352216043,211.2891120177446,207.8063556281949,208.52454053499707,217.37077993501134,220.93446168199682,216.51543848532808,214.48298718064498,212.78293750581813,209.50570109741565
"Idq=306A, Gamma=150° (id=-265.0, iq=153.0)",181.52665162794685,181.24255636157537,189.6390366082327,194.089692091864,190.12782568536986,187.31435730011964,185.0403119671469,182.60796884685698,180.304131708802,183.90087063330836,194.67716379535983,192.02835334958672,188.36413847222758,186.2260048931697,184.3184525295945,181.41795844009656,181.16281635599645,189.61847230373522,194.05389577133164,190.18736327513554,187.5279475594155,185.33561115457448,182.92341236890942,180.66358849066793,184.26203212051823,194.99066079971522,192.22781473430044,188.36996904086473,186.11223703373648,184.07284604664443,181.12534205986404,180.82314195858834,189.34546546205277,193.84300216682243,190.02057858490554,187.39379948536788,185.2023241693889,182.79545211234696,180.57628993642086,184.18254912039245,194.94846393856702,192.17009754404384,188.4490120985031,186.36110524034706,184.39305006298218,181.50377601368032
"Idq=306A, Gamma=155° (id=-277.3, iq=129.3)",152.87818839649347,155.3032233516154,164.04810439065307,163.97212344913632,160.67640484534508,157.42999411887737,155.21720707159938,153.38708749873945,152.60776730904414,159.68197271026148,164.41965303441359,162.24784114313107,159.45208876201073,156.23520405186133,154.58256984170933,152.81729610700413,155.2572121598789,164.04573574689573,163.95610907064457,160.75340926841267,157.62927432797906,155.4701543427791,153.6568400612915,152.90675020295132,159.9784724825724,164.69960794201776,162.40939255628047,159.41177777947274,156.1223643755697,154.342179862246,152.53441731109675,154.95251243946467,163.806342955454,163.76576112495934,160.61611850801216,157.52742563263288,155.38128750738318,153.56942727379578,152.8708850797854,159.92325401695527,164.66761388770783,162.36516058612938,159.509212303457,156.32741099381343,154.62016067468366,152.85736217432003
"Idq=306A, Gamma=160° (id=-287.5, iq=104.7)",123.90176902951954,129.39253810651806,132.71287651911388,132.98729613964122,130.3261961420253,126.1776140980412,124.35314203516442,123.6002597759851,125.42619896330292,131.33066110479066,133.2453313876142,131.654985712616,128.16727368217707,125.09227612451481,124.22206044084456,123.88944950431573,129.37255625516426,132.7206400535361,132.98944082953543,130.41548928475117,126.35167126466185,124.57108521114347,123.82606871083406,125.66301531225693,131.58715151175485,133.491175097341,131.7787683395509,128.11684739146762,124.97548782450139,123.98517969761438,123.6177489311811,129.10672346342295,132.5022692114044,132.82177303668965,130.30629500251592,126.2843270470031,124.5231990471583,123.77965665719942,125.66133975627992,131.55749718294925,133.467656977278,131.74648437521626,128.2015886476391,125.14450908966917,124.2228369473858,123.88331928543184
"Idq=306A, Gamma=165° (id=-295.6, iq=79.2)",95.47870035958638,98.67287477956388,100.65543699291993,101.37102340835416,98.28553263551554,93.96720406164624,92.9697484240939,93.71559370768631,98.19827753865758,99.18692945488525,101.3914542662638,100.30475976849098,96.01184207032215,93.23726072879897,93.38272085784101,95.50522715302075,98.67518525732984,100.67175164623373,101.38956609150476,98.37416124570149,94.12038599900798,93.15376126080515,93.89470107641165,98.3770740929758,99.41665145914457,101.60287728379997,100.39844511343139,95.95130012744937,93.11448493460497,93.14744914113588,95.26078968117696,98.42250609572261,100.47645220962664,101.24654033585601,98.28381677750515,94.08796516855679,93.14653651204237,93.88986704044643,98.40720232712575,99.41346723841396,101.5860437184148,100.37683936618002,96.02190672355748,93.25138507988568,93.34595278410643,95.46325487516866
"Idq=306A, Gamma=170° (id=-301.4, iq=53.1)",66.41095441934,65.87812316907791,68.1197622836764,69.36880429425833,65.48855309998537,61.31034403154406,61.203987322489326,64.28696780653446,65.73586426014795,66.51795564213691,69.10044890915259,67.8106832787861,63.097638271793336,60.98364948083951,62.66278458365562,66.47225826015341,65.90125796443674,68.14298191741594,69.40562187188968,65.57493938009321,61.44245003669019,61.35492590164985,64.4141579558327,65.89991908507733,66.72100523116565,69.27740370243617,67.8841613337621,63.023072829225704,60.85510954550892,62.432017718335935,66.24718635416664,65.65730002374802,67.97262775522103,69.2784346028432,65.50577962078108,61.44506831051727,61.388533061113584,64.44904615073608,65.94927488980501,66.74296792544956,69.26541243866255,67.8727957871076,63.07948339663318,60.95987190087211,62.58549134663967,66.39898772715901
"Idq=306A, Gamma=175° (id=-304.8, iq=26.7)",33.323690238137196,32.74621096231087,35.50043481666187,36.6511020142999,32.144171113523264,28.3837483945907,29.732763591810528,33.684951655664,32.58638041680681,33.57237028332677,36.99656427101059,34.681102526138304,29.91406230800992,28.46552497944517,32.30189493115193,33.40436520177025,32.78930896505544,35.52908793435165,36.70788403696022,32.226944027828246,28.493694730874736,29.84287211217893,33.7785802774301,32.735266752212155,33.749046437784266,37.140174250951844,34.732726926595845,29.82623381198341,28.33116269540055,32.07811653911966,33.17966209128688,32.554960152234116,35.38507452279974,36.590825485428134,32.182704550207816,28.53176299764456,29.92161365214784,33.845786073654665,32.80311137603388,33.79464147081493,37.15492324880105,34.73047481729363,29.867295048710364,28.403634990204043,32.182214675507446,33.316183767751646
"Idq=306A, Gamma=180° (id=-306.0, iq=0.0)",-0.017434726572442456,-0.470707983248377,3.672672414811932,3.4183106077827716,-1.332340855342571,-4.6338156115191165,-1.427657700903156,0.4580898874519002,-0.7264885385071315,1.164959964900029,4.408668228332802,1.2193918633602978,-3.4085686344712425,-3.6602486557901863,0.5629682875684059,0.08263292689350554,-0.4086598153873281,3.7430333198924064,3.4928374492525305,-1.2547427287091684,-4.547987466543291,-1.3600392701231416,0.5401866893363314,-0.5928149143727227,1.3130947976260863,4.518314062575338,1.247723303174487,-3.5091363730389222,-3.79349571581291,0.33996230925012816,-0.14112604617885113,-0.6325847246577178,3.6008978351342913,3.3897202197559873,-1.2733653064400268,-4.473766273683561,-1.2353760132901939,0.6300500881875476,-0.5072552310187324,1.384849034970594,4.565023365545906,1.2533679252327594,-3.4846814918933635,-3.7644501322642507,0.4138088919166139,-0.020350969481474263
"Idq=306A, Gamma=90° (id=0.0, iq=306.0)",363.07794704023075,364.55212093594326,368.38122959064214,367.97177254509126,365.33178189224503,367.48290452357634,364.4731702003375,363.14055118035344,362.96067911474864,365.39926806986927,369.25981961395723,365.2015706954388,364.90827113861917,365.18332064960356,363.31869666555133,362.4939903868342,364.02084416503044,367.90639920988974,367.4677198188947,364.9380524211745,367.2494975972076,364.4786895009918,363.30565137207225,363.3817201650938,366.1085447342414,370.2116715704183,366.1379480422662,365.7644425900947,365.9105914943577,363.762961779199,362.6870195456188,363.88876375571647,367.54243871106377,366.9869501577164,364.38217211538284,366.6362625506323,363.84722605721987,362.68210210585823,362.8348489416042,365.54557457703805,369.7358986365536,365.660770431163,365.41936594796084,365.81638747654034,363.878266067007,363.0403277373861
"Idq=306A, Gamma=95° (id=-26.7, iq=304.8)",362.4337658034896,365.8091551373451,368.72151367061,365.6726143512824,364.9788884752565,363.38219090129473,361.0170166399487,361.4518392218101,363.2994688251677,367.40309703610757,366.0776837262226,363.8785898096267,365.3201081335314,360.9697808511941,360.7487434942503,361.9013095366262,365.29707588747465,368.2706720627458,365.2039875187323,364.61838466599943,363.1749775451555,361.04715492983286,361.6757195045163,363.76329727956545,368.17024616193504,367.0177871702654,364.8020839100352,366.1591755937382,361.61694368323197,361.10803382972887,361.9861041562244,365.09894804436857,367.84813954688207,364.7008430104637,364.04458257903593,362.61117307191597,360.4667270097564,361.1060185875481,363.24787992573795,367.62216288064025,366.5727843249745,364.3585818992042,365.84580745031,361.5430967951593,361.2645917374553,362.39701363091706
"Idq=340A, Gamma=100° (id=-59.0, iq=334.8)",379.041028435284,384.70754846762577,387.6381162082676,385.39947047816923,381.16020958528554,375.51660639068194,374.4855241869862,376.8541512814514,381.1206985218659,386.6432061226738,385.22629340106533,382.91142094043687,377.17157278666235,373.8168880649807,375.23203282264126,378.57258545434854,384.2356117964265,387.2143391712325,384.9631033840837,380.826519398203,375.33166409752505,374.5407717379652,377.09788165715224,381.59111331460775,387.40790747364275,386.1231735236943,383.7867936476984,377.9074895809869,374.3530162959943,375.4600338289696,378.5768218244352,383.9717719930926,386.79499973837784,384.46598818027843,380.2719248331293,374.8498078095384,374.04552738932637,376.622547930355,381.13342689653547,386.90145755595955,385.7079741891428,383.38108914895645,377.61717519756945,374.2983040277282,375.6516859831088,378.9952323320753
"Idq=340A, Gamma=105° (id=-88.0, iq=328.4)",375.4850496169591,382.49921747998246,379.3698363075273,376.92902806425036,370.7932914667136,366.6299033385961,367.68804844455445,372.15942105375154,378.4413984520585,380.31798370202665,377.99446259702717,373.5965857286613,367.457869769233,366.0865348272658,369.5640080754779,375.04256114908446,382.03849197715715,378.98371456360593,376.52678788798687,370.490721752545,366.4865705492513,367.81981129327323,372.43925756214765,378.95542602334524,381.0999850110475,378.8833396806344,374.4558052929774,368.0966116337371,366.5065581868255,369.6949314160247,374.98263403828014,381.7391449756457,378.5337106771945,376.00849089284253,369.99158909376604,366.0643821494689,367.37285891945055,371.9981219747071,378.5144607119198,380.6273799060822,378.50278889503807,374.07447883745243,367.8335246569071,366.51891526059865,369.9410597557976,375.44094463957373
"Idq=340A, Gamma=110° (id=-116.3, iq=319.5)",370.5453582454625,371.9685902116899,369.28707012267836,364.7732871041981,358.53518184575796,356.25768959796744,359.58988302579917,366.13671847846507,374.0845159894176,369.1710470927931,366.31504289992756,360.4912791731772,356.1101602975416,356.99568331532925,362.60008616475847,370.1205258465827,371.5455621100685,368.93880323237795,364.4009330534619,358.2659539734725,356.1924143033482,359.7725198278157,366.4503877772051,374.6373940544455,369.96614313143016,367.1939610835767,361.2550896765315,356.6469049131776,357.29141427453203,362.66030195646783,370.00733960432603,371.19155284155534,368.45617510131876,363.8842722329677,357.8347924377967,355.8131370190202,359.3704518903409,366.03992218255087,374.20691221633496,369.54169546176126,366.8401977154761,360.9000086295301,356.43305925982645,357.38554336253793,362.94004527315445,370.50371103451715
"Idq=340A, Gamma=115° (id=-143.7, iq=308.1)",362.25537541645105,357.96272780872346,354.5338710395849,349.1143569014735,344.500620212887,344.60422705161864,350.35655114489344,359.07633548203705,359.1158593580899,355.7432251780713,351.2784710009956,345.8266970141054,343.29317635043964,346.68119508804017,354.37051727275235,361.8499290389012,357.58392401011474,354.20968807114565,348.7701384944145,344.293815025895,344.61676327404655,350.56695962152463,359.42316682247986,359.7022722956936,356.54774986870166,352.11354109126347,346.4945015231334,343.71025361308415,346.886316519466,354.3642320877486,361.68440781297227,357.16970932517546,353.71368476962124,348.3234995359219,343.9093407110888,344.2779035466852,350.2112203138148,359.0272823165571,359.3203994809677,356.1676599590012,351.78491138653055,346.1730706515283,343.5815524583846,347.0229999729355,354.6764025343438,362.2163018736055
"Idq=340A, Gamma=120° (id=-170.0, iq=294.4)",344.61187682935525,341.4839409742728,336.4051689743184,331.77334102692583,329.01582413409176,331.88352865942363,340.1045421462374,346.59369074108247,342.319318405868,338.7041682924755,333.2242658714291,329.33541776615584,329.311482784891,335.3170026823785,345.537073483974,344.2570984293964,341.1405921994602,336.10613414375774,331.47093461213353,328.8952391345573,331.93693832466676,340.3425868174455,346.97361657815986,342.94084784063847,339.4981354966693,333.968137407465,329.8991694010569,329.61947079394815,335.44647515977124,345.4946288077745,344.01095181668086,340.6858408976215,335.64497816876394,331.0827726315402,328.5421925049666,331.6502847875318,340.02144631749275,346.6039685092871,342.60683877814563,339.1484840705379,333.6649281345162,329.64222836304805,329.56283730430806,335.60885060009196,345.8390594230117,344.5735575537375
"Idq=340A, Gamma=125° (id=-195.0, iq=278.5)",325.2074055834427,322.2792048094808,315.74063209778757,312.61232974262356,312.5475700511062,318.2097234836058,329.5271872090284,326.29778491741655,323.28411728168936,317.58130218434866,313.3200051790678,311.4758267888952,314.4430140108235,323.35084330141984,328.78280609166274,324.9024628423336,321.9588585356499,315.4675233295827,312.382246049473,312.49491662847197,318.28915469193157,329.7945340582238,326.7105758050211,323.9187547639756,318.2972404226495,313.97060154296935,311.93250631984773,314.66233537935614,323.4326025273393,328.68169220637924,324.57620561406515,321.49379471641697,315.07092284571195,312.0274770692448,312.18051730631845,318.0596858083399,329.46704719802887,326.3928254718681,323.61556117166447,317.9789825066437,313.7124295582524,311.75535112905027,314.6426197778963,323.62006551529817,329.0540211565139,325.17038265924054
"Idq=340A, Gamma=130° (id=-218.5, iq=260.5)",304.1913541144561,298.15759775333396,293.00845938972043,292.2302475053529,295.46880703625766,304.604683595804,308.1982605556721,304.32520892146863,301.53258417435364,294.4576911264163,291.70126853977354,292.8358924135032,298.7059352561622,311.097237433261,306.0316921955253,303.907481131766,297.8671455393445,292.7895508645949,292.0813785054673,295.45247483822124,304.70998913800497,308.49298748907194,304.7722270442014,302.14782900796166,295.0821268614948,292.25701125911837,293.1975831898799,298.84439943861645,311.1730056872324,305.85610313210566,303.5562916660806,297.463577967237,292.432160736013,291.7507365201824,295.19359410267396,304.4900650366768,308.1981480133376,304.504842525543,301.8683144179312,294.79768529664085,292.07143783507973,293.07780679798356,298.84935896569067,311.3843787933439,306.2533514462822,304.1565237211648
"Idq=340A, Gamma=135° (id=-240.4, iq=240.4)",279.9507524748296,272.4567738778601,268.8001277979399,271.36667689456397,277.6225864578538,288.16222479123974,282.9566109372056,281.7995300098548,275.43115269131056,269.20388472562485,269.0989340675634,273.85718963458436,283.68646172512723,285.24687628630323,282.0487959088004,279.6921161424297,272.2047617912039,268.6552237094123,271.2709873497874,277.6347257151387,288.2948772420988,283.278519622659,282.2542973270267,275.9597790627335,269.739328086345,269.56300413382957,274.1381255308667,283.8100241275529,285.26136868871185,281.81150463335626,279.35210779061055,271.8520074705678,268.31541384374316,270.98273939096805,277.4328639252922,288.06121272177364,283.0260118256184,281.99961977870146,275.7176034332409,269.5147181244464,269.449533559007,274.0439867391832,283.84000024169455,285.49586451351615,282.2295219475958,279.917955559645
"Idq=340A, Gamma=140° (id=-260.5, iq=218.5)",251.9247390437872,244.88498287252014,243.8333123613423,250.34688150487972,261.25754554553635,260.1112266365818,257.241526235614,255.1305844337532,247.6022472306523,242.79868504413164,246.25136564987562,254.58661447645287,262.91536053666937,257.8437527377474,258.0430948532222,251.70720981474526,244.69366203375813,243.75617104570625,250.2780358769577,261.29737158104274,260.2781312942336,257.5827317698281,255.54476217882217,248.04956251684933,243.2505897446864,246.63167930917606,254.80738138407077,263.02061274983436,257.7970572639999,257.79274592160453,251.4102759835364,244.36389231705357,243.43768690349214,250.04850152738766,261.0674117318804,260.07268815338944,257.36406488700635,255.32217501986355,247.8549465289485,243.09244300053314,246.56176266086294,254.73499418038537,263.0754466302747,258.0541813535341,258.21349829698073,251.8933910647181
"Idq=340A, Gamma=145° (id=-278.5, iq=195.0)",222.05657829263293,216.34686255263236,218.86316824841734,229.70402274781804,236.09196663833092,230.63929638443426,231.57180681779505,225.48950885174713,218.19045915039044,215.74292776477324,223.31654325157928,236.60017489977108,233.02519492869348,230.86707358572272,228.831827938941,221.88951579719225,216.21894340634765,218.82682275120573,229.66217880023692,236.15617902187424,230.83952265920686,231.91950640760643,225.83333974414194,218.56532710146675,216.1136494893684,223.62144245195603,236.83295530352015,233.07769099307728,230.77629913681199,228.59493911265565,221.61720654356145,215.9040755927838,218.55117315382859,229.45384446919007,235.9315778355625,230.66360767881835,231.72311802076595,225.65538571693082,218.4284584168299,216.01570852741636,223.5744865127224,236.77943836863963,233.15705600042392,231.04672260771264,228.96358985309462,222.02680868171498
"Idq=340A, Gamma=150° (id=-294.4, iq=170.0)",190.9408762251581,187.2308866173354,193.84168188431101,210.0976429874482,204.45884262729697,202.65983506307663,199.8671783471041,193.93322717612918,187.94483459136683,188.92254759972806,201.49918898492672,207.19711479765485,201.87003917883305,202.69035679260594,197.48232840476848,190.82674007341765,187.16232962023943,193.83059700817623,210.08334183874607,204.54444639708979,202.88328520582812,200.16095462939126,194.22054108168578,188.25223215837232,189.2160149525602,201.78216939087451,207.39872716404864,201.86983714739796,202.5739126141391,197.2625115548463,190.5679713667568,186.86616080988063,193.6070844750424,209.83900280963832,204.35055311651033,202.7331340551232,200.0165854065753,194.08938414143353,188.1728298704142,189.15407202009726,201.7569297512966,207.36195419635501,201.97213779284056,202.839452907078,197.56867721506072,190.91299812832645
"Idq=340A, Gamma=155° (id=-308.1, iq=143.7)",159.1086948211932,158.60011294748404,170.86887988166006,176.63367782886198,172.58959037192093,172.01204291406313,166.84990297689055,161.46558123377642,157.28573040574892,162.0126610185649,177.80464569228127,174.10765679048197,173.4406072995402,169.36724474670777,164.43453184338594,159.04789925557057,158.56375785878276,170.88168953035088,176.64135661576046,172.69294128814698,172.23603035695362,167.09396587306398,161.70212740655475,157.52483990880756,162.23428202150933,178.09290919930444,174.26714696624867,173.4049933667138,169.2518318828428,164.2204956539759,158.80009508354306,158.31208898635785,170.6436744857222,176.41984609645718,172.53094169711102,172.11639276109682,167.0003321615432,161.61602320971005,157.50044768468086,162.19929968294488,178.08612664424152,174.2453575764501,173.51781910648396,169.46868152204067,164.47965027557711,159.08308895757688
"Idq=340A, Gamma=160° (id=-319.5, iq=116.3)",127.09654890094157,130.4487361822746,143.25681512645906,142.2060919294229,143.2602127172677,137.28717622424514,132.54702533135466,128.3640931983379,127.16480261417217,138.0409575849767,143.16651052917078,142.05372359304369,140.6713811972116,134.8419056424406,130.70063250909166,127.08745964353784,130.44014578903145,143.28766135687277,142.23394745897255,143.3726087914871,137.48313806437895,132.75215054470945,128.5516035019777,127.3343241360704,138.27917147448355,143.41687270521916,142.17606494981277,140.61533757232147,134.72366376765376,130.4904954710518,126.85657161708791,130.21808816948888,143.03936945162147,142.0376371094908,143.24084490545496,137.40183877706374,132.7041252129007,128.5112715522211,127.34630910495571,138.26851963795582,143.41950785487492,142.1648822759315,140.72286182570255,134.8978315755094,130.70484613413504,127.07366066536105
"Idq=340A, Gamma=165° (id=-328.4, iq=88.0)",95.5153614899048,105.12783313331883,107.63743787513238,110.32309073686183,108.61028697355552,101.54476054759378,97.67658798572072,95.33373137019485,98.33957948452122,106.85520936051681,107.77331372767036,111.99377290959983,104.9588374691924,99.43708028311937,96.42677273091088,95.54943480876567,105.1408648994906,107.677785348759,110.36229515191228,108.72338793542015,101.71613508545538,97.84401282211137,95.46676939278987,98.47828020071964,107.08352999437606,107.98543069017363,112.08643024182675,104.89198212605018,99.31215535799028,96.21840804564776,95.34883911708332,104.88318151000516,107.45512833853505,110.19519267966783,108.61454816634438,101.67376742310098,97.84116684054966,95.47228147029503,98.51924178543625,107.09966374823787,107.99549312280477,112.0804191977062,104.9836688248731,99.45059765861004,96.38915833356162,95.49581132062421
"Idq=340A, Gamma=170° (id=-334.8, iq=59.0)",66.33545408004723,70.80050375528494,71.48668819819518,78.75205831038421,72.20600877655335,65.24835259250253,62.371825823329786,62.63525814669283,71.8044833466521,70.55634956857423,76.6457329719948,75.88924347659434,68.39728180842866,63.59973445205333,62.44392114014137,66.39761977700378,70.83621034050395,71.5347078722948,78.80045107319951,72.31654448145181,65.39628062515784,62.50245724095729,62.71061036992434,71.97086917528524,70.75503418551054,76.82945423478708,75.95944826441644,68.31538944689001,63.46840492566133,62.24252715898072,66.19044653965557,70.57928939056859,71.33976783363995,78.66070148573196,72.2304428471058,65.39290012449263,62.545054346680615,62.76025825950572,72.02946717974078,70.7991089560552,76.83661250949613,75.96481522095905,68.39110404755628,63.57113857081717,62.3602745903824,66.32056201193649
"Idq=340A, Gamma=175° (id=-338.7, iq=29.6)",37.02993410564753,33.98726796998823,41.634254496814904,42.399055777097104,35.14509913775965,28.652238407576693,27.523307302970395,33.44572320034156,34.97172352071751,35.405450719248456,43.954418317160936,39.11451603269307,31.526641848669296,27.50282749908939,28.709599304026167,37.11029420138505,34.045155896747,41.67161657116336,42.46963125661122,35.25160980339569,28.775515783196287,27.6059162872127,33.530136499012485,35.12125547210168,35.57786148690482,44.10723579975049,39.16125673966239,31.430012761065274,27.365892581105644,28.515970293184814,36.87719137910998,33.79891175555314,41.51102702450907,42.34113579971524,35.1932402104429,28.811578987180702,27.700042493915124,33.59907255317591,35.200396608883985,35.64104152370418,44.12585696146712,39.17674128421426,31.488672549864255,27.431190364836468,28.578856066902123,37.020529615599955
"Idq=340A, Gamma=180° (id=-340.0, iq=0.0)",-0.01576029958543871,0.3269728566339345,8.185217615583046,5.511165402301782,-2.0510252720912225,-7.98701501320236,-6.235804949777263,1.7600946436743767,-2.042575318520152,5.984544100720572,7.745644936407831,1.9232767597786513,-5.509876321241378,-8.159268693276461,-0.23776973627497494,0.08614722929975911,0.39251496520317786,8.247178043582341,5.60185050336584,-1.9502643705347724,-7.8919282310208265,-6.189277801800285,1.8560820057854734,-1.9099463796592304,6.1432260119395385,7.8607244793320685,1.9440915651880557,-5.620691531910556,-8.29430028847684,-0.4597381220976191,-0.14590655140756925,0.16684245826194496,8.101305051676587,5.4879111988188845,-1.9801707413881113,-7.815567247761904,-6.0494033629493185,1.9424865337235309,-1.8111218433967031,6.1953241782604245,7.91485709118358,1.9683546301268937,-5.580503769153108,-8.278385425067523,-0.38263847047971533,-0.020064536881298868
"Idq=340A, Gamma=90° (id=0.0, iq=340.0)",381.90324437671967,383.53808011914555,387.8930737452674,392.34415410788716,389.5058749550067,387.60514312174695,383.67178555283186,382.04265733969856,381.859865346372,384.59877948812164,389.4150196521184,389.4015394698738,389.3029937478435,384.71383859073234,382.3371900726707,381.3502997720229,383.031762602103,387.4214518435071,391.8284777462342,389.10540303815424,387.365388674354,383.64846739989235,382.16350925208906,382.2393479884155,385.2742953274122,390.3256200381002,390.3051687838438,390.1294061658492,385.4319555778888,382.7790993108243,381.5388227249551,382.903183845317,387.06430845386876,391.3836290179692,388.58011453211793,386.7872396665935,383.04421915875093,381.578673139055,381.7284429783541,384.73816235226525,389.84996596705804,389.8299967583767,389.78258672027044,385.322551114916,382.85665758232847,381.8551103847103
"Idq=340A, Gamma=95° (id=-29.6, iq=338.7)",381.1871305647901,384.91550201063296,390.05847485273404,389.789533892544,388.15278640709556,382.83284871156934,379.859312093656,380.1663107190948,382.2366250931364,386.8252561172752,390.6306271957501,387.9315607078605,384.6372726920762,380.03212770361097,379.47652529461647,380.6889621427132,384.42813638053474,389.60748883746544,389.3132196349426,387.7880089321522,382.620664332883,379.86006253741,380.3524738436937,382.6616394315598,387.5650746915163,391.53807600628147,388.82087530358734,385.44175966765965,380.66123578774926,379.82826843266406,380.7621186095941,384.2282586393038,389.2137358152215,388.8435099654661,387.2449387200783,382.0692503419124,379.3136004063276,379.82746922982165,382.18216243948353,387.0454826896009,391.08832642949767,388.3831206117558,385.1236170870728,380.574450357826,379.94840834562206,381.139945033314
"Idq=34A, Gamma=100° (id=-5.9, iq=33.5)",52.31923594453032,52.64714925118489,53.592187701757005,53.55664528865245,52.076461823237246,51.0927235637568,51.61942735563133,52.301587766773075,52.28027662488173,52.92268579651834,53.47413433523133,52.57590166800596,51.13648044831266,50.9549457596241,51.8427266310102,52.094361004110226,52.3691373675449,53.27650529338686,53.170889503703,51.721137737297255,50.826810271688906,51.4847153153796,52.26522091086767,52.360989128104734,53.142997713685865,53.805942815135744,52.92048583031673,51.403609681940075,51.21901563877049,52.06485291183939,52.278868555313785,52.463222358852676,53.35432384767114,53.23934249288427,51.772297012625906,50.8389797536158,51.38287868039713,52.04992274032437,52.09982817738512,52.822781945178015,53.43714631412269,52.48088241032621,51.053504471917144,51.00837173731016,51.97617194660271,52.32596999259537
"Idq=34A, Gamma=105° (id=-8.8, iq=32.8)",51.31591276998949,51.64352057950429,52.58593285792319,52.54734195401187,51.0643618071205,50.056659708901144,50.5945746500747,51.28804373708255,51.27522548768802,51.91909767956781,52.471367355430914,51.5732319760655,50.11528326778967,49.93464289508632,50.83648227217385,51.09983920872163,51.37661814399775,52.28286299238903,52.17481512029344,50.72160535912482,49.800598028916674,50.468127268439645,51.25733249149146,51.35826671392636,52.13800509645809,52.79828627446955,51.90974702075863,50.372662818861244,50.187146939373164,51.045856389232576,51.27165728734418,51.459047632956704,52.35116506799423,52.236612842752585,50.7696750308817,49.813395298943554,50.37027469745188,51.049316882207634,51.10707754806652,51.82989951132124,52.442396958513385,51.48322485477862,50.03332853969251,49.985645603619915,50.96426536530666,51.32263692272872
"Idq=34A, Gamma=110° (id=-11.6, iq=31.9)",49.9221546822715,50.24861918350089,51.18830772582559,51.14675215950046,49.641108426180224,48.63239325262101,49.18098084740252,49.887564800069356,49.88028347053386,50.52530095337383,51.078320307061716,50.17792493180155,48.69928864327862,48.52657926927206,49.44114477565192,49.71564886869798,49.993394379633514,50.89811857341281,50.78740539151911,49.308837469457444,48.38568269069613,49.0620027113851,49.86155667241346,49.964500335121414,50.74165218317024,51.39928917794449,50.50565181235651,48.94651178227941,48.76704024600495,49.63767241487442,49.875003088699685,50.064772335825836,50.957770491962556,50.843597087529645,49.35556141773857,48.40026086356051,48.969259272855666,49.661712060112166,49.72401691273987,50.44611807533164,51.05642526588104,50.09171279778017,48.61714589395764,48.57400732957331,49.56221243224858,49.928870259932815
"Idq=34A, Gamma=115° (id=-14.4, iq=30.8)",48.148359906354145,48.473061105062776,49.40994907662861,49.36272388187447,47.838231759030236,46.83076372264436,47.38986109350801,48.1098507962546,48.106066924458815,48.7519032526202,49.305595119306666,48.388863874950516,46.90638482368468,46.74147109658578,47.67250454217821,47.95220138769866,48.2299932425124,49.132810777618175,49.01564249994566,47.51605132156156,46.592832617100385,47.27750207854456,48.087517413419775,48.1902973954117,48.964566062633416,49.619598738202654,48.70790637502179,47.14278051480792,46.96950342808621,47.85619924052417,48.0994667948878,48.291007744357664,49.18474469365437,49.06775425352548,47.562563336124185,46.61033125379389,47.190950373796014,47.896711331938015,47.96117219795482,48.6819690494872,49.2897793176792,48.30447460063486,46.822950547902124,46.78420033480633,47.785927602716995,48.1550664617918
"Idq=34A, Gamma=120° (id=-17.0, iq=29.4)",46.00802809152881,46.33035941327813,47.264391293454956,47.20657226317514,45.6709528111164,44.66548260754795,45.24115069518881,45.967239937318915,45.96607870867973,46.612401204616496,47.16475930447215,46.235360580358,44.75021688965997,44.59492798137391,45.540155626747556,45.822917665852735,46.09983528005857,47.00037466325313,46.87013222926559,45.35851918057311,44.43569247974194,45.13453974611865,45.947475144882745,46.049160650461445,46.82027143325879,47.47125764096176,46.544877541643395,44.97519650051496,44.810246592372906,45.711121049655596,45.95856130920259,46.151253278121594,47.04558146997704,46.92007057277621,45.40590970797802,44.457228914763014,45.055165805530706,45.76655764132007,45.83195971642562,46.550878673096875,47.1531645755678,46.15177927694014,44.66439741147421,44.63188280532332,45.64500857025536,46.014725246261534
"Idq=34A, Gamma=125° (id=-19.5, iq=27.9)",43.5174484552739,43.83682136182008,44.76625379349448,44.700590971771845,43.15576588387113,42.15682688010142,42.745090780680954,43.4760387856426,43.476605425678926,44.123077711814624,44.67261641218319,43.73380450841668,42.247194581112154,42.107281465780694,43.05956477443107,43.344002837980184,43.61913228059084,44.513569019449136,44.374689390648626,42.85266116883847,41.93448723095553,42.64328454776754,43.45771688065878,43.55738544375344,44.32508767193641,44.97101454238663,44.03302726771583,42.460256362572295,42.309709712094815,43.217999979750594,43.46858021510416,43.66179376062475,44.55453992079512,44.423468680065454,42.90201396963335,41.961129153863865,42.57206771703294,43.287462744065984,43.35258406079035,44.06906583071255,44.663568917209936,43.650010137942296,42.15791437741212,42.13745553806495,43.15497655841804,43.52413590236559
"Idq=34A, Gamma=130° (id=-21.9, iq=26.0)",40.695575812474516,41.01176295108271,41.93583536715802,41.86385203844506,40.31181306852222,39.32498824688301,39.920677873096075,40.65520688621833,40.656593470325134,41.30144545440544,41.849896789456224,40.90323401131488,39.42202396946834,39.29215500924456,40.24961077943667,40.5343229427308,40.80680153869215,41.69393137138259,41.54830581088631,40.01754837890544,39.109354751104995,39.82269643981178,40.63719118449578,40.73393568918576,41.49648372274398,42.13927445996099,41.191472250520405,39.62277249660679,39.48159883921393,40.39581018753878,40.64847377221036,40.84200778422325,41.73209934967082,41.59694922328622,40.069932279552575,39.14212552057781,39.76055398409182,40.47829404926223,40.541914776876396,41.25173039395467,41.842451093346085,40.81820715739862,39.32825968386537,39.31455996621709,40.334782214337615,40.70225331886995
"Idq=34A, Gamma=135° (id=-24.0, iq=24.0)",37.563886317835596,37.878403620531756,38.79532891308761,38.717944759347176,37.16830330778123,36.187375504400826,36.789407460088036,37.52621247306555,37.52916851788629,38.17045632367314,38.71808303702491,37.76574902307578,36.29403138831749,36.17097342391954,37.131679088362795,37.415261340638494,37.684437679303045,38.56424378938483,38.412491975637636,36.88232912183674,35.977641957930295,36.69424180087055,37.50736396002151,37.601551886186094,38.357555646330425,38.99758864556345,38.042398185294246,36.48215894079891,36.34743760513287,37.26603024142368,37.51970469337837,37.71554992433332,38.600510743198285,38.462023722203696,36.938761934366916,36.01753892314758,36.642021923853385,37.36043102689872,37.42192057374672,38.124118041467995,38.71128151405332,37.67848160067711,36.19478386005335,36.18468002959242,37.20588891985239,37.57055372613436
"Idq=34A, Gamma=140° (id=-26.0, iq=21.9)",34.14607969462647,34.458291011157506,35.36863558168836,35.28904086499147,33.74350448080689,32.767867780167535,33.37511040021257,34.11286908300688,34.1194709791134,34.754046118258714,35.30101014858614,34.35292157305806,32.88432008683066,32.767490786290935,33.72949904403718,34.00950083730556,34.275548205082025,35.1483250857119,34.993339806853385,33.46520321165441,32.563183076767366,33.28173005975871,34.09205508225558,34.18508116706186,34.93230626438952,35.569867225243364,34.61749513914909,33.05960753332659,32.93107886930132,33.852479656608075,34.1068717297348,34.30327966165196,35.18360738157767,35.04477129573538,33.526692828491484,32.611149352256575,33.24020544831724,33.957602497192816,34.01681148062526,34.710307475733444,35.29389027048198,34.26244947583962,32.77861954526082,32.77163600438183,33.79210944221084,34.152731271916686
"Idq=34A, Gamma=145° (id=-27.9, iq=19.5)",30.468203155527146,30.77745424503771,31.681834578306187,31.607637334346613,30.062367053294626,29.092489592719737,29.703771555704257,30.439597851853062,30.449968695611368,31.078215782710224,31.628470821230888,30.683265740539582,29.218840026852085,29.10760965431006,30.068963290889624,30.343241287274733,30.606076823271618,31.47217246428683,31.32126616208679,29.791061739496417,28.891964201408488,29.611132491357058,30.4142675858593,30.507903837838704,31.246803792939943,31.886003319646534,30.935340164614377,29.381165956993694,29.258523184552704,30.181137614200527,30.435739803967735,30.631166433263253,31.507393962573584,31.37558241589961,29.85858168429313,28.94888148937354,29.58099443493512,30.2918039849726,30.351293083550548,31.03627985647139,31.62008377014395,30.58862314495664,29.105765812659737,29.101403216469496,30.119424704534193,30.474834789129137
"Idq=34A, Gamma=150° (id=-29.4, iq=17.0)",26.55837069076663,26.8639067125126,27.76816632743652,27.695903441351827,26.152906703799424,25.189212789317974,25.803822876868338,26.535525835861712,26.548588795463754,27.17094060540829,27.729511386160176,26.784709822204643,25.32548772491567,25.219183933288008,26.174600408518018,26.445352332107394,26.703950426774863,27.568929502193004,27.41837715623781,25.88786714047319,24.991925524237754,25.710551156596853,26.504241277602024,26.598005438332436,27.3290971311567,27.97513505704877,27.0239566843923,25.474829373299897,25.35772091719779,26.279357462121222,26.53352710674445,26.72715723811787,27.605000056609445,27.47655709306743,25.96234504244527,25.058607404272813,25.692403499519777,26.393870731060797,26.453262190824905,27.129996752302972,27.718921255450724,26.684962644723242,25.20417529688497,25.201914353518625,26.21309751871093,26.56498360103295
"Idq=34A, Gamma=155° (id=-30.8, iq=14.4)",22.446338486223116,22.747818580545157,23.655423890518325,23.583609842902256,22.044876786177614,21.087743663299083,21.70743678314337,22.430958720849095,22.44502313542824,23.068108549234747,23.62967425583032,22.686924182604198,21.233893942909468,21.132649423298727,22.079483749202684,22.345499260362036,22.599248117649424,23.46631599576491,23.314376131269764,21.78532508229664,20.892748694496138,21.610517456446544,22.392873454922622,22.485142656224482,23.215202677228845,23.862874339149247,22.913112688525256,21.370327362357628,21.25987955153631,22.177440344975103,22.429931832911286,22.62134466335905,23.50414456159272,23.377369264241477,21.867635616404375,20.96993443175373,21.604868796402865,22.29495586128586,22.35238517123736,23.02735660181021,23.615949591736424,22.581177188640833,21.10354145760631,21.10349024078345,22.105630365976783,22.45293403600225
"Idq=34A, Gamma=160° (id=-31.9, iq=11.6)",18.1634015898861,18.46583798691519,19.372431969878978,19.302053576352886,17.769541888598578,16.8218503485034,17.44245706893162,18.157134740965823,18.171469323648918,18.796345387155696,19.360161666352486,18.421095444766184,16.975198180086462,16.87978513265977,17.815028554291636,18.07488442947361,18.32847421079862,19.193087112424198,19.040497013046195,17.514658387212112,16.626928656971835,17.341104152786496,18.111454109463455,18.201622063453417,18.931793724597625,19.580517953062085,18.63409418201728,17.098897662836222,16.99740934705326,17.906648263820934,18.15618482032063,18.350229825601264,19.233576178773987,19.109216223956352,17.605616617355757,16.71573495571562,17.348373302231767,18.026254592799233,18.080833355581085,18.75497023949361,19.34239487080393,18.308499061963612,16.835072594371077,16.83784009346194,17.82848451185286,18.16998127415031
"Idq=34A, Gamma=165° (id=-32.8, iq=8.8)",13.742306393996827,14.045393227540165,14.95178672017577,14.883819870166512,13.359439891150672,12.423321351649465,13.041342805123362,13.746580277304288,13.762360518549713,14.38725571060045,14.95346718653478,14.019689141163392,12.588370166782283,12.49119454158241,13.413689902766585,13.66603197494943,13.919027141573197,14.7817647042192,14.629266602295573,13.108369407468217,12.226586548593287,12.934804058799815,13.69256742763514,13.782028091812586,14.510556271577846,15.160657216642909,14.21946707944488,12.70058554416629,12.599568930082693,13.499484525171061,13.744887209908368,13.941225048286038,14.825796512186164,14.704581194029911,13.208724583359592,12.327920316457273,12.955311517859364,13.62025431976641,13.673013186823972,14.344444344404213,14.930781424522445,13.899445925149175,12.43710737736425,12.436081558500966,13.414211618900337,13.748873719833632
"Idq=34A, Gamma=170° (id=-33.5, iq=5.9)",9.216743711058632,9.520126556176441,10.4271319210175,10.362534150649633,8.864272001950283,7.9232914851774146,8.537589128731629,9.230088455461695,9.248716048376204,9.87439535428868,10.443128422203486,9.519316132730664,8.101861046476644,8.000277474368136,8.908964639366593,9.15250234567635,9.404465464666877,10.265921598305653,10.114257026017443,8.614214226447691,7.724022059830986,8.425151778798458,9.16706026857562,9.257359642032998,9.98513860480313,10.63692993888074,9.706041267588368,8.203193133545971,8.099828521686378,8.989490306194833,9.229633449416953,9.427885519998565,10.314351426582103,10.196986106631229,8.725694788944224,7.838275604891887,8.459117296067944,9.107495522647728,9.159949440448953,9.829345681752013,10.41468429502318,9.390529743313891,7.9387125547979736,7.931714676206028,8.896406969245398,9.22330282708068
"Idq=34A, Gamma=175° (id=-33.9, iq=3.0)",4.620991450620952,4.9244779846238735,5.832902927487092,5.781315209414337,4.301604674992868,3.3560086935634734,3.9644786190681947,4.643099040231838,4.664887472959527,5.292109910471564,5.863471774772204,4.970030642021098,3.5473157066478787,3.441212521588355,4.326744410747424,4.568622032924255,4.819147720407845,5.679926087460228,5.5379711562419605,4.051727873306889,3.153502425167198,3.845426905692423,4.570444731026024,4.662052173087017,5.389981885239578,6.043764415860552,5.144469810870786,3.638075085353497,3.532433863389792,4.4030993285920035,4.644705149789545,4.844560479778082,5.733575743148315,5.629311147179604,4.174893886306716,3.280969728196123,3.892955785951081,4.52347336986369,4.575989256628392,5.24403687865091,5.828473708355672,4.831072378000845,3.3718923916489656,3.3590203983625093,4.301313559422468,4.627544504576914
"Idq=34A, Gamma=180° (id=-34.0, iq=0.0)",-0.009973937623244018,0.2934231734404204,1.2040645962965815,1.1820373657324041,-0.2950436804225002,-1.2437672433474647,-0.6568963446966641,0.021847119353633065,0.04576049554994195,0.675273338236126,1.2626792234501614,0.3853189880198513,-1.040603012558238,-1.157421291481058,-0.29182263224235283,-0.05072286630426285,0.1979709455204176,1.0586803666202242,0.9417885563635224,-0.5454293966423449,-1.4501879412230725,-0.7838884964029106,-0.06096621179563684,0.031078749535835372,0.7600580301545163,1.4295423233194002,0.5476644766380332,-0.9600252955707886,-1.0736743261795267,-0.21888383958496477,0.024996383841712367,0.2261317986679718,1.118331930783705,1.0432193911982985,-0.4101853399269458,-1.3093134641318551,-0.7229600311822182,-0.0954954818699107,-0.04398065976805865,0.6234149037776595,1.2196883888432342,0.23570401158538634,-1.228596853119828,-1.2533098736535093,-0.3300107627272388,-0.0034247518486777797
"Idq=34A, Gamma=90° (id=0.0, iq=34.0)",53.126705813919166,53.44514984900971,54.4029905446025,54.37370333345512,52.89963002831207,51.933230997146865,52.4747283990175,53.13255906065051,53.08643866292699,53.729646988998724,54.281329788848566,53.38277024500554,51.94310597795866,51.78863578783512,52.66032294368585,52.886935919056924,53.14724671617406,54.063268746210646,53.961745316598815,52.51844841125087,51.644110426872224,52.32135797357842,53.08189061476252,53.15957620477203,53.94930465316816,54.61959543273028,53.740650142431406,52.22934296434156,52.07481761871838,52.907283859602266,53.097205333355156,53.26554119999334,54.16242347610409,54.04644635778126,52.57911163370599,51.65881391225502,52.21504090731545,52.85522844551567,52.88093548743533,53.60670214116515,54.22573049668081,53.27466488051511,51.85415733072089,51.8434113277807,52.80176903379914,53.133460167679516
"Idq=34A, Gamma=95° (id=-3.0, iq=33.9)",52.92443282580472,53.251866978343664,54.19941405037219,54.16698075561162,52.68977378842876,51.720972611631346,52.24773921616017,52.91798993887021,52.88479798553654,53.52842739267234,54.07898958425945,53.18061516927952,51.74106992913102,51.57972274201056,52.45221972500332,52.69161267574711,52.96339837968432,53.871483258518126,53.76804781424388,52.32160873696654,51.44407962307625,52.10403000333514,52.8749537636836,52.96225275628131,53.74898143420531,54.414589925228995,53.53233906172034,52.01814223295301,51.85479320033519,52.6869068038709,52.888953219224135,53.0696541375124,53.95961218695611,53.84415465982248,52.37697653900443,51.456876696170774,51.99936469395418,52.653424265096284,52.69191403299443,53.41720894206154,54.03310268946674,53.07954782065727,51.655665254963274,51.634402167227734,52.59023095604716,52.93117752787338
"Idq=68A, Gamma=100° (id=-11.8, iq=67.0)",104.12776761372851,104.52752058006342,105.62487435642255,105.74018691933391,104.13650977478397,102.96346181846828,103.25295147148825,103.92478500185865,103.98997761691416,104.69842743952286,105.47887265420731,104.60190261105096,103.01014099488836,102.59776156907014,103.42290867529725,103.7755366038963,104.15918327238985,105.25503681167137,105.33539860681132,103.79772397474235,102.75500133855928,103.21206413725173,104.01533908397633,104.22227280954006,105.07730295853781,105.95834288942936,105.07528742483044,103.38188750829043,102.9365848970106,103.67591760622169,103.94339973337432,104.18367826614353,105.2299644864311,105.28104719371497,103.71112019470726,102.61526041858973,102.95642803888721,103.66002873396202,103.8480953241589,104.6813362971826,105.55311552621751,104.63171778928226,103.06961847996627,102.80671137484372,103.70226439811813,104.1343918890723
"Idq=68A, Gamma=105° (id=-17.6, iq=65.7)",102.1309721718928,102.51615113640159,103.66040954567113,103.76924480083167,102.0747773879617,100.81372892955123,101.17115683866507,101.94184352225938,101.94610213235958,102.7122168737746,103.53333537993761,102.56999940986827,100.90139633427678,100.49137195000193,101.41398842344553,101.79496257258587,102.16705532273119,103.30638193193387,103.38129294082799,101.75706291795586,100.6210480369448,101.14260726771892,102.04044915093947,102.18233459620868,103.08769079315897,104.00552529757363,103.03009644910091,101.25644946581131,100.81034108068366,101.64483111340344,101.94058387431477,102.17224105691025,103.27058891369883,103.31981447949772,101.66548573497876,100.4835674128902,100.89588036477028,101.6990734358995,101.82757721080289,102.70761670335106,103.61627155683978,102.60730035055138,100.96220262404987,100.69457757415204,101.681533068081,102.13757641506618
"Idq=68A, Gamma=110° (id=-23.3, iq=63.9)",99.30013368917389,99.74223048263225,100.92348397217744,100.95711237839359,99.17612371379421,97.90291394651754,98.33650566387921,99.12160135781045,99.14556324102402,99.95894710732922,100.79259157729449,99.7512410906973,98.00498519323354,97.62975086177589,98.65437497137337,98.98312478582751,99.40943898276866,100.58621547946012,100.59045223668298,98.8762006389043,97.72528787127078,98.3189300093631,99.22759500070156,99.38175652618467,100.32857436178746,101.25510111630317,100.19628174685424,98.34236321835756,97.92769484549116,98.862608065167,99.10501468056027,99.40207681737073,100.54118926952755,100.52048508614908,98.78280146222141,97.59227275785382,98.08343972402383,98.90238559878719,99.04538446753334,99.96574331776638,100.8836788432344,99.7942513341969,98.06479320945562,97.82487121845196,98.90790488507903,99.30669447372321
"Idq=68A, Gamma=115° (id=-28.7, iq=61.6)",95.72552413142328,96.22181136760474,97.4029894737027,97.37766341597876,95.52683230077407,94.25316992898617,94.76480740799512,95.51895549442438,95.60970751998182,96.45957218557922,97.24963726557547,96.13706022886994,94.36758422250122,94.03467696876744,95.06695156273854,95.42600648262042,95.90675907494719,97.08494011267173,97.03149530125698,95.244273451881,94.08975932490584,94.75688639123493,95.63112367460124,95.8418773687121,96.8209522064661,97.69993749530589,96.56690762436973,94.68576038338053,94.31058486987233,95.25102172498352,95.53113416915198,95.88781119588637,97.03056013479716,96.95528573155812,95.1511192683366,93.9633809516169,94.53480808006022,95.32412157325572,95.5227026477609,96.47658345248124,97.34972039099254,96.18282154858566,94.42435656009759,94.2194325058864,95.3050248288052,95.73202717061503
"Idq=68A, Gamma=120° (id=-34.0, iq=58.9)",91.434629246269,91.98168630647157,93.1258643385349,93.04930627910376,91.15933077362777,89.8922736327062,90.40371042326811,91.19760957485052,91.35823361138834,92.20987484081425,92.96501985877815,91.80249564793125,90.01687623978991,89.71829581343127,90.75150456707021,91.15288528010149,91.68567310834128,92.8293404021221,92.72190705496455,90.89379338521738,89.74213096528001,90.40581870070848,91.30923494285881,91.58420936957187,92.5610539398711,93.4017901606448,92.21533279277745,90.31446991637162,89.97102008851361,90.91172506701778,91.24449662627266,91.65618987580831,92.76556489818242,92.6420573386239,90.8028697229259,89.6245100520097,90.19830737466614,91.01917438949138,91.2838368878717,92.23750012962002,93.07176319763944,91.84917880581513,90.06859859703323,89.8906997549925,90.97247655643628,91.44107250930692
"Idq=68A, Gamma=125° (id=-39.0, iq=55.7)",86.46032922364978,87.0315021960525,88.13896958556633,88.02795640042355,86.1068584561463,84.83722306283981,85.36640446509826,86.19523003972213,86.42217201969132,87.25942897543993,87.97508073038625,86.78053600162372,84.98597275987733,84.68342322647831,85.74705251811623,86.19804088452706,86.7565108935181,87.86292199523254,87.71945618111937,85.85787021911237,84.6997802867155,85.37521994453543,86.30399889889718,86.63992167603081,87.59831655170755,88.39689941873559,87.17467536409846,85.26175997724208,84.91139205942943,85.890923973212,86.27641431908556,86.71603877247371,87.79241178905026,87.63779395964266,85.77114563057478,84.59292678995195,85.18420543676353,86.0322866810102,86.35980621591321,87.29706037395724,88.08626610793976,86.82630474388283,85.03066926843995,84.8420050219088,85.95090748179592,86.46672055588151
"Idq=68A, Gamma=130° (id=-43.7, iq=52.1)",80.84083003873897,81.42677050499292,82.49181647213128,82.35182928448883,80.407867713432,79.12180359448092,79.69532143611295,80.55057819723719,80.82991025363651,81.64199424709935,82.3306923671651,81.10940143519798,79.29482443870873,79.0116830205688,80.10119317109782,80.59938786777329,81.17367482724171,82.23629666772958,82.06221435143391,80.17483036963368,78.99653508475048,79.70476588313852,80.65483404738369,81.03809790782473,81.9670347608237,82.73554664796276,81.4832977849973,79.54724783490015,79.21703930557536,80.22850838722206,80.66481160486747,81.12342320540256,82.16095718732832,81.98058106058537,80.09424144986414,78.90236424538067,79.53204591401223,80.40314194919634,80.7794914616179,81.68701052906714,82.44464875031898,81.15242646729435,79.33022783549174,79.15371422729584,80.28621282995078,80.84718073535807
"Idq=68A, Gamma=135° (id=-48.1, iq=48.1)",74.61933663688517,75.20283300961987,76.23323839719431,76.06412368599108,74.08171855341314,72.81630578358525,73.426290320936,74.31177688688805,74.63134956596046,75.41688964809771,76.07481197273367,74.8305203648978,72.99379505536803,72.74625716660394,73.85689492470883,74.39979274773438,74.97110330030051,75.99877804680735,75.793236592168,73.86396057784513,72.69757941799578,73.43512376050379,74.41011349835014,74.82789913537015,75.72602157792645,76.4608181613301,75.18274309225684,73.22166707791142,72.93132924387947,73.96757271071732,74.45253946696741,74.91352041225764,75.92014283271692,75.71347344753232,73.791919378733,72.61959336064281,73.28236856615996,74.1797385666971,74.59166091229757,75.46793807433544,76.18984723937025,74.86895424029203,73.01784140270169,72.86913137707391,74.0215043476375,74.62566213357515
"Idq=68A, Gamma=140° (id=-52.1, iq=43.7)",67.84255891133012,68.41963656037055,69.41086691893851,69.20538281321849,67.19877194626916,65.96338014432395,66.6070222316984,67.52628367824008,67.8714403523436,68.63269260605148,69.25505057429751,67.9677749587149,66.16176674248914,65.93117731713949,67.07305786477545,67.64600837779439,68.21013227131773,69.19783741548777,68.95284680556942,66.99496362275433,65.84813918525646,66.61400933889789,67.6173388886844,68.05427134925486,68.92393119819752,69.6204684314056,68.29651417222193,66.36763277205318,66.09551126434798,67.16716583166185,67.68699246111098,68.14636067865223,69.11746509076144,68.87696322222156,66.93370415543737,65.78876069045076,66.48273721148229,67.40941694486575,67.84086289458554,68.6884705308746,69.36946439134434,67.99926656727978,66.17025911239446,66.03329724643048,67.2159979491139,67.84881787969276
"Idq=68A, Gamma=145° (id=-55.7, iq=39.0)",60.562043516177866,61.12880537802962,62.07662440377383,61.813375951285664,59.85506120982723,58.61092551021646,59.30687044696695,60.24805162760035,60.60741483469337,61.34103495686081,61.90756924813366,60.61488065387425,58.83060068468215,58.620664510889625,59.79495631893274,60.389432378967946,60.94221681220975,61.8852340384954,61.57852305959638,59.65899678178216,58.49817973378605,59.310871478269576,60.32938375767764,60.77479299618602,61.61253163664108,62.25088217623244,60.91961155670207,59.01416917916935,58.763971113347246,59.87267579462383,60.41956483621367,60.873446176281725,61.80469644664723,61.508859045413736,59.61320578765736,58.4589276186794,59.20230029450938,60.145165104790514,60.58509360509991,61.40020374024471,62.01929271304304,60.63673009956616,58.82162623710719,58.700605739953936,59.915043234296256,60.56820850776573
"Idq=68A, Gamma=150° (id=-58.9, iq=34.0)",52.833100362130956,53.38582709021907,54.24809796969511,53.99860497977244,52.060389684537554,50.82180428598615,51.56886303277278,52.52712357895385,52.89455663333779,53.59741061805937,54.083730298109316,52.85377236665929,51.05318327636855,50.886654999857605,52.08701756982814,52.68528215466928,53.22267014810779,54.077179775877816,53.77854629977702,51.871276565658135,50.71056254777365,51.5683742643654,52.59706804607983,53.04486530189978,53.847467058664414,54.403609311296655,53.13497386286809,51.213898442574106,51.00885269254874,52.149392534619984,52.70523566198486,53.15012817601515,53.998695466682136,53.71866249114405,51.84252240039373,50.69276806219927,51.483772079107375,52.43756330287509,52.879573829287075,53.65860581349838,54.190606929513606,52.86204256056783,51.02527491482189,50.943265153446134,52.18262491745727,52.839190846195926
"Idq=68A, Gamma=155° (id=-61.6, iq=28.7)",44.7145513734551,45.242423525549384,45.999567028389656,45.82071664863341,43.87407952725887,42.66395789993858,43.46378649659879,44.41955076000903,44.79156525634021,45.38369199219425,45.90790263566612,44.69701278564366,42.90042026026862,42.777623090681786,43.993963186774735,44.59219093999828,45.10290800950413,45.84826369256907,45.61243948693039,43.69107222758099,42.5532402721407,43.45572816408909,44.47688583103141,44.92331768360759,45.61165741366544,46.20347045271271,44.95387301210786,43.03793258689609,42.87922654697523,44.04138429306019,44.602715641479634,45.02792344048612,45.77378741719579,45.565830634438505,43.680793586290434,42.5580282228146,43.39672003091559,44.34288749379049,44.78294722536098,45.44477823828803,46.00574190113236,44.6902163629244,42.85230847837206,42.80952842720007,44.06422155360171,44.720587386296344
"Idq=68A, Gamma=160° (id=-63.9, iq=23.3)",36.268183610068036,36.66112556289184,37.46575378841981,37.304199463975955,35.37507728240835,34.19963102365016,35.03525739522363,35.98703669540435,36.326568391287076,36.82367074594882,37.41444655006807,36.20667977642493,34.434305826067565,34.36136473700087,35.576375917297966,36.17175204584072,36.54351831120074,37.33088343289368,37.1070641711828,35.19729846599798,34.08695732694768,35.01875082552726,36.03063660228893,36.43834372295926,37.02835565649227,37.68480836949047,36.4385721217795,34.5484422423471,34.44343808207026,35.609291814736395,36.17366984448943,36.46843652732295,37.264851930084816,37.075243906542404,35.20673194789079,34.11621862397654,34.98606250241297,35.92274304814275,36.32277010512886,36.882881576621536,37.50057571797792,36.183444038283476,34.364874634481126,34.36714997296841,35.62065016920454,36.27418560254357
"Idq=68A, Gamma=165° (id=-65.7, iq=17.6)",27.494912496445455,27.81059693737981,28.662845395158786,28.51646261302589,26.618769060643814,25.489269798947085,26.347421924393743,27.293757908862684,27.497780456077926,28.02831905741796,28.645787567188467,27.468693380051125,25.733855130707656,25.68611636359196,26.89831868319673,27.423945296949338,27.714453549357575,28.543602417331382,28.329741263830428,26.445293431936022,25.372561461930953,26.32165274061257,27.322601416467897,27.5881611751677,28.2081516328392,28.890078933624338,27.675263871346075,25.82521816639583,25.748850974761417,26.917288414845284,27.41958866279937,27.64113878509332,28.48782577743765,28.314103640236503,26.475559958236822,25.427771460962358,26.315809675885234,27.241212349385417,27.49618793827384,28.08216075232183,28.718778324830982,27.42784529763187,25.640498309512296,25.665162048926927,26.916171440868773,27.500873349321683
"Idq=68A, Gamma=170° (id=-67.0, iq=11.8)",18.443166037695324,18.76803748914979,19.65079446830592,19.542340874809806,17.713591164247372,16.585441372084706,17.46639975790061,18.314289348138733,18.4659645707893,19.024966918886932,19.675545956834434,18.5406527790832,16.846120981829813,16.817901848834843,18.02583673997672,18.396791203177216,18.692390077414057,19.546615619554952,19.36520219697623,17.54058964988904,16.46398655192666,17.43062407722255,18.325505722661728,18.533508128942017,19.17905764158457,19.893136069280647,18.721810756123165,16.91501410213294,16.86163628287052,18.031525487635122,18.388958642142036,18.623382259382495,19.502455783205697,19.366969447298533,17.59475363652443,16.54563095890858,17.451947410584037,18.270316694753987,18.46496295818114,19.07211537413371,19.734090507198246,18.480756343792592,16.727620502836306,16.769792037581514,18.017031707624994,18.449070889535594
"Idq=68A, Gamma=175° (id=-67.7, iq=5.9)",9.250214094612147,9.584646062829872,10.508919489084716,10.460820305818352,8.6774503739429,7.555909253670117,8.450896543684891,9.15218463310651,9.29988564097122,9.88213527650273,10.580626719113091,9.537466596182792,7.829036684505084,7.824213659961225,8.902427524272763,9.228485316310596,9.529015515604106,10.41909413733819,10.291153482535606,8.504045549338601,7.429032231144658,8.40419418109591,9.143791598131681,9.343321407952141,10.00979053991793,10.77113219174931,9.694030507196347,7.875695059449746,7.849431076449904,8.898651723389412,9.21862045074205,9.465587995623338,10.387794667797063,10.312409291944917,8.582846443418031,7.537395570218992,8.452816029281,9.114491947926721,9.297853831578218,9.921317327799446,10.623552952151938,9.455538044289012,7.684976877607118,7.748739075889842,8.867102586010352,9.256072317258067
"Idq=68A, Gamma=180° (id=-68.0, iq=0.0)",-0.013542254255961839,0.33031381225759554,1.3067468580731703,1.3655238565817296,-0.4244967382190818,-1.5306063646950325,-0.7530651660912062,-0.08774666204388841,0.06329091887124384,0.6829404186688228,1.473319898290142,0.4622128760696694,-1.2487723050995982,-1.2605981548664245,-0.3110899585312942,-0.010938631999387697,0.29406867733986625,1.230455281309726,1.2001688615578683,-0.5989650575494063,-1.6635400425793883,-0.8150148013423286,-0.1170077217997704,0.08194668278567693,0.7837757146632133,1.6368899884501622,0.5942209165720608,-1.2239442856489164,-1.252433715041063,-0.3227250795319516,-0.02149080224699545,0.23745233779033068,1.2131620029207622,1.2436053209658042,-0.4951306230543776,-1.5283765944772523,-0.7389254342593035,-0.12031187710073721,0.058998747515757545,0.7129831912137674,1.4979070668607064,0.3576908237405566,-1.418612588089804,-1.3635630381340011,-0.3727422159806847,-0.007717102858147602
"Idq=68A, Gamma=90° (id=0.0, iq=68.0)",105.68329403810391,106.0737941880074,107.17509444928233,107.28580461168683,105.81692276076139,104.75157394926927,105.10044652763875,105.5850865701321,105.51378376210265,106.28823384683322,106.99453392904329,106.17454633430712,104.71341310327804,104.39974641952365,105.13334278158433,105.3059724765001,105.67145792005498,106.76921581759807,106.84939274762486,105.44289127543307,104.50402172053226,105.03117738263309,105.65395422842523,105.73276518195316,106.66594132765442,107.48234855588271,106.66499113136969,105.11550482791607,104.77631031701851,105.42868399303391,105.5160807475667,105.73840538989094,106.77608196099858,106.81400820994283,105.36826801969201,104.36808682912798,104.76495814832327,105.27734951825235,105.32970626743588,106.23005944478011,107.04521498331917,106.18964205652571,104.76370133796358,104.61268747965536,105.42936760003677,105.68993730701409
"Idq=68A, Gamma=95° (id=-5.9, iq=67.7)",105.29368619340103,105.75820566008089,106.80116957096648,106.91257286177283,105.39376428356981,104.28438408304754,104.56604584817103,105.1422879954595,105.15780345216166,105.89837132707581,106.63661149012604,105.78652124141347,104.2665447993959,103.9328888221066,104.66584663079277,104.92791047256945,105.3703474593315,106.41581083872494,106.49177161480597,105.03536284991327,104.05775886622406,104.51155080161223,105.22290420972315,105.3844890390841,106.27792521715219,107.1210680610207,106.26941705823575,104.65521734688465,104.29024429516866,104.94040974900777,105.1168055660529,105.41747363324558,106.40350769216619,106.44600174942408,104.95486099714536,103.91848560017293,104.24940073438188,104.8558209951285,104.99465707864198,105.86134789743484,106.7005297046952,105.80992258342955,104.32181970175428,104.1451980069625,104.95471988961796,105.30031462138903
