1626	2	0	1
0	46.990533322890087	-7.8023036877876377	0
1	58.399651068149169	-18.44147810476262	0
2	63.240484443929773	-15.27968820449655	0
3	60.690956786834427	-12.420144470834311	0
4	43.405389288371609	-4.5551809727111046	0
5	43.405389288371609	-1.465475409281819	0
6	55.620663908746813	-2.8843104679578948	0
7	58.710980483753062	-1.241159998207277	0
8	49.080261893056473	-4.4692155130696118	0
9	49.080261893056473	-1.6692155130696109	0
10	58.363870191374957	-0.58834048493767743	0
11	64.073053225942303	-11.325752113554771	0
12	55.010470191374957	-0.58834048493767743	0
13	49.377527583108836	-5.2425657321205383	0
14	61.079186809015582	-16.15453949312052	0
15	44.304556356233057	-0.70000000000000007	0
16	48.218057312548872	-0.70000000000000029	0
17	63.781273361840682	-10.77699400108369	0
18	60.786645328367911	-15.881740149095521	0
19	60.459206764389101	-19.332709080068749	0
20	62.671949861278698	-17.353063628040069	0
21	61.897627548745959	-19.33270908006876	0
22	60.690956786834427	12.420144470834311	0
23	63.781273361840682	10.77699400108369	0
24	55.620663908746813	2.8843104679578948	0
25	58.710980483753062	1.241159998207277	0
26	48.218057312548872	0.69999999999999341	0
27	49.080261893056459	1.6692155130695989	0
28	55.010470191374957	0.58834048493767965	0
29	58.363870191374957	0.58834048493767743	0
30	64.073053225942317	11.325752113554779	0
31	63.240484443929773	15.27968820449655	0
32	67.521502042339648	6.4298843999557169	0
33	82.090242321623265	7.3847700867158075	0
34	67.783114559260213	2.4384487070013021	0
35	82.351854838543829	3.3933343937613931	0
36	67.614068537961515	5.0175925916512423	0
37	66.815762401665552	4.9652688430917502	0
38	67.690262692273862	3.8550944409641419	0
39	66.891956555977899	3.8027706924046494	0
40	58.399651068149169	18.44147810476262	0
41	60.459206764389101	19.332709080068749	0
42	49.080261893056459	4.4692155130696074	0
43	49.377527583108829	5.2425657321205437	0
44	43.405389288371609	4.5551809727111099	0
45	46.990533322890087	7.8023036877876466	0
46	60.786645328367911	15.881740149095521	0
47	61.079186809015582	16.154539493120531	0
48	62.671949861278691	17.353063628040061	0
49	43.405389288371609	1.465475409281815	0
50	44.304556356233057	0.70000000000000395	0
51	61.897627548745938	19.332709080068749	0
52	100	0	0
53	67	0	0
54	66	0	0
55	25	0	0
56	66.104577904977546	15.18820040212875	0
57	80.424042998864721	18.036519103564224	0
58	66.884939193042072	11.265059280515828	0
59	81.204404286929247	14.113377981951302	0
60	66.380693553438789	13.80007329822563	0
61	65.596046656467124	13.643997326391894	0
62	66.607972313270523	12.657465813202165	0
63	65.823325416298843	12.501389841368425	0
64	63.556586112009803	23.686642084456665	0
65	77.381766002638344	28.379658277882825	0
66	64.842343973222455	19.898921566476243	0
67	78.667523863850988	24.5919377599024	0
68	64.01152649801152	22.346430924564228	0
69	63.253964366316559	22.089273232606754	0
70	64.386001060768351	21.243264436063789	0
71	63.62843892907339	20.986106744106316	0
72	64.842343973222455	-19.898921566476236	0
73	78.667523863851002	-24.59193775990239	0
74	63.556586112009811	-23.686642084456661	0
75	77.381766002638358	-28.379658277882811	0
76	64.387403587220746	-21.23913272636868	0
77	63.629841455525771	-20.981975034411207	0
78	64.012929024463915	-22.342299214869115	0
79	63.255366892768947	-22.085141522911641	0
80	66.884939193042072	-11.265059280515832	0
81	81.204404286929218	-14.113377981951302	0
82	66.10457790497756	-15.188200402128754	0
83	80.424042998864721	-18.036519103564224	0
84	66.608823544580829	-12.653186384418955	0
85	65.824176647609164	-12.497110412585215	0
86	66.381544784749096	-13.79579386944242	0
87	65.59689788777743	-13.63971789760868	0
88	67.783114559260213	-2.4384487070013163	0
89	82.351854838543844	-3.3933343937614042	0
90	67.521502042339634	-6.4298843999557311	0
91	82.090242321623251	-7.384770086715819	0
92	67.69054806363836	-3.8507405153057892	0
93	66.892241927342383	-3.7984167667462989	0
94	67.614353909325999	-5.0132386659928905	0
95	66.81604777303005	-4.9609149174333993	0
96	66.999980944729685	0.00058206918869796453	0
97	66.999838254647216	0.0049401536872668572	0
98	66.999857292863908	0.0043587415891561676	0
99	68.255231547999117	5.976902737122705	0
100	68.451440935689547	2.9833259674068948	0
101	69.652234040533173	6.0684671180449055	0
102	69.848443428223604	3.0748903483290952	0
103	69.85180582518089	6.0815477438909333	0
104	70.04801521287132	3.0879709741751231	0
105	71.248808317714932	6.1731121248131338	0
106	71.445017705405363	3.1795353550973235	0
107	71.448380102362663	6.1861927506591625	0
108	71.644589490053093	3.1926159809433523	0
109	72.845382594896705	6.2777571315813638	0
110	73.041591982587136	3.2841803618655536	0
111	73.044954379544421	6.2908377574273917	0
112	73.241163767234852	3.2972609877115815	0
113	74.441956872078464	6.3824021383495921	0
114	74.638166259768894	3.3888253686337819	0
115	74.641528656726194	6.3954827641956209	0
116	74.837738044416625	3.4019059944798107	0
117	76.038531149260237	6.4870471451178213	0
118	76.234740536950667	3.4934703754020111	0
119	76.238102933907953	6.5001277709638492	0
120	76.434312321598384	3.506551001248039	0
121	77.635105426441996	6.5916921518860496	0
122	77.831314814132426	3.5981153821702394	0
123	77.834677211089712	6.6047727777320775	0
124	78.030886598780143	3.6111960080162673	0
125	79.231679703623755	6.6963371586542788	0
126	79.427889091314185	3.7027603889384686	0
127	79.431251488271485	6.7094177845003076	0
128	79.627460875961916	3.7158410147844974	0
129	80.828253980805542	6.800982165422508	0
130	81.024463368495972	3.8074053957066978	0
131	66.891156224597083	14.834864978709629	0
132	67.476427190645481	11.892509137499939	0
133	68.264255617161623	15.107991429532209	0
134	68.849526583209993	12.16563558832252	0
135	68.46041267324226	15.147009493935434	0
136	69.045683639290644	12.204653652725744	0
137	69.833512065806772	15.420135944758014	0
138	70.41878303185517	12.477780103548323	0
139	70.029669121887437	15.459154009161242	0
140	70.614940087935821	12.516798167951549	0
141	71.402768514451964	15.732280459983823	0
142	71.988039480500333	12.789924618774132	0
143	71.598925570532586	15.771298524387046	0
144	72.184196536580984	12.828942683177356	0
145	72.972024963097113	16.044424975209623	0
146	73.557295929145511	13.102069133999933	0
147	73.168182019177777	16.083443039612852	0
148	73.753452985226147	13.141087198403163	0
149	74.54128141174229	16.356569490435433	0
150	75.126552377790674	13.41421364922574	0
151	74.737438467822926	16.395587554838656	0
152	75.322709433871324	13.453231713628965	0
153	76.110537860387453	16.668714005661236	0
154	76.695808826435851	13.726358164451545	0
155	76.306694916468103	16.707732070064459	0
156	76.891965882516473	13.76537622885477	0
157	77.679794309032616	16.98085852088704	0
158	78.265065275081	14.03850267967735	0
159	77.875951365113266	17.01987658529027	0
160	78.461222331161665	14.077520744080577	0
161	79.249050757677807	17.293003036112847	0
162	79.834321723726205	14.350647194903157	0
163	64.382554672459989	23.438998567509223	0
164	65.346873068369476	20.598208179023906	0
165	65.708256853753142	23.889013818933652	0
166	66.672575249662643	21.048223430448335	0
167	65.897642879652167	23.953301711994282	0
168	66.861961275561654	21.112511323508969	0
169	67.223345060945306	24.403316963418707	0
170	68.187663456854807	21.562526574933393	0
171	67.412731086844332	24.467604856479344	0
172	68.377049482753833	21.626814467994027	0
173	68.738433268137484	24.917620107903772	0
174	69.702751664046971	22.076829719418456	0
175	68.927819294036496	24.981908000964403	0
176	69.892137689945997	22.141117612479082	0
177	70.253521475329649	25.431923252388827	0
178	71.217839871239136	22.59113286390351	0
179	70.442907501228675	25.496211145449461	0
180	71.407225897138176	22.655420756964148	0
181	71.768609682521827	25.946226396873886	0
182	72.732928078431314	23.105436008388569	0
183	71.957995708420839	26.01051428993452	0
184	72.92231410433034	23.169723901449203	0
185	73.283697889713991	26.460529541358941	0
186	74.248016285623478	23.619739152873628	0
187	73.473083915613003	26.524817434419575	0
188	74.43740231152249	23.684027045934258	0
189	74.798786096906156	26.974832685844	0
190	75.763104492815643	24.134042297358683	0
191	74.988172122805182	27.039120578904637	0
192	75.952490518714669	24.198330190419316	0
193	76.313874304098334	27.489135830329065	0
194	77.278192700007835	24.648345441843745	0
195	65.346873068369476	-20.598208179023892	0
196	64.382554672460003	-23.438998567509209	0
197	66.672575249662643	-21.048223430448321	0
198	65.708256853753156	-23.889013818933641	0
199	66.861961275561654	-21.112511323508954	0
200	65.897642879652182	-23.953301711994271	0
201	68.187663456854807	-21.562526574933379	0
202	67.22334506094532	-24.403316963418693	0
203	68.377049482753819	-21.626814467994013	0
204	67.412731086844346	-24.467604856479333	0
205	69.702751664046971	-22.076829719418438	0
206	68.738433268137499	-24.917620107903758	0
207	69.892137689945997	-22.141117612479071	0
208	68.92781929403651	-24.981908000964385	0
209	71.21783987123915	-22.591132863903496	0
210	70.253521475329649	-25.43192325238881	0
211	71.407225897138176	-22.65542075696413	0
212	70.442907501228689	-25.49621114544945	0
213	72.732928078431314	-23.105436008388555	0
214	71.768609682521827	-25.946226396873872	0
215	72.922314104330326	-23.169723901449185	0
216	71.957995708420853	-26.010514289934502	0
217	74.248016285623478	-23.61973915287361	0
218	73.283697889713991	-26.46052954135893	0
219	74.437402311522504	-23.684027045934243	0
220	73.473083915613003	-26.52481743441956	0
221	75.763104492815643	-24.134042297358668	0
222	74.798786096906156	-26.974832685843985	0
223	75.952490518714669	-24.198330190419302	0
224	74.988172122805196	-27.039120578904619	0
225	77.278192700007835	-24.648345441843734	0
226	76.313874304098334	-27.489135830329047	0
227	67.476427190645481	-11.892509137499932	0
228	66.891156224597083	-14.834864978709623	0
229	68.849526583210007	-12.165635588322516	0
230	68.264255617161623	-15.107991429532206	0
231	69.045683639290658	-12.204653652725739	0
232	68.46041267324226	-15.147009493935434	0
233	70.41878303185517	-12.477780103548319	0
234	69.833512065806786	-15.420135944758009	0
235	70.614940087935821	-12.516798167951549	0
236	70.029669121887437	-15.459154009161239	0
237	71.988039480500348	-12.789924618774123	0
238	71.402768514451949	-15.732280459983818	0
239	72.184196536580984	-12.828942683177351	0
240	71.5989255705326	-15.771298524387042	0
241	73.557295929145511	-13.10206913399993	0
242	72.972024963097113	-16.044424975209623	0
243	73.753452985226161	-13.141087198403156	0
244	73.168182019177777	-16.083443039612845	0
245	75.126552377790688	-13.414213649225736	0
246	74.54128141174229	-16.356569490435426	0
247	75.322709433871324	-13.453231713628959	0
248	74.73743846782294	-16.395587554838656	0
249	76.695808826435851	-13.72635816445154	0
250	76.110537860387453	-16.668714005661233	0
251	76.891965882516487	-13.765376228854766	0
252	76.306694916468089	-16.707732070064456	0
253	78.265065275081014	-14.038502679677341	0
254	77.679794309032616	-16.980858520887036	0
255	78.461222331161665	-14.077520744080571	0
256	77.875951365113266	-17.019876585290262	0
257	79.834321723726191	-14.350647194903154	0
258	79.249050757677807	-17.293003036112843	0
259	68.451440935689547	-2.983325967406901	0
260	68.255231547999117	-5.9769027371227104	0
261	69.848443428223604	-3.0748903483291032	0
262	69.652234040533173	-6.0684671180449126	0
263	70.048015212871306	-3.087970974175132	0
264	69.85180582518089	-6.0815477438909422	0
265	71.445017705405363	-3.1795353550973307	0
266	71.248808317714932	-6.1731121248131409	0
267	71.644589490053093	-3.1926159809433612	0
268	71.448380102362663	-6.1861927506591714	0
269	73.041591982587136	-3.2841803618655598	0
270	72.845382594896705	-6.2777571315813692	0
271	73.241163767234852	-3.2972609877115877	0
272	73.044954379544421	-6.2908377574273997	0
273	74.638166259768894	-3.388825368633789	0
274	74.441956872078464	-6.3824021383495992	0
275	74.837738044416625	-3.4019059944798178	0
276	74.641528656726194	-6.395482764195628	0
277	76.234740536950653	-3.4934703754020191	0
278	76.038531149260237	-6.4870471451178293	0
279	76.434312321598384	-3.506551001248047	0
280	76.238102933907953	-6.5001277709638572	0
281	77.831314814132426	-3.5981153821702483	0
282	77.635105426441996	-6.5916921518860576	0
283	78.030886598780143	-3.6111960080162762	0
284	77.834677211089712	-6.6047727777320864	0
285	79.427889091314171	-3.7027603889384748	0
286	79.231679703623755	-6.6963371586542859	0
287	79.627460875961916	-3.7158410147845053	0
288	79.431251488271485	-6.7094177845003156	0
289	81.024463368495972	-3.8074053957067067	0
290	80.828253980805542	-6.800982165422516	0
291	92.387953251128678	38.268343236508976	0
292	92.387953251128678	-38.268343236508976	0
293	61.899911165021521	25.639782714241683	0
294	23.096988312782166	9.5670858091272439	0
295	60.976049145744916	25.257106536095922	0
296	61.899911132477008	-25.639782700761305	0
297	23.096988312782166	-9.5670858091272439	0
298	60.976049145744916	-25.257106536095922	0
299	66.200000000000003	0	0
300	66.799999999999997	0	0
301	61.160825052247176	-25.333643222568941	0
302	61.715152771753957	-25.563253281987997	0
303	61.160825052247176	25.333643222568941	0
304	61.715152771753942	25.56325328198799	0
305	46.995572351963595	-7.8070026584181678	0
306	58.39461203907566	-18.436779134132088	0
307	60.695541997276941	-12.425287231200892	0
308	63.23589923348726	-15.274545444129968	0
309	43.405389288371609	-1.4723654121112975	0
310	43.405389288371609	-4.5482909698816263	0
311	58.704896972339981	-1.2443946586032315	0
312	55.626747420159894	-2.8810758075619405	0
313	49.080261893056473	-1.6761055158990894	0
314	49.080261893056473	-4.4623255102401336	0
315	43.410496046984761	-4.5598062462659543	0
316	46.985426564276935	-7.797678414232788	0
317	58.707745823357108	-1.2350764867941977	0
318	58.367104851770911	-0.59442399635075671	0
319	58.714215144149016	-1.2472435096203562	0
320	63.778038701444729	-10.77091048967061	0
321	58.356980188545478	-0.58834048493767743	0
322	55.017360194204436	-0.58834048493767743	0
323	49.382566612182345	-5.2472647027510684	0
324	60.781606299294403	-15.877041178464991	0
325	48.211167309719393	-0.70000000000000029	0
326	44.311446359062536	-0.70000000000000007	0
327	63.784508022236636	-10.783077512496769	0
328	64.069818565546342	-11.319668602141691	0
329	60.697040298247508	-12.416909810438357	0
330	63.775189850427601	-10.780228661479644	0
331	55.623898569142767	-2.8903939793709741	0
332	60.687722126438473	-12.414060959421231	0
333	60.791684357441419	-15.886439119726051	0
334	61.074147779942074	-16.149840522489988	0
335	58.404350038779697	-18.436439075689115	0
336	60.781946357737382	-15.886779178169027	0
337	46.995232293520615	-7.7972646587141323	0
338	49.372828612478308	-5.2476047611940437	0
339	55.012239895915528	-0.59499933505082092	0
340	55.618894204206242	-2.8776516178447511	0
341	58.405974420662986	-18.444214407373121	0
342	60.452883411875284	-19.329972777458249	0
343	61.900137357392325	-19.326292461056472	0
344	62.669440052632332	-17.359480247052357	0
345	61.89073754591648	-19.33270908006876	0
346	60.466096767218581	-19.332709080068749	0
347	43.410635643606049	-1.4610091025587815	0
348	44.299310000998616	-0.70446630672303745	0
349	49.075682408040684	-1.664067653710575	0
350	48.222636797564661	-0.70514785935903612	0
351	62.666444422597436	-17.348920889342409	0
352	61.084692247696843	-16.15868223181818	0
353	49.08273397977613	-4.4756467591573239	0
354	49.37505549638918	-5.2361344860328263	0
355	63.775189850427601	10.780228661479644	0
356	60.697040298247508	12.416909810438357	0
357	55.626747420159894	2.8810758075619405	0
358	58.704896972339981	1.2443946586032315	0
359	48.222636797564661	0.70514785935902924	0
360	49.07568240804067	1.664067653710563	0
361	60.687722126438473	12.414060959421231	0
362	55.623898569142767	2.8903939793709741	0
363	55.618894204206242	2.8776516178447511	0
364	55.012239895915528	0.59499933505082314	0
365	55.017360194204436	0.58834048493767965	0
366	58.356980188545478	0.58834048493767743	0
367	64.071633549963764	11.332494268930187	0
368	63.241904119908327	15.272946049121142	0
369	63.23589923348726	15.274545444129968	0
370	60.695541997276941	12.425287231200892	0
371	82.083367070818724	7.3843194589703547	0
372	67.528377293144189	6.4303350277011697	0
373	67.789989810064753	2.4388993347467545	0
374	82.344979587739289	3.3928837660159408	0
375	67.613617910216064	5.0244678424557767	0
376	67.521952670085099	6.4230091491511825	0
377	82.351404210798378	3.4002096445659276	0
378	82.090692949368716	7.377894835911273	0
379	66.822637652470092	4.965719470837203	0
380	67.607193287156974	5.0171419639057895	0
381	67.690713320019313	3.8482191901596075	0
382	67.782663931514762	2.4453239578058366	0
383	66.898831806782439	3.8032213201501017	0
384	67.683387441469321	3.8546438132186895	0
385	58.367104851770911	0.59442399635075671	0
386	58.707745823357108	1.2350764867941977	0
387	58.714215144149016	1.2472435096203562	0
388	63.778038701444729	10.77091048967061	0
389	63.784508022236636	10.783077512496769	0
390	64.069818565546356	11.3196686021417	0
391	58.405974420662986	18.444214407373121	0
392	60.452883411875284	19.329972777458249	0
393	49.082733979776116	4.4756467591573195	0
394	49.375055496389173	5.2361344860328316	0
395	43.410496046984761	4.5598062462659597	0
396	46.985426564276935	7.7976784142327968	0
397	63.241904119908327	-15.272946049121142	0
398	64.071633549963749	-11.332494268930178	0
399	60.781946357737382	15.886779178169027	0
400	58.404350038779697	18.436439075689115	0
401	61.084692247696843	16.15868223181819	0
402	62.666444422597429	17.348920889342402	0
403	43.410635643606049	1.4610091025587775	0
404	44.299310000998616	0.70446630672304134	0
405	49.372828612478301	5.2476047611940491	0
406	46.995232293520615	7.7972646587141412	0
407	60.466096767218581	19.332709080068749	0
408	61.890737545916458	19.332709080068749	0
409	62.669440052632325	17.35948024705235	0
410	61.900137357392303	19.326292461056461	0
411	49.382566612182337	5.2472647027510737	0
412	60.781606299294403	15.877041178464991	0
413	61.074147779942074	16.149840522489999	0
414	60.791684357441419	15.886439119726051	0
415	58.39461203907566	18.436779134132088	0
416	46.995572351963595	7.8070026584181766	0
417	49.080261893056459	4.4623255102401291	0
418	49.080261893056459	1.6761055158990774	0
419	43.405389288371609	4.5482909698816316	0
420	43.405389288371609	1.4723654121112935	0
421	44.311446359062536	0.70000000000000395	0
422	48.211167309719393	0.69999999999999341	0
423	80.417285385507626	18.035174930693529	0
424	66.111335518334641	15.189544574999445	0
425	66.891696806399167	11.266403453386523	0
426	81.197646673572152	14.112033809080607	0
427	66.379349380568101	13.80683091158272	0
428	66.105922077848234	15.18144278877166	0
429	81.203060114058559	14.120135595308392	0
430	80.425387171735409	18.029761490207136	0
431	66.373935940081694	13.798729125354935	0
432	65.602804269824219	13.645341499262589	0
433	66.883595020171384	11.271816893872918	0
434	66.609316486141211	12.650708199845075	0
435	66.601214699913427	12.65612164033147	0
436	65.830083029655938	12.50273401423912	0
437	77.375241651366807	28.377443559057379	0
438	63.56311046328134	23.688856803282111	0
439	64.848868324493992	19.901136285301689	0
440	78.660999512579451	24.589723041076955	0
441	64.009311779186078	22.352955275835768	0
442	63.558800830835246	23.680117733185124	0
443	78.665309145025546	24.598462111173941	0
444	77.383980721463786	28.373133926611285	0
445	64.005002146739983	22.344216205738782	0
446	63.260488717588096	22.0914879514322	0
447	64.388215779593793	21.236740084792249	0
448	64.840129254397013	19.905445917747784	0
449	63.634963280344927	20.988321462931761	0
450	64.379476709496814	21.241049717238344	0
451	78.660999512579465	-24.589723041076944	0
452	64.848868324493992	-19.901136285301682	0
453	63.563110463281348	-23.688856803282107	0
454	77.375241651366821	-28.377443559057365	0
455	64.840129254397013	-19.905445917747777	0
456	64.389618306046188	-21.23260837509714	0
457	77.3839807214638	-28.373133926611271	0
458	78.66530914502556	-24.59846211117393	0
459	63.636365806797308	-20.984189753236652	0
460	64.380879235949209	-21.236918007543235	0
461	63.558800830835253	-23.680117733185121	0
462	64.010714305638473	-22.348823566140656	0
463	64.006404673192378	-22.340084496043669	0
464	63.261891244040484	-22.087356241737087	0
465	81.197646673572123	-14.112033809080607	0
466	66.891696806399167	-11.266403453386527	0
467	66.111335518334656	-15.189544574999449	0
468	80.417285385507626	-18.035174930693529	0
469	66.883595020171384	-11.271816893872922	0
470	66.610167717451517	-12.646428771061865	0
471	80.425387171735409	-18.029761490207136	0
472	81.20306011405853	-14.120135595308392	0
473	65.830934260966259	-12.49845458545591	0
474	66.602065931223734	-12.65184221154826	0
475	66.105922077848248	-15.181442788771664	0
476	66.380200611878408	-13.80255148279951	0
477	65.603655501134526	-13.641062070479375	0
478	66.374787171392001	-13.794449696571725	0
479	82.344979587739303	-3.3928837660159519	0
480	67.789989810064753	-2.4388993347467687	0
481	67.528377293144175	-6.4303350277011839	0
482	82.08336707081871	-7.3843194589703662	0
483	67.782663931514762	-2.4453239578058508	0
484	67.690998691383811	-3.8438652645012548	0
485	82.090692949368702	-7.3778948359112846	0
486	82.351404210798393	-3.4002096445659387	0
487	66.899117178146923	-3.7988673944917513	0
488	67.683672812833819	-3.8502898875603369	0
489	67.521952670085085	-6.4230091491511967	0
490	67.613903281580548	-5.0201139167974249	0
491	67.607478658521458	-5.0127880382474377	0
492	66.822923023834591	-4.9613655451788521	0
493	69.645358789728633	6.0680164902994527	0
494	68.262106798803657	5.9773533648681578	0
495	68.458316186494088	2.9837765951523472	0
496	69.841568177419063	3.0744397205836429	0
497	68.255682175744568	5.9700274863181706	0
498	68.450990307944096	2.9902012182114293	0
499	69.847992800478153	3.0817655991336297	0
500	69.652684668278624	6.061591867240371	0
501	71.241933066910391	6.172661497067681	0
502	69.85868107598543	6.0819983716363861	0
503	70.054890463675861	3.0884216019205755	0
504	71.438142454600822	3.1790847273518712	0
505	69.852256452926341	6.0746724930863989	0
506	70.047564585125869	3.0948462249796576	0
507	71.444567077659912	3.186410605901858	0
508	71.249258945460383	6.1662368740085993	0
509	71.455255353167203	6.1866433784046153	0
510	72.838507344092164	6.277306503835911	0
511	71.651464740857634	3.1930666086888047	0
512	73.034716731782595	3.2837297341201013	0
513	71.448830730108114	6.1793174998546281	0
514	71.644138862307642	3.1994912317478867	0
515	73.041141354841685	3.2910556126700881	0
516	72.845833222642156	6.2708818807768294	0
517	73.051829630348962	6.2912883851728445	0
518	74.435081621273923	6.3819515106041393	0
519	73.248039018039393	3.2977116154570338	0
520	74.631291008964354	3.3883747408883296	0
521	73.045405007289872	6.2839625066228573	0
522	73.240713139489401	3.3041362385161159	0
523	74.637715632023443	3.3957006194383164	0
524	74.442407499823915	6.3755268875450577	0
525	76.031655898455696	6.4865965173723685	0
526	74.648403907530735	6.3959333919410737	0
527	74.844613295221166	3.402356622225263	0
528	76.227865286146127	3.4930197476565588	0
529	74.641979284471645	6.3886075133910865	0
530	74.837287416671174	3.4087812452843451	0
531	76.234289909205216	3.5003456262065455	0
532	76.038981777005688	6.4801718943132869	0
533	77.628230175637455	6.5912415241405968	0
534	76.244978184712494	6.500578398709302	0
535	76.441187572402924	3.5070016289934913	0
536	77.824439563327886	3.5976647544247871	0
537	76.238553561653404	6.4932525201593148	0
538	76.433861693852933	3.5134262520525734	0
539	77.830864186386975	3.6049906329747738	0
540	77.635556054187447	6.5848169010815152	0
541	79.224804452819214	6.695886530908826	0
542	77.841552461894253	6.6052234054775303	0
543	78.037761849584683	3.6116466357617196	0
544	79.421013840509644	3.7023097611930162	0
545	77.835127838835163	6.5978975269275431	0
546	78.030435971034692	3.6180712588208017	0
547	79.427438463568734	3.709635639743003	0
548	79.232130331369206	6.6894619078497444	0
549	79.438126739076026	6.7098684122457604	0
550	80.821378730001001	6.8005315376770552	0
551	79.634336126766456	3.7162916425299497	0
552	81.017588117691432	3.8069547679612454	0
553	79.431702116016936	6.7025425336957731	0
554	79.627010248216465	3.7227162655890318	0
555	81.024012740750521	3.8142806465112322	0
556	80.828704608550993	6.7941069146179736	0
557	68.257498003804528	15.106647256661514	0
558	66.897913837954178	14.836209151580324	0
559	67.483184804002576	11.893853310370634	0
560	68.842768969852898	12.164291415451824	0
561	67.475083017774793	11.899266750857029	0
562	66.892500397467771	14.828107365352539	0
563	68.848182410339305	12.172393201679609	0
564	68.265599790032311	15.101233816175119	0
565	69.826754452449677	15.418791771887319	0
566	68.467170286599355	15.148353666806129	0
567	69.052441252647739	12.205997825596439	0
568	70.412025418498075	12.476435930677628	0
569	68.461756846112948	15.140251880578344	0
570	69.044339466419956	12.211411266082834	0
571	70.417438858984482	12.484537716905413	0
572	69.83485623867746	15.413378331400924	0
573	70.036426735244532	15.460498182031937	0
574	71.396010901094868	15.730936287113128	0
575	71.981281867143238	12.788580445903436	0
576	70.621697701292916	12.518142340822244	0
577	70.031013294758125	15.452396395804152	0
578	70.613595915065133	12.523555781308639	0
579	71.986695307629645	12.796682232131221	0
580	71.404112687322652	15.725522846626733	0
581	71.605683183889681	15.772642697257741	0
582	72.965267349740017	16.043080802338928	0
583	72.190954149938079	12.830286856048051	0
584	73.550538315788415	13.100724961129238	0
585	71.600269743403274	15.764540911029956	0
586	72.182852363710296	12.835700296534446	0
587	73.555951756274823	13.108826747357023	0
588	72.973369135967801	16.037667361852534	0
589	74.534523798385194	16.355225317564738	0
590	73.174939632534873	16.084787212483548	0
591	73.760210598583242	13.142431371273858	0
592	75.119794764433578	13.412869476355045	0
593	73.169526192048465	16.076685426255764	0
594	73.752108812355459	13.147844811760253	0
595	75.125208204919986	13.42097126258283	0
596	74.542625584612978	16.349811877078345	0
597	76.103780247030357	16.667369832790541	0
598	74.744196081180021	16.396931727709351	0
599	75.32946704722842	13.45457588649966	0
600	76.689051213078756	13.72501399158085	0
601	74.738782640693614	16.388829941481568	0
602	75.321365261000636	13.459989326986054	0
603	76.694464653565163	13.733115777808635	0
604	76.111882033258141	16.661956392304148	0
605	77.67303669567552	16.979514348016345	0
606	76.313452529825199	16.709076242935154	0
607	78.258307661723904	14.037158506806655	0
608	76.898723495873568	13.766720401725465	0
609	76.308039089338791	16.700974456707371	0
610	76.890621709645785	13.77213384221186	0
611	78.263721102210312	14.04526029303444	0
612	77.681138481903304	16.974100907529952	0
613	77.882708978470362	17.021220758160965	0
614	79.242293144320712	17.291658863242152	0
615	78.46797994451876	14.078864916951272	0
616	79.82756411036911	14.349303022032462	0
617	77.877295537983954	17.013118971933181	0
618	78.459878158290977	14.084278357437666	0
619	79.832977550855517	14.357404808260247	0
620	79.250394930548495	17.286245422755758	0
621	65.701732502481605	23.886799100108206	0
622	64.389079023731526	23.441213286334669	0
623	65.353397419641013	20.600422897849352	0
624	66.666050898391106	21.046008711622889	0
625	64.384769391285431	23.432474216237683	0
626	65.344658349544034	20.604732530295447	0
627	66.6703605308372	21.054747781719875	0
628	65.710471572578584	23.882489467662111	0
629	67.216820709673769	24.401102244593261	0
630	65.904167230923704	23.955516430819728	0
631	66.868485626833191	21.114726042334414	0
632	68.18113910558327	21.560311856107948	0
633	65.89985759847761	23.946777360722741	0
634	66.859746556736212	21.119035674780509	0
635	68.185448738029365	21.569050926204934	0
636	67.225559779770748	24.396792612147166	0
637	68.731908916865947	24.915405389078327	0
638	67.419255438115869	24.46981957530479	0
639	68.38357383402537	21.629029186819473	0
640	69.696227312775434	22.07461500059301	0
641	67.414945805669774	24.461080505207804	0
642	68.374834763928391	21.633338819265568	0
643	69.700536945221529	22.083354070689996	0
644	68.740647986962927	24.911095756632232	0
645	68.934343645308033	24.984122719789848	0
646	70.246997124058112	25.429708533563382	0
647	69.898662041217534	22.143332331304528	0
648	71.211315519967599	22.588918145078065	0
649	68.930034012861938	24.975383649692862	0
650	69.889922971120555	22.147641963750623	0
651	71.215625152413693	22.597657215175051	0
652	70.255736194155091	25.425398901117287	0
653	71.76208533125029	25.94401167804844	0
654	70.449431852500211	25.498425864274907	0
655	71.413750248409713	22.657635475789593	0
656	72.726403727159777	23.103221289563123	0
657	70.445122220054117	25.489686794177921	0
658	71.405011178312733	22.661945108235688	0
659	72.730713359605872	23.11196035966011	0
660	71.770824401347269	25.939702045602345	0
661	73.277173538442455	26.458314822533495	0
662	71.964520059692376	26.012729008759965	0
663	72.928838455601877	23.171938620274648	0
664	74.241491934351941	23.617524434048182	0
665	71.960210427246281	26.003989938662979	0
666	72.920099385504898	23.176248252720743	0
667	74.245801566798036	23.626263504145168	0
668	73.285912608539434	26.4540051900874	0
669	74.792261745634619	26.972617967018554	0
670	73.47960826688454	26.52703215324502	0
671	74.443926662794027	23.686241764759703	0
672	75.756580141544106	24.131827578533237	0
673	73.475298634438445	26.518293083148034	0
674	74.435187592697048	23.690551397205798	0
675	75.760889773990201	24.140566648630223	0
676	74.801000815731598	26.968308334572459	0
677	76.307349952826797	27.486921111503619	0
678	74.994696474076719	27.041335297730082	0
679	75.959014869986206	24.200544909244762	0
680	77.271668348736299	24.646130723018299	0
681	74.990386841630624	27.032596227633096	0
682	75.950275799889226	24.204854541690857	0
683	77.275977981182393	24.654869793115285	0
684	76.316089022923776	27.482611479057525	0
685	66.666050898391106	-21.046008711622875	0
686	65.353397419641013	-20.600422897849338	0
687	64.38907902373154	-23.441213286334655	0
688	65.701732502481619	-23.886799100108195	0
689	64.384769391285445	-23.432474216237669	0
690	65.344658349544034	-20.604732530295433	0
691	65.710471572578598	-23.882489467662101	0
692	66.6703605308372	-21.054747781719861	0
693	68.18113910558327	-21.560311856107933	0
694	66.868485626833191	-21.1147260423344	0
695	65.904167230923719	-23.955516430819717	0
696	67.216820709673783	-24.401102244593247	0
697	66.859746556736212	-21.119035674780495	0
698	65.899857598477624	-23.946777360722731	0
699	67.225559779770762	-24.396792612147152	0
700	68.185448738029365	-21.56905092620492	0
701	68.383573834025356	-21.629029186819459	0
702	69.696227312775434	-22.074615000592992	0
703	68.731908916865962	-24.915405389078312	0
704	67.419255438115883	-24.469819575304779	0
705	68.374834763928376	-21.633338819265553	0
706	67.414945805669788	-24.461080505207793	0
707	68.740647986962941	-24.911095756632218	0
708	69.700536945221529	-22.083354070689978	0
709	71.211315519967613	-22.588918145078051	0
710	69.898662041217534	-22.143332331304517	0
711	68.934343645308047	-24.984122719789831	0
712	70.246997124058112	-25.429708533563364	0
713	69.889922971120555	-22.147641963750612	0
714	68.930034012861952	-24.975383649692844	0
715	70.255736194155091	-25.425398901117269	0
716	71.215625152413708	-22.597657215175037	0
717	71.413750248409713	-22.657635475789576	0
718	72.726403727159777	-23.103221289563109	0
719	71.76208533125029	-25.944011678048426	0
720	70.449431852500226	-25.498425864274896	0
721	71.405011178312733	-22.66194510823567	0
722	70.445122220054131	-25.48968679417791	0
723	71.770824401347269	-25.939702045602331	0
724	72.730713359605872	-23.111960359660095	0
725	74.241491934351941	-23.617524434048164	0
726	72.928838455601863	-23.171938620274631	0
727	71.96452005969239	-26.012729008759948	0
728	73.277173538442455	-26.458314822533485	0
729	72.920099385504884	-23.176248252720725	0
730	71.960210427246295	-26.003989938662961	0
731	73.285912608539434	-26.45400519008739	0
732	74.245801566798036	-23.62626350414515	0
733	74.443926662794041	-23.686241764759689	0
734	75.756580141544106	-24.131827578533223	0
735	73.47960826688454	-26.527032153245006	0
736	74.792261745634619	-26.97261796701854	0
737	74.435187592697062	-23.690551397205784	0
738	73.475298634438445	-26.51829308314802	0
739	74.801000815731598	-26.968308334572445	0
740	75.760889773990201	-24.140566648630209	0
741	77.271668348736299	-24.646130723018288	0
742	75.959014869986206	-24.200544909244748	0
743	74.994696474076733	-27.041335297730065	0
744	76.307349952826797	-27.486921111503602	0
745	75.950275799889226	-24.204854541690842	0
746	74.990386841630638	-27.032596227633078	0
747	76.316089022923776	-27.482611479057507	0
748	77.275977981182393	-24.654869793115274	0
749	68.842768969852912	-12.164291415451821	0
750	67.483184804002576	-11.893853310370627	0
751	66.897913837954178	-14.836209151580318	0
752	68.257498003804528	-15.10664725666151	0
753	66.892500397467771	-14.828107365352533	0
754	67.475083017774793	-11.899266750857022	0
755	68.265599790032311	-15.101233816175116	0
756	68.848182410339319	-12.172393201679606	0
757	70.412025418498075	-12.476435930677624	0
758	69.052441252647753	-12.205997825596434	0
759	68.467170286599355	-15.148353666806129	0
760	69.826754452449691	-15.418791771887314	0
761	69.04433946641997	-12.211411266082829	0
762	68.461756846112948	-15.140251880578344	0
763	69.834856238677474	-15.413378331400919	0
764	70.417438858984482	-12.484537716905409	0
765	71.981281867143252	-12.788580445903428	0
766	70.621697701292916	-12.518142340822244	0
767	71.396010901094854	-15.730936287113122	0
768	70.036426735244532	-15.460498182031934	0
769	70.613595915065133	-12.523555781308639	0
770	70.031013294758125	-15.452396395804149	0
771	71.404112687322637	-15.725522846626728	0
772	71.98669530762966	-12.796682232131213	0
773	73.550538315788415	-13.100724961129234	0
774	72.190954149938079	-12.830286856048046	0
775	72.965267349740017	-16.043080802338928	0
776	71.605683183889695	-15.772642697257737	0
777	72.182852363710296	-12.835700296534441	0
778	71.600269743403288	-15.764540911029952	0
779	72.973369135967801	-16.037667361852534	0
780	73.555951756274823	-13.108826747357019	0
781	75.119794764433593	-13.412869476355041	0
782	73.760210598583257	-13.142431371273851	0
783	73.174939632534873	-16.08478721248354	0
784	74.534523798385194	-16.355225317564731	0
785	73.752108812355473	-13.147844811760246	0
786	73.169526192048465	-16.076685426255757	0
787	74.542625584612978	-16.349811877078338	0
788	75.12520820492	-13.420971262582826	0
789	76.689051213078756	-13.725013991580845	0
790	75.32946704722842	-13.454575886499654	0
791	74.744196081180036	-16.396931727709351	0
792	76.103780247030357	-16.667369832790538	0
793	75.321365261000636	-13.459989326986049	0
794	74.738782640693628	-16.388829941481568	0
795	76.111882033258141	-16.661956392304145	0
796	76.694464653565163	-13.73311577780863	0
797	78.258307661723919	-14.037158506806646	0
798	76.898723495873583	-13.766720401725461	0
799	76.313452529825184	-16.709076242935151	0
800	77.67303669567552	-16.979514348016341	0
801	76.890621709645799	-13.772133842211856	0
802	76.308039089338777	-16.700974456707367	0
803	77.681138481903304	-16.974100907529948	0
804	78.263721102210326	-14.045260293034431	0
805	79.827564110369096	-14.349303022032458	0
806	78.46797994451876	-14.078864916951266	0
807	77.882708978470362	-17.021220758160958	0
808	79.242293144320712	-17.291658863242148	0
809	78.459878158290977	-14.084278357437661	0
810	77.877295537983954	-17.013118971933174	0
811	79.250394930548495	-17.286245422755755	0
812	79.832977550855503	-14.357404808260243	0
813	69.841568177419063	-3.0744397205836509	0
814	68.458316186494088	-2.9837765951523534	0
815	68.262106798803657	-5.9773533648681632	0
816	69.645358789728633	-6.0680164902994598	0
817	68.255682175744568	-5.9700274863181759	0
818	68.450990307944096	-2.9902012182114355	0
819	69.652684668278624	-6.0615918672403781	0
820	69.847992800478153	-3.0817655991336377	0
821	71.438142454600822	-3.1790847273518783	0
822	70.054890463675846	-3.0884216019205843	0
823	69.85868107598543	-6.081998371636395	0
824	71.241933066910391	-6.1726614970676881	0
825	70.047564585125855	-3.0948462249796664	0
826	69.852256452926341	-6.0746724930864078	0
827	71.249258945460383	-6.1662368740086064	0
828	71.444567077659912	-3.1864106059018651	0
829	71.651464740857634	-3.1930666086888135	0
830	73.034716731782595	-3.2837297341201075	0
831	71.455255353167203	-6.1866433784046242	0
832	72.838507344092164	-6.2773065038359164	0
833	71.644138862307642	-3.1994912317478956	0
834	71.448830730108114	-6.179317499854637	0
835	72.845833222642156	-6.2708818807768347	0
836	73.041141354841685	-3.2910556126700943	0
837	74.631291008964354	-3.3883747408883367	0
838	73.248039018039393	-3.2977116154570401	0
839	73.051829630348962	-6.2912883851728525	0
840	74.435081621273923	-6.3819515106041464	0
841	73.240713139489401	-3.3041362385161221	0
842	73.045405007289872	-6.2839625066228653	0
843	74.442407499823915	-6.3755268875450648	0
844	74.637715632023443	-3.3957006194383235	0
845	76.227865286146113	-3.4930197476565668	0
846	74.844613295221166	-3.4023566222252701	0
847	76.031655898455696	-6.4865965173723765	0
848	74.648403907530735	-6.3959333919410808	0
849	74.837287416671174	-3.4087812452843522	0
850	74.641979284471645	-6.3886075133910936	0
851	76.038981777005688	-6.4801718943132949	0
852	76.234289909205202	-3.5003456262065535	0
853	77.824439563327886	-3.5976647544247959	0
854	76.441187572402924	-3.5070016289934993	0
855	76.244978184712494	-6.50057839870931	0
856	77.628230175637455	-6.5912415241406048	0
857	76.433861693852933	-3.5134262520525814	0
858	76.238553561653404	-6.4932525201593227	0
859	77.635556054187447	-6.5848169010815232	0
860	77.830864186386975	-3.6049906329747827	0
861	79.42101384050963	-3.7023097611930225	0
862	78.037761849584683	-3.6116466357617285	0
863	77.841552461894253	-6.6052234054775392	0
864	79.224804452819214	-6.6958865309088331	0
865	78.030435971034692	-3.6180712588208106	0
866	77.835127838835163	-6.5978975269275519	0
867	79.232130331369206	-6.6894619078497515	0
868	79.42743846356872	-3.7096356397430092	0
869	81.017588117691432	-3.8069547679612543	0
870	79.634336126766456	-3.7162916425299577	0
871	79.438126739076026	-6.7098684122457684	0
872	80.821378730001001	-6.8005315376770632	0
873	79.627010248216465	-3.7227162655890398	0
874	79.431702116016936	-6.7025425336957811	0
875	80.828704608550993	-6.7941069146179816	0
876	81.024012740750521	-3.8142806465112411	0
877	60.233322462745647	24.949459070861241	0
878	59.490595779746378	24.641811605626561	0
879	58.74786909674711	24.334164140391881	0
880	58.005142413747841	24.0265166751572	0
881	57.262415730748572	23.718869209922524	0
882	56.519689047749296	23.411221744687843	0
883	55.776962364750027	23.103574279453163	0
884	55.034235681750758	22.795926814218483	0
885	54.291508998751489	22.488279348983802	0
886	53.54878231575222	22.180631883749122	0
887	52.806055632752951	21.872984418514442	0
888	52.063328949753682	21.565336953279761	0
889	51.320602266754413	21.257689488045081	0
890	50.577875583755144	20.950042022810401	0
891	49.835148900755868	20.64239455757572	0
892	49.092422217756607	20.334747092341043	0
893	48.349695534757331	20.027099627106363	0
894	47.606968851758062	19.719452161871683	0
895	46.864242168758793	19.411804696637002	0
896	46.121515485759524	19.104157231402322	0
897	45.378788802760255	18.796509766167642	0
898	44.636062119760986	18.488862300932965	0
899	43.893335436761717	18.181214835698281	0
900	43.150608753762441	17.873567370463604	0
901	42.407882070763179	17.565919905228924	0
902	41.665155387763903	17.258272439994244	0
903	40.922428704764641	16.950624974759563	0
904	40.179702021765365	16.642977509524883	0
905	39.436975338766096	16.335330044290203	0
906	38.694248655766827	16.027682579055522	0
907	37.951521972767559	15.720035113820844	0
908	37.20879528976829	15.412387648586163	0
909	36.466068606769021	15.104740183351483	0
910	35.723341923769752	14.797092718116803	0
911	34.980615240770476	14.489445252882122	0
912	34.237888557771214	14.181797787647444	0
913	33.495161874771938	13.874150322412763	0
914	32.752435191772676	13.566502857178083	0
915	32.0097085087734	13.258855391943403	0
916	31.266981825774131	12.951207926708724	0
917	30.524255142774862	12.643560461474044	0
918	29.781528459775593	12.335912996239363	0
919	29.038801776776324	12.028265531004685	0
920	28.296075093777056	11.720618065770005	0
921	27.553348410777787	11.412970600535322	0
922	26.810621727778511	11.105323135300642	0
923	26.067895044779242	10.797675670065964	0
924	25.325168361779973	10.490028204831283	0
925	24.582441678780704	10.182380739596603	0
926	23.839714995781435	9.8747332743619243	0
927	91.904016075158722	38.067889894885688	0
928	91.420078899188766	37.867436553262394	0
929	90.93614172321881	37.666983211639106	0
930	90.452204547248854	37.466529870015812	0
931	89.968267371278898	37.266076528392524	0
932	89.484330195308942	37.065623186769237	0
933	89.000393019339	36.865169845145942	0
934	88.516455843369044	36.664716503522655	0
935	88.032518667399088	36.46426316189936	0
936	87.548581491429132	36.263809820276073	0
937	87.064644315459176	36.063356478652778	0
938	86.58070713948922	35.862903137029491	0
939	86.096769963519264	35.662449795406204	0
940	85.612832787549308	35.461996453782909	0
941	85.128895611579352	35.261543112159622	0
942	84.644958435609396	35.061089770536327	0
943	84.16102125963944	34.86063642891304	0
944	83.677084083669484	34.660183087289752	0
945	83.193146907699543	34.459729745666458	0
946	82.709209731729587	34.25927640404317	0
947	82.225272555759631	34.058823062419876	0
948	81.741335379789675	33.858369720796588	0
949	81.257398203819719	33.657916379173301	0
950	80.773461027849763	33.457463037550006	0
951	80.289523851879807	33.257009695926719	0
952	79.805586675909851	33.056556354303424	0
953	79.321649499939895	32.856103012680137	0
954	78.837712323969939	32.65564967105685	0
955	78.353775147999983	32.455196329433555	0
956	77.869837972030027	32.254742987810268	0
957	77.385900796060071	32.054289646186973	0
958	76.901963620090129	31.853836304563686	0
959	76.418026444120173	31.653382962940395	0
960	75.934089268150217	31.452929621317104	0
961	75.450152092180261	31.252476279693813	0
962	74.966214916210305	31.052022938070522	0
963	74.482277740240349	30.851569596447231	0
964	73.998340564270393	30.651116254823943	0
965	73.514403388300437	30.450662913200652	0
966	73.030466212330481	30.250209571577361	0
967	72.546529036360525	30.04975622995407	0
968	72.062591860390569	29.849302888330779	0
969	71.578654684420627	29.648849546707488	0
970	71.094717508450657	29.448396205084201	0
971	70.610780332480715	29.247942863460906	0
972	70.126843156510759	29.047489521837619	0
973	69.642905980540803	28.847036180214332	0
974	69.158968804570847	28.646582838591037	0
975	68.675031628600891	28.44612949696775	0
976	68.191094452630935	28.245676155344455	0
977	67.707157276660979	28.045222813721168	0
978	67.223220100691023	27.844769472097877	0
979	66.739282924721067	27.644316130474586	0
980	66.255345748751111	27.443862788851298	0
981	65.771408572781155	27.243409447228004	0
982	65.287471396811213	27.042956105604716	0
983	64.803534220841243	26.842502763981425	0
984	64.319597044871301	26.642049422358134	0
985	63.835659868901345	26.441596080734847	0
986	63.351722692931389	26.241142739111552	0
987	62.867785516961433	26.040689397488265	0
988	62.383848340991477	25.840236055864974	0
989	60.233322462745647	-24.949459070861241	0
990	59.490595779746378	-24.641811605626561	0
991	58.74786909674711	-24.334164140391881	0
992	58.005142413747841	-24.0265166751572	0
993	57.262415730748572	-23.718869209922524	0
994	56.519689047749296	-23.411221744687843	0
995	55.776962364750027	-23.103574279453163	0
996	55.034235681750758	-22.795926814218483	0
997	54.291508998751489	-22.488279348983802	0
998	53.54878231575222	-22.180631883749122	0
999	52.806055632752951	-21.872984418514442	0
1000	52.063328949753682	-21.565336953279761	0
1001	51.320602266754413	-21.257689488045081	0
1002	50.577875583755144	-20.950042022810401	0
1003	49.835148900755868	-20.64239455757572	0
1004	49.092422217756607	-20.334747092341043	0
1005	48.349695534757331	-20.027099627106363	0
1006	47.606968851758062	-19.719452161871683	0
1007	46.864242168758793	-19.411804696637002	0
1008	46.121515485759524	-19.104157231402322	0
1009	45.378788802760255	-18.796509766167642	0
1010	44.636062119760986	-18.488862300932965	0
1011	43.893335436761717	-18.181214835698281	0
1012	43.150608753762441	-17.873567370463604	0
1013	42.407882070763179	-17.565919905228924	0
1014	41.665155387763903	-17.258272439994244	0
1015	40.922428704764641	-16.950624974759563	0
1016	40.179702021765365	-16.642977509524883	0
1017	39.436975338766096	-16.335330044290203	0
1018	38.694248655766827	-16.027682579055522	0
1019	37.951521972767559	-15.720035113820844	0
1020	37.20879528976829	-15.412387648586163	0
1021	36.466068606769021	-15.104740183351483	0
1022	35.723341923769752	-14.797092718116803	0
1023	34.980615240770476	-14.489445252882122	0
1024	34.237888557771214	-14.181797787647444	0
1025	33.495161874771938	-13.874150322412763	0
1026	32.752435191772676	-13.566502857178083	0
1027	32.0097085087734	-13.258855391943403	0
1028	31.266981825774131	-12.951207926708724	0
1029	30.524255142774862	-12.643560461474044	0
1030	29.781528459775593	-12.335912996239363	0
1031	29.038801776776324	-12.028265531004685	0
1032	28.296075093777056	-11.720618065770005	0
1033	27.553348410777787	-11.412970600535322	0
1034	26.810621727778511	-11.105323135300642	0
1035	26.067895044779242	-10.797675670065964	0
1036	25.325168361779973	-10.490028204831283	0
1037	24.582441678780704	-10.182380739596603	0
1038	23.839714995781435	-9.8747332743619243	0
1039	91.904016074642144	-38.067889894671708	0
1040	91.420078898155609	-37.867436552834448	0
1041	90.936141721669074	-37.666983210997181	0
1042	90.452204545182539	-37.46652986915992	0
1043	89.968267368696004	-37.266076527322653	0
1044	89.48433019220947	-37.065623185485386	0
1045	89.000393015722935	-36.865169843648125	0
1046	88.5164558392364	-36.664716501810858	0
1047	88.032518662749865	-36.464263159973598	0
1048	87.54858148626333	-36.26380981813633	0
1049	87.064644309776796	-36.063356476299063	0
1050	86.580707133290261	-35.862903134461803	0
1051	86.096769956803726	-35.662449792624535	0
1052	85.612832780317191	-35.461996450787268	0
1053	85.128895603830657	-35.261543108950008	0
1054	84.644958427344122	-35.06108976711274	0
1055	84.161021250857587	-34.86063642527548	0
1056	83.677084074371066	-34.660183083438213	0
1057	83.193146897884517	-34.459729741600945	0
1058	82.709209721397997	-34.259276399763685	0
1059	82.225272544911462	-34.058823057926418	0
1060	81.741335368424927	-33.858369716089157	0
1061	81.257398191938393	-33.65791637425189	0
1062	80.773461015451858	-33.457463032414623	0
1063	80.289523838965323	-33.257009690577362	0
1064	79.805586662478788	-33.056556348740095	0
1065	79.321649485992253	-32.856103006902828	0
1066	78.837712309505719	-32.655649665065567	0
1067	78.353775133019184	-32.4551963232283	0
1068	77.869837956532649	-32.25474298139104	0
1069	77.385900780046114	-32.054289639553772	0
1070	76.901963603559579	-31.853836297716509	0
1071	76.418026427073045	-31.653382955879245	0
1072	75.93408925058651	-31.452929614041977	0
1073	75.450152074099975	-31.252476272204714	0
1074	74.96621489761344	-31.05202293036745	0
1075	74.482277721126906	-30.851569588530186	0
1076	73.998340544640371	-30.651116246692922	0
1077	73.514403368153836	-30.450662904855655	0
1078	73.030466191667301	-30.250209563018391	0
1079	72.546529015180766	-30.049756221181127	0
1080	72.062591838694232	-29.84930287934386	0
1081	71.578654662207697	-29.648849537506599	0
1082	71.094717485721162	-29.448396195669332	0
1083	70.610780309234627	-29.247942853832068	0
1084	70.126843132748093	-29.047489511994804	0
1085	69.642905956261558	-28.847036170157537	0
1086	69.158968779775023	-28.646582828320273	0
1087	68.675031603288488	-28.446129486483009	0
1088	68.191094426801953	-28.245676144645746	0
1089	67.707157250315419	-28.045222802808482	0
1090	67.223220073828884	-27.844769460971214	0
1091	66.739282897342349	-27.644316119133951	0
1092	66.255345720855814	-27.443862777296687	0
1093	65.77140854436928	-27.243409435459423	0
1094	65.287471367882745	-27.042956093622159	0
1095	64.80353419139621	-26.842502751784892	0
1096	64.319597014909675	-26.642049409947628	0
1097	63.835659838423148	-26.441596068110364	0
1098	63.351722661936613	-26.2411427262731	0
1099	62.867785485450071	-26.040689384435836	0
1100	62.383848308963543	-25.840236042598569	0
1101	60.982414678338017	-25.259743226027712	0
1102	61.154459519654075	-25.331006532637151	0
1103	61.721518304347057	-25.565889971919788	0
1104	61.893545599883907	-25.637146010829515	0
1105	60.982414678338017	25.259743226027712	0
1106	61.154459519654075	25.331006532637151	0
1107	61.721518304347043	25.565889971919781	0
1108	61.89354563242842	25.637146024309892	0
1109	99.985424496927905	1.7073043574974718	0
1110	99.941702236617402	3.4141110185967891	0
1111	99.86884596454729	5.1199224319833059	0
1112	99.766876919053914	6.8242413364670966	0
1113	99.635824825139991	8.5265709059396002	0
1114	99.475727885809476	10.226414894203423	0
1115	99.286632770930993	11.923277779633105	0
1116	99.068594603633073	13.616664909624657	0
1117	98.821676944235278	15.306082644791768	0
1118	98.545951771719672	16.991038502866662	0
1119	98.241499462748237	18.671041302263621	0
1120	97.908408768232263	20.345601305263372	0
1121	97.546776787460587	22.014230360776555	0
1122	97.156708939794115	23.676442046644667	0
1123	96.738318933935119	25.331751811437034	0
1124	96.291728734779909	26.979677115702415	0
1125	95.817068527864862	28.619737572634115	0
1126	95.314476681416053	30.251455088107566	0
1127	94.784099706013535	31.874354000049571	0
1128	94.226092211882019	33.487961217098601	0
1129	93.64061686382037	35.091806356515676	0
1130	93.027844333783293	36.685421881305643	0
1131	93.027844333783307	-36.685421881305651	0
1132	93.640616863820384	-35.091806356515683	0
1133	94.226092211882033	-33.487961217098615	0
1134	94.784099706013563	-31.874354000049586	0
1135	95.314476681416068	-30.251455088107576	0
1136	95.817068527864862	-28.619737572634126	0
1137	96.291728734779909	-26.979677115702422	0
1138	96.738318933935133	-25.331751811437037	0
1139	97.156708939794129	-23.676442046644667	0
1140	97.546776787460587	-22.014230360776555	0
1141	97.908408768232263	-20.345601305263372	0
1142	98.241499462748223	-18.671041302263621	0
1143	98.545951771719643	-16.991038502866658	0
1144	98.821676944235236	-15.306082644791765	0
1145	99.068594603633031	-13.616664909624653	0
1146	99.286632770930936	-11.9232777796331	0
1147	99.47572788580942	-10.226414894203417	0
1148	99.635824825139935	-8.5265709059395949	0
1149	99.766876919053857	-6.8242413364670922	0
1150	99.868845964547234	-5.1199224319833023	0
1151	99.941702236617346	-3.4141110185967865	0
1152	99.985424496927834	-1.7073043574974696	0
1153	66.800214134055224	5.1702276929596636	0
1154	66.784037151652711	5.3751378781755514	0
1155	66.76723160671375	5.5799974701505546	0
1156	66.749797657409999	5.7848045407719919	0
1157	66.731735467827605	5.9895571624215078	0
1158	66.713045207965607	6.1942534079932114	0
1159	66.693727053734378	6.3988913509118186	0
1160	66.67378118695396	6.6034690651507795	0
1161	66.653207795352344	6.8079846252504126	0
1162	66.632007072563695	7.012436106336021	0
1163	66.610179218126547	7.2168215841360119	0
1164	66.58772443748191	7.4211391350000069	0
1165	66.564642941971357	7.6253868359169488	0
1166	66.540934948835016	7.8295627645331978	0
1167	66.516600681209525	8.0336649991706253	0
1168	66.491640368125971	8.2376916188447034	0
1169	66.466054244507646	8.4416407032825802	0
1170	66.439842551167942	8.6455103329411607	0
1171	66.413005534808022	8.8492985890251603	0
1172	66.385543448014488	9.053003553505178	0
1173	66.357456549257051	9.2566233091357404	0
1174	66.328745102886074	9.4601559394733528	0
1175	66.299409379130054	9.663599528894526	0
1176	66.269449654093137	9.8669521626138206	0
1177	66.238866209752473	10.070211926701855	0
1178	66.207659333955618	10.273376908103327	0
1179	66.175829320417733	10.476445194655017	0
1180	66.143376468718898	10.679414875103785	0
1181	66.110301084301284	10.882284039124556	0
1182	66.076603478466211	11.08505077733831	0
1183	66.042283968371336	11.287713181330041	0
1184	66.00734287702754	11.490269343666725	0
1185	65.971780533295984	11.692717357915271	0
1186	65.935597271884987	11.895055318660464	0
1187	65.898793433346825	12.0972813215229	0
1188	65.861369364074605	12.299393463176905	0
1189	65.553878908206542	13.845173268719728	0
1190	65.511094175907701	14.046218898980566	0
1191	65.46769286225512	14.247132324958253	0
1192	65.423675375736508	14.447911655680924	0
1193	65.379042130638894	14.648555001438805	0
1194	65.333793547044763	14.849060473801991	0
1195	65.287930050828081	15.049426185638229	0
1196	65.241452073650294	15.249650251130671	0
1197	65.19436005295627	15.449730785795627	0
1198	65.146654431970191	15.649665906500303	0
1199	65.098335659691358	15.849453731480521	0
1200	65.049404190889959	16.049092380358431	0
1201	64.999860486102818	16.248579974160208	0
1202	64.949705011629035	16.447914635333746	0
1203	64.89893823952562	16.647094487766317	0
1204	64.847560647603061	16.846117656802235	0
1205	64.795572719420761	17.044982269260487	0
1206	64.742974944282551	17.243686453452391	0
1207	64.689767817232095	17.44222833919919	0
1208	64.635951839048147	17.640606057849659	0
1209	64.581527516239916	17.838817742297692	0
1210	64.526495361042294	18.036861526999878	0
1211	64.470855891410977	18.234735547993047	0
1212	64.414609631017669	18.432437942911839	0
1213	64.357757109245057	18.629966851006209	0
1214	64.300298861181943	18.827320413158951	0
1215	64.242235427618098	19.024496771903188	0
1216	64.183567355039273	19.221494071439871	0
1217	64.124295195621968	19.418310457655217	0
1218	64.06441950722828	19.614944078138187	0
1219	64.00394085340065	19.81139308219791	0
1220	63.942859803356548	20.007655620881096	0
1221	63.881176931983127	20.203729846989447	0
1222	63.818892819831802	20.399613915097042	0
1223	63.756008053112794	20.595305981567698	0
1224	63.692523223689605	20.790804204572332	0
1225	63.139215516951616	22.415156327767601	0
1226	63.022787733877138	22.740443372499723	0
1227	62.904684113028431	23.065125717083809	0
1228	62.784907794903056	23.389194727880156	0
1229	62.663461964477321	23.71264178755824	0
1230	62.540349851121597	24.03545829532586	0
1231	62.415574728514436	24.35763566715784	0
1232	62.289139914555541	24.679165336024298	0
1233	62.161048771277528	25.000038752118439	0
1234	62.031304704756508	25.32024738308391	0
1235	63.693911080808867	-20.786667682163642	0
1236	63.757381226461121	-20.591164691555438	0
1237	63.820251295110026	-20.395467902634536	0
1238	63.882520695030927	-20.199579157272886	0
1239	63.94418884015257	-20.003500299149106	0
1240	64.005255150062652	-19.807233173731127	0
1241	64.065719050013229	-19.610779628258829	0
1242	64.125579970926196	-19.414141511726651	0
1243	64.184837349398578	-19.217320674866194	0
1244	64.243490627707871	-19.020318970128795	0
1245	64.30153925381731	-18.823138251668091	0
1246	64.358982681380979	-18.625780375322581	0
1247	64.415820369749042	-18.428247198598143	0
1248	64.472051783972773	-18.230540580650562	0
1249	64.527676394809646	-18.032662382268033	0
1250	64.582693678728305	-17.834614465853633	0
1251	64.637103117913426	-17.636398695407809	0
1252	64.690904200270666	-17.438016936510827	0
1253	64.744096419431429	-17.239471056305209	0
1254	64.796679274757707	-17.040762923478173	0
1255	64.848652271346708	-16.841894408244031	0
1256	64.900014920035545	-16.6428673823266	0
1257	64.950766737405843	-16.443683718941564	0
1258	65.000907245788312	-16.244345292778878	0
1259	65.050435973267213	-16.044853979985085	0
1260	65.099352453684787	-15.845211658145683	0
1261	65.147656226645694	-15.645420206267449	0
1262	65.195346837521271	-15.445481504760751	0
1263	65.242423837453913	-15.245397435421852	0
1264	65.288886783361193	-15.045169881415195	0
1265	65.334735237940095	-14.844800727255681	0
1266	65.379968769671081	-14.644291858790934	0
1267	65.424586952822239	-14.443645163183554	0
1268	65.468589367453205	-14.242862528893344	0
1269	65.511975599419145	-14.04194584565955	0
1270	65.554745240374643	-13.840897004483066	0
1271	65.862205421634542	-12.295111177294627	0
1272	65.899614308825107	-12.092996225173268	0
1273	65.93640295709352	-11.890767458499388	0
1274	65.97257102019006	-11.68842678062245	0
1275	66.00811815770588	-11.485976095945203	0
1276	66.043044035076193	-11.28341730990577	0
1277	66.077348323583422	-11.08075232895971	0
1278	66.111030700360303	-10.877983060562066	0
1279	66.144090848392906	-10.67511141314943	0
1280	66.176528456523656	-10.472139296121966	0
1281	66.208343219454221	-10.269068619825445	0
1282	66.239534837748423	-10.065901295533266	0
1283	66.270103017835012	-9.8626392354284604	0
1284	66.300047472010448	-9.6592843525857077	0
1285	66.329367918441648	-9.4558385609533175	0
1286	66.358064081168578	-9.2523037753352213	0
1287	66.386135690106897	-9.0486819113729506	0
1288	66.41358248105044	-8.8449748855276056	0
1289	66.440404195673793	-8.6411846150618192	0
1290	66.466600581534635	-8.43731301802171	0
1291	66.492171392076173	-8.2333620132188319	0
1292	66.517116386629453	-8.0293335202121145	0
1293	66.541435330415581	-7.8252294592897957	0
1294	66.565127994548007	-7.6210517514513461	0
1295	66.588194156034618	-7.4168023183893936	0
1296	66.610633597779838	-7.2124830824716328	0
1297	66.632446108586734	-7.0080959667227338	0
1298	66.653631483158932	-6.8036428948062424	0
1299	66.674189522102608	-6.5991257910064736	0
1300	66.694120031928293	-6.3945465802104033	0
1301	66.71342282505276	-6.1899071878895491	0
1302	66.732097719800777	-5.9852095400818479	0
1303	66.750144540406779	-5.7804555633735317	0
1304	66.767563117016579	-5.5756471848809914	0
1305	66.784353285688894	-5.3707863322326395	0
1306	66.800514888396975	-5.165874933550767	0
1307	66.99993973022606	0.0018409600800310955	0
1308	66.999898512937534	0.0030998508801864944	0
1309	66.899799598478069	-3.6628968484478102	0
1310	66.907082714366766	-3.5273618977097221	0
1311	66.914091245118769	-3.3918124707639676	0
1312	66.920825161971237	-3.2562491239018896	0
1313	66.927284437288364	-3.1206724134719575	0
1314	66.933469044561434	-2.9850828958774844	0
1315	66.939378958408994	-2.8494811275743444	0
1316	66.94501415457691	-2.7138676650686873	0
1317	66.950374609938464	-2.5782430649146564	0
1318	66.955460302494501	-2.4426078837121032	0
1319	66.960271211373481	-2.3069626781043038	0
1320	66.964807316831539	-2.1713080047756734	0
1321	66.969068600252626	-2.0356444204494837	0
1322	66.973055044148538	-1.8999724818855757	0
1323	66.976766632159027	-1.7642927458780771	0
1324	66.980203349051806	-1.6286057692531153	0
1325	66.9833651807227	-1.4929121088665336	0
1326	66.986252114195622	-1.3572123216016045	0
1327	66.988864137622684	-1.221506964366746	0
1328	66.991201240284198	-1.0857965940932344	0
1329	66.99326341258876	-0.95008176773291975	0
1330	66.995050646073267	-0.81436304225593947	0
1331	66.996562933402956	-0.6786409746484332	0
1332	66.997800268371435	-0.54291612191025618	0
1333	66.998762645900726	-0.40718904105269427	0
1334	66.999450062041248	-0.27146028909617703	0
1335	66.999862513971863	-0.1357304230679923	0
1336	24.996356124231976	0.42682608937436795	0
1337	24.985425559154351	0.85352775464919728	0
1338	24.967211491136823	1.2799806079958265	0
1339	24.941719229763478	1.7060603341167744	0
1340	24.908956206284998	2.1316427264849001	0
1341	24.868931971452369	2.5566037235508556	0
1342	24.821658192732748	2.9808194449082763	0
1343	24.767148650908268	3.4041662274061641	0
1344	24.70541923605882	3.8265206611979421	0
1345	24.636487942929918	4.2477596257166654	0
1346	24.560374865687059	4.6677603255659053	0
1347	24.477102192058066	5.086400326315843	0
1348	24.386694196865147	5.5035575901941387	0
1349	24.289177234948529	5.9191105116611666	0
1350	24.18457973348378	6.3329379528592584	0
1351	24.072932183694977	6.7449192789256038	0
1352	23.954267131966215	7.1549343931585287	0
1353	23.828619170354013	7.5628637720268914	0
1354	23.696024926503384	7.9685885000123928	0
1355	23.556523052970505	8.3719903042746502	0
1356	23.410154215955092	8.7729515891289171	0
1357	23.256961083445823	9.1713554703264091	0
1358	65.998990477723495	0.36504235557498677	0
1359	65.995961941776869	0.73007354392603951	0
1360	65.990914484807817	1.0950823981708475	0
1361	65.983848261226058	1.4600577521103353	0
1362	65.974763487198558	1.8249884405702552	0
1363	65.96366044064294	2.1898632997427474	0
1364	65.950539461219009	2.5546711675278577	0
1365	65.935400950318282	2.9194008838750052	0
1366	65.91824537105181	3.2840412911243853	0
1367	65.899073248235936	3.6485812343483	0
1368	65.877885168376267	4.0130095616924049	0
1369	65.854681779649724	4.3773151247168629	0
1370	65.82946379188472	4.7414867787373902	0
1371	65.802231976539474	5.1055133831661932	0
1372	65.772987166678334	5.4693838018527741	0
1373	65.741730256946369	5.833086903424606	0
1374	65.70846220354197	6.1966115616276554	0
1375	65.673184024187577	6.5599466556667565	0
1376	65.635896798098599	6.9230810705458081	0
1377	65.596601665950345	7.2860036974078062	0
1378	65.55529982984315	7.6487034338746751	0
1379	65.511992553265628	8.0111691843869117	0
1380	65.466681161055945	8.3733898605430106	0
1381	65.419367039361376	8.7353543814386825	0
1382	65.370051635595857	9.0970516740058329	0
1383	65.318736458395719	9.458470673351302	0
1384	65.265423077573516	9.819600323095365	0
1385	65.21011312407002	10.180429575709956	0
1386	65.152808289904343	10.540947392856635	0
1387	65.093510328122122	10.901142745724266	0
1388	65.03222105274196	11.261004615366407	0
1389	64.968942338699875	11.620521993038393	0
1390	64.90367612179196	11.979683880534118	0
1391	64.836424398615208	12.338479290522484	0
1392	64.767189226506346	12.696897246883514	0
1393	64.695972723478974	13.054926785044144	0
1394	64.622777068158726	13.412556952313631	0
1395	64.54760449971667	13.769776808218625	0
1396	64.470457317800737	14.126575424837847	0
1397	64.39133788246545	14.4829418871364	0
1398	64.310248614099649	14.838865293299667	0
1399	64.227191993352534	15.194334755066825	0
1400	64.142170561057696	15.549339398063921	0
1401	64.055186918155442	15.903868362136555	0
1402	63.966243725613189	16.25791080168209	0
1403	63.875343704344104	16.611455885981449	0
1404	63.782489635123831	16.964492799530444	0
1405	63.68768435850545	17.317010742370627	0
1406	63.590930774732549	17.66899893041969	0
1407	63.492231843650529	18.020446595801364	0
1408	63.391590584616047	18.37134298717482	0
1409	63.289010076404644	18.721677370063585	0
1410	63.184493457116567	19.071439027183906	0
1411	63.078043924080767	19.420617258772623	0
1412	62.969664733757092	19.769201382914481	0
1413	62.859359201636664	20.117180735868921	0
1414	62.747130702140446	20.464544672396286	0
1415	62.632982668516021	20.811282566083491	0
1416	62.516918592732573	21.157383809669085	0
1417	62.398942025374033	21.502837815367755	0
1418	62.27905657553049	21.847634015194224	0
1419	62.157265910687769	22.19176186128653	0
1420	62.03357375661524	22.53521082622872	0
1421	61.907983897251839	22.877970403372881	0
1422	61.780500174590323	23.220030107160575	0
1423	61.651126488559711	23.561379473443591	0
1424	61.519866796906015	23.902008059804071	0
1425	61.38672511507113	24.241905445873957	0
1426	61.251705516070018	24.581061233653763	0
1427	61.114812130366104	24.919465047830673	0
1428	61.943941350120888	-25.533223612862798	0
1429	61.987788129663059	-25.426588913054015	0
1430	62.031451341257885	-25.319878917117574	0
1431	62.07493085560332	-25.213093941059075	0
1432	62.11822654394134	-25.106234301106159	0
1433	62.161338278058267	-24.999300313707575	0
1434	62.204265930285189	-24.892292295532236	0
1435	62.247009373498322	-24.78521056346829	0
1436	62.289568481119396	-24.678055434622177	0
1437	62.331943127116006	-24.570827226317686	0
1438	62.37413318600202	-24.463526256095026	0
1439	62.416138532837927	-24.356152841709878	0
1440	62.457959043231206	-24.248707301132455	0
1441	62.49959459333671	-24.141189952546558	0
1442	62.541045059857026	-24.033601114348642	0
1443	62.582310320042829	-23.925941105146862	0
1444	62.623390251693259	-23.818210243760138	0
1445	62.664284733156279	-23.71040884921721	0
1446	62.704993643329033	-23.602537240755687	0
1447	62.74551686165821	-23.494595737821111	0
1448	62.78585426814039	-23.386584660066003	0
1449	62.826005743322419	-23.278504327348919	0
1450	62.865971168301748	-23.170355059733502	0
1451	62.905750424726776	-23.062137177487539	0
1452	62.945343394797227	-22.953851001082008	0
1453	62.984749961264477	-22.845496851190127	0
1454	63.023970007431899	-22.73707504868641	0
1455	63.06300341715523	-22.628585914645715	0
1456	63.101850074842893	-22.52002977034229	0
1457	63.140509865456366	-22.41140693724882	0
1458	63.1789826745105	-22.302717737035486	0
1459	63.217268388073855	-22.193962491569003	0
1460	23.256961083445827	-9.1713554703264126	0
1461	23.410154215955096	-8.7729515891289207	0
1462	23.556523052970508	-8.3719903042746537	0
1463	23.696024926503391	-7.9685885000123964	0
1464	23.828619170354017	-7.5628637720268941	0
1465	23.954267131966215	-7.1549343931585314	0
1466	24.072932183694977	-6.7449192789256056	0
1467	24.184579733483783	-6.3329379528592593	0
1468	24.289177234948532	-5.9191105116611666	0
1469	24.386694196865147	-5.5035575901941387	0
1470	24.477102192058066	-5.086400326315843	0
1471	24.560374865687056	-4.6677603255659053	0
1472	24.636487942929911	-4.2477596257166645	0
1473	24.705419236058809	-3.8265206611979412	0
1474	24.767148650908258	-3.4041662274061633	0
1475	24.821658192732734	-2.980819444908275	0
1476	24.868931971452355	-2.5566037235508543	0
1477	24.908956206284984	-2.1316427264848987	0
1478	24.941719229763464	-1.706060334116773	0
1479	24.967211491136808	-1.2799806079958256	0
1480	24.985425559154336	-0.85352775464919672	0
1481	24.996356124231959	-0.42682608937436756	0
1482	61.148608436176907	-24.836418548557138	0
1483	61.318265342279965	-24.414551714372035	0
1484	61.485011811384403	-23.99152605721277	0
1485	61.648839928962794	-23.567361655754386	0
1486	61.80974191900561	-23.142078642721785	0
1487	61.967710144390345	-22.715697203934138	0
1488	62.122737107243971	-22.288237577346777	0
1489	62.274815449298828	-21.859720052090609	0
1490	62.423937952241893	-21.430164967509107	0
1491	62.570097538057382	-20.999592712192914	0
1492	62.713287269362716	-20.568023723012121	0
1493	62.853500349737764	-20.135478484146216	0
1494	62.990730124047495	-19.701977526111836	0
1495	63.124970078757805	-19.267541424788295	0
1496	63.256213842244691	-18.832190800440948	0
1497	63.384455185096691	-18.395946316742481	0
1498	63.509688020410543	-17.958828679792106	0
1499	63.631906404080119	-17.520858637132768	0
1500	63.751104535078525	-17.082056976766367	0
1501	63.867276755733478	-16.642444526167068	0
1502	63.980417551995828	-16.202042151292741	0
1503	64.090521553701279	-15.760870755594567	0
1504	64.197583534825242	-15.318951279024869	0
1505	64.301598413730972	-14.87630469704321	0
1506	64.402561253410738	-14.432952019620799	0
1507	64.500467261720075	-13.988914290243269	0
1508	64.595311791605354	-13.544212584911859	0
1509	64.68709034132425	-13.098868011143056	0
1510	64.775798554659502	-12.652901706966732	0
1511	64.861432221125625	-12.206334839922848	0
1512	64.94398727616877	-11.759188606056737	0
1513	65.02345980135965	-11.311484228913063	0
1514	65.099846024579534	-10.863242958528437	0
1515	65.173142320199275	-10.414486070422809	0
1516	65.243345209251402	-9.9652348645896378	0
1517	65.31045135959522	-9.515510664484891	0
1518	65.374457586075039	-9.0653348160149445	0
1519	65.435360850671287	-8.6147286865234118	0
1520	65.493158262644755	-8.1637136637769512	0
1521	65.547847078673783	-7.7123111549501093	0
1522	65.599424702984436	-7.2605425856092447	0
1523	65.647888687473767	-6.8084293986955693	0
1524	65.693236731826005	-6.3559930535073752	0
1525	65.735466683621695	-5.9032550246814814	0
1526	65.774576538439931	-5.4502368011739506	0
1527	65.810564439953424	-4.9969598852401287	0
1528	65.843428680016672	-4.5434457914140509	0
1529	65.873167698746983	-4.089716045487271	0
1530	65.899780084598547	-3.6357921834871441	0
1531	65.923264574429425	-3.1816957506546393	0
1532	65.943620053561517	-2.7274483004217016	0
1533	65.96084555583343	-2.2730713933882321	0
1534	65.974940263646403	-1.8185865962987267	0
1535	65.985903508003048	-1.3640154810186214	0
1536	65.993734768539127	-0.90937962351039714	0
1537	65.998433673548249	-0.45470060280948832	0
1538	61.584432948964547	-24.285749285424341	0
1539	61.990088363849097	-23.23077580801338	0
1540	62.377673044265904	-22.16903032571928	0
1541	62.747074005380973	-21.100822348032821	0
1542	63.098183563097429	-20.026463268327213	0
1543	63.430899365446535	-18.946266273083786	0
1544	63.745124422424297	-17.860546250595	0
1545	64.040767134265053	-16.769619699171315	0
1546	64.317741318143732	-15.673804634878765	0
1547	64.575966233298942	-14.573420498834073	0
1548	64.815366604569817	-13.468788064084347	0
1549	65.035872644339406	-12.36022934209851	0
1550	65.237420072878507	-11.248067488897721	0
1551	65.419950137083845	-10.13262671085214	0
1552	65.583409627605192	-9.0142321701715105	0
1553	65.727750894356433	-7.8932098901171006	0
1554	65.852931860406017	-6.7698866599626477	0
1555	65.958916034242833	-5.6445899397319943	0
1556	66.045672520413859	-4.517647764741195	0
1557	66.113176028530489	-3.389388649972922	0
1558	66.161406880640925	-2.2601414943110445	0
1559	66.190351016966474	-1.1302354846632925	0
1560	66.190351016966275	1.1302354846633265	0
1561	66.161406880640712	2.2601414943110747	0
1562	66.113176028530305	3.3893886499729486	0
1563	66.045672520413689	4.5176477647412181	0
1564	65.958916034242677	5.6445899397320147	0
1565	65.852931860405874	6.7698866599626655	0
1566	65.727750894356305	7.8932098901171148	0
1567	65.583409627605079	9.0142321701715229	0
1568	65.419950137083745	10.132626710852152	0
1569	65.237420072878422	11.248067488897732	0
1570	65.035872644339335	12.360229342098519	0
1571	64.815366604569761	13.468788064084354	0
1572	64.5759662332989	14.573420498834079	0
1573	64.317741318143703	15.673804634878769	0
1574	64.040767134265039	16.769619699171315	0
1575	63.745124422424283	17.860546250594997	0
1576	63.430899365446521	18.946266273083783	0
1577	63.098183563097422	20.026463268327209	0
1578	62.747074005380959	21.100822348032818	0
1579	62.377673044265883	22.169030325719273	0
1580	61.990088363849068	23.230775808013369	0
1581	61.584432948964519	24.285749285424327	0
1582	62.14260001496725	-24.505861816712176	0
1583	62.55193206503202	-23.441326646152476	0
1584	62.943029597537198	-22.369958093021875	0
1585	63.315778603617055	-21.292068472033122	0
1586	63.670070423185926	-20.207971998855861	0
1587	64.005801776613708	-19.117984698519596	0
1588	64.322874794832956	-18.022424313289221	0
1589	64.621197047868662	-16.921610210039944	0
1590	64.900681571782485	-15.815863287158642	0
1591	65.161246894023691	-14.705505880998743	0
1592	65.402817057179192	-13.590861671915937	0
1593	65.625321641115875	-12.4722555899121	0
1594	65.828695783508806	-11.35001371991493	0
1595	66.01288019874923	-10.2244632067209	0
1596	66.177821195226954	-9.0959321596292675	0
1597	66.323470690981964	-7.9647495567949083	0
1598	66.449786227720807	-6.8312451493278781	0
1599	66.556730983193603	-5.6957493651676421	0
1600	66.644273781928121	-4.5585932127600088	0
1601	66.712389104317708	-3.420108184564834	0
1602	66.761057094060561	-2.2806261604226385	0
1603	66.790263563947974	-1.1404793108082918	0
1604	66.790263563947832	1.1404793108083113	0
1605	66.761057094060419	2.2806261604226554	0
1606	66.712389104317595	3.4201081845648487	0
1607	66.644273781928021	4.5585932127600213	0
1608	66.556730983193518	5.6957493651676536	0
1609	66.449786227720736	6.8312451493278878	0
1610	66.323470690981907	7.9647495567949154	0
1611	66.177821195226898	9.0959321596292728	0
1612	66.012880198749173	10.224463206720904	0
1613	65.828695783508749	11.350013719914934	0
1614	65.625321641115832	12.472255589912104	0
1615	65.402817057179163	13.590861671915938	0
1616	65.161246894023677	14.705505880998743	0
1617	64.900681571782485	15.815863287158642	0
1618	64.621197047868677	16.921610210039944	0
1619	64.322874794832984	18.022424313289221	0
1620	64.005801776613723	19.117984698519599	0
1621	63.670070423185926	20.207971998855864	0
1622	63.315778603617048	21.292068472033122	0
1623	62.943029597537191	22.369958093021872	0
1624	62.551932065032005	23.441326646152472	0
1625	62.142600014967229	24.505861816712169	0
1640	1
0	0	305	-2
1	305	306	-2
2	306	1	-2
3	3	307	-3
4	307	308	-3
5	308	2	-3
6	5	309	-4
7	309	310	-4
8	310	4	-4
9	7	311	-5
10	311	312	-5
11	312	6	-5
12	9	313	-6
13	313	314	-6
14	314	8	-6
15	4	315	-7
16	315	316	-7
17	316	0	-7
18	7	317	-8
19	317	318	-8
20	318	10	-8
21	7	319	-9
22	319	320	-9
23	320	17	-9
24	10	321	-10
25	321	322	-10
26	322	12	-10
27	13	323	-11
28	323	324	-11
29	324	18	-11
30	16	325	-12
31	325	326	-12
32	326	15	-12
33	17	327	-13
34	327	328	-13
35	328	11	-13
36	3	329	-14
37	329	330	-14
38	330	17	-14
39	6	331	-15
40	331	332	-15
41	332	3	-15
42	18	333	-16
43	333	334	-16
44	334	14	-16
45	1	335	-17
46	335	336	-17
47	336	18	-17
48	0	337	-18
49	337	338	-18
50	338	13	-18
51	12	339	-19
52	339	340	-19
53	340	6	-19
54	1	341	-20
55	341	342	-20
56	342	19	-20
57	21	343	-21
58	343	344	-21
59	344	20	-21
60	21	345	-22
61	345	346	-22
62	346	19	-22
63	5	347	-23
64	347	348	-23
65	348	15	-23
66	9	349	-24
67	349	350	-24
68	350	16	-24
69	20	351	-25
70	351	352	-25
71	352	14	-25
72	8	353	-26
73	353	354	-26
74	354	13	-26
75	23	355	-27
76	355	356	-27
77	356	22	-27
78	24	357	-28
79	357	358	-28
80	358	25	-28
81	26	359	-29
82	359	360	-29
83	360	27	-29
84	22	361	-30
85	361	362	-30
86	362	24	-30
87	24	363	-31
88	363	364	-31
89	364	28	-31
90	28	365	-32
91	365	366	-32
92	366	29	-32
93	30	367	-33
94	367	368	-33
95	368	31	-33
96	31	369	-34
97	369	370	-34
98	370	22	-34
99	33	371	-35
100	371	372	-35
101	372	32	-35
102	34	373	-36
103	373	374	-36
104	374	35	-36
105	36	375	-37
106	375	376	-37
107	376	32	-37
108	35	377	-38
109	377	378	-38
110	378	33	-38
111	37	379	-39
112	379	380	-39
113	380	36	-39
114	38	381	-40
115	381	382	-40
116	382	34	-40
117	39	383	-41
118	383	384	-41
119	384	38	-41
120	29	385	-42
121	385	386	-42
122	386	25	-42
123	25	387	-43
124	387	388	-43
125	388	23	-43
126	23	389	-44
127	389	390	-44
128	390	30	-44
129	40	391	-45
130	391	392	-45
131	392	41	-45
132	42	393	-46
133	393	394	-46
134	394	43	-46
135	44	395	-47
136	395	396	-47
137	396	45	-47
138	2	397	-48
139	397	398	-48
140	398	11	-48
141	46	399	-49
142	399	400	-49
143	400	40	-49
144	47	401	-50
145	401	402	-50
146	402	48	-50
147	49	403	-51
148	403	404	-51
149	404	50	-51
150	43	405	-52
151	405	406	-52
152	406	45	-52
153	41	407	-53
154	407	408	-53
155	408	51	-53
156	48	409	-54
157	409	410	-54
158	410	51	-54
159	43	411	-55
160	411	412	-55
161	412	46	-55
162	47	413	-56
163	413	414	-56
164	414	46	-56
165	40	415	-57
166	415	416	-57
167	416	45	-57
168	42	417	-58
169	417	418	-58
170	418	27	-58
171	44	419	-59
172	419	420	-59
173	420	49	-59
174	50	421	-60
175	421	422	-60
176	422	26	-60
177	57	423	-61
178	423	424	-61
179	424	56	-61
180	58	425	-62
181	425	426	-62
182	426	59	-62
183	60	427	-63
184	427	428	-63
185	428	56	-63
186	59	429	-64
187	429	430	-64
188	430	57	-64
189	60	431	-65
190	431	432	-65
191	432	61	-65
192	58	433	-66
193	433	434	-66
194	434	62	-66
195	62	435	-67
196	435	436	-67
197	436	63	-67
198	65	437	-68
199	437	438	-68
200	438	64	-68
201	66	439	-69
202	439	440	-69
203	440	67	-69
204	68	441	-70
205	441	442	-70
206	442	64	-70
207	67	443	-71
208	443	444	-71
209	444	65	-71
210	68	445	-72
211	445	446	-72
212	446	69	-72
213	70	447	-73
214	447	448	-73
215	448	66	-73
216	71	449	-74
217	449	450	-74
218	450	70	-74
219	73	451	-75
220	451	452	-75
221	452	72	-75
222	74	453	-76
223	453	454	-76
224	454	75	-76
225	72	455	-77
226	455	456	-77
227	456	76	-77
228	75	457	-78
229	457	458	-78
230	458	73	-78
231	77	459	-79
232	459	460	-79
233	460	76	-79
234	74	461	-80
235	461	462	-80
236	462	78	-80
237	78	463	-81
238	463	464	-81
239	464	79	-81
240	81	465	-82
241	465	466	-82
242	466	80	-82
243	82	467	-83
244	467	468	-83
245	468	83	-83
246	80	469	-84
247	469	470	-84
248	470	84	-84
249	83	471	-85
250	471	472	-85
251	472	81	-85
252	85	473	-86
253	473	474	-86
254	474	84	-86
255	82	475	-87
256	475	476	-87
257	476	86	-87
258	87	477	-88
259	477	478	-88
260	478	86	-88
261	89	479	-89
262	479	480	-89
263	480	88	-89
264	90	481	-90
265	481	482	-90
266	482	91	-90
267	88	483	-91
268	483	484	-91
269	484	92	-91
270	91	485	-92
271	485	486	-92
272	486	89	-92
273	93	487	-93
274	487	488	-93
275	488	92	-93
276	90	489	-94
277	489	490	-94
278	490	94	-94
279	94	491	-95
280	491	492	-95
281	492	95	-95
282	101	493	-96
283	493	494	-96
284	494	99	-96
285	100	495	-97
286	495	496	-97
287	496	102	-97
288	99	497	-98
289	497	498	-98
290	498	100	-98
291	102	499	-99
292	499	500	-99
293	500	101	-99
294	105	501	-100
295	501	502	-100
296	502	103	-100
297	104	503	-101
298	503	504	-101
299	504	106	-101
300	103	505	-102
301	505	506	-102
302	506	104	-102
303	106	507	-103
304	507	508	-103
305	508	105	-103
306	107	509	-104
307	509	510	-104
308	510	109	-104
309	108	511	-105
310	511	512	-105
311	512	110	-105
312	107	513	-106
313	513	514	-106
314	514	108	-106
315	110	515	-107
316	515	516	-107
317	516	109	-107
318	111	517	-108
319	517	518	-108
320	518	113	-108
321	112	519	-109
322	519	520	-109
323	520	114	-109
324	111	521	-110
325	521	522	-110
326	522	112	-110
327	114	523	-111
328	523	524	-111
329	524	113	-111
330	117	525	-112
331	525	526	-112
332	526	115	-112
333	116	527	-113
334	527	528	-113
335	528	118	-113
336	115	529	-114
337	529	530	-114
338	530	116	-114
339	118	531	-115
340	531	532	-115
341	532	117	-115
342	121	533	-116
343	533	534	-116
344	534	119	-116
345	120	535	-117
346	535	536	-117
347	536	122	-117
348	119	537	-118
349	537	538	-118
350	538	120	-118
351	122	539	-119
352	539	540	-119
353	540	121	-119
354	125	541	-120
355	541	542	-120
356	542	123	-120
357	124	543	-121
358	543	544	-121
359	544	126	-121
360	123	545	-122
361	545	546	-122
362	546	124	-122
363	126	547	-123
364	547	548	-123
365	548	125	-123
366	127	549	-124
367	549	550	-124
368	550	129	-124
369	128	551	-125
370	551	552	-125
371	552	130	-125
372	127	553	-126
373	553	554	-126
374	554	128	-126
375	130	555	-127
376	555	556	-127
377	556	129	-127
378	133	557	-128
379	557	558	-128
380	558	131	-128
381	132	559	-129
382	559	560	-129
383	560	134	-129
384	132	561	-130
385	561	562	-130
386	562	131	-130
387	134	563	-131
388	563	564	-131
389	564	133	-131
390	137	565	-132
391	565	566	-132
392	566	135	-132
393	136	567	-133
394	567	568	-133
395	568	138	-133
396	135	569	-134
397	569	570	-134
398	570	136	-134
399	138	571	-135
400	571	572	-135
401	572	137	-135
402	139	573	-136
403	573	574	-136
404	574	141	-136
405	142	575	-137
406	575	576	-137
407	576	140	-137
408	139	577	-138
409	577	578	-138
410	578	140	-138
411	142	579	-139
412	579	580	-139
413	580	141	-139
414	143	581	-140
415	581	582	-140
416	582	145	-140
417	144	583	-141
418	583	584	-141
419	584	146	-141
420	143	585	-142
421	585	586	-142
422	586	144	-142
423	146	587	-143
424	587	588	-143
425	588	145	-143
426	149	589	-144
427	589	590	-144
428	590	147	-144
429	148	591	-145
430	591	592	-145
431	592	150	-145
432	147	593	-146
433	593	594	-146
434	594	148	-146
435	150	595	-147
436	595	596	-147
437	596	149	-147
438	153	597	-148
439	597	598	-148
440	598	151	-148
441	152	599	-149
442	599	600	-149
443	600	154	-149
444	151	601	-150
445	601	602	-150
446	602	152	-150
447	154	603	-151
448	603	604	-151
449	604	153	-151
450	157	605	-152
451	605	606	-152
452	606	155	-152
453	158	607	-153
454	607	608	-153
455	608	156	-153
456	155	609	-154
457	609	610	-154
458	610	156	-154
459	158	611	-155
460	611	612	-155
461	612	157	-155
462	159	613	-156
463	613	614	-156
464	614	161	-156
465	160	615	-157
466	615	616	-157
467	616	162	-157
468	159	617	-158
469	617	618	-158
470	618	160	-158
471	162	619	-159
472	619	620	-159
473	620	161	-159
474	165	621	-160
475	621	622	-160
476	622	163	-160
477	164	623	-161
478	623	624	-161
479	624	166	-161
480	163	625	-162
481	625	626	-162
482	626	164	-162
483	166	627	-163
484	627	628	-163
485	628	165	-163
486	169	629	-164
487	629	630	-164
488	630	167	-164
489	168	631	-165
490	631	632	-165
491	632	170	-165
492	167	633	-166
493	633	634	-166
494	634	168	-166
495	170	635	-167
496	635	636	-167
497	636	169	-167
498	173	637	-168
499	637	638	-168
500	638	171	-168
501	172	639	-169
502	639	640	-169
503	640	174	-169
504	171	641	-170
505	641	642	-170
506	642	172	-170
507	174	643	-171
508	643	644	-171
509	644	173	-171
510	175	645	-172
511	645	646	-172
512	646	177	-172
513	176	647	-173
514	647	648	-173
515	648	178	-173
516	175	649	-174
517	649	650	-174
518	650	176	-174
519	178	651	-175
520	651	652	-175
521	652	177	-175
522	181	653	-176
523	653	654	-176
524	654	179	-176
525	180	655	-177
526	655	656	-177
527	656	182	-177
528	179	657	-178
529	657	658	-178
530	658	180	-178
531	182	659	-179
532	659	660	-179
533	660	181	-179
534	185	661	-180
535	661	662	-180
536	662	183	-180
537	184	663	-181
538	663	664	-181
539	664	186	-181
540	183	665	-182
541	665	666	-182
542	666	184	-182
543	186	667	-183
544	667	668	-183
545	668	185	-183
546	189	669	-184
547	669	670	-184
548	670	187	-184
549	188	671	-185
550	671	672	-185
551	672	190	-185
552	187	673	-186
553	673	674	-186
554	674	188	-186
555	190	675	-187
556	675	676	-187
557	676	189	-187
558	193	677	-188
559	677	678	-188
560	678	191	-188
561	192	679	-189
562	679	680	-189
563	680	194	-189
564	191	681	-190
565	681	682	-190
566	682	192	-190
567	194	683	-191
568	683	684	-191
569	684	193	-191
570	197	685	-192
571	685	686	-192
572	686	195	-192
573	196	687	-193
574	687	688	-193
575	688	198	-193
576	196	689	-194
577	689	690	-194
578	690	195	-194
579	198	691	-195
580	691	692	-195
581	692	197	-195
582	201	693	-196
583	693	694	-196
584	694	199	-196
585	200	695	-197
586	695	696	-197
587	696	202	-197
588	199	697	-198
589	697	698	-198
590	698	200	-198
591	202	699	-199
592	699	700	-199
593	700	201	-199
594	203	701	-200
595	701	702	-200
596	702	205	-200
597	206	703	-201
598	703	704	-201
599	704	204	-201
600	203	705	-202
601	705	706	-202
602	706	204	-202
603	206	707	-203
604	707	708	-203
605	708	205	-203
606	209	709	-204
607	709	710	-204
608	710	207	-204
609	208	711	-205
610	711	712	-205
611	712	210	-205
612	207	713	-206
613	713	714	-206
614	714	208	-206
615	210	715	-207
616	715	716	-207
617	716	209	-207
618	211	717	-208
619	717	718	-208
620	718	213	-208
621	214	719	-209
622	719	720	-209
623	720	212	-209
624	211	721	-210
625	721	722	-210
626	722	212	-210
627	214	723	-211
628	723	724	-211
629	724	213	-211
630	217	725	-212
631	725	726	-212
632	726	215	-212
633	216	727	-213
634	727	728	-213
635	728	218	-213
636	215	729	-214
637	729	730	-214
638	730	216	-214
639	218	731	-215
640	731	732	-215
641	732	217	-215
642	219	733	-216
643	733	734	-216
644	734	221	-216
645	220	735	-217
646	735	736	-217
647	736	222	-217
648	219	737	-218
649	737	738	-218
650	738	220	-218
651	222	739	-219
652	739	740	-219
653	740	221	-219
654	225	741	-220
655	741	742	-220
656	742	223	-220
657	224	743	-221
658	743	744	-221
659	744	226	-221
660	223	745	-222
661	745	746	-222
662	746	224	-222
663	226	747	-223
664	747	748	-223
665	748	225	-223
666	229	749	-224
667	749	750	-224
668	750	227	-224
669	228	751	-225
670	751	752	-225
671	752	230	-225
672	228	753	-226
673	753	754	-226
674	754	227	-226
675	230	755	-227
676	755	756	-227
677	756	229	-227
678	233	757	-228
679	757	758	-228
680	758	231	-228
681	232	759	-229
682	759	760	-229
683	760	234	-229
684	231	761	-230
685	761	762	-230
686	762	232	-230
687	234	763	-231
688	763	764	-231
689	764	233	-231
690	237	765	-232
691	765	766	-232
692	766	235	-232
693	238	767	-233
694	767	768	-233
695	768	236	-233
696	235	769	-234
697	769	770	-234
698	770	236	-234
699	238	771	-235
700	771	772	-235
701	772	237	-235
702	241	773	-236
703	773	774	-236
704	774	239	-236
705	242	775	-237
706	775	776	-237
707	776	240	-237
708	239	777	-238
709	777	778	-238
710	778	240	-238
711	242	779	-239
712	779	780	-239
713	780	241	-239
714	245	781	-240
715	781	782	-240
716	782	243	-240
717	244	783	-241
718	783	784	-241
719	784	246	-241
720	243	785	-242
721	785	786	-242
722	786	244	-242
723	246	787	-243
724	787	788	-243
725	788	245	-243
726	249	789	-244
727	789	790	-244
728	790	247	-244
729	248	791	-245
730	791	792	-245
731	792	250	-245
732	247	793	-246
733	793	794	-246
734	794	248	-246
735	250	795	-247
736	795	796	-247
737	796	249	-247
738	253	797	-248
739	797	798	-248
740	798	251	-248
741	252	799	-249
742	799	800	-249
743	800	254	-249
744	251	801	-250
745	801	802	-250
746	802	252	-250
747	254	803	-251
748	803	804	-251
749	804	253	-251
750	257	805	-252
751	805	806	-252
752	806	255	-252
753	256	807	-253
754	807	808	-253
755	808	258	-253
756	255	809	-254
757	809	810	-254
758	810	256	-254
759	258	811	-255
760	811	812	-255
761	812	257	-255
762	261	813	-256
763	813	814	-256
764	814	259	-256
765	260	815	-257
766	815	816	-257
767	816	262	-257
768	260	817	-258
769	817	818	-258
770	818	259	-258
771	262	819	-259
772	819	820	-259
773	820	261	-259
774	265	821	-260
775	821	822	-260
776	822	263	-260
777	264	823	-261
778	823	824	-261
779	824	266	-261
780	263	825	-262
781	825	826	-262
782	826	264	-262
783	266	827	-263
784	827	828	-263
785	828	265	-263
786	267	829	-264
787	829	830	-264
788	830	269	-264
789	268	831	-265
790	831	832	-265
791	832	270	-265
792	267	833	-266
793	833	834	-266
794	834	268	-266
795	270	835	-267
796	835	836	-267
797	836	269	-267
798	273	837	-268
799	837	838	-268
800	838	271	-268
801	272	839	-269
802	839	840	-269
803	840	274	-269
804	271	841	-270
805	841	842	-270
806	842	272	-270
807	274	843	-271
808	843	844	-271
809	844	273	-271
810	277	845	-272
811	845	846	-272
812	846	275	-272
813	278	847	-273
814	847	848	-273
815	848	276	-273
816	275	849	-274
817	849	850	-274
818	850	276	-274
819	278	851	-275
820	851	852	-275
821	852	277	-275
822	281	853	-276
823	853	854	-276
824	854	279	-276
825	280	855	-277
826	855	856	-277
827	856	282	-277
828	279	857	-278
829	857	858	-278
830	858	280	-278
831	282	859	-279
832	859	860	-279
833	860	281	-279
834	285	861	-280
835	861	862	-280
836	862	283	-280
837	284	863	-281
838	863	864	-281
839	864	286	-281
840	283	865	-282
841	865	866	-282
842	866	284	-282
843	286	867	-283
844	867	868	-283
845	868	285	-283
846	289	869	-284
847	869	870	-284
848	870	287	-284
849	288	871	-285
850	871	872	-285
851	872	290	-285
852	287	873	-286
853	873	874	-286
854	874	288	-286
855	290	875	-287
856	875	876	-287
857	876	289	-287
858	295	877	-288
859	877	878	-288
860	878	879	-288
861	879	880	-288
862	880	881	-288
863	881	882	-288
864	882	883	-288
865	883	884	-288
866	884	885	-288
867	885	886	-288
868	886	887	-288
869	887	888	-288
870	888	889	-288
871	889	890	-288
872	890	891	-288
873	891	892	-288
874	892	893	-288
875	893	894	-288
876	894	895	-288
877	895	896	-288
878	896	897	-288
879	897	898	-288
880	898	899	-288
881	899	900	-288
882	900	901	-288
883	901	902	-288
884	902	903	-288
885	903	904	-288
886	904	905	-288
887	905	906	-288
888	906	907	-288
889	907	908	-288
890	908	909	-288
891	909	910	-288
892	910	911	-288
893	911	912	-288
894	912	913	-288
895	913	914	-288
896	914	915	-288
897	915	916	-288
898	916	917	-288
899	917	918	-288
900	918	919	-288
901	919	920	-288
902	920	921	-288
903	921	922	-288
904	922	923	-288
905	923	924	-288
906	924	925	-288
907	925	926	-288
908	926	294	-288
909	291	927	-289
910	927	928	-289
911	928	929	-289
912	929	930	-289
913	930	931	-289
914	931	932	-289
915	932	933	-289
916	933	934	-289
917	934	935	-289
918	935	936	-289
919	936	937	-289
920	937	938	-289
921	938	939	-289
922	939	940	-289
923	940	941	-289
924	941	942	-289
925	942	943	-289
926	943	944	-289
927	944	945	-289
928	945	946	-289
929	946	947	-289
930	947	948	-289
931	948	949	-289
932	949	950	-289
933	950	951	-289
934	951	952	-289
935	952	953	-289
936	953	954	-289
937	954	955	-289
938	955	956	-289
939	956	957	-289
940	957	958	-289
941	958	959	-289
942	959	960	-289
943	960	961	-289
944	961	962	-289
945	962	963	-289
946	963	964	-289
947	964	965	-289
948	965	966	-289
949	966	967	-289
950	967	968	-289
951	968	969	-289
952	969	970	-289
953	970	971	-289
954	971	972	-289
955	972	973	-289
956	973	974	-289
957	974	975	-289
958	975	976	-289
959	976	977	-289
960	977	978	-289
961	978	979	-289
962	979	980	-289
963	980	981	-289
964	981	982	-289
965	982	983	-289
966	983	984	-289
967	984	985	-289
968	985	986	-289
969	986	987	-289
970	987	988	-289
971	988	293	-289
972	298	989	-290
973	989	990	-290
974	990	991	-290
975	991	992	-290
976	992	993	-290
977	993	994	-290
978	994	995	-290
979	995	996	-290
980	996	997	-290
981	997	998	-290
982	998	999	-290
983	999	1000	-290
984	1000	1001	-290
985	1001	1002	-290
986	1002	1003	-290
987	1003	1004	-290
988	1004	1005	-290
989	1005	1006	-290
990	1006	1007	-290
991	1007	1008	-290
992	1008	1009	-290
993	1009	1010	-290
994	1010	1011	-290
995	1011	1012	-290
996	1012	1013	-290
997	1013	1014	-290
998	1014	1015	-290
999	1015	1016	-290
1000	1016	1017	-290
1001	1017	1018	-290
1002	1018	1019	-290
1003	1019	1020	-290
1004	1020	1021	-290
1005	1021	1022	-290
1006	1022	1023	-290
1007	1023	1024	-290
1008	1024	1025	-290
1009	1025	1026	-290
1010	1026	1027	-290
1011	1027	1028	-290
1012	1028	1029	-290
1013	1029	1030	-290
1014	1030	1031	-290
1015	1031	1032	-290
1016	1032	1033	-290
1017	1033	1034	-290
1018	1034	1035	-290
1019	1035	1036	-290
1020	1036	1037	-290
1021	1037	1038	-290
1022	1038	297	-290
1023	292	1039	-291
1024	1039	1040	-291
1025	1040	1041	-291
1026	1041	1042	-291
1027	1042	1043	-291
1028	1043	1044	-291
1029	1044	1045	-291
1030	1045	1046	-291
1031	1046	1047	-291
1032	1047	1048	-291
1033	1048	1049	-291
1034	1049	1050	-291
1035	1050	1051	-291
1036	1051	1052	-291
1037	1052	1053	-291
1038	1053	1054	-291
1039	1054	1055	-291
1040	1055	1056	-291
1041	1056	1057	-291
1042	1057	1058	-291
1043	1058	1059	-291
1044	1059	1060	-291
1045	1060	1061	-291
1046	1061	1062	-291
1047	1062	1063	-291
1048	1063	1064	-291
1049	1064	1065	-291
1050	1065	1066	-291
1051	1066	1067	-291
1052	1067	1068	-291
1053	1068	1069	-291
1054	1069	1070	-291
1055	1070	1071	-291
1056	1071	1072	-291
1057	1072	1073	-291
1058	1073	1074	-291
1059	1074	1075	-291
1060	1075	1076	-291
1061	1076	1077	-291
1062	1077	1078	-291
1063	1078	1079	-291
1064	1079	1080	-291
1065	1080	1081	-291
1066	1081	1082	-291
1067	1082	1083	-291
1068	1083	1084	-291
1069	1084	1085	-291
1070	1085	1086	-291
1071	1086	1087	-291
1072	1087	1088	-291
1073	1088	1089	-291
1074	1089	1090	-291
1075	1090	1091	-291
1076	1091	1092	-291
1077	1092	1093	-291
1078	1093	1094	-291
1079	1094	1095	-291
1080	1095	1096	-291
1081	1096	1097	-291
1082	1097	1098	-291
1083	1098	1099	-291
1084	1099	1100	-291
1085	1100	296	-291
1086	298	1101	-292
1087	1101	1102	-292
1088	1102	301	-292
1089	302	1103	-293
1090	1103	1104	-293
1091	1104	296	-293
1092	295	1105	-294
1093	1105	1106	-294
1094	1106	303	-294
1095	304	1107	-295
1096	1107	1108	-295
1097	1108	293	-295
1098	52	1109	-296
1099	1109	1110	-296
1100	1110	1111	-296
1101	1111	1112	-296
1102	1112	1113	-296
1103	1113	1114	-296
1104	1114	1115	-296
1105	1115	1116	-296
1106	1116	1117	-296
1107	1117	1118	-296
1108	1118	1119	-296
1109	1119	1120	-296
1110	1120	1121	-296
1111	1121	1122	-296
1112	1122	1123	-296
1113	1123	1124	-296
1114	1124	1125	-296
1115	1125	1126	-296
1116	1126	1127	-296
1117	1127	1128	-296
1118	1128	1129	-296
1119	1129	1130	-296
1120	1130	291	-296
1121	292	1131	-297
1122	1131	1132	-297
1123	1132	1133	-297
1124	1133	1134	-297
1125	1134	1135	-297
1126	1135	1136	-297
1127	1136	1137	-297
1128	1137	1138	-297
1129	1138	1139	-297
1130	1139	1140	-297
1131	1140	1141	-297
1132	1141	1142	-297
1133	1142	1143	-297
1134	1143	1144	-297
1135	1144	1145	-297
1136	1145	1146	-297
1137	1146	1147	-297
1138	1147	1148	-297
1139	1148	1149	-297
1140	1149	1150	-297
1141	1150	1151	-297
1142	1151	1152	-297
1143	1152	52	-297
1144	53	96	-298
1145	37	1153	-299
1146	1153	1154	-299
1147	1154	1155	-299
1148	1155	1156	-299
1149	1156	1157	-299
1150	1157	1158	-299
1151	1158	1159	-299
1152	1159	1160	-299
1153	1160	1161	-299
1154	1161	1162	-299
1155	1162	1163	-299
1156	1163	1164	-299
1157	1164	1165	-299
1158	1165	1166	-299
1159	1166	1167	-299
1160	1167	1168	-299
1161	1168	1169	-299
1162	1169	1170	-299
1163	1170	1171	-299
1164	1171	1172	-299
1165	1172	1173	-299
1166	1173	1174	-299
1167	1174	1175	-299
1168	1175	1176	-299
1169	1176	1177	-299
1170	1177	1178	-299
1171	1178	1179	-299
1172	1179	1180	-299
1173	1180	1181	-299
1174	1181	1182	-299
1175	1182	1183	-299
1176	1183	1184	-299
1177	1184	1185	-299
1178	1185	1186	-299
1179	1186	1187	-299
1180	1187	1188	-299
1181	1188	63	-299
1182	61	1189	-300
1183	1189	1190	-300
1184	1190	1191	-300
1185	1191	1192	-300
1186	1192	1193	-300
1187	1193	1194	-300
1188	1194	1195	-300
1189	1195	1196	-300
1190	1196	1197	-300
1191	1197	1198	-300
1192	1198	1199	-300
1193	1199	1200	-300
1194	1200	1201	-300
1195	1201	1202	-300
1196	1202	1203	-300
1197	1203	1204	-300
1198	1204	1205	-300
1199	1205	1206	-300
1200	1206	1207	-300
1201	1207	1208	-300
1202	1208	1209	-300
1203	1209	1210	-300
1204	1210	1211	-300
1205	1211	1212	-300
1206	1212	1213	-300
1207	1213	1214	-300
1208	1214	1215	-300
1209	1215	1216	-300
1210	1216	1217	-300
1211	1217	1218	-300
1212	1218	1219	-300
1213	1219	1220	-300
1214	1220	1221	-300
1215	1221	1222	-300
1216	1222	1223	-300
1217	1223	1224	-300
1218	1224	71	-300
1219	69	1225	-301
1220	1225	1226	-301
1221	1226	1227	-301
1222	1227	1228	-301
1223	1228	1229	-301
1224	1229	1230	-301
1225	1230	1231	-301
1226	1231	1232	-301
1227	1232	1233	-301
1228	1233	1234	-301
1229	1234	293	-301
1230	77	1235	-302
1231	1235	1236	-302
1232	1236	1237	-302
1233	1237	1238	-302
1234	1238	1239	-302
1235	1239	1240	-302
1236	1240	1241	-302
1237	1241	1242	-302
1238	1242	1243	-302
1239	1243	1244	-302
1240	1244	1245	-302
1241	1245	1246	-302
1242	1246	1247	-302
1243	1247	1248	-302
1244	1248	1249	-302
1245	1249	1250	-302
1246	1250	1251	-302
1247	1251	1252	-302
1248	1252	1253	-302
1249	1253	1254	-302
1250	1254	1255	-302
1251	1255	1256	-302
1252	1256	1257	-302
1253	1257	1258	-302
1254	1258	1259	-302
1255	1259	1260	-302
1256	1260	1261	-302
1257	1261	1262	-302
1258	1262	1263	-302
1259	1263	1264	-302
1260	1264	1265	-302
1261	1265	1266	-302
1262	1266	1267	-302
1263	1267	1268	-302
1264	1268	1269	-302
1265	1269	1270	-302
1266	1270	87	-302
1267	85	1271	-303
1268	1271	1272	-303
1269	1272	1273	-303
1270	1273	1274	-303
1271	1274	1275	-303
1272	1275	1276	-303
1273	1276	1277	-303
1274	1277	1278	-303
1275	1278	1279	-303
1276	1279	1280	-303
1277	1280	1281	-303
1278	1281	1282	-303
1279	1282	1283	-303
1280	1283	1284	-303
1281	1284	1285	-303
1282	1285	1286	-303
1283	1286	1287	-303
1284	1287	1288	-303
1285	1288	1289	-303
1286	1289	1290	-303
1287	1290	1291	-303
1288	1291	1292	-303
1289	1292	1293	-303
1290	1293	1294	-303
1291	1294	1295	-303
1292	1295	1296	-303
1293	1296	1297	-303
1294	1297	1298	-303
1295	1298	1299	-303
1296	1299	1300	-303
1297	1300	1301	-303
1298	1301	1302	-303
1299	1302	1303	-303
1300	1303	1304	-303
1301	1304	1305	-303
1302	1305	1306	-303
1303	1306	95	-303
1304	96	1307	-304
1305	1307	1308	-304
1306	1308	98	-304
1307	93	1309	-305
1308	1309	1310	-305
1309	1310	1311	-305
1310	1311	1312	-305
1311	1312	1313	-305
1312	1313	1314	-305
1313	1314	1315	-305
1314	1315	1316	-305
1315	1316	1317	-305
1316	1317	1318	-305
1317	1318	1319	-305
1318	1319	1320	-305
1319	1320	1321	-305
1320	1321	1322	-305
1321	1322	1323	-305
1322	1323	1324	-305
1323	1324	1325	-305
1324	1325	1326	-305
1325	1326	1327	-305
1326	1327	1328	-305
1327	1328	1329	-305
1328	1329	1330	-305
1329	1330	1331	-305
1330	1331	1332	-305
1331	1332	1333	-305
1332	1333	1334	-305
1333	1334	1335	-305
1334	1335	53	-305
1335	97	39	-306
1336	98	97	-307
1337	39	97	-308
1338	97	98	-309
1339	98	96	-310
1340	96	53	-311
1341	55	1336	-312
1342	1336	1337	-312
1343	1337	1338	-312
1344	1338	1339	-312
1345	1339	1340	-312
1346	1340	1341	-312
1347	1341	1342	-312
1348	1342	1343	-312
1349	1343	1344	-312
1350	1344	1345	-312
1351	1345	1346	-312
1352	1346	1347	-312
1353	1347	1348	-312
1354	1348	1349	-312
1355	1349	1350	-312
1356	1350	1351	-312
1357	1351	1352	-312
1358	1352	1353	-312
1359	1353	1354	-312
1360	1354	1355	-312
1361	1355	1356	-312
1362	1356	1357	-312
1363	1357	294	-312
1364	54	1358	-313
1365	1358	1359	-313
1366	1359	1360	-313
1367	1360	1361	-313
1368	1361	1362	-313
1369	1362	1363	-313
1370	1363	1364	-313
1371	1364	1365	-313
1372	1365	1366	-313
1373	1366	1367	-313
1374	1367	1368	-313
1375	1368	1369	-313
1376	1369	1370	-313
1377	1370	1371	-313
1378	1371	1372	-313
1379	1372	1373	-313
1380	1373	1374	-313
1381	1374	1375	-313
1382	1375	1376	-313
1383	1376	1377	-313
1384	1377	1378	-313
1385	1378	1379	-313
1386	1379	1380	-313
1387	1380	1381	-313
1388	1381	1382	-313
1389	1382	1383	-313
1390	1383	1384	-313
1391	1384	1385	-313
1392	1385	1386	-313
1393	1386	1387	-313
1394	1387	1388	-313
1395	1388	1389	-313
1396	1389	1390	-313
1397	1390	1391	-313
1398	1391	1392	-313
1399	1392	1393	-313
1400	1393	1394	-313
1401	1394	1395	-313
1402	1395	1396	-313
1403	1396	1397	-313
1404	1397	1398	-313
1405	1398	1399	-313
1406	1399	1400	-313
1407	1400	1401	-313
1408	1401	1402	-313
1409	1402	1403	-313
1410	1403	1404	-313
1411	1404	1405	-313
1412	1405	1406	-313
1413	1406	1407	-313
1414	1407	1408	-313
1415	1408	1409	-313
1416	1409	1410	-313
1417	1410	1411	-313
1418	1411	1412	-313
1419	1412	1413	-313
1420	1413	1414	-313
1421	1414	1415	-313
1422	1415	1416	-313
1423	1416	1417	-313
1424	1417	1418	-313
1425	1418	1419	-313
1426	1419	1420	-313
1427	1420	1421	-313
1428	1421	1422	-313
1429	1422	1423	-313
1430	1423	1424	-313
1431	1424	1425	-313
1432	1425	1426	-313
1433	1426	1427	-313
1434	1427	295	-313
1435	296	1428	-314
1436	1428	1429	-314
1437	1429	1430	-314
1438	1430	1431	-314
1439	1431	1432	-314
1440	1432	1433	-314
1441	1433	1434	-314
1442	1434	1435	-314
1443	1435	1436	-314
1444	1436	1437	-314
1445	1437	1438	-314
1446	1438	1439	-314
1447	1439	1440	-314
1448	1440	1441	-314
1449	1441	1442	-314
1450	1442	1443	-314
1451	1443	1444	-314
1452	1444	1445	-314
1453	1445	1446	-314
1454	1446	1447	-314
1455	1447	1448	-314
1456	1448	1449	-314
1457	1449	1450	-314
1458	1450	1451	-314
1459	1451	1452	-314
1460	1452	1453	-314
1461	1453	1454	-314
1462	1454	1455	-314
1463	1455	1456	-314
1464	1456	1457	-314
1465	1457	1458	-314
1466	1458	1459	-314
1467	1459	79	-314
1468	297	1460	-315
1469	1460	1461	-315
1470	1461	1462	-315
1471	1462	1463	-315
1472	1463	1464	-315
1473	1464	1465	-315
1474	1465	1466	-315
1475	1466	1467	-315
1476	1467	1468	-315
1477	1468	1469	-315
1478	1469	1470	-315
1479	1470	1471	-315
1480	1471	1472	-315
1481	1472	1473	-315
1482	1473	1474	-315
1483	1474	1475	-315
1484	1475	1476	-315
1485	1476	1477	-315
1486	1477	1478	-315
1487	1478	1479	-315
1488	1479	1480	-315
1489	1480	1481	-315
1490	1481	55	-315
1491	298	1482	-316
1492	1482	1483	-316
1493	1483	1484	-316
1494	1484	1485	-316
1495	1485	1486	-316
1496	1486	1487	-316
1497	1487	1488	-316
1498	1488	1489	-316
1499	1489	1490	-316
1500	1490	1491	-316
1501	1491	1492	-316
1502	1492	1493	-316
1503	1493	1494	-316
1504	1494	1495	-316
1505	1495	1496	-316
1506	1496	1497	-316
1507	1497	1498	-316
1508	1498	1499	-316
1509	1499	1500	-316
1510	1500	1501	-316
1511	1501	1502	-316
1512	1502	1503	-316
1513	1503	1504	-316
1514	1504	1505	-316
1515	1505	1506	-316
1516	1506	1507	-316
1517	1507	1508	-316
1518	1508	1509	-316
1519	1509	1510	-316
1520	1510	1511	-316
1521	1511	1512	-316
1522	1512	1513	-316
1523	1513	1514	-316
1524	1514	1515	-316
1525	1515	1516	-316
1526	1516	1517	-316
1527	1517	1518	-316
1528	1518	1519	-316
1529	1519	1520	-316
1530	1520	1521	-316
1531	1521	1522	-316
1532	1522	1523	-316
1533	1523	1524	-316
1534	1524	1525	-316
1535	1525	1526	-316
1536	1526	1527	-316
1537	1527	1528	-316
1538	1528	1529	-316
1539	1529	1530	-316
1540	1530	1531	-316
1541	1531	1532	-316
1542	1532	1533	-316
1543	1533	1534	-316
1544	1534	1535	-316
1545	1535	1536	-316
1546	1536	1537	-316
1547	1537	54	-316
1548	301	1538	-317
1549	1538	1539	-317
1550	1539	1540	-317
1551	1540	1541	-317
1552	1541	1542	-317
1553	1542	1543	-317
1554	1543	1544	-317
1555	1544	1545	-317
1556	1545	1546	-317
1557	1546	1547	-317
1558	1547	1548	-317
1559	1548	1549	-317
1560	1549	1550	-317
1561	1550	1551	-317
1562	1551	1552	-317
1563	1552	1553	-317
1564	1553	1554	-317
1565	1554	1555	-317
1566	1555	1556	-317
1567	1556	1557	-317
1568	1557	1558	-317
1569	1558	1559	-317
1570	1559	299	-317
1571	299	1560	-318
1572	1560	1561	-318
1573	1561	1562	-318
1574	1562	1563	-318
1575	1563	1564	-318
1576	1564	1565	-318
1577	1565	1566	-318
1578	1566	1567	-318
1579	1567	1568	-318
1580	1568	1569	-318
1581	1569	1570	-318
1582	1570	1571	-318
1583	1571	1572	-318
1584	1572	1573	-318
1585	1573	1574	-318
1586	1574	1575	-318
1587	1575	1576	-318
1588	1576	1577	-318
1589	1577	1578	-318
1590	1578	1579	-318
1591	1579	1580	-318
1592	1580	1581	-318
1593	1581	303	-318
1594	302	1582	-319
1595	1582	1583	-319
1596	1583	1584	-319
1597	1584	1585	-319
1598	1585	1586	-319
1599	1586	1587	-319
1600	1587	1588	-319
1601	1588	1589	-319
1602	1589	1590	-319
1603	1590	1591	-319
1604	1591	1592	-319
1605	1592	1593	-319
1606	1593	1594	-319
1607	1594	1595	-319
1608	1595	1596	-319
1609	1596	1597	-319
1610	1597	1598	-319
1611	1598	1599	-319
1612	1599	1600	-319
1613	1600	1601	-319
1614	1601	1602	-319
1615	1602	1603	-319
1616	1603	300	-319
1617	300	1604	-320
1618	1604	1605	-320
1619	1605	1606	-320
1620	1606	1607	-320
1621	1607	1608	-320
1622	1608	1609	-320
1623	1609	1610	-320
1624	1610	1611	-320
1625	1611	1612	-320
1626	1612	1613	-320
1627	1613	1614	-320
1628	1614	1615	-320
1629	1615	1616	-320
1630	1616	1617	-320
1631	1617	1618	-320
1632	1618	1619	-320
1633	1619	1620	-320
1634	1620	1621	-320
1635	1621	1622	-320
1636	1622	1623	-320
1637	1623	1624	-320
1638	1624	1625	-320
1639	1625	304	-320
0
64
0	53.700000000000003	11.699999999999999	1	1.1771937582833409
1	53.399999999999999	-11.5	2	1.1771937582833409
2	59.799999999999997	7.0999999999999996	3	1.1771937582833409
3	59.399999999999999	-6.5999999999999996	4	1.1771937582833409
4	60.700000000000003	17.800000000000001	5	1.1771937582833409
5	62.700000000000003	13	6	1.1771937582833409
6	46.399999999999999	3.3999999999999999	7	1.1771937582833409
7	46.100000000000001	-3.2999999999999998	8	1.1771937582833409
8	60.899999999999999	-17.899999999999999	9	1.1771937582833409
9	62.700000000000003	-12.699999999999999	10	1.1771937582833409
10	56.600000000000001	1.3999999999999999	11	1.1771937582833409
11	56.600000000000001	-1.5	12	1.1771937582833409
12	63.823090727970119	21.665019961433092	13	1.1771937582833409
13	69.099999999999994	4.4000000000000004	14	1.1771937582833409
14	70.700000000000003	4	15	1.1771937582833409
15	72.099999999999994	5.2000000000000002	16	1.1771937582833409
16	73.900000000000006	4.4000000000000004	17	1.1771937582833409
17	75.400000000000006	5.5999999999999996	18	1.1771937582833409
18	77.200000000000003	4.7000000000000002	19	1.1771937582833409
19	78.700000000000003	5.7999999999999998	20	1.1771937582833409
20	80.299999999999997	4.9000000000000004	21	1.1771937582833409
21	67.5	13.699999999999999	22	1.1771937582833409
22	69.700000000000003	13.199999999999999	23	1.1771937582833409
23	70.700000000000003	14.5	24	1.1771937582833409
24	74	15.699999999999999	25	1.1771937582833409
25	75.700000000000003	14.300000000000001	26	1.1771937582833409
26	77.200000000000003	15.4	27	1.1771937582833409
27	78.900000000000006	15	28	1.1771937582833409
28	72.799999999999997	13.859999999999999	29	1.1771937582833409
29	65.299999999999997	22.93	30	1.1771937582833409
30	67.260000000000005	22.260000000000002	31	1.1771937582833409
31	68.230000000000004	23.890000000000001	32	1.1771937582833409
32	70.400000000000006	23.120000000000001	33	1.1771937582833409
33	71.310000000000002	24.879999999999999	34	1.1771937582833409
34	73.219999999999999	24.329999999999998	35	1.1771937582833409
35	74.459999999999994	26.07	36	1.1771937582833409
36	76.359999999999999	25.079999999999998	37	1.1771937582833409
37	69.109999999999999	-4.6100000000000003	38	1.1771937582833409
38	70.569999999999993	-4.75	39	1.1771937582833409
39	72.329999999999998	-4.7800000000000002	40	1.1771937582833409
40	74.040000000000006	-5.0800000000000001	41	1.1771937582833409
41	75.200000000000003	-5.4100000000000001	42	1.1771937582833409
42	76.989999999999995	-4.9400000000000004	43	1.1771937582833409
43	78.620000000000005	-5.2699999999999996	44	1.1771937582833409
44	80.129999999999995	-5.46	45	1.1771937582833409
45	67.590000000000003	-14.119999999999999	46	1.1771937582833409
46	69.269999999999996	-14.34	47	1.1771937582833409
47	70.900000000000006	-14.48	48	1.1771937582833409
48	72.420000000000002	-14.73	49	1.1771937582833409
49	74.120000000000005	-15.279999999999999	50	1.1771937582833409
50	75.75	-14.67	51	1.1771937582833409
51	77.349999999999994	-15	52	1.1771937582833409
52	78.920000000000002	-15.33	53	1.1771937582833409
53	65.439999999999998	-22.27	54	1.1771937582833409
54	66.959999999999994	-22.739999999999998	55	1.1771937582833409
55	68.5	-23.350000000000001	56	1.1771937582833409
56	70.019999999999996	-23.870000000000001	57	1.1771937582833409
57	71.230000000000004	-24.699999999999999	58	1.1771937582833409
58	73.129999999999995	-24.719999999999999	59	1.1771937582833409
59	74.590000000000003	-25.280000000000001	60	1.1771937582833409
60	76.219999999999999	-25.829999999999998	61	1.1771937582833409
61	92.099999999999994	1.3	62	1.1771937582833409
62	33.799999999999997	-0.5	63	1.1771937582833409
63	62.340000000000003	21.91	64	1.1771937582833409
